companyid,fyear,revt,roa,eps,pe_ratio,pb_ratio,gross_margin,cogs,asset_turnover,epspx,re,chech,che,ni,roe,invested_capital_2,revt-1,roa-1,revt-2,roa-2,revenue_growth,growth_revt,growth_roa,label_revt,label_roa
2,2022.0,1990.6,0.04920626261524194,2.223729196688424,21.684295044472677,1.6496413919768003,0.1908535578669308,1470.3,1.1545206175741787,2.19,800.8,-1.3,58.9,78.7,0.07607539874335428,1358.6,1817.1,0.050003176821907365,1651.4,0.02325128271741248,0.10033910621291015,0.09548181167794838,-0.015937271535841298,0,0
288,2022.0,48971.0,0.0019624204215340875,-3.0769088259269326,-5.8370270346211734,-1.5849039346049045,0.0640184726591259,27969.0,0.44957648156227903,-3.09,-14580.0,9.0,13421.0,-1993.0,0.2715258855585831,51274.0,29882.0,-0.02998480448944589,17337.0,-0.14328796284350406,0.7235969314183538,0.6388126631416906,-1.0654471641535905,1,1
42430,2022.0,4324.385,0.02128210978944397,5.4789377208285,12.88388435802948,1.3496862500423286,0.3828202327388017,2347.65,0.17287627239319767,5.48,3209.858,-49.999,9.969,618.72,0.10475771223460094,21600.170000000002,3803.835,0.028119518132389883,3586.982,0.0274998712564536,0.06045555846112416,0.13684873292348385,-0.24315524578887232,1,1
21314,2022.0,2597.826,0.06616288258868336,4.3152495526301795,10.453624859889063,3.7474588318065143,0.9487348389795064,137.284,1.65124207574359,3.69,1055.526,133.514,170.159,243.557,0.3584841509078492,1437.8609999999999,2677.92,0.15018057531288517,2484.595,-0.04665615103643226,0.07780946190425413,-0.029909033877038915,-0.5594444724236802,0,0
44,2022.0,43653.0,0.09313791343131196,4.00831707369612,35.1119927421864,6.934721542930564,0.6139988392338944,16627.0,0.5728363210809085,3.97,23154.0,2961.0,10249.0,7071.0,0.19750293279705045,60539.0,43075.0,0.0940342571413373,34608.0,0.061958978882946464,0.2446544151641239,0.013418456181079513,-0.009532097527798801,0,0
72,2022.0,3366.917,0.009076970733472339,2.729735935706085,10.187798620457604,0.7551316823164118,0.024519505195525947,1975.547,5.404824621099912,2.78,143.04,55.252,107.317,11.888,0.07412118264686444,99.16199999999999,2025.204,0.03172646069019997,1022.422,0.003359364185463913,0.9807907106850203,0.6625075794833508,-0.7138990440154538,1,1
105,2022.0,23601.0,0.01953240603728914,2.619718309859155,54.92956989247312,23.167573696145126,0.5004867956675185,8209.0,1.3232949512843224,2.61,-1454.0,940.0,3608.0,3162.0,0.4217687074829932,7405.0,16434.0,0.254609871970368,9763.0,0.2778397679089489,0.683294069445867,0.43610806863818913,-0.9232849618668267,1,1
132,2022.0,12698.6,0.08296742496120268,9.481158281277525,27.012522352436758,4.187831759197028,0.431870580257677,5864.8,0.3843375826532436,9.16,14162.4,-784.1,5800.8,2099.1,0.15503297709698147,20321.600000000002,10323.0,0.07815199261333174,8856.3,0.07496275105786995,0.16561092103926028,0.23012690109464307,0.06161624530414721,1,1
42976,2022.0,9646.0,0.004088537995206542,3.7964830905596236,13.72322719665272,1.7257833727966325,0.13503886010362695,5342.0,0.44269228012328865,3.82,3980.0,-892.0,3116.0,478.0,0.1257563799000263,10635.0,6176.0,0.0342627768618737,3566.0,-0.09426171151929374,0.7319125070106562,0.5618523316062176,-0.8806711431566392,1,1
186,2022.0,205.814,0.041231213012671554,26.02897983160368,10.000391935605206,5.262905748072957,0.39835943108834426,124.027,0.1480985513285176,25.48,214.369,33.628,483.505,132.93,0.5262699484142224,863.7789999999999,206.148,0.09549809082843319,209.979,0.02986814686305762,-0.018244681611018325,-0.0016201951995653762,-0.5682509183691916,0,0
192,2022.0,91.947,0.03044312225873844,4.631809726282222,7.392358931696261,1.0639432211822315,0.319774510887587,73.848,0.25059958404217747,4.64,243.651,-18.801,0.886,34.859,0.14392472430151568,425.05699999999996,108.564,0.08046544803181778,92.507,0.05581489702479377,0.1735760537040439,-0.1530617884381562,-0.6216621791914889,0,0
247,2022.0,5485.5,0.1437039374337939,9.064125831820931,18.17935927384369,5.142084159256952,0.5701787007496428,2196.0,0.5947245276869172,9.07,5177.9,316.2,1020.1,1498.3,0.2828528817654943,7334.6,5109.1,0.17440953589346617,3355.7,0.1595550942878963,0.5225139315195043,0.07367246677497008,-0.17605458498799081,0,0
282,2022.0,11324.0,0.09661212260889605,1.8047103262360975,41.020433542039356,3.639749579365079,0.5403452428743476,3435.0,0.3642700463075798,1.82,-27.0,974.0,2713.0,559.0,0.08873015873015873,17582.0,7473.0,0.02724835486229588,4667.0,-0.1643377078794963,0.6012427683736876,0.5153218252375218,2.5456130506645844,1,1
129270,2022.0,2720.133,0.024302233967996485,9.48376854297907,16.161296989208722,2.8974302957197846,0.2471698308172173,2039.968,0.16806391625297248,9.41,2076.894,-155.068,727.453,373.357,0.17928204015150934,14715.859,2709.732,0.02315647435999614,2217.541,0.02590785751496868,0.22195350615839787,0.0038383869696338386,0.049479017841321124,0,0
339,2022.0,19639.5,0.024684014233535254,4.934630671225595,18.029718114223705,1.9997031916980188,0.36910433539780846,10594.0,0.19153928368961784,4.97,11851.9,13.1,671.8,2488.1,0.1109115061605121,84942.29999999999,16792.0,0.028380710561466065,14918.5,0.027243391301332884,0.12558233066327043,0.16957479752262983,-0.1302538327898669,1,1
345,2022.0,55625.0,0.03290505092969687,10.591327201051248,15.446600496277915,5.613906299319114,0.2706181435082335,31847.0,0.23157498355856335,10.04,10529.0,-10937.0,23505.0,8060.0,0.3634395995851558,71147.0,43663.0,0.04274773532469186,38185.0,0.016382134850836352,0.14345947361529396,0.2739619357350617,-0.23025042894634173,1,1
346,2022.0,18078.0,0.03206454124273949,6.6320928891696775,8.804158954913294,1.145099313746128,0.21885249797974995,16433.0,0.13353264526285055,6.42,48774.0,-90.0,7792.0,4325.0,0.13006345292154092,142752.0,21037.0,0.027452996661207804,22715.0,0.028942490580667047,-0.07387189082104337,-0.1406569377762989,0.1679796431129861,0,0
372,2022.0,56332.0,0.01951260268041942,11.467141899162927,4.9585154260758415,0.7110101085976998,0.30655573915382545,36091.0,0.08730909627720965,10.95,30472.0,-803.0,23221.0,9388.0,0.14339173068992378,569591.0,52046.0,0.01574871836165016,43358.0,-0.010135025687106659,0.2003782462290696,0.08235022864389194,0.23899623019068822,0,0
465,2022.0,6150.53,0.09327735553996742,4.273696160785972,34.405815123028766,4.956949284941364,0.39749759939306023,3341.788,0.4661646349985927,4.29,7429.669,-866.05,346.772,990.053,0.14407300821725164,11081.162999999999,5546.514,0.08321040844289974,4540.029,0.08423272333635498,0.22169131518763416,0.10890011275550726,0.12098182529624012,0,0
35964,2022.0,26323.0,0.10061270557884554,10.555257030270464,21.313550144238928,18.746380746268656,0.8764386619962278,3210.0,0.42473636883838795,10.34,-25396.0,1723.0,8037.0,5893.0,0.8795522388059701,51762.0,25979.0,0.09634594948091228,25424.0,0.11539683548325602,0.02182976714915041,0.013241464259594288,0.04428578597150646,0,0
484,2022.0,12013.953,0.05464080703983015,2.6467541416744873,65.54821139912919,2.3988833174152973,0.6918061141638903,2255.451,0.13986996042262928,3.5,7330.751,922.104,1977.964,1390.422,0.03659723532055317,49900.673,7318.286,0.026574292137633466,5603.056,0.05686261933298594,0.3061240151802874,0.641634803559194,1.0561528697296887,1,1
48318,2022.0,2653.766,-0.07405323716123162,-69.38110907982937,-1.1687619450807347,1.1264483049355294,0.36214900463334704,1286.895,0.36514300234337504,-76.58,-1548.622,798.23,991.488,-569.272,-0.9637961859356379,4280.128,2017.548,-0.10302886832433122,2134.043,-0.1463889415833186,-0.054588871920575224,0.31534218764559757,-0.2812379834347529,1,1
525,2022.0,10961.0,0.27945538906214346,2.804592267626704,9.587846443987667,-5.848886890282132,0.5869538309196682,3337.0,0.6073066225663384,2.6,-9466.0,40.0,302.0,973.0,-0.6100313479623825,12270.0,8079.0,0.07314139667744118,4212.0,-0.38129609289188765,0.9180911680911681,0.35672731773734373,2.820755437506366,1,1
529,2022.0,1440.696,0.11373277326530946,0.14708240158643096,306.4268703384968,2.765942092030275,0.24742974953138452,988.86,1.4799321516945745,0.14,228.585,-9.694,38.789,3.486,0.009026434558349452,756.97,1313.977,0.003926281419543331,1230.774,0.015206398587723956,0.06760217554156994,0.09643928318379988,27.967045688369893,0,0
540,2022.0,25785.0,0.24414427897927113,6.6008968609865475,20.70173233695652,9.952788437984813,0.4899622772406018,11763.0,0.8930493707647629,6.47,31986.0,-365.0,5459.0,5888.0,0.48077080101249287,18894.0,23063.0,0.22799612778315587,17202.0,0.1619022055205118,0.34071619579118706,0.11802454147335559,0.07082642741842334,1,1
549,2022.0,101556.0,0.07260681901830227,4.8375,13.972093023255814,1.6839613827468078,0.08191298431653157,78266.0,1.5186155052016532,4.8,19783.0,2808.0,8959.0,2709.0,0.12052320149486141,31604.0,85249.0,0.04825780247969218,64355.0,0.03564029847744323,0.3246678579752933,0.1912867013102793,0.5045612375088283,1,1
73079,2022.0,5324.052,0.1195568591572899,8.586520287931796,13.95792427911072,3.207852555305484,0.09938953288977302,3584.49,1.8838984302372916,8.38,805.013,-227.334,124.959,213.521,0.22982303752043715,1676.3159999999998,3980.067,0.10106660936177625,2940.163,0.039966093463323374,0.35368923423633314,0.33767898882104236,0.18295112413760992,1,1
142233,2022.0,2391.0,0.14920328343795267,3.8596491228070176,23.09018181818182,1.845872093023256,0.3912837517764093,1285.0,0.3192679975801573,2.85,2424.0,-244.0,247.0,220.0,0.07994186046511628,6129.0,2111.0,0.03327283726557774,2326.0,-0.0738694198051476,-0.09243336199484092,0.13263855992420653,3.484236864053377,1,1
17719,2022.0,142.527,0.019115418046506284,0.887738193869097,15.477536164255715,1.2282758109909642,0.3918369084099421,71.447,1.021965116784829,0.89,54.766,-6.163,5.276,6.429,0.07935861353873501,101.089,117.48,0.05592623200382759,116.033,0.01111948247642306,0.012470590263114827,0.21320224719101108,-0.6582030048940535,1,1
39321,2022.0,855.0,0.047788135871037425,8.84527027027027,10.90187151478115,1.3251536704488478,0.14918779249408237,659.211,1.4078068758505782,7.95,642.35,85.91,257.945,52.364,0.12155286077735891,260.15000000000003,774.802,0.0951448231251851,372.846,0.006260626479884008,1.0780751302146194,0.1035077348793627,-0.4977326742395533,0,0
43798,2022.0,5005.0,0.08720067810976902,2.2777268560953257,109.66635412474848,64.19052879519491,0.9286430786066022,313.0,0.5096435376678905,2.26,-2074.0,-243.8,1764.1,497.0,0.5853256389117889,6721.9,4386.4,0.05774503880652508,3790.4,0.16596609796972445,0.15723934149430127,0.14102681014043417,0.5100981818011265,1,1
689,2022.0,16498.3,0.04675731985374563,6.1328770356384235,32.38610506061189,14.841941764695507,0.4582217068521998,8129.6,0.3076610795017684,6.1,19461.7,6089.6,2585.6,2598.5,0.45828115906245037,46045.8,15005.4,0.053277974268286434,14589.8,0.06297634397620355,0.028485654361266117,0.0994908499606808,-0.12238930822905192,0,0
702,2022.0,9039.3,0.09522671530092447,8.959397622448734,24.172384029185242,9.296394419039698,0.30384263168535847,5853.5,1.0547819760148527,8.93,3597.8,-89.6,210.2,740.1,0.3845874038661401,6462.6,8408.3,0.09284208941743188,6971.5,0.0913723105244991,0.20609624901384196,0.07504489611455348,0.02568475029435144,0,0
704,2022.0,24310.708,0.06664839652031683,1.9388761157016496,20.671769421170914,0.977431007026128,0.12145308351368347,17162.132,2.188656065786021,1.95,2362.423,-277.347,199.691,193.114,0.04728337410851225,6324.374000000001,19534.679,0.021636399937168236,17634.333,-0.0038347001312861364,0.10776398517596336,0.2444897610040072,2.080382906299695,1,1
731,2022.0,565.568,0.1102666956306888,2.0815042735042737,51.193745483213974,7.7328503733842755,0.45779080677279005,273.923,0.9517348695786503,2.09,353.671,14.901,87.174,60.884,0.15105068598506463,407.385,505.198,0.11469844654853453,425.544,0.10534822152952732,0.1871815840430132,0.11949770189113973,-0.03863828195764131,1,1
11963,2022.0,942.358,0.0648607089390537,2.9765540310341625,56.642680845750434,6.206949938142449,0.3353658155021821,531.058,0.6662272528297167,2.98,727.145,18.668,103.239,96.104,0.10958079394309106,1039.843,799.023,0.08013174077085027,703.644,0.07258524518309926,0.13555007930146498,0.17938782738419284,-0.19057406821432427,1,1
750,2022.0,15349.0,0.036114320156713044,2.7365323958060617,35.1795579498861,8.516033052109181,0.19737890087611323,11085.0,0.7005681241757127,2.69,6261.0,-802.0,579.0,878.0,0.2420733388475324,14376.0,13811.0,0.04453687734604849,11781.0,0.03205128205128205,0.17231134878193702,0.11136050973861415,-0.18911422828081892,0,0
853,2022.0,1261.868,0.005584303132496178,1.9704646345072507,23.644169595386142,1.6527647984344533,0.43379492010937004,712.765,0.4885269440628371,1.96,1435.203,20.441,107.384,99.873,0.06990157940488505,2338.36,1258.846,0.03875823689664004,1124.391,0.023680735483475608,0.11958028835164984,0.0024006113535729825,-0.8559195778851261,0,0
878,2022.0,485.601,0.1608401247437068,1.8481868469575908,8.245919521117392,0.9142201902514565,0.4616881862315892,261.907,1.1538538158706066,1.83,113.808,-11.425,52.089,18.042,0.11086940491114225,341.247,486.534,0.04278802826922165,385.863,-0.02588753170421489,0.2608982981006212,-0.001917646043236429,2.758998281755426,0,0
886,2022.0,15113.0,-0.08601124191324637,2.5597320654286655,33.534759813084115,4.743707348242812,0.47942740926157695,6655.0,0.3813728707377465,2.56,13685.0,-780.0,2956.0,1284.0,0.1414564283353531,29319.0,12784.0,0.038304346529041494,11673.0,0.05504770468055348,0.09517690396641823,0.18218085106382978,-3.2454695016930932,1,1
903,2022.0,3810.676,0.1049560708932768,3.758360162010593,24.228651878665627,3.760958665845974,0.29138430226467343,2293.023,1.4243811204032737,3.73,1201.321,-10.806,257.745,144.757,0.15522773139341114,1805.9,3235.919,0.0637188810493145,3245.652,0.010528339415235307,-0.0029987811385817627,0.1776178575545309,0.6471737915806658,1,1
911,2022.0,18870.0,0.03360788906940718,7.353871679860515,33.42728982791587,2.953744047307286,0.5761556696957725,8582.0,0.3758957412839268,6.92,11738.0,-525.0,2403.0,2092.0,0.08836325237592398,49670.0,20248.0,0.03883711432072179,17117.0,0.016181589276457083,0.18291756733072384,-0.06805610430659818,-0.13464505133236737,0,0
36979,2022.0,136835.0,0.05598398651495996,5.256325993693362,9.885231635622025,2.6668007829808045,0.5786263312701608,56301.0,0.3644693340898428,5.32,71066.0,-19337.0,4033.0,22065.0,0.2697762562660472,354523.0,133613.0,0.06018887276456917,128292.0,0.05624666251686515,0.04147569606834409,0.02411442000404152,-0.06986152184734813,0,0
1022,2022.0,2551.816,0.026864298316842082,3.656899241569996,19.297769869563748,1.6392095960882551,0.33111761211060275,1303.72,0.21343891783261656,3.74,942.374,3.071,13.81,236.744,0.08494295492007087,8900.325,1949.102,0.02592495578136238,1696.941,0.028138709566553004,0.1485973878879702,0.3092265053342512,0.036233139350424694,1,1
1033,2022.0,3463.27,0.1693628757007156,,,,,,,,,,,,,,,,3413.987,0.15978313169913014,,,,0,0
1048,2022.0,66608.0,-0.03599562363238512,-7.135131096572182,-28.215319000475965,-7.904578334555637,0.11501156217882837,55110.0,0.4494485824816675,-7.15,22749.0,269.0,16244.0,-4202.0,0.2801520101340089,113047.0,62272.0,-0.030327963508285698,58656.0,-0.07804201503917547,0.06164757228587016,0.06963001027749229,0.1868790208268023,0,0
39391,2022.0,1302.062,0.1096873327033961,2.490233737300017,21.95777817197418,2.9563248005250107,0.512736983903178,557.769,0.8308423262174144,2.49,732.416,-70.308,147.335,129.659,0.13463679145362334,1148.269,1144.698,0.09410882623628566,1081.299,0.09835653752496792,0.05863225620295599,0.13747206686829172,0.16553714555950771,1,1
1138,2022.0,46159.0,0.06534806858087172,3.214154411764706,19.39857020303117,3.7743726701162856,0.8145736768351838,8601.0,0.4243280824048155,3.15,22552.0,-657.0,17361.0,6994.0,0.19456963222611695,89004.0,46385.0,0.06398082587774667,42518.0,-0.07608814915471679,0.09094971541464791,-0.00487226474075671,0.021369569466601603,0,0
1173,2022.0,4228.0,0.10068149672110069,1.749405035280364,38.5502491646778,11.803108805261234,0.6280193236714976,1463.0,0.6171347873842774,1.75,2890.0,-276.0,874.0,838.0,0.3061746437705517,5281.0,3933.0,0.13149223285736703,3461.0,0.13845446182152715,0.13637676971973417,0.07500635647088737,-0.23431601598618776,0,0
1174,2022.0,2968.138,0.09896257606976855,3.6407333599043445,6.586585072143279,2.8329324795178454,0.4607017415009482,1497.957,1.5063532918349218,3.59,149.364,-58.18,37.578,137.019,0.4301064130332423,1474.878,2777.604,0.07430829653684584,2117.07,-0.23519134463458397,0.3120038543836527,0.06859653139900436,0.3317836726441153,0,0
1181,2022.0,6812.2,0.10709822346669197,7.711905164233812,13.061623276588575,4.048407214502142,0.3154356676131504,4002.1,1.0776405529953916,7.65,2688.6,-163.6,367.5,593.3,0.30994671403197155,4364.0,5846.2,0.10936405529953916,4347.5,0.0988436853551159,0.3447268545140885,0.16523553761417673,-0.020718249946394752,1,1
1183,2022.0,1757.109,0.05082214377365203,3.5443075117370895,25.940187101581255,2.609501304758203,0.21193742536295782,1190.482,0.939759710702286,3.55,658.382,-11.416,14.462,72.474,0.1005968574759869,1506.7740000000001,1510.644,0.045085503449811784,1176.274,0.014616300833758722,0.28426200018023023,0.16315227148156675,0.1272391319801087,1,1
1232,2022.0,9778.038,0.0035890530975193954,4.302437556424917,21.448306637756172,2.776928548564085,0.14412444205895514,6805.735,1.1166047148359879,4.54,2083.612,-62.382,360.736,328.831,0.12947075941537337,6097.594,7951.781,0.04617509523768735,6320.975,0.061755417954879724,0.2579991219708984,0.2296664105814786,-0.9222729681650971,1,1
1236,2022.0,1979.9,-0.05131680867544539,-6.674107142857142,-3.0820602006688964,-12.157467018469658,0.33221378504672894,1371.9,0.8491010539367638,-6.75,-4673.1,-346.1,552.9,-448.5,3.9445910290237465,1686.4,2054.4,-0.18536887786732795,2025.3,0.2772258946046752,0.014368241741964221,-0.03626362928348909,-0.7231638381488514,0,0
45686,2022.0,596.583,-0.10122085472621797,-0.49294091935601364,-75.85087488546687,2.414033685775027,0.7669963700471195,123.179,0.3963730453403072,-0.5,1426.723,18.475,623.19,-33.833,-0.03182604932929468,627.3490000000002,528.657,-0.025367089139079993,443.026,-0.0700663887338637,0.1932866242613301,0.12848784750793033,2.9902431915327368,1,1
16714,2022.0,180147.0,0.04632743239863269,16.612581592082936,13.822655962721342,1.574090449142469,0.1381961738411926,150190.0,1.125154142644087,15.87,31709.0,-4697.0,5961.0,5365.0,0.11387756834776702,126964.0,174274.0,0.034637708294326906,160216.0,0.05440942805128304,0.087744045538523,0.03369980605253796,0.33748549427620106,0,0
1274,2022.0,11891.0,0.014673297552809099,4.429474801373801,9.951518402662229,0.9338531594972285,0.11164039494197124,10257.0,0.17326190369003136,4.42,9983.0,117.0,4157.0,1202.0,0.09384026856116792,,11546.0,0.01803748555650595,10687.0,0.010776871895792335,0.08037802938149154,0.029880478087649404,-0.1865109187839888,0,0
12100,2022.0,14853.0,0.09939874021759877,1.7172414952036688,21.895580851626555,6.136930407709414,0.5175690784219773,6041.0,0.30894870592879525,1.68,11222.0,-890.0,2316.0,3781.0,0.2802816901408451,37252.0,12522.0,0.09328662011793443,10583.0,0.06948458271555298,0.18321836908249078,0.18615237182558697,0.06551979364176026,1,1
42965,2022.0,25.813,-0.005908419497784343,0.7059348505131638,5.850398230088495,0.9512810058928326,0.19948926855961568,13.166,0.4629827722103366,0.71,1.844,8.952,16.652,4.746,0.162601068932438,17.711,16.447,0.1335998198401081,16.92,-0.14840238420949775,-0.027955082742316933,0.569465556028455,-1.0442247564768838,1,1
1290,2022.0,4321.0,0.05929078014184397,4.4070724698996955,11.372628959999998,3.002277972544878,0.28147058823529414,2443.0,1.02843315184513,4.35,870.0,19.0,170.0,250.0,0.26399155227032733,2656.0,3400.0,0.07562008469449485,2614.0,-0.08558072635742539,0.3006885998469778,0.27088235294117646,-0.21593872340425532,1,1
11055,2022.0,6202.917,0.05532812695388187,19.42103252101554,13.136273765255998,2.254699458903331,0.34967203743794606,3930.67,0.9792240325113263,18.52,3152.796,-19.205,88.031,457.443,0.1716391953452404,5935.705,6044.135,0.07411137889939232,5720.042,0.05800299938366852,0.056659199355529176,0.02627042579293814,-0.25344626188927194,0,0
38268,2022.0,294.949,-0.08547300852362412,-0.7764063020082104,-9.09317709263692,3.3756017081775016,0.47077971464208573,156.564,0.7554988623043508,-0.88,-167.345,-15.403,79.221,-27.991,-0.37122357497148617,280.545,295.839,-0.07148201776899288,308.587,-0.12980256105854013,-0.041310878293641634,-0.0030083930786677427,0.19572741776604108,0,0
1312,2022.0,846.431,0.024933052037627974,1.8825861940576365,38.17089503090235,3.2778969322194236,0.30128624152715416,552.619,0.21828590795444225,1.96,525.936,35.524,80.653,101.125,0.08587424867993552,3398.2490000000003,790.909,0.027909863766745573,794.307,0.02852796849257921,-0.004277942911242158,0.0702002379540504,-0.10665805300936121,0,0
1347,2022.0,8562.0,0.06365623948873192,3.3178807947019866,13.177085828343314,4.188908629441625,0.3644407739499764,5387.0,0.7223453212885631,3.33,3747.0,-790.0,69.0,1002.0,0.31789340101522845,10595.0,8476.0,0.08539287540480654,8691.0,0.13158745554477852,-0.0247382349557013,0.010146295422369042,-0.25454858866189584,0,0
101675,2022.0,8814.0,0.0478535954826859,3.067656233193503,29.65782117812062,2.5003430784238376,0.5161976235146967,3868.0,0.1172682869589451,4.2,8288.0,-65.0,82.0,2852.0,0.08430636436193799,67663.0,7995.0,0.04183228948179005,7710.0,0.10338409475465313,0.03696498054474708,0.1024390243902439,0.1439391932759735,0,0
46453,2022.0,6591.9,0.12794239822763778,8.109615384615385,30.59577898980318,4.906727514736642,0.29707086876078415,3381.3,0.6637826350941105,7.35,4132.5,-577.8,324.4,421.7,0.16037269442859858,6490.000000000001,4810.3,0.05819120163382458,4245.2,0.05456498022637393,0.13311504758315282,0.37037191027586625,1.1986553746171345,1,1
1473,2022.0,1836.3,-0.01674453500665007,-4.7792510563893345,-8.41554451219512,1.387782101558572,0.09901057197072372,1329.5,0.4966343564889607,-4.76,1107.0,94.3,287.4,-229.6,-0.1649069884364002,2541.3999999999996,1475.6,-0.07727517501346258,2181.1,0.0004647992067426872,-0.323460639127046,0.24444293846570891,-0.7833128814818872,1,1
1502,2022.0,59427.0,0.08182517115555936,12.108873495954377,17.07342966867006,6.721031613686,0.3357595495477821,33857.0,0.6156438346237001,11.93,37729.0,-103.0,10339.0,6489.0,0.39365445280271777,64300.0,50971.0,0.07837619122389573,41748.0,0.0382769010775752,0.2209207626712657,0.16589825587098547,0.04400545468981763,1,1
1578,2022.0,17478.0,-0.03396151905399179,1.9862981577157865,6.318286079685194,1.0848881418918919,0.5688525422867883,8488.0,0.339472005242012,1.92,-8156.0,-18.0,356.0,2033.0,0.17170608108108107,56879.0,19687.0,0.03505595502905523,20712.0,-0.020742835976697984,-0.049488219389725766,-0.11220602427998172,-1.9687803120994325,0,0
1643,2022.0,154792.0,0.010277861814098807,16.416968027093738,9.645508216783217,1.798016862072822,1.0291111774972093,-3703.0,0.03397882287134169,15.39,272184.0,213225.0,1002532.0,48334.0,0.1864097589947896,278732.0,127202.0,0.012911215426356735,129503.0,0.008603186406900505,-0.017767928156104493,0.2168991053599786,-0.2039586146848921,1,1
1656,2022.0,680.704,0.040539277673465504,4.727612574341546,30.842205808353107,3.325378876932815,0.3399717177104679,376.195,0.2695051088270715,4.75,394.375,1.477,4.976,83.466,0.1078191001511374,2057.265,569.968,0.039466274270415796,488.198,0.036997920296488414,0.16749351697467008,0.19428459141565843,0.02718785654043961,1,1
7846,2022.0,235717.0,0.13761645887415652,8.096668784323398,14.493614982399999,1.628443369742642,0.24849941518964563,116938.0,0.6496169662053562,8.15,161657.0,58.0,6008.0,15625.0,0.11235591477489268,217073.0,155606.0,0.06523055085895589,94471.0,-0.02311605988573335,0.647129807030729,0.5148323329434598,1.1096933424909494,1,1
37383,2022.0,3804.1,0.047335372725809045,2.867102396514161,21.572302431610943,-9.360089020771513,0.15078794415483257,2834.5,1.4672293287617038,2.89,-270.8,-20.0,23.9,131.6,-0.4338938344873063,2123.3,3337.8,0.05784869664600641,3078.5,0.01035653650254669,0.08422933246711066,0.13970279825034446,-0.18173830232566104,1,1
1698,2022.0,5375.6,0.04959499616564417,3.4117239616402664,30.043462235649546,7.6892753309414825,0.47247644554054835,2737.9,0.6490464578252986,3.38,5297.8,57.5,240.6,827.5,0.2559383892119263,7092.099999999999,5190.1,0.10348277371349966,4895.8,0.10599500977813743,0.06011274970382781,0.035741122521724046,-0.5207415264790651,0,0
1699,2022.0,1809.8,0.07079332345169813,6.538057742782152,36.84580489763148,29.916199478487613,0.34391435011269716,1047.9,0.5356855379661927,6.45,306.8,234.6,355.6,249.1,0.8119295958279009,2544.4,1597.2,0.08354574724979877,1054.0,-0.030486896962477666,0.5153700189753321,0.1331079388930628,-0.15264001122608137,1,1
44006,2022.0,22989.0,0.07118101839509464,5.9741002361249125,3.644063396921017,1.9833263078324224,0.2756309919780865,14809.0,1.0774176548089591,5.62,617.0,-64.0,48.0,2988.0,0.5442622950819672,16854.0,20444.0,0.1574703557312253,5354.0,-0.007274461868701926,2.8184534927157268,0.1244864018783017,-0.5479719464367736,1,1
1813,2022.0,7107.0,0.07502435855797336,5.782700765597003,31.111760281690138,53.74537664233577,0.4602915134177905,3962.0,1.1589832649194822,5.66,490.0,-555.0,319.0,710.0,1.7274939172749393,5085.0,7341.0,0.11209346384591096,6721.0,0.15113471752776436,0.09224817735456034,-0.031875766244380876,-0.3306981871743616,0,0
1825,2022.0,6200.957,0.11595977404236908,20.224023895882226,30.61655797025003,8.154539510470846,0.3809379738019967,3443.665,1.6144539219925875,20.23,624.023,87.521,142.314,189.58,0.26634409780467727,2838.2670000000003,5562.714,0.05502137527317686,5007.357,0.05352852643175224,0.11090820966030582,0.11473590049749105,1.107540450718249,1,1
1832,2022.0,43004.0,0.10286428856332805,2.259190751445087,26.208499641797154,11.134538458193834,0.6400206958996248,13915.0,0.40968056468194247,2.26,54764.0,2915.0,12625.0,9771.0,0.42484455845906344,77127.0,38655.0,0.1035568179409458,33014.0,0.08874404325513197,0.1708669049494154,0.11250808433579097,-0.006687433926491203,1,1
1840,2022.0,785.636,-0.042308206894048836,-0.12191343608905494,-41.34080837749825,1.6180660833577005,0.3857807374391831,511.539,0.48017610477726874,-0.13,-2940.654,-35.881,56.664,-31.322,-0.03913968175422549,1573.857,832.828,-0.018059042147758733,785.461,0.018253148021655622,0.06030471277377229,-0.05666476151138051,1.3427713689288672,0,0
1844,2022.0,812.775,0.07890328772524999,3.446517950936167,11.051734110264457,2.0954416080643448,0.4503411803691105,487.665,0.7046727517068506,3.53,166.293,140.843,379.905,167.325,0.1896029697383122,793.9090000000001,887.214,0.13289845311204374,636.007,-0.012657450020452224,0.39497521253696916,-0.08390196728185091,-0.4062888929284348,0,0
1878,2022.0,325.66,0.07304195689852512,4.754445385266723,24.08272484416741,3.141796679871284,0.461859437641476,157.856,0.725793561444877,4.75,324.419,20.361,119.429,44.92,0.13045852162498112,265.155,293.336,0.11114437634693278,261.162,0.09848340685638497,0.12319556443893077,0.11019445277770205,-0.342819139400022,0,0
11728,2022.0,12479.0,0.07916462818003914,5.842644320297952,51.442460557768925,60.84852780395853,0.31591896990076274,8341.0,0.38202211987342166,5.59,-5565.0,72.0,836.0,1255.0,1.182846371347785,28889.0,12193.0,0.03932073816461447,11066.0,0.06131282306782089,0.10184348454726189,0.02345608135815632,1.0133047311731547,0,0
106139,2022.0,121427.0,0.020872607132445826,3.123380018221004,16.113953379475948,2.374364836823044,0.29768440950294284,81739.0,0.4218299777097189,3.09,63382.0,-2989.0,9135.0,14159.0,0.14734837447446197,254315.0,116385.0,0.0513183885757779,103564.0,0.0384636450273671,0.12379784481093817,0.04332173390041672,-0.5932723588616805,0,0
2437,2022.0,3740.0,0.013476804908320258,8.937316356513223,9.734465753424656,1.5153746501399439,1.1081349206349207,-327.0,0.031960767734844,8.45,10282.0,6912.0,22679.0,1168.0,0.1556710649073704,-10402.0,3024.0,0.012344635156844508,3094.0,0.005378479274699588,-0.02262443438914027,0.23677248677248677,0.09171350445687465,1,1
1910,2022.0,1563.82,0.015321874049733637,4.361830643305611,15.759438094071765,2.4334690096698046,1.0372532650612316,-53.46,0.03911359148529393,4.32,169.573,2088.626,4279.556,530.765,0.1544134375314564,2596.4590000000035,1435.042,0.014466562919198208,1389.547,0.010754101376139349,0.03274088605854994,0.08973814006837433,0.05912331320941253,0,0
1921,2022.0,8913.481,0.19516702428897614,3.4237936095930737,9.527443450038147,1.7140561084537427,0.18922963077435156,5456.29,1.4507948505078285,3.43,2078.105,-43.835,497.745,412.865,0.17990724557351004,3690.2030000000004,6729.76,0.0890050188944204,5476.486,0.06847663538579739,0.22884638069009952,0.3244872031097691,1.1927642588390135,1,1
36690,2022.0,11994.0,0.10660701199521734,22.98747763864043,9.020998443579765,-52.69083181818182,0.5263610007516375,4411.0,0.41207964601769914,19.79,-318.0,-139.0,626.0,1285.0,-5.840909090909091,21567.0,9313.0,0.05685840707964602,5402.0,-0.03900102634279849,0.7239911144020733,0.2878771609578009,0.874956008631838,1,1
11598,2022.0,486.239,-0.03392394721527419,-2.7994513867723256,-8.91960479041916,1.3089428601670796,0.3857399496299608,357.312,0.58573009462185,-2.86,333.001,-17.017,30.861,-73.48,-0.14674897497398742,926.057,581.695,-0.07398971514765218,616.715,0.007551253325186871,-0.0567847384934694,-0.1640997429924618,-0.5415045571188328,0,0
2009,2022.0,12277.0,0.030998612408514193,1.8501776853823049,17.77667099752308,1.7967430818075263,0.28130444958780854,8290.8,0.5141898186324109,1.85,6539.5,3.1,83.3,888.2,0.1010730907973645,20487.2,11535.9,0.03958974998997108,11184.7,0.058516102290544075,0.03140003755129765,0.0642429285968152,-0.21700408776597988,0,0
2054,2022.0,15670.0,0.024035329037862884,3.8022598870056497,22.439286775631498,1.5073753555921545,0.35522082480257383,8818.0,0.21668039799733824,3.86,11450.0,-290.0,1146.0,1346.0,0.0671757249089185,60473.0,13676.0,0.021325812789150137,12246.0,0.017505366086334368,0.11677282377919321,0.14580286633518572,0.12705336371006964,1,1
2076,2022.0,82.32,0.003201070402262441,5.060851926977688,12.136296593186373,0.844141526309676,0.13749430783242267,60.61,0.09585085502203539,4.69,344.976,-2.476,31.349,29.94,0.06955511673829713,701.1139999999999,70.272,0.04083809482240067,56.381,0.11789359558272552,0.24637732569482637,0.1714480874316938,-0.9216155793705985,1,1
30823,2022.0,3308.4,0.03357030359458072,59.73022312373225,6.980050938975108,2.960925984614941,0.7351240376390077,774.1,0.30423060107014216,59.8,5860.8,-20.2,96.3,2944.7,0.42419833472586355,9348.500000000002,2922.5,0.30654160854448165,2430.9,0.03538404452690167,0.2022296268871611,0.13204448246364417,-0.8904869594898422,1,1
2141,2022.0,10701.0,-0.006776633949660396,4.634562211981567,10.000944615690564,0.7496366576980122,0.44807727851980117,5673.6,0.37219667620116587,4.63,6395.5,-132.7,637.4,1005.7,0.0749565852531471,24883.5,10279.7,0.036413338643687315,9684.3,-0.03472234926512288,0.06148095370858002,0.04098368629434704,-1.1861030655818539,0,0
13727,2022.0,3267.786,0.05746628082744821,10.831723198706218,12.572330136378103,4.821673213960126,0.14313663499966678,2417.592,1.1796843576143101,10.74,663.398,-292.403,144.593,254.513,0.38351468356757423,2111.925,2821.444,0.10641536919020578,2522.792,-0.012764035722792265,0.11838153918357124,0.15819629948352693,-0.45998137990074023,1,1
2226,2022.0,12943.0,0.0508356059016852,-4.439793232486601,-24.915574714285714,7.297448661087866,0.20756538529050378,9029.0,0.8221965651609179,-3.89,1282.0,-645.0,592.0,-560.0,-0.2928870292887029,10365.0,11394.0,-0.04040987155433685,11575.0,0.03473305338932214,-0.015637149028077755,0.1359487449534843,-2.2579996903313453,1,1
2244,2022.0,1880.539,0.010949593189007052,6.924624136529866,18.206042308482232,1.8785564808296398,0.9826842110206887,23.965,0.027202006191614572,6.79,3304.284,6294.147,16583.0,443.079,0.1031831327753433,-8400.206000000006,1383.997,0.008708572129400854,1485.731,0.007811764847975825,-0.06847403735938735,0.35877389907637075,0.25733507471796974,1,1
2249,2022.0,28074.0,0.07099244199478531,14.95438596491228,14.587024870952604,3.6682735426008963,0.2635610507472628,17690.0,1.0131168283424716,14.74,15170.0,-809.0,3187.0,2131.0,0.25147510030682085,17502.0,24021.0,0.08987768873892872,19811.0,0.07907531824611033,0.212508202513755,0.16872736355688772,-0.21012163317862045,1,1
2260,2022.0,2557.025,0.06615153445184536,6.944606186638939,19.968014927440212,2.9207030424475353,0.41810408985722275,1458.191,0.6106746727524616,6.61,2718.362,-27.244,171.004,267.159,0.14626907346878437,3720.9010000000003,2505.931,0.06510444018525445,2391.336,0.050080893554228526,0.047920911155939716,0.020389228594083417,0.01608330036494303,0,0
2280,2022.0,2095.505,0.03225293780494546,0.9283897539483621,25.68964155255699,11.796378707851652,0.6775536927292491,611.68,0.3718589694457845,0.91,295.998,-51.275,276.973,200.392,0.45918813945761394,4783.255,1896.998,0.03928183509164462,1733.825,0.023379337246820734,0.09411157412080227,0.10464270389320392,-0.17893505408545,0,0
2298,2022.0,10156.0,-0.03248758222580212,1.3657887256567225,16.708294314720813,1.7125567013527576,0.13549468977082169,7733.0,1.172038784067086,1.36,-323.0,-280.0,294.0,197.0,0.10249739854318418,5767.0,8945.0,0.02581236897274633,7106.0,-0.004202819956616052,0.25879538418238107,0.1353828954723309,-2.2586052159762526,1,1
10880,2022.0,31471.0,0.08546532305868405,8.997202797202798,36.56803202238458,5.614505119453924,0.6851254541133331,9274.0,0.3540704943258319,8.65,31800.0,-3449.0,2586.0,6433.0,0.15353588391131054,78029.0,29453.0,0.07733458357376419,22284.0,0.04787227058468245,0.32171064440854424,0.068515940651207,0.10513717290744196,0,0
12052,2022.0,24.217,-0.04122952328363704,-0.06437768240343347,-71.60866666666668,2.0018541278396214,0.5955873814592607,10.448,0.8891144990879996,-0.06,-1.033,0.023,14.19,-0.555,-0.02795547272452526,13.493999999999998,25.835,-0.019100388890800842,20.328,-0.1548921537980619,0.27090712317985055,-0.0626282175343527,1.1585698343290836,0,0
2355,2022.0,109120.0,0.05212337114465173,14.738771924612857,14.955791508782035,8.098770392141576,0.2956464317720862,74665.0,1.9699503818921782,14.23,6367.0,-2600.0,5911.0,6946.0,0.541513993919077,32422.0,106005.0,0.12908141458066194,93561.0,0.08523259444270996,0.13300413633885913,0.029385406348757134,-0.5961977073618119,0,0
2383,2022.0,52179.0,0.07920693102299234,19.35630467596124,17.68467720107329,5.721541432911942,0.3493937532700926,28600.0,0.5226121691989443,19.14,33910.0,953.0,8153.0,5963.0,0.3235310075416418,72837.0,43959.0,0.07089188482297834,35540.0,0.03663554886737425,0.23688801350590882,0.18699242475943492,0.11729193293107118,1,1
87046,2022.0,19228.0,0.025373099360401098,4.681338646076346,25.53543100330761,2.6606129718552554,0.19328293303003946,12058.0,0.3763186384350059,4.11,3326.0,-481.0,35.0,907.0,0.104192992533027,38270.0,14947.0,0.022835418817190766,12177.0,0.03006857745735889,0.22747803235608113,0.28641198902789855,0.11112914387626367,1,1
66496,2022.0,1387.122,0.10488169220992513,1.5615089436176477,22.824076766048186,1.3491794599829372,0.5939921609521926,451.635,0.3642566267474744,1.99,1997.74,812.511,1334.216,76.909,0.059112115412698785,1663.549,1112.38,0.025184391041300193,1052.001,-0.03828891181220154,0.05739443213457034,0.24698574228231354,3.164551449265871,1,1
2467,2022.0,3460.7,-0.18969004893964111,-1.0057177863998366,-8.998548223350255,-0.8390552597325761,0.3121735122400901,2686.1,1.1134808394160585,-1.01,-1200.9,64.4,423.2,-78.8,0.0932434031475565,2377.7,3905.2,-0.02246806569343066,3902.3,-0.07357685787718052,0.0007431514747711955,-0.11382259551367407,7.442651518288189,0,0
2488,2022.0,83745.0,0.015444603228388604,1.0973597359735974,154.16093233082705,3.4730733007351526,0.3305793704945267,45131.0,0.3311150292963474,1.11,33989.0,-1951.0,15962.0,1995.0,0.022528881009113187,171968.0,67418.0,0.00979819163200055,65388.0,-0.01420994398384512,0.03104545176484982,0.24217568008543713,0.5762707863303134,1,1
2516,2022.0,37844.863,0.08307115885172443,10.430717863105176,19.987119078104993,7.65791167211169,0.33456328992059686,22771.543,1.2998050204101277,10.24,2472.807,-1031.748,344.829,2399.232,0.38314234493657445,22243.938,34220.449,0.09113070955698539,33746.839,0.10265973011864535,0.014034203321976337,0.1059136892096301,-0.08843945958986747,0,0
99014,2022.0,17174.0,0.009535412449756819,4.059259259259259,19.353284671532847,2.492991185112635,0.414279576052707,8179.0,0.14021488101214982,3.19,3915.0,161.0,408.0,3288.0,0.12881488736532812,97985.0,13964.0,0.033015362988251834,14172.0,-0.004181220999947865,-0.01467682754727632,0.22987682612431967,-0.7111825651243061,1,1
2544,2022.0,3306.6,0.12798523247317617,2.294777760891996,28.84375172533984,7.277523850145107,0.3774119127516779,1781.1,1.1919006749437548,2.27,1490.2,-13.8,222.8,286.9,0.2523085040893501,1883.4999999999998,2860.8,0.1195317056911924,2588.6,0.1144970150583623,0.10515336475314853,0.15583053691275156,0.07072204594673213,1,1
2566,2022.0,8508.088,0.09777214172709651,7.8017994251836225,23.27668145553817,6.243842647668185,0.41298476643909426,4641.577,0.7600311891227934,7.81,9291.193,-127.571,385.504,1123.818,0.26824453733212905,8944.555,7907.081,0.10802175049143918,6683.76,0.07467717153510778,0.18302886399272264,0.07600870662637699,-0.09488467570385241,0,0
2574,2022.0,14289.1,0.048754744931024906,6.732663797226207,10.882765307572098,4.684960247079689,0.19169454280795548,11550.2,0.5027619644076026,6.57,7746.5,-283.7,5316.8,1407.8,0.4304935477952419,11207.8,14289.4,0.049532401185005875,13171.1,0.03419514453543216,0.08490558875112932,-2.0994583397432532e-05,-0.01569995064596983,0,0
2599,2022.0,712.537,0.028182898583072446,11.365702306079664,4.1150118787628385,1.1751578164440946,0.2636544352220981,475.247,0.6594359045093923,11.41,370.23,19.85,76.316,135.536,0.2855782318658581,836.36,645.413,0.13848079408624397,628.941,0.034840991846868744,0.026190055982993603,0.10400162376648754,-0.7964851460519462,0,0
2618,2022.0,3620.551,0.03938706233872176,0.96884591419934,31.583969702022248,2.204692961721292,0.3290486464504979,2375.879,0.7455227286890643,0.97,3127.434,-436.822,658.452,125.949,0.06980417542574234,3681.254,3541.06,0.026516874087323842,3728.134,0.021887689505872134,-0.05017899034744998,0.02244836291957775,0.4853584253187067,0,0
5623,2022.0,3808.462,0.06147746853566448,1.640293114510519,51.387157121093594,3.2906196212744416,0.1586452597796084,2633.877,1.4778979937910248,1.6,746.645,298.987,312.129,48.574,0.06403583707734818,1650.199,3130.519,0.022931474669345638,3199.165,0.01766156679088452,-0.021457474059637494,0.21655929895330464,1.680920848838666,1,1
2647,2022.0,3311.822,0.040282012801971426,7.471083087111161,26.91176067187117,3.5542843663814923,0.606086751793753,1996.025,0.33779879063133267,8.12,4254.482,216.723,619.337,943.157,0.13207178860268765,14025.759,5067.169,0.0628748111569746,3782.745,0.09143947193044497,0.33954813237477016,-0.3464157204940273,-0.3593298801104549,0,0
4269,2022.0,487.125,0.04613219017517308,3.8178051321815403,59.68088786915212,5.9889951721897745,0.4068662526466429,242.877,0.1273524757599206,3.91,-316.754,4.372,4.393,157.557,0.10035030285273905,3187.1929999999998,409.481,0.049001721748520216,363.124,0.03982758031360595,0.12766162522994892,0.1896156354018868,-0.05855981118528332,1,1
2789,2022.0,19629.0,0.09057524108544517,3.8653910708291375,24.37010855405992,5.678878882930284,0.4514147839438473,10004.0,0.7378515071818733,3.85,25175.0,-961.0,2354.0,2303.0,0.23302640898512597,20253.0,18236.0,0.09318227796884483,16785.0,0.08587536054540687,0.08644623175454275,0.07638736565036192,-0.027977818746514435,0,0
2818,2022.0,4331.0,0.005508474576271186,-6.428571428571429,-4.311999999999999,4.111016949152543,0.3736625514403292,2283.0,0.7635106828655216,-6.43,-2432.0,-172.0,1113.0,-450.0,-0.9533898305084746,3281.0,3645.0,-0.09426057813154587,3685.0,-0.3535149061464851,-0.010854816824966078,0.18820301783264745,-1.0584387947269303,1,1
37309,2022.0,4201.662,0.034893812636053664,5.026151638725269,17.548217073364953,1.477122544656944,0.40586326005358775,2024.515,0.17377473281960798,5.12,2882.476,95.915,116.723,665.563,0.08417507821344146,19267.066,3407.49,0.03394229550185525,2821.137,0.0391589131398385,0.2078427952984912,0.2330665680603613,0.028033376061628073,1,1
11820,2022.0,107.071,-0.1905025193778232,0.16246492820597458,20.065869206349205,2.3039500772752457,0.47740187376307,61.526,1.0355349148129578,0.16,-269.025,-34.341,43.502,7.875,0.11481935088793632,62.065999999999995,117.731,0.06926669657228804,74.525,-0.2534255096056443,0.579751761153975,-0.09054539586005382,-3.750275800709092,0,0
2839,2022.0,5122.2,0.060288017734826255,6.095004095004096,48.03770357430798,9.973680113826582,0.5976969475415829,1980.9,0.44596907860772217,6.11,4456.2,-1459.9,253.2,744.2,0.20762191719674145,10576.099999999999,4923.9,0.06740392540463187,4127.5,0.0541105724213987,0.19294972743791633,0.040272954365442065,-0.10557111662396781,0,0
2844,2022.0,7497.689,0.07811957568807239,-3.0705687315853654,-7.102918679413269,0.8185094062760885,0.12588333529657256,2678.873,0.1418340338036231,-3.58,-120.39,95.753,113.963,-1155.759,-0.1152356437148033,20154.174,3064.663,-0.05348906586950723,3058.843,-0.05339485219534701,0.0019026801964011112,1.4464970536727855,-2.460477471763185,1,1
2873,2022.0,2764.799,0.11614422029418094,18.422078548682812,18.60376390722233,4.6601131304542935,0.2592676063511466,1745.247,0.920918092146921,17.71,762.129,-41.868,459.222,190.908,0.25049302677105845,1853.117,2356.11,0.07461902506062297,2010.931,0.13990976666020294,0.17165133960339768,0.17345921879708495,0.5564960839386673,1,1
40881,2022.0,17071.284,0.24280744571888332,8.46535494288619,15.86348131956945,6.425842441648499,0.1341557006295936,14306.793,2.1713102710945136,8.37,3489.594,200.901,1728.692,1415.492,0.4050713908378658,3868.776,16523.517,0.1860059403970786,10116.481,0.1412764233730553,0.63332654902431,0.03315075113851366,0.3053746842737763,0,0
2901,2022.0,654.086,0.013933226997717804,-0.010439276485788114,-3794.3242574257424,2.1259371749531932,0.25328796878303833,194.231,0.30091553564735335,-0.26,84.493,2.623,30.81,-0.202,-0.0005602940156715901,793.3260000000001,260.115,-0.00023368486323651223,229.161,-0.005049258881796564,0.13507534004477204,1.5146031562962536,-60.624003047283374,1,1
42958,2022.0,826.832,0.26499697930025756,3.432089859851607,11.086539558624832,2.4449718247372845,0.2303907375707119,454.532,1.5116096337436975,3.44,203.942,21.196,89.884,66.61,0.22053516444950635,251.38299999999998,590.601,0.1704845025722403,472.618,0.05625595586886139,0.2496371276591243,0.39998408400933966,0.554375766137271,1,1
2907,2022.0,398675.0,0.151029487870766,5.435244161358811,11.25800390625,1.5386702219163941,0.1953580154106371,222638.0,0.8163860227839361,5.39,378295.0,2438.0,6802.0,23040.0,0.13667344892838287,296613.0,276692.0,0.06798004266455802,178574.0,-0.06743801652892562,0.5494528878784145,0.44086204154800285,1.2216739200357478,1,1
2916,2022.0,5802.3,0.06592786873506218,5.859235157002044,18.755007617107943,4.555008445177246,0.4569095377784825,2740.0,0.476803417349475,6.25,4675.6,-52.1,516.8,736.5,0.24286892003297608,8929.5,5045.2,0.06960392390349013,4642.1,0.05414081520458651,0.08683569936020323,0.15006342662332522,-0.05281390706542655,1,1
41481,2022.0,20956.0,0.026092427722024726,1.8201732042791645,51.29182199832074,4.926231923014892,0.402191106684633,10204.0,0.12113233791302373,1.82,25911.0,-230.0,1316.0,3573.0,0.09604322348260846,132661.0,17069.0,0.02535625070966277,17997.0,0.022861125904576923,-0.051564149580485635,0.22772277227722773,0.029033354370542393,1,1
95544,2022.0,90155.0,0.045580253147125986,14.742942577279067,15.23305125980136,2.3369683676169855,0.2581166053554624,69375.0,1.0874247040491196,14.54,31679.0,-190.0,6897.0,3826.0,0.15341433096756085,75067.0,93512.0,0.044491476149498804,83959.0,0.06319388235862619,0.11378172679522147,-0.03589913593977243,0.024471586286971218,0,0
2997,2022.0,1080.62,0.046817029554683746,3.3268195870386625,40.97607232177684,4.426645801359577,0.3746260395942045,596.593,0.12515585805896368,3.26,-1068.979,-641.733,175.163,261.498,0.10803001728906615,7211.989,953.978,0.03430687769602955,842.026,0.01731236980166212,0.13295551443779646,0.1327514890280488,0.36465434043570905,1,1
3000,2022.0,1434.8,0.07898707603490127,1.651888341543514,26.236640159045727,3.366589285714286,0.27052423343224535,885.0,0.8880755435180442,1.65,609.4,-41.2,40.5,100.6,0.12831632653061223,1260.8,1213.2,0.07364028987629016,1130.8,0.07958305757776307,0.07286876547576945,0.18265743488295408,0.07260680488348537,1,1
72025,2022.0,25305.0,0.06978536701055378,4.891246720641403,5.233839440559441,2.0669401822700912,0.44322315356634506,14082.0,1.4378624218305855,4.66,4646.0,-39.0,1712.0,1430.0,0.39491853079259875,12598.0,25292.0,0.08129619101762366,18097.0,-0.22274935050265446,0.3975797093440902,0.0005139965206389372,-0.14159118481423713,0,0
3043,2022.0,9359.0,0.011790679289667007,4.056955555099901,10.734650505415162,1.4797940629043496,0.9922602491232313,64.0,0.039168040319066295,3.78,21443.0,-153.0,37566.0,2770.0,0.13785209515278193,4226.0,8269.0,0.01312074878265977,8391.0,0.006971858510846199,-0.014539387438922656,0.13181763211996614,-0.10137146248471483,1,1
109025,2022.0,7481.0,0.01446334235278959,2.6764822042067804,8.14501959539865,1.2319910241795164,1.0541976620616365,-357.0,0.04042641986522481,2.51,5839.0,11455.0,29411.0,2521.0,0.1512569748605028,-5545.0,6587.0,0.015472142778234665,6630.0,0.007422534924587316,-0.006485671191553545,0.13572187642325792,-0.06520108041299871,1,1
3094,2022.0,746.977,0.00399029101531472,2.3903875164236243,13.57938818579717,1.1492068562135083,0.9959950091884514,2.661,0.03776055608333794,2.35,1552.553,314.325,2266.829,147.365,0.08462876533829972,241.64699999999857,664.421,0.008375088004775731,742.928,0.009668109406567487,-0.10567242047681599,0.12425254469681109,-0.5235523479825723,1,1
3118,2022.0,8467.723,0.009922107196806878,14.443705367203103,10.633005596246072,1.223522633153815,0.9936116249231465,39.006,0.039364901014240734,13.81,14518.87,-215.166,43209.881,1858.746,0.11506837103384704,-19646.130000000012,6105.778,0.01198362474046975,6281.156,0.009489070929709836,-0.02792129346890918,0.38683768063627594,-0.1720278787353001,1,1
3089,2022.0,27401.0,0.008632123354154163,5.367704256549705,10.464436436016577,1.7164460695820547,1.0075904528970228,-180.0,0.04136518723704133,5.11,67258.0,-33675.0,29264.0,7963.0,0.16402661338496716,87937.0,23714.0,0.01389014868721262,25241.0,0.008952798765131205,-0.06049681074442376,0.15547777684068484,-0.37854348801168963,1,1
3322,2022.0,3464.0,0.011399186858004128,1.8722696068233826,8.722034444444443,1.134693633285584,1.0448540706605223,-146.0,0.036535266915099,1.76,2603.0,140.0,16695.0,999.0,0.13009506446151842,-2498.0,3255.0,0.011213128002514255,2857.0,0.010034556876343383,0.13930696534826742,0.0642089093701997,0.016592948501805548,0,0
3372,2022.0,544.282,0.006895114627094489,3.3656542056074765,12.00063866712947,1.646686987997714,0.21294565955003394,376.94,1.6137428861206489,3.2,157.14,-46.855,1.342,23.048,0.13721661268813107,227.82399999999998,478.925,0.07766048136829087,366.926,-0.11314217795742207,0.3052359331309311,0.13646604374380128,-0.9112146292990941,1,1
104083,2022.0,4805.822,0.06893885108152928,0.9753636557156035,28.163854413711825,4.114736507581093,0.49772199705040704,2175.249,1.3311867010644225,0.97,964.965,-121.605,187.91,206.187,0.14609990689263747,2796.9030000000002,4330.767,0.0633775477490177,4387.991,0.045837178978297775,-0.013041047714090608,0.10969304051684155,0.08774879322461278,0,0
103553,2022.0,13744.0,0.021239197304819102,-3.112171668964542,-7.959072517436445,2.515962869681934,0.038644043098449245,11954.345,1.7081903130723644,-1.46,424.703,10.601,2336.604,-440.17,-0.31611257017322747,3844.409,12434.879,-0.06046654174158531,15668.477,-0.059515347316729895,-0.20637602493209772,0.10527814544878153,-1.35125536690338,0,0
3424,2022.0,158057.0,-0.007741789248253115,4.479492778669053,4.636685675419524,1.7141373680413858,0.2005412898541158,108999.0,0.5304374890579104,4.49,27430.0,-5198.0,49593.0,17937.0,0.36969022444815436,185093.0,136341.0,0.06978427062462311,127144.0,-0.0047855841293716625,0.07233530485119236,0.1592771066663733,-1.1109388860692835,1,1
10923,2022.0,8271.1,0.046039642773140994,3.649204476612569,8.144240803844474,1.3288071137088584,0.29263588962167575,5942.0,0.34756955363201536,3.58,11173.2,657.4,4647.2,1831.2,0.16315911399397687,18483.9,8400.2,0.07576835868323926,5566.5,0.03950862721243861,0.5090631456031619,-0.01536868169805485,-0.3923632031463625,0,0
11807,2022.0,40.777,-0.0738428908934708,-0.9318059589114768,-8.703528800646428,1.6149475239890336,0.23602368726188505,36.897,0.5623660922217047,-0.93,-20.56,1.754,21.525,-8.663,-0.18555089102124742,63.275,48.296,-0.10087331159757802,54.254,0.007905505952380952,-0.10981678770228921,-0.15568577107835013,-0.2679640459504476,0,0
3508,2022.0,3749.183,0.04039605442118957,3.0579597559589224,23.924448272229895,2.418157216228521,0.30399498967520444,2281.526,0.7668751886172281,3.05,1330.354,-38.748,61.786,161.393,0.10107473278852483,3712.423,3278.031,0.03775689958896066,2790.269,0.030648519187931537,0.17480823533501616,0.14373018436982446,0.06989861087536284,1,1
3524,2022.0,1273.0,0.015478554408260525,4.0398622325108695,25.790483438155132,1.8277625693343895,0.6836328932718309,397.8,0.1317794522988566,4.04,2590.9,51.9,344.5,143.1,0.07086965134706814,8981.400000000001,1257.4,0.014997327520253203,1209.2,0.016928481919083423,0.03986106516705263,0.012406553205026172,0.03208750941509058,0,0
3551,2022.0,15616.0,-0.017741085543650097,0.6900269541778976,26.187382812499997,2.4628839088905217,0.42837432513497303,9529.0,1.3063239558028368,0.68,2660.0,-1114.0,877.0,256.0,0.0940484937545922,9933.0,16670.0,0.020061123736384297,13800.0,-0.04829689883070666,0.20797101449275363,-0.06322735452909418,-1.8843515336817143,0,0
3634,2022.0,2237.6,0.031199932540686395,1.794007490636704,26.06455114822547,7.0205735707591375,0.17728519195612435,1800.1,0.8990795529257068,1.8,-9.1,-449.1,714.0,143.7,0.2693533270852858,1587.4,2188.0,0.05904832347140039,2072.7,0.04748439601365564,0.05562792492883688,0.022669104204753158,-0.471620349123073,0,0
3596,2022.0,39407.0,0.06571677813317825,11.731821440020749,17.769619241633404,3.2807465489484717,0.18971119602797057,31171.0,0.7682583428194836,11.61,33500.0,-1221.0,1603.0,3257.0,0.18462672184116546,45303.0,38469.0,0.06504503424999501,37925.0,0.061725267014890464,0.014344100197758735,0.024383269645688738,0.010327366123007135,0,0
3614,2022.0,20094.2,0.08247248956336224,4.520454165970947,15.451987219739221,3.968087437395659,0.36733393707088996,12016.1,0.6108954297348673,4.46,16562.1,-935.8,819.2,2707.3,0.25680110790711796,26288.6,18992.8,0.08707916668006858,18127.0,0.07348179599835437,0.04776300546146628,0.05799039636072625,-0.052902172727851304,0,0
131472,2022.0,12097.0,0.008935180840970463,9.054835015579643,5.257964382352941,1.0925825757164198,0.5115952870768655,5223.0,0.05872146018428018,8.3,-1757.0,-10904.0,6040.0,3060.0,0.20779573543392638,33932.0,10694.0,0.01680266206881404,10721.0,0.005956138665495567,-0.002518421789012219,0.13119506265195438,-0.46822826023774683,1,1
130246,2022.0,156735.0,0.03762351488617126,6.679333333333333,8.77782213793792,1.4720306641671133,0.2592516771125319,94078.0,0.5189810312277805,6.78,32668.0,425.0,31611.0,10019.0,0.16769884841992502,192716.0,127004.0,0.04094100147925367,122485.0,0.027326377373572457,0.036894313589419116,0.2340949891342005,-0.08103090968020177,1,1
3637,2022.0,2384.888,0.049377723276019525,8.3418070889018,7.711758293426208,1.4721327835037838,0.5083956625781764,1190.707,1.5505316884525244,8.11,313.798,105.434,320.525,114.85,0.19089457001766835,1089.0900000000001,2422.084,0.07352286890907682,1786.53,-0.03554878263893439,0.35574773443491003,-0.01535702312553979,-0.32840320285810337,0,0
3651,2022.0,22095.973,0.07169892853022655,6.321449420105358,22.17845792676821,5.710469636541458,0.35156103359156693,12236.374,1.314825521724971,6.27,3228.586,-275.465,714.701,898.79,0.25747820950388195,8832.462,18870.51,0.06262427622100232,16537.433,-0.002165292742712821,0.1410785458662174,0.17092611699418847,0.14490630242495103,1,1
3695,2022.0,1491.326,-0.11789094383535283,0.15571617769197962,110.4573735043967,1.4117473220306507,0.19011444702376892,878.478,0.5767786677386609,0.15,625.296,37.149,140.436,6.937,0.012780924235668675,1526.1560000000002,1084.694,0.0036887026369677453,916.498,0.016550092821325357,0.1835203131921727,0.37488176388917066,-32.96000204892192,1,1
3743,2022.0,20805.0,0.009005394320360216,2.711210001667891,7.863647591623036,1.2018057131426287,0.2713160598105239,12768.0,0.8187085319129054,2.92,1610.0,-460.0,1150.0,764.0,0.15283056611322265,16104.0,17522.0,0.035697598355293896,12287.0,-0.07597237368229735,0.42606006348172865,0.18736445611231595,-0.7477310873765061,1,1
3756,2022.0,2143.521,0.18887408257821148,2.5827828568408817,31.214393337971106,8.032413822152721,0.5493281371377052,895.759,0.8135271885455048,2.59,796.747,245.393,624.302,439.866,0.25733044801423705,1740.464,1987.608,0.18003698431318296,1650.115,0.16621465016336978,0.20452695721207306,0.07844252991535566,0.049084904964059824,0,0
3829,2022.0,6349.5,0.06886780379897256,8.045882328713525,8.038894599436908,2.0740910783860533,0.23890858695847816,4228.7,0.9553457821795798,8.05,1469.1,18.2,124.6,390.7,0.25800699993396287,4986.7,5556.1,0.06717906392929605,4515.0,0.01974269175633744,0.23058693244739764,0.14279800579543198,0.02513788926046743,1,1
3921,2022.0,20297.0,0.06759836594280799,1.6261160714285714,14.064186684969116,3.0525130344108447,0.19091206276560968,12375.0,0.6852291563998029,1.63,9527.0,481.0,3044.0,1457.0,0.21704156115000744,16924.0,15295.0,0.06527485327718292,14445.0,-0.14240812379110251,0.058843890619591555,0.3270349787512259,0.035595831303649385,1,1
3979,2022.0,1889.065,-0.06452111074244658,-0.041014441526964256,-407.41746999076634,1.769273096663815,0.27995957582751335,1330.922,0.6052569363582662,0.28,1234.371,7.459,87.128,-3.249,-0.004342653977758768,2780.6539999999995,1848.399,-0.0010638827364806013,1863.864,-0.00880002485561859,-0.00829727920062845,0.02200066111267111,59.646825566403066,0,0
3997,2022.0,5856.7,0.021891371464839337,3.1015547565131203,32.81579981338932,4.649239360190356,0.5306834465142358,3013.2,0.6396222279782423,3.11,4022.5,-430.5,1019.2,428.7,0.14167685647245448,8438.399999999998,6420.4,0.042708561637012095,5465.443,0.020568596883915668,0.17472636710327039,-0.08779826802068405,-0.48742428623801193,0,0
4005,2022.0,1047.215,0.13767527567256094,5.302364963503649,5.7653519156856055,2.045205492831191,0.5834612790889406,421.87,1.4757595185708665,5.03,340.69,-33.909,172.862,90.803,0.35474078993632063,482.193,1012.799,0.13230995643241195,748.252,0.0869347944947764,0.35355334833719126,0.033981076205643904,0.04055113753204026,0,0
14456,2022.0,3741.985,0.014924119289787109,2.2692476580796255,18.287999483987484,1.8973936000240916,0.23322091553439037,2185.611,0.18014563564846997,2.25,705.388,-47.517,311.462,248.056,0.10375074658578166,7133.419000000002,2850.379,0.015677285650931638,2579.775,0.013310710932086342,0.1048944190869358,0.3128026132665166,-0.048041885433131155,1,1
4030,2022.0,5839.325,0.0037266284457702515,0.7515847231569698,114.11887091016189,2.1750786377251847,0.17159393301635747,3909.399,0.1351801222131275,0.79,-5838.495,-1674.288,346.755,336.138,0.019059763038117312,34388.771,4719.182,0.009628612738494987,4597.884,0.030133443780718926,0.026381265817058408,0.2373595678234067,-0.6129630979059661,1,1
66310,2022.0,1769.436,0.07384817080784119,2.099503988202963,12.526768297549683,2.1873232487937857,0.15014483811132628,1344.272,1.2849481233082805,2.19,78.195,16.051,88.693,62.645,0.1746119347654606,997.3210000000001,1581.766,0.05088968607534062,1427.412,0.04440670351655411,0.108135562822787,0.1186458679728859,0.4511421960534643,1,1
140266,2022.0,26485.0,0.026106747097102073,0.826797385620915,43.420553359683794,0.891346504929206,0.3688272790108287,16437.0,0.2788401824528342,0.83,-3506.0,28.0,3445.0,1012.0,0.020528216154813584,85196.0,26042.0,0.010835813863845644,26185.0,0.003566062305920064,-0.005461141875119343,0.017010982259427078,1.4093019154019277,0,0
4055,2022.0,2042.563,0.0015963610407089285,-3.0227342236721375,-9.067949072512649,1.0154134836768844,0.2140463232252939,957.738,0.24206138580504907,-3.14,2553.131,399.969,1134.584,-326.15,-0.11197829581496783,3827.548,1218.568,-0.06478778449812957,1773.927,-0.10238836546387388,-0.3130675614047252,0.6761994406549328,-1.0246398461233848,1,1
4080,2022.0,10419.294,0.15022778710399842,7.1685952578490015,26.988551179279764,14.462312789398343,0.48368019170386756,4632.079,0.8616152484515566,7.15,2470.721,-814.721,329.266,1477.512,0.5358684389290842,9390.627,8971.337,0.14190157709716583,8149.719,0.14002734387191199,0.10081550050989482,0.1613981282834432,0.05867595115684509,1,1
141844,2022.0,8685.0,0.09152331421967373,0.813727539118951,30.71052508196721,3.7756305609674166,0.44929116684841874,4040.0,0.37082343426173986,-0.27,-2529.0,1073.0,2651.0,366.0,0.12294255962378232,16560.0,7336.0,0.018500732952535005,5258.0,-0.10137213153536788,0.39520730315709396,0.1838876772082879,3.9470101781634033,1,1
4086,2022.0,62910.0,0.08136332935002857,5.954010465068372,5.094045463632169,-20.076713727272725,0.22121064154866352,49443.0,1.6443149443149443,5.38,-2721.0,-565.0,4304.0,6503.0,-3.9412121212121214,18231.0,63487.0,0.16842786842786842,56639.0,0.08200455580865604,0.12090608944366955,-0.009088474805865767,-0.5169247814540053,0,0
4087,2022.0,1577.7,0.044514150777147286,0.19166666666666668,270.2608695652174,2.9291147761696394,0.29297199365894167,936.6,0.4698517415052848,0.19,1886.0,24.4,127.7,16.1,0.010838101649276339,2578.5000000000005,1324.7,0.005710434844293112,1502.4,0.010864349852628692,-0.11827742279020237,0.1909866384841851,6.795229608763295,1,1
137314,2022.0,8773.0,0.08090510572460032,1.4690548960733236,106.18391485365855,-53.02729,0.2859364201796821,4133.0,0.37484618871834724,1.47,-7101.0,-1751.0,1512.0,410.0,-0.4993909866017052,13655.0,5788.0,0.02655268441163137,4307.0,-0.0426738287078484,0.3438588344555375,0.5157221838286109,2.0469652133989107,1,1
4127,2022.0,38204.839,0.16124635133860984,3.425279599511659,9.57002167200407,0.9393953604898834,0.089317979055249,16746.661,1.4236814248441136,3.39,4416.507,-1133.874,234.444,558.324,0.09816021245155272,11068.685,18389.142,0.04322526346496562,11183.643,-0.0522686285333693,0.6442890746780812,1.0775759412810015,2.730372897999827,1,1
13391,2022.0,157403.0,0.2237556413107463,15.877294685990337,23.113509401813428,-223.9530070754717,0.3380326415581151,100061.0,2.103024653570037,15.59,66876.0,-5552.0,2343.0,16433.0,-9.689268867924529,56071.0,151157.0,0.2286298625410429,132110.0,0.182287017752653,0.1441753084550753,0.041321275230389594,-0.021319267641258344,0,0
4155,2022.0,2361.8,0.08759278897136798,1.4046780329716781,29.935685625438857,3.0367019761076173,0.3744955154897803,1366.357,1.4583165598168633,1.38,507.87,-63.85,53.662,59.814,0.10144086940594664,1210.4759999999999,2184.408,0.03993198464246874,1955.363,0.02955998172114593,0.1171368180741887,0.08120827244727188,1.1935496007932118,0,0
4171,2022.0,12458.806,0.07514789862326508,1.6755510571300045,25.257362239076446,3.292020795415613,0.1881311648700017,9244.092,0.8968095423488159,1.68,6604.601,-1100.778,634.692,908.839,0.1303390577469893,11268.327000000001,11386.189,0.07158281736397978,9608.462,0.09164878432002642,0.1850168112232739,0.0942033370427981,0.04980358961226407,0,0
38042,2022.0,14813.999,0.12448992382023331,7.239290539897616,28.234810976779887,6.889827238040988,0.14991442520082093,10344.098,1.7909447676215584,7.22,5621.103,42.247,355.549,760.806,0.24401889014617928,5666.063,12168.302,0.11197630736606368,9636.573,0.08535851808969379,0.26272088635659163,0.21742532359897052,0.11175235858833207,1,1
4236,2022.0,7950.0,0.012235793248991286,0.9007179313117375,17.11967694208494,1.2942195936952714,0.9812314784326638,114.0,0.03489521095688942,0.91,1973.0,-1073.0,5914.0,1295.0,0.07559836544074723,24887.0,6074.0,0.007439792260318044,5233.0,0.0066402249711471255,0.1607108733040321,0.30885742509054986,0.6446417884883546,1,1
11972,2022.0,250.814,0.026861548408585508,1.0220610456331218,31.7495712596097,0.9007423904974018,0.25170177937456145,175.996,0.7064291828735338,1.01,173.833,26.204,84.063,6.764,0.028370222171890662,199.99099999999999,235.195,0.020316277952152823,170.627,-0.02112935685173598,0.37841607717418685,0.06640872467526945,0.32216877874222594,0,0
4465,2022.0,2987.7,0.09708224215009391,3.699415204678363,27.623284856149223,3.9254402911312782,0.3631826401446655,1760.8,0.775509059292085,3.66,2140.3,-212.3,647.5,316.3,0.14210620900350435,2544.5,2765.0,0.08871374880798788,2477.8,0.016948756311950624,0.11590927435628372,0.08054249547920428,0.09433141372729952,0,0
12960,2022.0,909.072,0.028257196247081638,1.0493695528055418,38.46118833169452,3.3115101909044933,0.4228598310918288,640.393,0.30513981579361316,1.08,382.703,281.657,368.514,152.55,0.08610004876462939,3244.395,1109.597,0.04195133809781001,859.154,0.009945469412800542,0.29149954490114693,-0.18071876546169463,-0.3264292027777595,0,0
100226,2022.0,1643.981,0.03433291026238265,4.860836170718189,23.310804153940133,2.145064734548627,0.34648621067099017,952.878,0.2022163465439015,4.85,1793.54,-59.873,215.243,245.55,0.09202019460088232,6849.292,1458.084,0.03405443300513209,1350.729,0.03346142852874404,0.0794793033983871,0.12749402640725768,0.008177415762834551,1,1
4307,2022.0,15932.0,0.19673194138244066,8.609779482262704,28.665077951002228,21.303095172413794,0.4318920788654445,8212.0,0.899110530571624,8.55,22823.0,-1037.0,1527.0,2694.0,0.7431724137931035,13965.0,14455.0,0.16756857622690802,12574.0,0.13508839354342814,0.1495944011452203,0.10217917675544794,0.17403838960857396,0,0
4319,2022.0,57234.0,0.1686425879974267,3.6559108069844264,12.478422589753933,1.4232348562226822,0.1711635750421585,29490.0,0.8724437251728704,3.48,20483.0,1382.0,2153.0,2479.0,0.1140556705774097,33962.0,35580.0,0.060786621548722476,20548.0,-0.048828587205174724,0.73155538251898,0.6086003372681281,1.7743372423199097,1,1
4370,2022.0,15991.7,0.09714295195115477,6.051999404749251,33.382356224532806,7.5954612206077465,0.337511671995699,9365.2,0.7827550692698702,6.05,7715.6,-1130.7,2159.2,1423.4,0.22752921242347227,14113.3,14136.4,0.07881593373127056,12454.7,0.047084547302097844,0.135025331802452,0.1312427492147931,0.23252935481766532,1,1
129397,2022.0,6323.6,0.1675020348712676,7.665260196905767,3.3984495412844034,1.8618088235294117,0.21073775835638645,4479.3,2.3990953669259385,7.67,156.6,-10.1,52.4,294.3,0.5478406552494415,1831.9999999999998,5675.3,0.12440818397024012,3466.6,-0.03651295710559902,0.637137252639474,0.11423184677461987,0.3463908042523637,1,1
4388,2022.0,2848.488,-0.06801340967464993,1.3991662692314486,17.581898978677206,1.725411629445536,0.30254916485585914,1583.65,0.8717468715026963,1.4,624.021,30.564,264.697,79.211,0.09813568099430346,2079.848,2270.626,0.030410971000332094,2407.522,0.02175432824772793,-0.05686178568669351,0.2544945755047285,-3.236476095219295,1,1
35316,2022.0,1297.919,0.015444100803551195,0.9352976039285412,17.053395553463446,2.591998992839806,0.40009146966256187,720.129,0.90251620795199,0.94,104.383,-5.801,97.252,55.234,0.15199313149769675,1146.881,1200.398,0.04152754355640397,1103.262,-0.055075340100504515,0.08804436298902706,0.08124055521585356,-0.6280998228904499,0,0
4427,2022.0,60530.0,0.012880865745070455,6.394831577529121,20.901254142434265,6.350769934924077,0.647079337401918,20240.0,0.43446640555753363,5.26,130975.0,-6718.0,8364.0,5743.0,0.30384635733559073,119682.0,57350.0,0.04350724615722608,73620.0,0.035839995896673096,-0.22099972833469167,0.05544899738448125,-0.7039374613938629,0,0
4435,2022.0,12440.0,-0.052842658231423166,1.0605953475217422,142.04286333333334,1.8191619912721755,0.38872683596431024,7125.0,0.29391295577184934,1.11,2218.0,56.0,715.0,270.0,0.012807134048003035,37411.0,11656.0,0.00680821019718594,5084.239,0.02679527999757445,1.2925751523482671,0.06726149622512011,-8.761607926451036,0,0
15833,2022.0,457.794,0.04930938027109028,1.8017856560982763,39.75500623926214,2.949728972853004,0.4404608271099107,238.033,0.2612827026402875,1.8,1440.534,235.561,947.488,55.295,0.07419767349803218,673.5129999999999,425.409,0.03396173339655414,358.991,0.027718674111769346,0.18501299475474317,0.07612673920862038,0.45190999809489596,0,0
4454,2022.0,21161.0,0.06282372598162071,4.628137597278064,10.150951438356163,1.958210407399251,0.20523679181944945,15389.0,0.7670641365923226,2.88,7363.0,700.0,1540.0,1752.0,0.19290905086985247,21097.0,19363.0,0.06940537970922632,20580.0,0.015196418437480295,-0.05913508260447036,0.09285751174921242,-0.09482915813124906,0,0
4471,2022.0,53309.0,0.016719745222929936,3.054787759131293,16.17460979156568,1.8859560278076075,0.24813579486307918,35391.0,0.2787509475080538,2.87,-12085.0,-170.0,320.0,6189.0,0.11659978522579552,163984.0,47071.0,0.036650795906765204,39087.0,0.020982555092465497,0.20426228669378566,0.13252320961951095,-0.5438094914647211,1,1
4473,2022.0,10927.8,0.049774475988325816,2.4164341871671313,15.498042611251053,4.187899886557005,0.18093489702852358,8387.8,0.5143702408936572,2.42,2260.1,760.7,3270.0,952.8,0.2702212138400454,7679.200000000001,10240.7,0.04785727201494786,9061.0,0.019459393549745883,0.13019534267740876,0.06709502280117556,0.04006087043112548,0,0
38908,2022.0,741.733,-0.13109606222818296,-1.3009450932244524,-2.0907877005464965,0.4360062062621002,0.2933405313958167,616.53,0.9592383327231288,-1.31,39.633,-21.553,83.745,-45.563,-0.20853681421032638,695.7499999999999,872.457,-0.050095048986785504,850.689,-0.029894892180709762,0.02558866988993631,-0.14983431848217166,1.6169464823313096,0,0
4541,2022.0,14922.825,0.04393046337897982,3.7009767791889394,35.809465421461965,2.8757695931728415,0.2245361263956939,10928.327,0.9630976950180244,3.15,3221.136,164.151,1026.549,477.03,0.08030752649687098,12697.618999999999,14092.632,0.03260047473420495,13566.975,0.039809207329594684,0.03874533564040615,0.058909719632216404,0.347540602925247,0,0
4548,2022.0,11076.12,0.07351147330479797,7.1957223264540335,17.703573626190252,3.014529474730585,0.16298883837965672,8289.407,1.8200272501096215,7.09,2751.942,-80.994,822.568,383.532,0.17027802060658312,3884.603,9903.58,0.07048347075391358,8797.061,0.026253396631805113,0.1257828040523989,0.11839557008677679,0.04296046319081508,1,1
48345,2022.0,25299.0,0.03633948479529389,2.3097555779115693,29.474980232131944,2.7474400774399266,0.3763622539494804,14764.0,0.5651468130818811,2.11,1591.0,-618.0,1342.0,1637.0,0.09321261815282997,36802.0,23674.0,0.03907853903079494,22317.0,0.015460002450079627,0.060805663843706594,0.0686407028807975,-0.07009100911737255,0,0
12094,2022.0,9211.883,0.2636964193629512,13.60352411373514,23.832794891189497,14.664904531504158,0.6382520270326913,2502.838,0.6736102105280786,13.49,1201.566,200.201,2494.522,2078.292,0.6153245810429677,7434.518999999999,6918.734,0.2023431904823659,5806.424,0.13111963844671745,0.1915654109999546,0.3314405496728158,0.30321370704062406,1,1
131150,2022.0,19200.0,0.03635948514512401,0.7868070452749238,20.157419910313898,1.1666884183888653,0.4014449127031908,9942.0,0.23588389002499432,0.78,-11006.0,-62.0,1147.0,1784.0,0.05787885669792039,68010.0,16610.0,0.02533515110202227,11700.0,0.0016533978019535104,0.41965811965811967,0.1559301625526791,0.4351398576115762,1,1
4641,2022.0,687.961,-0.03099645149436879,1.5676956209619528,27.524475684586495,1.5096260465209732,0.37067220691882713,446.189,0.5915758434419541,1.57,639.06,4.711,140.8,43.676,0.054846677692260364,1015.548,708.993,0.03644276676662645,784.459,-0.05338516051448531,-0.09620133110844531,-0.0296646088184228,-1.8505515427208101,0,0
4686,2022.0,15315.0,0.05190311418685121,4.358817377854981,14.779238131720431,5.911695252688172,0.3570975248572033,9117.0,0.7801188249532401,4.36,7307.0,-149.0,286.0,1488.0,0.4,15319.0,14181.0,0.08185719000990208,13770.0,0.06951544787730607,0.029847494553376906,0.07996615189337847,-0.3659309074673513,0,0
4690,2022.0,4965.4,-0.0234627224266086,3.9619289340101522,4.2327866752081995,0.4944903457566232,0.19056154143837709,3974.1,1.6963927855711423,3.93,1287.3,-108.6,112.9,156.1,0.11682382876814847,2095.9999999999995,4909.7,0.053935457121138834,4516.0,-0.028104141457512003,0.08717891939769704,0.011344888689736607,-1.4350148061953276,0,0
4697,2022.0,2012.456,0.05619648388746326,0.651015380199488,55.17534776059082,2.2588724496242505,0.36726672209427286,1165.141,0.6907749794523965,0.65,662.27,-452.637,154.047,54.434,0.04093988604160023,2334.055,1841.441,0.02041968503553019,1885.305,-0.0018636478709609028,-0.0232662619576143,0.09287020328101735,1.752073981047286,0,0
4738,2022.0,20175.0,0.10762381747356706,5.385426098831773,26.538290077177503,93.65847898832683,0.3553497942386831,12532.0,1.0898693726523518,5.38,4619.0,-33.0,270.0,1814.0,3.529182879377432,13727.0,19440.0,0.10169871615181925,19140.0,0.1342235918507105,0.01567398119122257,0.03780864197530864,0.05826131878501417,0,0
4753,2022.0,2784.754,0.022014882651859864,-4.108299645655538,-14.463404601666706,1.2374894918242025,0.24812299146288264,1689.212,0.41612035273528014,-4.11,2320.473,-45.525,34.813,-246.954,-0.08556004107646958,5165.162,2246.66,-0.04574015898684642,2171.408,-0.046005738521522156,0.03465585463441231,0.23950842584102627,-1.48130315109291,1,1
4788,2022.0,148258.0,0.045220966084275435,2.276478679504814,19.147993957703928,3.352722175201016,0.22009892086330934,107539.0,2.809110540683698,2.2,23599.0,134.0,2903.0,1655.0,0.1750952179432924,39066.0,137888.0,0.033716334596422606,132498.0,0.053121532201717975,0.040679859318631224,0.07520596426084938,0.3412183330590598,0,0
4794,2022.0,1503.62,0.27291028132335476,5.928549514782581,9.830397781899492,3.2954864380951334,0.4683658570012862,806.842,0.9475740666857722,5.92,945.532,174.661,739.788,367.161,0.33523429175603087,707.2070000000001,1517.664,0.2292419414958876,623.176,0.04959386136097693,1.4353697831752184,-0.009253695152550298,0.19049018492216233,0,0
61370,2022.0,455.12,0.048321975054648324,0.22128365638434272,36.19788343558282,1.6193426850651829,0.2760446370860424,228.489,1.1003796793121843,0.22,-1.356,-1.235,2.282,5.868,0.044735838987573384,251.562,315.612,0.020458753020176346,305.558,0.055682299739352036,0.03290373677010594,0.4420237506812161,1.3619218144426188,1,1
4805,2022.0,901.711,0.15998330345689285,0.4849487153787043,22.785914571133315,2.15468880974614,0.3611181524488575,355.371,0.4910128526535081,-4.4,-31.255,65.88,82.144,43.545,0.09456231405676561,1001.2379999999998,556.239,0.03843879100314255,351.316,-0.05877801428270335,0.5833010736772595,0.6210855405679931,3.1620274540844298,1,1
4820,2022.0,2349.433,0.08073031507349178,3.481561419387779,7.5483373217702,1.3967484905485832,0.4053434916928002,1401.493,1.2198252771999634,3.41,425.384,-145.847,266.215,150.017,0.1850405501248882,1561.849,2356.811,0.07764497391165728,1734.244,0.05959787765027806,0.3589846642110339,-0.0031305013427042542,0.03973652132776718,0,0
39147,2022.0,17227.039,0.26781719915848395,27.427582964330075,23.724292470329733,15.384521056917423,0.4824426113502186,7569.872,0.9203379127005581,27.22,14620.784,-498.333,5729.135,3908.458,0.6484712273783396,9333.306999999999,14626.15,0.24593635902802843,10044.736,0.15466348861982518,0.4561009866262288,0.1778245813149736,0.08896952128970016,1,1
4908,2022.0,780.969,-0.002710868472478704,3.869077941925624,5.851523370638578,2.443452029689362,0.5461253962441279,360.671,0.9420284013651812,3.99,-203.557,-7.621,26.112,22.785,0.41757536882617063,797.0190000000001,794.649,0.027010814995181084,618.004,-0.003594670259022263,0.28583148329137026,-0.017215147819980833,-1.1003623353446514,0,0
4915,2022.0,5146.7,0.05973660361350533,3.016491754122938,13.644990059642147,3.33176213592233,0.2276544572802902,3917.8,0.9557778908296121,2.95,2934.7,12.8,361.7,402.4,0.24417475728155338,4331.5,5072.6,0.07582009684773801,4280.2,0.05208245687841817,0.18513153590953707,0.014607893388006042,-0.2121270468241628,0,0
4930,2022.0,33671.01,0.12147454625655156,14.79494980529933,7.100395836582876,1.511092404195245,0.27346498848757034,19711.386,0.8169976323016855,14.28,14683.988,22.953,2955.683,4430.111,0.21281805113029736,28468.309999999998,27130.676,0.13340582438246848,22488.854,0.08234579671935796,0.20640544867248461,0.24106785986460502,-0.0894359611444736,1,1
8091,2022.0,6835.463,0.015383561373123807,6.875031308896655,5.466156925186579,0.8672051587326027,0.5225707014128391,4315.905,0.14965675348912516,6.29,7567.97,2163.332,19478.077,1674.352,0.15864988338273914,25837.645,9039.883,0.027719173413862073,6955.93,0.014594560463773425,0.2995937279414829,-0.24385492599848915,-0.44502091951159534,0,0
4978,2022.0,28541.4,0.12618357722197301,6.176817871461722,44.71881893688304,27.79835972692445,0.8037565681676931,5557.3,0.5802237429824202,6.15,4615.4,161.4,3908.6,5581.7,0.6216255345687811,43226.8,28318.4,0.11436503708560422,24539.8,0.13281767671460828,0.15397843503207045,0.007874738685801456,0.1033405001873292,0,0
4980,2022.0,7560.0,0.1456133964324718,5.248031496062992,10.684006001500377,-9.38193675889328,0.516239533113423,3813.0,1.3079986724195154,4.0,-1723.0,-1954.0,1979.0,1333.0,-0.878129117259552,3612.0,7882.0,0.22120809824095586,11847.0,0.07294097312246133,-0.33468388621591966,-0.04085257548845471,-0.34173568874563015,0,0
4990,2022.0,18700.0,-0.0066873963020876856,7.929162386988273,8.608727715302491,0.5966486996842936,0.08118160746051425,17045.0,0.047898146402926924,7.5,15537.0,904.0,10126.0,1405.0,0.06930741910023679,368229.0,18551.0,0.0036276694354003733,17242.0,0.001363581711062774,0.07591926690639136,0.008031912026305859,-2.8434414770070195,0,0
5271,2022.0,65984.0,0.1083963691376702,23.30258302583026,15.251957244655582,8.788768135778813,0.15603185967424377,56583.0,1.317869989975036,22.85,10594.0,444.0,3604.0,6315.0,0.5762387079113058,46489.0,67044.0,0.12413264403514634,65398.0,0.13474659830408203,0.025168965411786294,-0.01581051249925422,-0.12676983576552714,0,0
5027,2022.0,14050.0,0.01340503881103134,6.352222271422648,9.092880811153359,0.8040214008741454,0.15466101694915255,11571.0,0.16769166687084996,6.08,14962.0,143.0,7112.0,1578.0,0.0884231760618626,74424.0,13688.0,0.019332075564158478,13633.0,-0.011603270352460242,0.004034328467688696,0.026446522501461133,-0.30659081242760183,0,0
13027,2022.0,4146.803,0.17860673554937678,1.6484769389054137,10.816044543419025,2.1354404762418473,0.4381448101390235,1646.361,0.43993993250063396,1.65,-3607.205,213.964,214.422,411.778,0.1974326628990398,6267.672,2930.223,0.061823822120448194,1967.046,-0.11598247073132262,0.48965657132573404,0.415183417780831,1.8889630149589653,1,1
5057,2022.0,3854.0,0.4621276595744681,16.07968611331683,4.87260755265069,5.4328587854251005,0.48034263123215465,2366.0,2.0752051048313582,14.19,1065.0,-164.0,358.0,1377.0,1.1149797570850202,1645.0,4553.0,0.6276207839562443,2788.0,0.2392138063279003,0.6330703012912482,-0.15352514825389854,-0.2636833078385018,0,0
5671,2022.0,6973.864,0.038039264113325824,1.8594990927017816,16.58511161475785,1.8538511455052717,0.14671222886201482,4847.3,0.6375371123856468,1.87,1721.406,-5.386,54.161,378.131,0.11177803252500684,8377.341,5680.733,0.042436873171736285,5532.75,0.0484523749803188,0.026746735348606058,0.22763453237460718,-0.10362707545897483,1,1
5197,2022.0,2032.5,-0.07650882079851438,0.3137836604290279,59.24463999999999,0.9838330917874395,0.20503429833740264,1367.5,0.9690175754844524,0.32,125.5,-53.3,75.4,11.0,0.016606280193236716,1461.0,1720.2,0.0061964849031095086,1443.4,-0.01191144371686935,0.19176943328252732,0.1815486571328915,-13.347132607411158,1,1
70118,2022.0,7426.0,0.18114343029087263,1.2732166890982504,12.89646934460888,1.1416863185476325,0.6864699118436183,1636.0,0.3070495468989055,1.2,7353.0,-162.0,580.0,946.0,0.0885270447314243,15304.0,5218.0,0.05566670589619866,3213.0,-0.08080864335041212,0.6240273887332711,0.4231506324262169,2.2540713048235617,1,1
5262,2022.0,4940.0,0.05159344689868775,-0.016804369135975352,-1034.8499166666668,1.9279923924856388,-0.04310639753677729,3049.0,0.23664183937823835,-0.02,-1268.0,-1523.0,809.0,-12.0,-0.0018630647414997672,11458.0,2923.0,-0.0009715025906735751,1598.0,-0.05678820791311094,0.8291614518147684,0.6900444748546014,-54.106854674382596,1,1
5264,2022.0,20772.0,0.09116996472768578,6.241857583171809,27.847479325485203,7.950279545826142,0.25660948536831485,14734.0,0.5763638478539025,6.2,13814.0,700.0,1752.0,3143.0,0.28549368698337724,30247.0,19820.0,0.09139816214958707,17224.0,0.061000332839117676,0.15071992568509057,0.04803229061553986,-0.0024967397213940816,0,0
5281,2022.0,8680.0,0.16271447850395218,1.6998341625207298,41.309912195121946,-94.62046927374301,0.36035820895522386,5357.0,1.5022421524663676,1.63,-420.0,-400.0,926.0,410.0,-2.2905027932960893,3604.0,8375.0,0.07354260089686099,7188.0,0.21135537476198718,0.16513633834168057,0.036417910447761194,1.2125200430720326,0,0
5302,2022.0,5434.687,0.06376410100845611,2.574813230681494,8.37342287319751,4.819515453686109,0.5086025518616585,2681.92,0.8535864060305034,2.58,1515.326,-30.819,731.362,902.987,0.5755729200197087,5083.38,5457.741,0.1412264576172204,4583.66,0.02293533033066484,0.19069499046613408,-0.004224091982378806,-0.5484974835148662,0,0
5324,2022.0,6350.5,0.051962300665147926,2.8235514018691585,30.394346617238185,5.204454772160507,0.423938333940075,3639.5,0.48953958685242294,2.83,2355.9,-71.9,351.7,755.3,0.17123101337565177,11489.899999999998,6317.9,0.05852407444714779,5601.3,0.061821219715956555,0.12793458661382168,0.00515994238591943,-0.11212093218023818,0,0
5336,2022.0,11181.0,0.052570244723553025,12.547717842323651,37.610823412698416,55.97201279527559,0.7354465469446788,2195.0,0.5521762278716891,12.56,14176.0,2383.0,6516.0,3024.0,1.4881889763779528,8305.0,8297.0,0.20125116464794357,7442.0,0.18656775943208104,0.11488847084117172,0.34759551645172954,-0.7387829043597527,1,1
81939,2022.0,276711.0,0.05712451861360719,7.682758620689655,39.8463644524237,-19.537345950704225,0.05174151216444542,250308.0,4.1702107491547915,7.35,7496.0,-2461.0,3935.0,1114.0,-0.4903169014084507,21277.0,263966.0,0.01759929223672154,238228.0,-0.0698146581558102,0.10803935725439495,0.048282733382329544,2.2458418125710122,0,0
5384,2022.0,31227.0,0.04132031490522057,3.7866064296411857,27.560297574915655,2.642696418336473,0.7183929811273118,8923.0,0.348270518020246,3.75,27985.0,120.0,10574.0,5039.0,0.09588780422827349,78131.0,31686.0,0.05538519031446126,30117.0,0.038739619479389364,0.05209682239266859,-0.014485892823328916,-0.2539465031966913,0,0
5395,2022.0,322467.0,0.018175446281896834,5.983358547655068,17.241152970922883,1.8165503829503828,0.18589166447001312,237810.0,1.2537006596594835,6.0,55871.0,1648.0,15590.0,7910.0,0.10536130536130536,178727.0,292111.0,0.03394864355641011,268399.0,0.031116312333398347,0.08834608176632551,0.10391940050186402,-0.46461936684757515,0,0
5431,2022.0,59283.0,0.13300659582264565,5.16259667258004,14.845242590236799,5.0732131405824425,0.7930560118265441,10079.0,0.4608019376691203,4.88,49267.0,14.0,8158.0,13049.0,0.3417399958097633,92927.0,48704.0,0.12346017749351902,47994.0,0.07716076341878848,0.014793515856148685,0.21721008541392903,0.07732386687705649,1,1
39426,2022.0,30758.0,0.1310592459605027,5.237712243074173,14.071028834669852,1.8771834384175905,0.6128496661252482,10726.0,0.4707811517612874,5.23,39053.0,139.0,8633.0,5861.0,0.13340768898094826,48472.0,27705.0,0.09959387585175619,21435.0,0.05005775177912739,0.2925122463261022,0.11019671539433315,0.31593679671210084,0,0
5551,2022.0,4087.1,0.00984841396088706,-0.3574066258704368,-84.49759409594095,1.6045720692313084,0.37828180435884434,2453.3,0.8741692512184316,-0.37,586.2,-166.1,230.3,-27.1,-0.018989559246023406,3928.5999999999995,3946.0,-0.006003544528134693,2465.1,0.08395169503855666,0.6007464200235285,0.035757729346173314,-2.6404332331898224,0,0
5569,2022.0,1527.953,0.07557080929719105,0.5433205183695292,277.8470440487348,7.13663977352468,0.47855350233041133,730.12,0.5842865703331168,0.54,901.074,-19.596,190.412,21.34,0.02568549828542679,2099.204,1400.182,0.008905039066998943,1348.223,0.0641399339059773,0.0385388767288498,0.09125313709217799,7.4862973344213435,0,0
5583,2022.0,34229.0,0.12435690453126681,10.354204373562766,17.15535,6.751085162169348,0.5230943289492292,16861.0,0.7510834466349422,10.23,39071.0,-70.0,4765.0,5921.0,0.3935265186760601,39313.0,35355.0,0.12578602991162474,32184.0,0.11372085163906726,0.09852721849366144,-0.03184839485221327,-0.011361558842122688,0,0
5584,2022.0,1570.7,0.02765279887811149,3.1792559188275082,20.869663120567374,1.46332394015996,0.2698703494926719,1036.2,0.22054390054390055,3.23,876.4,-17.5,45.4,169.2,0.07011727653226141,6278.6,1419.2,0.026293706293706292,1169.1,0.028629655195082666,0.21392524163886764,0.10675028184892897,0.05168889350264447,0,0
5634,2022.0,2297.9,0.0977712497605211,1.6384615384615384,5.49906103286385,1.039538495673397,0.17769864884639772,1685.8,1.4366503153468815,1.64,194.9,-0.7,48.9,85.2,0.1890392722431773,1052.3,2050.1,0.05970567624386826,1808.4,-0.16503485548680188,0.13365405883654047,0.12087215257792312,0.6375536785007464,1,1
5683,2022.0,3035.783,0.04521683842578954,4.899345590526643,15.559220837043636,1.7471207961466821,0.30359401302878375,1986.145,0.8307173343345463,4.9,1990.288,15.842,100.914,157.22,0.11228845033082312,3131.653,2851.993,0.04579442491761984,2884.554,0.0028535282846497536,-0.011288053543112781,0.06444265466289713,-0.012612594062908992,0,0
5718,2022.0,9112.0,0.10636803496176057,7.379964433906343,36.81589558232931,-1145.89475,0.5201321747644108,3921.0,0.6703585199770284,7.36,-1029.0,620.0,1874.0,1245.0,-31.125,9229.0,8171.0,0.10214127492000985,7414.0,0.08725634424420743,0.10210412732667926,0.11516338269489658,0.04138150855333299,1,1
5750,2022.0,3899.73,0.09361252239800905,-0.4769038539973975,-54.748980913336226,0.9701051785637399,0.5762956712439543,964.082,0.22080332345457612,-0.47,4690.959,210.578,521.184,-73.664,-0.017719145861351246,9160.627,2275.365,-0.007148416196503813,1954.37,-0.10816241484204844,0.16424474383049265,0.7138920568787867,-14.095561285840294,1,1
5735,2022.0,16262.7,0.04155355022370068,-1.0492704878930008,-12.894673162083368,0.7985589849068204,0.6081805627770975,7008.2,0.32613761514729367,-1.05,1944.5,-143.8,790.4,-1269.1,-0.06192936997077007,52996.3,17886.3,-0.023140685741792903,12032.5,-0.01088330381947265,0.48649906503220436,-0.09077338521661822,-2.7956922576695074,0,0
5771,2022.0,115053.0,0.009021506697800172,3.9587359527576154,11.238435836825317,1.4647278718851637,0.9984656530031646,144.0,0.029610710854568314,3.6,182960.0,-32242.0,606085.0,31978.0,0.1303320046625747,498964.0,93851.0,0.010089304447553947,93753.0,0.006346229483545164,0.0010452998837370538,0.22591128490905799,-0.10583462470623059,1,1
90883,2022.0,7844.0,0.005214217432866951,0.7337367624810893,54.788041237113404,4.2312420382165605,0.3237842370039128,4839.0,0.6147238209775793,0.62,740.0,343.0,447.0,97.0,0.07722929936305732,10368.0,7156.0,0.008332617472725712,6207.0,-0.009389113382457808,0.15289189624617366,0.09614309670206819,-0.37424015323707044,0,0
5864,2022.0,2141.414,0.07168214529862357,3.988144589940997,13.169031065841326,2.681033788935879,0.574015340924415,742.346,0.23344941107125755,3.99,677.578,99.597,31.528,363.647,0.2035862604873122,7261.642,1742.659,0.048714738791599266,1546.291,-0.01777073296448567,0.1269929140116577,0.22881986665205303,0.47146730284808547,1,1
5881,2022.0,19168.0,0.015134776844896156,8.526994374422749,9.580163468271333,8.517771799610895,0.15771105978958172,16412.0,0.7065158272598716,8.56,-1447.0,-82.0,2364.0,914.0,0.8891050583657587,23792.0,19485.0,0.03314115812756083,17640.0,0.014719988194495683,0.10459183673469388,-0.016268924813959456,-0.5433238396002286,0,0
5988,2022.0,2905.979,0.04390732064440376,1.2317417197784977,28.260794808719993,2.0428859707320424,0.185354071407341,1756.876,0.3768801515759982,1.23,900.082,-113.38,4.749,117.89,0.0722869255645174,,2156.613,0.020601935103467535,1953.668,0.03481613888608608,0.1038789599870602,0.34747356155230447,1.131223131414178,1,1
6012,2022.0,2308.321,0.0686353676287182,1.310263695549877,36.86280873387855,5.269801458354997,0.4989736741021275,1039.568,0.8092003144953333,1.31,1462.141,32.342,661.048,219.971,0.14295713320162212,1775.9870000000003,2074.877,0.08578850812836276,1783.639,0.04337802884184134,0.16328304101895064,0.11250980178584079,-0.1999468329018944,1,1
6021,2022.0,9459.0,0.01485447142210828,1.3443008225616921,16.246363636363636,2.271552187729162,0.3440362640475966,6946.0,0.7468086606953946,1.34,-3484.0,-544.0,477.0,572.0,0.13981911513077488,12022.0,10589.0,0.04034134988363072,9385.0,-0.05238095238095238,0.1282898241875333,-0.10671451506280102,-0.6317805064788928,0,0
6025,2022.0,11915.0,-0.011148069227171145,1.4722222222222223,42.12679245283019,2.2304895104895106,0.5531827851415481,5461.0,0.3013016467803964,1.39,2965.0,-555.0,5076.0,1166.0,0.052947052947052944,34856.0,12222.0,0.028744699733754066,11497.0,0.06838453914767097,0.06305992867704618,-0.025118638520700377,-1.387830428928791,0,0
6027,2022.0,815.594,-0.029143556565833187,-0.27640498105035194,-10.636566637937788,0.5871912211874927,0.21121830375369435,484.928,0.8165658545915317,-0.28,-37.135,-0.859,29.489,-25.526,-0.055204958627640105,638.8119999999999,614.781,-0.033904203292397524,492.625,-0.11378582950738304,0.24796955087541223,0.3266415195004402,-0.14041464668871415,1,1
16861,2022.0,51217.0,0.13508832698302736,3.8485041374920432,30.882128680119084,12.218660427982462,0.4751873260543781,24514.0,1.158453411373726,3.83,3794.0,-1315.0,12997.0,6046.0,0.3956547346377855,23966.0,46710.0,0.14994667790977406,44538.0,0.15174880763116058,0.048767344739323724,0.09648897452365661,-0.09909089773690931,0,0
11565,2022.0,2590.278,0.13430697248306775,7.813185679402964,32.53602441193042,6.8468912663897035,0.6045032425157977,934.246,0.6231161439012429,7.82,3089.192,91.679,299.972,454.368,0.21044031623848494,3399.3,2362.209,0.11985562499851621,2121.1,0.067908125277577,0.11367167978878881,0.0965490352462462,0.12057296004864558,0,0
6068,2022.0,15530.0,0.02801600914808462,1.1166875784190715,20.14887640449438,6.1729776247848545,0.4097640137940361,8729.0,1.6674935167437142,1.12,-2702.0,-359.0,322.0,178.0,0.306368330464716,7018.0,14789.0,0.020069906415604917,10715.0,-0.07234221010694065,0.3802146523565096,0.050104807627290554,0.3959212647997892,0,0
17583,2022.0,12745.0,0.0840941236980841,12.512335372226362,23.793320043261232,5.2414725262077555,0.4977562376593071,5596.0,0.2894552256254384,12.16,11184.0,-276.0,839.0,3005.0,0.22029176746572832,36804.0,11142.0,0.07806614189592913,9789.0,0.05302671092144776,0.13821636530799877,0.14387004128522707,0.07721634060244634,1,1
46542,2022.0,241.719,0.13054331141122957,6.699846860643185,5.416541714285715,0.7402988503788525,0.34549065396203205,125.565,0.3782303536926777,6.73,328.602,-2.445,86.005,48.125,0.13667370980017948,408.266,191.846,0.09487993375655533,128.432,0.03106604869177347,0.49375545035505186,0.2599637209011394,0.3758790319793012,1,1
12628,2022.0,751.898,0.12000431633669965,4.001528985190687,9.263958886014038,1.7947441033146647,0.5888109252819184,301.152,0.9622063692259184,3.95,498.882,53.293,277.541,91.599,0.19373403157306984,437.608,732.393,0.12034132114141574,506.397,-0.15504611008304403,0.4462822647053597,0.026631876601769806,-0.0028004080520278277,0,0
6114,2022.0,12289.336,0.02639209556855135,3.543891894089192,25.672340669235503,2.146172585131732,0.3139310874842911,6766.756,0.20339552320062398,3.55,4963.116,-43.942,66.773,1220.527,0.08359863297169477,46753.140999999996,9863.085,0.025169582107980214,8904.43,0.02614267916175755,0.10766045664910598,0.24599311473033036,0.04857106706525442,1,1
54407,2022.0,5850.6,0.030074878630790752,1.4431178649060086,19.13218640793298,2.0719922659605983,0.3665605355539228,3103.6,0.20282403785253902,1.35,-1707.7,-30.7,94.9,584.9,0.10829877055251073,23364.2,4899.6,0.024212543828057407,4681.7,-0.000798529978902475,0.046542922442702556,0.1940974773450894,0.242119739436056,1,1
6160,2022.0,7751.7,0.00861731448102288,7.437837525630289,16.081287012230636,2.2323604074776093,1.008892930351556,-57.7,0.03528363182732267,7.16,13081.7,-1332.7,70274.8,1545.3,0.13881727288243695,-46313.40000000001,6488.3,0.00840340247256781,6301.1,0.007113366222774889,0.029709098411388458,0.19471972627652845,0.02545540442140759,1,1
6136,2022.0,36602.0,0.11189578333904697,44.82224667912263,8.63566707780157,4.67993562432307,0.23851178960944291,27160.0,0.8376664552948636,43.7,12770.0,-1377.0,3530.0,7005.0,0.5419309917994739,36852.0,35667.0,0.16451772000281828,36799.0,0.0717128786345544,-0.030761705481127204,0.02621470827375445,-0.3198557375027436,0,0
55952,2022.0,4417.7,0.09621243706103076,3.1921965317919074,13.767949298325036,2.740933669790916,0.20682823916846765,3082.9,1.3573598742797277,3.12,708.4,-403.2,266.9,220.9,0.19908074981975488,2058.9,3886.8,0.07714335603282696,3076.4,-0.003496272841216439,0.2634247822129762,0.1365905114747349,0.24719019250457938,1,1
6145,2022.0,1037.353,0.018175458045635452,2.5270969192714188,19.30278163374266,1.623781334679291,0.3215376569037656,583.749,0.2116811379411131,2.56,344.375,-8.334,27.12,78.666,0.0841216237892265,3903.998,860.4,0.01935391492012506,773.679,0.020440163252962495,0.11208912223286402,0.2056636448163646,-0.060889844734420905,1,1
6139,2022.0,82859.0,0.007007914871537509,5.54531742618832,8.652345089103397,1.1084796336395255,1.0029364263691087,-240.0,0.04195541428738627,4.99,178620.0,-30382.0,300453.0,21548.0,0.12811320193822645,165136.0,81732.0,0.011061215522250763,80303.0,0.0016883502807694295,0.017795101054755114,0.013788968824940047,-0.3664426068328228,0,0
6178,2022.0,41512.467,0.2342217375361039,25.062996490609816,4.554523240777208,2.21853358950012,0.3258961977762324,24593.962,1.412842709031675,23.23,17558.818,-246.271,2617.863,6827.461,0.4871055590708849,21231.167999999998,36483.939,0.2643938335454434,20139.658,0.035848739160087996,0.811547097770975,0.13782853874413065,-0.11411800193953305,1,1
11466,2022.0,2066.084,0.012768232051949048,-0.4940531657999419,-22.89227310523861,2.2353197771709103,0.21601316018242367,1465.487,0.9523226069727883,-0.49,935.455,86.098,544.343,-49.307,-0.0976451646760839,1296.1889999999999,1869.275,-0.025119990788946125,1827.889,-0.24281005082503926,0.02264141859817538,0.105286274090222,-1.5082896788946123,0,0
6247,2022.0,3375.7,0.05306623514312817,3.6846576711644174,10.416164383561645,1.8933111456253238,0.2628020910310096,2693.5,0.289828975758345,3.68,2930.6,-1.1,0.0,737.3,0.18176663461775508,12332.4,3653.7,0.05848616575707577,2122.3,-0.01620517222077098,0.7215756490599818,-0.07608725401647645,-0.09267030149419367,0,0
6266,2022.0,9376.2,0.1649511449242933,8.269770408163264,6.95545307318578,3.400624387301109,0.3028415594909434,6212.1,1.0461274757270154,8.15,525.8,-9.2,180.5,1296.7,0.4889148631324938,7489.500000000001,8910.6,0.1522359322352278,5758.0,-0.11726656107557823,0.5475164987843002,0.052252373577536905,0.08352307173722005,0,0
35707,2022.0,92.701,0.053848363559760234,1.9199071100350806,18.375889029003787,2.33854270105983,0.5594779351236564,36.925,0.11132301750574074,1.87,-37.7,3.102,16.666,38.857,0.12726147275752295,736.2869999999999,83.821,0.051606142747289675,82.128,0.035312064751454965,0.020614163257354347,0.10594003889240161,0.04344871934045719,0,0
6248,2022.0,22386.892,0.07064335532731446,3.3615293922508283,17.48013869385066,4.358164339021237,0.1944683137419017,13323.743,0.7002192864644764,3.36,-471.351,-378.105,146.391,1499.706,0.24932092447037596,22142.831000000002,16540.309,0.06348872111316022,8542.242,0.026552949955617185,0.9362959981700355,0.35347483532502316,0.11269142122743436,1,1
6331,2022.0,1460.209,0.09793838770276748,4.254163457835965,16.78825947988618,2.995269207904503,0.28497114076688357,855.778,0.4344529426498187,4.26,363.259,0.374,1.537,176.769,0.1784145170911315,2618.204,1196.844,0.06416693589078093,890.107,0.03717526763198537,0.3446068843408715,0.22004956368582707,0.5263061317041727,1,1
6345,2022.0,9955.475,0.004156669822213203,2.9375604841382414,14.808205732234002,3.4963580219946495,0.15464285002577854,8272.086,2.7669090591369954,3.05,347.028,-62.471,55.712,221.589,0.2361094980186489,2478.88,9785.315,0.06265680885133566,8480.177,0.008955105753350406,0.15390457062393872,0.01738932267382295,-0.9336597267174006,0,0
6343,2022.0,9761.0,0.1154203869047619,9.91035856573705,9.131859296482412,2.1150372439478584,0.3173687926570958,5801.0,0.8485272091862207,9.61,2125.0,242.0,966.0,995.0,0.23161080074487897,7954.0,8498.0,0.09935097353969047,7055.0,-0.040396582638962134,0.20453579021970233,0.14862320546010827,0.16174389432280445,1,1
6344,2022.0,6880.0,0.06445204723540449,0.9529596111413131,12.62382986577181,2.612431458333333,0.23225199811941702,4899.0,0.7224864130434783,0.9,-1671.0,165.0,725.0,149.0,0.20694444444444443,6897.0,6381.0,0.016870471014492752,6103.0,0.02803422652555731,0.04555136817958381,0.07820090894844069,2.8204059139804865,0,0
6347,2022.0,1433.451,0.13942952808402706,7.814400476048795,10.543355213560664,2.7273234856125312,0.6557168025707627,399.625,1.2120865626194337,7.9,327.703,-21.154,209.749,131.321,0.258676998959942,667.14,1160.745,0.13712953274814596,762.857,-0.11054556544682856,0.5215761276359788,0.23494049080547422,0.016772428883756966,1,1
16367,2022.0,23569.0,0.010840482859978143,13.50952380952381,14.84286217835742,1.6615712425521842,1.0147750847543389,-292.0,0.03546898639784203,12.71,50637.0,987.0,82254.0,5674.0,0.11194412658327743,17659.0,19763.0,0.01018322262922409,18262.0,0.016060289835197212,0.08219253093856095,0.1925820978596367,0.06454344117625686,1,1
6360,2022.0,17660.0,0.04946008484381026,6.099861386054674,28.269494843641418,6.471492694877505,0.3881023200475907,10286.0,0.7873167533136621,5.98,17622.0,-821.0,1078.0,1439.0,0.22892141266306076,17539.0,16810.0,0.06739731160133015,13841.0,0.054152178359582734,0.21450762228162706,0.05056513979773944,-0.2661415764418396,0,0
6365,2022.0,28819.7,0.09050502622049256,5.332853440829254,16.550239187948815,2.6800407435256264,0.18476509525003926,19176.2,0.8027622970680881,5.33,10948.1,-111.3,4987.7,1852.1,0.16193365625054645,22302.1,23522.3,0.06320793674087169,18728.5,0.045944798301486206,0.25596283738687026,0.22520756898772662,0.43186173900167746,1,1
6379,2022.0,21680.0,0.01528943730824989,-0.04432353967787867,-273.89509250000003,1.1493380449191741,0.2936246487743436,14581.0,0.19977353450695365,-0.05,-9304.0,-320.0,307.0,-88.0,-0.004196271040961328,100165.0,20642.0,-0.000851665102054642,18469.0,-0.013325703073904512,0.1176566137852618,0.05028582501695572,-18.952405553972003,0,0
94982,2022.0,14439.0,0.02722274543742205,4.158778240565442,31.807418512898334,1.6707387852702058,0.365948510539006,8152.0,0.1784579082517871,4.03,13230.0,-404.0,578.0,1318.0,0.05252670173760561,69796.0,12857.0,0.018294121729474633,11370.0,0.05903366705191901,0.13078276165347405,0.1230458116201291,0.48805970792038816,1,1
27231,2022.0,355.795,-0.08108832110128232,-2.8152949041747144,-18.74403989498542,2.817078547422895,0.2892079921944597,201.066,0.31850061194686924,-3.02,-126.209,7.733,188.419,-75.799,-0.15029196284289525,678.885,282.876,-0.0853449139727681,213.786,-0.10636249123633813,0.32317364093065015,0.257777259293825,-0.04987517912132376,1,1
6443,2022.0,54.055,0.0673495132835006,0.41372568188483727,33.524629017013226,2.092076058747198,0.355612378214939,34.525,0.3330163406614581,0.41,-26.732,-28.784,110.361,8.464,0.06240415241241005,47.992000000000004,53.578,0.052608352446126785,46.276,0.029747052204119575,0.1577923761777163,0.008902907909962983,0.2802057116779963,0,0
6450,2022.0,15861.608,0.050709523991784904,13.520356805475974,22.714637225817537,4.7226218403304365,0.29295570560733336,10144.417,0.7053487503195485,13.54,13348.77,47.603,772.233,1746.1,0.20791095157631173,17901.089,14347.64,0.08584056004562168,13695.52,0.06111710653900416,0.04761557063915784,0.10552035038515051,-0.4092591664728852,0,0
6475,2022.0,4881.872,0.11795127424508649,9.589622239276881,8.414304337194052,2.465619178771088,0.20835062082954484,3228.419,1.5384782537345358,9.87,511.506,78.082,122.849,224.915,0.2930270976618023,2324.3450000000003,4078.092,0.08485017906381295,2486.597,0.05535477505581901,0.6400293252183605,0.1970970738276626,0.3901122607694124,1,1
36808,2022.0,5007.1,0.1476617613593264,3.8699638788552377,31.997714675473865,14.445227862051082,0.7474900795801982,1164.5,0.47863043839256053,3.86,1535.7,-894.7,1274.2,1392.8,0.45144561130558797,8255.3,4611.7,0.14455330454998339,4056.8,0.11894182417201317,0.13678268586077688,0.08573844786087573,0.02150387927152632,0,0
10917,2022.0,6773.0,0.03114702923936041,23.492422369025327,5.845289082706767,2.32668629688747,0.2090894491729565,4925.0,0.21523625177145622,12.7,3597.0,-679.0,3399.0,1995.0,0.39804469273743015,24612.0,6227.0,0.0689571739656424,7811.0,0.009950248756218905,-0.20279093585968505,0.08768267223382047,-0.5483134321183278,0,0
6531,2022.0,1145.189,0.10807876251050662,1.9074917022285443,14.112774366750356,1.754838191203289,0.8241543009296088,101.901,0.3675555369502121,2.41,49.472,10.661,23.681,40.229,0.1243439557382623,1424.954,579.491,0.025516171426251802,273.25,-0.34227719695015907,1.1207355901189386,0.9761980772781632,3.235696676630411,1,1
6581,2022.0,86392.0,0.09665137166845651,5.508315256688358,31.53595825676031,14.974813314218041,0.5662732465963711,34470.0,0.8603223746170584,5.51,50267.0,-2547.0,5988.0,7618.0,0.474848843732469,76555.0,79474.0,0.08246641480022084,70372.0,0.07662670311457415,0.12934121525606776,0.08704733623575006,0.17200889480401774,0,0
6603,2022.0,3845.733,0.22274500126209404,5.417433333679068,9.004264011288294,1.616023017977512,0.7581989428366678,448.761,0.3477658148364541,5.3,-249.954,31.206,33.829,522.311,0.1794730825252977,5174.946000000001,1855.91,0.09787215463737098,1339.226,-0.13828249973797116,0.3858079218892106,1.072154899752682,1.275877159212374,1,1
6610,2022.0,100330.0,0.1590831875459547,3.9108540925266904,15.09900359434005,4.298661934430901,0.6405004428697962,29223.0,0.44792699861138663,4.0,97498.0,159.0,31069.0,21979.0,0.284698384735949,144829.0,81288.0,0.12111243360003526,41908.0,0.062348844899467674,0.939677388565429,0.23425351835449268,0.3135165632235169,1,1
6619,2022.0,2288.032,0.02959691030794561,1.7068668237973963,31.4552953115298,2.618692999257395,0.47954842653172497,977.483,0.1281285564375297,1.68,1434.201,5.74,10.567,431.612,0.08325126098236071,14454.779,1878.144,0.029444932071829993,1485.702,0.020783892219033588,0.2641458381290461,0.21824098684658905,0.005161439521914026,1,1
17810,2022.0,20688.0,0.1559777020079017,1.3575211608753077,34.90921642020202,-53.7984499626401,0.6709772156695561,6946.0,0.5341446752523847,1.34,27608.0,-412.0,4544.0,2475.0,-1.5410958904109588,34530.0,21111.0,0.06262176454216532,20841.0,0.09421267979921542,0.012955232474449402,-0.02003694756288191,1.4907905925084035,0,0
6630,2022.0,78494.0,0.19908557055920878,6.203911251586685,11.634595833642779,2.0701206831696255,0.4483899042645779,25352.0,0.5069434486714243,6.09,35724.0,2083.0,6743.0,8079.0,0.17792802713297803,78893.0,45960.0,0.08911218715875624,18784.0,-0.04313456194704398,1.446763202725724,0.7078764142732811,1.234100372876399,1,1
6632,2022.0,9024.2,0.017028797702301948,13.89509009994893,6.837667069200883,1.2311886155649674,0.6144275617988574,3529.8,0.738472831698503,13.45,3950.1,-408.9,1242.5,952.3,0.1800597489033429,9933.5,9154.7,0.07681821115126485,7132.6,-0.08546282017527362,0.2835011075905,-0.014254972855473143,-0.7783234281677026,0,0
107889,2022.0,1435.118,0.05073165633536049,19.710828025477706,9.05644348219479,2.374621120117491,0.24484779324075143,1541.866,0.7959261795956586,19.52,449.201,463.03,970.965,278.514,0.2622023893580365,1581.0949999999998,2041.795,0.10856946166677128,1252.658,0.020281001832620646,0.6299700317245411,-0.29712924167215615,-0.5327262790427246,0,0
6684,2022.0,3538.042,0.0077892984233312885,-0.007731885011818166,-857.4881791265728,10.285412049861494,0.3497579052042419,2388.704,0.740805921347823,0.02,4388.958,-188.97,746.92,-1.351,-0.011994814972654307,3900.9579999999996,3673.561,-0.0002724410455525058,3554.075,-0.034777631315040206,0.03361943684362326,-0.036890363328661274,-29.59076688512454,0,0
6755,2022.0,1330.78,0.09404163574427096,6.137206069732423,9.812282546123718,2.7252107647236508,0.5213128114637346,640.213,0.5275430288949852,6.29,-324.148,44.432,296.151,423.86,0.2777346404278002,2226.3150000000005,1337.435,0.16718897608289632,1040.93,0.07006528591197636,0.28484624326323565,-0.0049759427560965375,-0.43751293926435164,0,0
6858,2022.0,2249.555,0.018369998326739852,2.2876099493213724,19.937839496427426,1.8061780861480659,0.34090522188942696,1173.105,0.20536478792553495,2.28,738.267,-46.824,1.604,196.357,0.09059046174344552,8492.686000000002,1779.873,0.02265600616599851,1523.012,0.021826975659753944,0.16865330017097707,0.26388511989338553,-0.18917755441340653,1,1
46077,2022.0,9800.0,0.021162609302516525,-1.2857142857142858,-51.90111111111111,2.3294029643995016,0.03702941781526435,9362.0,0.19841221249413254,-1.29,10289.0,291.0,846.0,-648.0,-0.044881562543288546,46838.0,9722.0,-0.013224759688973244,9603.0,0.03806193806193806,0.012391960845569093,0.008023040526640608,-2.6002263784166777,0,0
53780,2022.0,16228.995,0.17688739544412993,7.806325854503742,7.322266718730733,1.9028567484009309,0.27454745434046185,10103.292,1.0430065805008766,7.44,4196.231,-798.67,1833.565,1946.32,0.2598726352774512,10897.898,13926.882,0.14576303351751427,11036.082,0.11526272832128603,0.2619407865943728,0.16529995730559083,0.21352712807582927,1,1
6887,2022.0,1943.585,-0.005646043304170438,6.781527630329106,34.030680486779985,2.977212948372875,0.35322838723158284,1139.067,0.5958393103634936,6.79,452.344,-16.719,165.176,121.369,0.08748614208668097,2563.9280000000003,1761.158,0.04106185887893469,1417.677,0.013713788550795102,0.24228438494805235,0.10358355127705757,-1.1375009183295142,0,0
27233,2022.0,653.172,-0.0029617197168622733,0.0241222512113306,866.8345179233622,3.3150819707004384,0.5696922947933262,256.614,0.9500951130682489,0.02,128.343,-11.828,66.747,1.618,0.0038243539016446144,551.802,596.35,0.002577771263426556,556.821,0.014763703168106058,0.0709904978440109,0.09528297140940722,-2.148945897133381,0,0
36972,2022.0,106.298,0.1300567645693232,0.10542505592841163,108.41824933687003,1.9092267090174464,0.421665395223285,49.277,0.7287897838563718,0.11,-40.889,-12.234,32.836,1.508,0.017609827872106874,75.848,85.205,0.012898480066374143,65.463,-0.15399909890497365,0.3015749354597254,0.24755589460712404,9.083107769292626,1,1
22361,2022.0,284.68,0.23747214769678504,1.0678262559518026,6.667751387751387,2.8215148831298853,0.26057142857142856,150.751,2.79848185362104,1.0,-59.684,-0.499,0.235,10.989,0.4231583811467519,61.24700000000001,203.875,0.1508400592983034,150.409,-0.12977948170151743,0.3554707497556663,0.3963458001226242,0.5743307765953394,1,1
36579,2022.0,11308.0,0.018640906227223877,6.819319623406354,13.532141781895938,2.3026797962401457,0.2211907164480323,7718.0,0.16012021133929005,6.81,7592.0,6815.0,18828.0,1403.0,0.17016373559733172,-3495.0,9910.0,0.022668885621495855,8168.0,0.01722758097805484,0.2132713026444662,0.14106962663975783,-0.1776875785394775,1,1
39804,2022.0,1601.762,0.19341052760242797,0.03346952404361194,135.6457891090481,1.5253496231639272,0.23431634272870958,662.262,1.000652502125838,0.03,620.228,-2.063,82.433,7.217,0.011245093807797242,707.528,864.929,0.008349481989668716,598.302,-0.2684258796592052,0.44563949309880285,0.8518999825419196,22.164374489548656,1,1
6923,2022.0,7256.414,0.07058252988349756,3.8040619509438924,23.1594545872577,5.741659297760474,0.38513666624526216,4124.336,1.0000032798098186,3.81,1602.009,-45.032,207.672,491.481,0.24791858876156472,5699.665000000001,6707.728,0.07327110043284545,6106.288,0.08038469405493613,0.09849519053146535,0.08179908308744775,-0.03669346486493705,0,0
7027,2022.0,5217.9,0.0476097731986873,3.105029585798817,54.80785135778942,1.82261569416499,0.3392908694853424,2517.5,0.37059407096171804,4.44,1659.4,61.5,672.8,209.9,0.033254645986153145,8965.000000000002,3810.3,0.0204151104886399,2907.0,0.04125081717149706,0.31073271413828696,0.3694197307298636,1.3320850124803398,1,1
35816,2022.0,275.967,-0.11160405563499286,-3.166024136775059,-2.956389337427535,19.655670538542765,0.08917330943622578,378.096,0.4166199142297691,-3.15,-9.846,-93.728,29.152,-113.331,-6.648539246744105,940.074,415.113,-0.11374240628352751,669.729,-0.12761600066726542,-0.38017765394659636,-0.33520029485947206,-0.018799942065621092,0,0
12977,2022.0,26985.0,0.13692257224370508,21.92905400009583,5.328547232337946,3.07786931005469,0.191634421916112,20891.4,2.8896641173576634,18.51,4639.9,-509.1,60.6,1373.0,0.5776188472864956,8487.1,25844.0,0.15351759917706514,20390.0,0.038595355611295415,0.26748406081412457,0.04414951245937161,-0.10809853086758858,0,0
7187,2022.0,2695.823,0.17370128952115618,0.7129074161789429,47.986595767735906,15.552244734059856,0.5204318772429155,1162.617,1.2238561844038227,0.71,484.508,6.824,118.001,350.687,0.32409560389187914,1818.301,2424.3,0.177036857542393,2161.22,0.14129909529226936,0.12172754277676516,0.11200057748628456,-0.01884109369958794,1,1
43903,2022.0,18695.829,0.11270041888089283,4.897614579779369,19.95869589321655,8.468031181881996,0.29435024204593674,13348.243,1.3867953797934585,4.9,2874.898,28.613,4933.768,1722.589,0.42427777983029763,6334.186,18916.244,0.12628714593039897,12531.565,0.006713547169505704,0.5094877615046483,-0.0116521546243534,-0.10758598548892884,0,0
7252,2022.0,12011.0,0.06022924626606461,9.649575191953746,8.542344959261408,1.5846722095422858,0.35845243167383717,6199.244,0.6984767523499342,9.92,1576.716,522.031,673.325,519.041,0.1855078689867496,12413.1,9662.953,0.03751835200031111,8420.091,-0.009453327780163771,0.14760671826468375,0.24299476567877343,0.6053276078215049,1,1
7383,2022.0,28091.0,0.07977280630578416,1.3403335656293154,22.34518389154705,2.8013390362569983,0.25199528980766717,17151.0,0.5523596155235961,1.34,4629.0,913.0,3139.0,1881.0,0.125366568914956,35167.0,22929.0,0.045313290453132905,23601.0,-0.24786727624075033,-0.02847336977246727,0.22512974835361332,0.7604726010416833,1,1
16497,2022.0,665.92,0.01316404485865607,0.36583508295253386,119.75341360490633,8.274042346410196,0.4702071707178743,396.071,0.512575513760971,0.37,-231.129,96.044,127.162,35.546,0.06909232979118356,1163.489,747.596,0.024371464283045218,313.579,0.21079314357700032,1.384075464237082,-0.1092515208749111,-0.45985827089535797,0,0
7504,2022.0,756.533,0.023886726016372796,1.9604674019875503,36.26686163101604,6.1788744061693315,0.6642042064741152,248.777,0.6550984118113626,1.94,794.785,10.71,290.183,125.664,0.1703724592724354,790.0330000000001,740.858,0.11111749730969103,595.117,0.05535799767489571,0.24489470137804834,0.0211579007043186,-0.7850318213179418,0,0
7513,2022.0,4108.661,0.037524001832731455,4.92256336059443,14.421348147244064,6.064308141894634,0.3579219930376528,2660.221,0.2640428271223486,4.79,767.235,39.945,276.473,802.939,0.42050910081201603,15210.611,4143.143,0.05117136520916403,3511.509,0.035541983786213635,0.17987537551519875,-0.008322667115279384,-0.2666992236898252,0,0
7644,2022.0,8529.2,-0.006090158357458276,5.9337954874222705,23.076292448947285,1.790800351347035,0.3760392053907412,4991.0,0.49821862348178136,5.84,2655.6,-164.4,224.5,631.7,0.07760346924484958,14637.2,7998.9,0.039345998131423233,8002.7,0.05381289839230665,-0.00047483974158723705,0.06629661578467053,-1.1547846959458488,0,0
7646,2022.0,4842.5,0.13075091785222578,15.356541268950028,14.025293601462522,2.751800234343241,0.5405828280852728,2114.1,0.680755063094516,15.22,5356.0,-143.4,780.0,820.5,0.19620268299098498,5702.099999999999,4601.7,0.12138112638134829,3942.2,0.09561862351882634,0.16729237481609255,0.05232848729817246,0.07719314979365093,0,0
7652,2022.0,8130.0,0.010099413633418153,2.826075254346773,8.184495428571429,1.3840301810217097,1.0161354318211877,-122.0,0.04057505929829457,2.64,13967.0,-178.0,11923.0,2625.0,0.16910391032661212,21851.0,7561.0,0.01408669893638715,7337.0,0.007884416682322,0.030530189450729182,0.07525459595291628,-0.28305320650173743,0,0
7674,2022.0,7250.552,0.06613369743681359,-0.8778576563623293,-65.94463188928016,3.067710489293557,0.23271808040801098,4289.442,1.1019473767724146,-0.86,1710.58,-393.87,170.978,-85.477,-0.04651948765813399,4180.945,5590.438,-0.016848618287936594,5237.443,0.03931264317328371,0.06739834686506371,0.2969559809088303,-4.92517037935179,1,1
7750,2022.0,24224.0,0.01523933387995137,1.6500033776937106,25.963583213920167,2.4357999615901673,0.15370487650411652,13363.0,0.4347466960352423,1.65,16162.0,1417.0,15504.0,977.0,0.09381601690032648,20448.0,15790.0,0.02689977973568282,9048.0,-0.08887475425002891,0.7451370468611848,0.5341355288157061,-0.4334773730605591,1,1
7758,2022.0,4960.009,-0.015404709117050783,3.3229452848300287,21.08069618834639,1.4329109762951024,0.21005251802021008,2907.363,0.2883178145179529,3.39,1067.552,139.345,222.697,200.779,0.0679726591329194,12189.195,3680.451,0.015728551332730708,3298.873,0.026594311969306263,0.11566919975397658,0.3476633706032223,-1.9794105503533554,1,1
37426,2022.0,120741.0,-0.019513321236282216,2.8120459360117764,8.748079000049799,1.0561417790924177,0.5273889046806898,79807.0,0.3061226709594614,2.77,45879.0,11446.0,21213.0,20081.0,0.12072842267272683,499653.0,168864.0,0.036403551707509856,171760.0,-0.009844777379836085,-0.016860735910572893,-0.2849808129619102,-1.5360279511478745,0,0
569,2022.0,15002.0,0.14304502552993967,-0.02243522725539096,-207.7090616,2.0387618924224578,0.4895755212239388,3403.0,0.562711006076975,-0.03,-4413.0,15.0,28.0,-25.0,-0.009815469179426776,10538.0,6667.0,-0.002110060769750169,2308.0,-0.6031007751937985,1.8886481802426343,1.2501874906254686,-68.791898499149,1,1
7845,2022.0,1371.815,0.04410687775961827,4.126679985470395,12.695435600642565,1.9180115030419893,0.31143595397654483,894.318,1.0841888842792045,4.49,524.15,2.267,21.755,90.886,0.15107882575883505,1039.039,1298.816,0.0758672444261541,1128.588,0.060000627260752296,0.1508327219499056,0.05620426603922343,-0.41863081896232573,0,0
7866,2022.0,16947.4,0.042562481723169614,10.34231520428093,18.237695938905993,2.8082547246176004,0.35762492636324056,10032.1,0.554194464158978,9.99,6896.8,-1103.5,149.9,1689.2,0.153980784306576,24591.199999999997,15617.2,0.05994322214336409,14534.6,0.05235442135591926,0.07448433393419841,0.08517531951950418,-0.28995338920262864,0,0
7879,2022.0,253.701,0.07455626046082764,2.1849767899845265,4.274644949462435,0.794853175315736,0.3625594143249987,140.01,1.1905727263857422,2.2,19.919,-4.353,9.105,15.533,0.1859460106542168,158.15200000000002,219.644,0.0841960907602745,201.451,-0.1264687317222888,0.09030980238370627,0.15505545336999868,-0.1144926113837477,1,1
7890,2022.0,13669.0,0.0092021894178139,7.35826527461658,12.638848496101003,1.3407026824752828,1.0024937655860349,-30.0,0.038236116761594795,7.3,24105.0,164.0,113001.0,2693.0,0.10607791389293733,-53412.0,12030.0,0.008559423311635476,12078.0,0.007689716751507756,-0.003974167908594138,0.13624272651704072,0.0750945575158857,1,1
7907,2022.0,2773.27,0.06047784538043344,6.146476360392506,20.221341905895333,2.5941165135129354,0.2074565445535016,1859.28,1.1357244245289047,6.01,980.314,-190.752,159.186,137.804,0.12828607149739385,1583.064,2345.966,0.06671340019325991,1869.75,0.07234343185325189,0.2546950127022329,0.18214415724695077,-0.09346780099294741,1,1
12114,2022.0,4329.711,0.24778207218002737,11.152962874142085,33.583900908377416,12.530271859003049,0.5535720091371482,1634.026,0.21058871032514528,9.91,-604.003,478.69,761.29,1953.263,0.3731035263946186,,3660.223,0.11237980202185065,3017.888,0.11485699797555055,0.21284255744414637,0.18290907411925456,1.204863042309415,1,1
11092,2022.0,18449.0,0.06393015941871814,5.282119205298013,50.627407221665,6.78571284533172,0.6802665419686696,5470.0,0.4940082584967226,5.29,12949.0,1.0,3019.0,1994.0,0.13403239900517577,30483.0,17108.0,0.05757847015679594,14351.0,0.046577337605592774,0.19211204794091005,0.07838438157587094,0.11031361626360478,0,0
137737,2022.0,3668.0,0.00911081291051628,4.663626961877939,4.550106638772664,1.2562289025798998,0.734190008663009,920.5,0.042962595372495506,4.23,3806.0,41.0,3578.0,717.0,0.2760877936080092,77027.0,3463.0,0.008895229824452577,3990.0,0.004713311673454445,-0.13208020050125313,0.05919722783713543,0.02423580844095508,0,0
7966,2022.0,596.679,0.18221687711314602,8.85940785361141,7.67771403280329,3.291383843744586,0.4199254549201527,425.027,1.6564317735332084,8.87,438.098,0.897,221.015,155.899,0.4286932060352911,209.11900000000003,732.711,0.3524391705079542,569.682,0.2595719265601939,0.2861754452484017,-0.18565573602689195,-0.4829834695998027,0,0
8053,2022.0,414.147,0.08201662931204305,1.9912461886495527,8.251114349222028,1.496942467963079,0.20333417982462684,266.656,1.2583176066345365,2.17,63.08,1.785,2.021,20.245,0.18142306658302715,231.66100000000003,334.715,0.07610845031240367,256.0,-0.1317348200827117,0.3074804687499999,0.23731234034925242,0.07762842332734382,1,1
8059,2022.0,68636.146,0.06152255705142625,1.0241817627659076,75.91425938890787,25.626273749175734,0.196796754202706,41202.594,2.3955798712207264,1.03,9002.942,-3058.47,3018.693,524.209,0.3375686459363666,13510.065000000002,51297.843,0.02448025989538674,52893.31,0.009522382315993633,-0.030163871385625082,0.3379928274956901,1.5131496689306008,1,1
12087,2022.0,840.208,0.11364561457564724,-5.959282396283838,-0.1829079287599654,0.6559922494071376,0.26121344275304076,646.108,1.2414075530351958,-6.01,-402.316,40.729,65.315,-186.019,-3.586461526596873,592.989,874.553,-0.26404962490329814,852.539,-0.3245022059577961,0.025821692614648725,-0.03927149069295975,-1.430394910113079,0,0
89856,2022.0,3836.0,0.029444844340471475,-0.30018938649776433,-53.06649973821989,2.956739046091015,0.17354811057932712,2313.9,0.6533650704751237,-0.3,-919.0,41.8,687.7,-38.2,-0.05571761960326722,3222.0,2799.8,-0.008914403061700738,2982.1,-0.38974943616942176,-0.061131417457496305,0.37009786413315227,-4.303064056748386,1,1
8143,2022.0,2793.641,0.052415660769828454,10.357959880495093,31.712808679492515,4.09949557200643,0.6436865804397338,1001.085,0.4088586528966102,10.37,3170.995,69.204,445.084,485.374,0.12926939437746554,6308.402,2809.563,0.07063353261380481,2537.156,0.04688168248594664,0.10736706769311787,-0.005667073491500288,-0.25792100677710983,0,0
8147,2022.0,5413.0,0.004261168384879725,1.3565217391304347,14.854166666666666,0.47748815165876773,0.5361231000187653,2472.0,0.3949455273104573,1.03,2817.0,-1038.0,414.0,156.0,0.03214506490830414,12598.0,5329.0,0.011561550433558141,5225.0,0.018043912175648703,0.019904306220095695,0.015762807280915746,-0.6314362498898581,0,0
8162,2022.0,1092.2,0.06110035941387891,3.5014836795252227,23.144474576271186,3.462601198709083,0.450953428676201,598.9,1.0274088725628707,3.51,372.7,-17.4,123.6,64.9,0.1496081143384048,816.6,1090.8,0.061128379014787605,1001.0,0.03112876408645853,0.08971028971028966,0.001283461679501367,-0.00045837303982683306,0,0
8171,2022.0,3155.045,0.20435575616950735,6.253206451732193,26.151383496174315,10.354531076581576,0.6205246671443128,1405.152,0.9720314745663715,6.15,730.618,208.078,1366.43,1014.589,0.3959458235965352,2289.862,3702.881,0.26633652060350316,3121.469,0.21469680035790695,0.1862623014997105,-0.14794858381892365,-0.23271598012000375,0,0
8194,2022.0,20028.0,0.321571654353659,8.408008658008658,22.41553353069893,13.061297532438312,0.718927169646751,5156.0,0.7433943913113957,8.38,45762.0,1524.0,9739.0,7769.0,0.582689567239181,14284.0,18344.0,0.3148403306856865,14461.0,0.28913234458167536,0.26851531705967774,0.09180113388573921,0.02138011878374161,0,0
8209,2022.0,12869.0,0.05284477996685693,3.438818079148132,22.449573726541555,2.4574294937637564,0.19875625908576966,9921.0,0.7823339862260694,3.33,5081.0,-137.0,2117.0,746.0,0.10946441672780631,12924.0,12382.0,0.047134643331016614,11651.0,0.02000906559606294,0.06274139558836152,0.03933128735260862,0.1211452178759312,0,0
8216,2022.0,44915.0,0.07153591205714639,19.584975978298072,34.068972090614885,6.451665957394651,0.5365841218025554,18171.0,0.4122136602083618,19.62,33102.0,-5845.0,4490.0,7725.0,0.1893707253695487,87766.0,39211.0,0.0812106430621406,32218.0,0.0923217285523953,0.21705257930349495,0.14546938359133915,-0.11913131875573642,1,1
37274,2022.0,16312.525,0.1535885159713677,11.918361449264891,9.930895325153969,2.2428035181904025,0.16157932937036923,10327.146,1.8510996548287308,11.93,2815.022,-92.657,448.706,659.872,0.22584101883639882,5290.3369999999995,12317.38,0.0991679100126118,8167.933,0.03863389852827534,0.5080167773168559,0.32435022707751165,0.5487723392762325,1,1
8246,2022.0,647.684,-0.01676021996584611,-3.122131306284497,-3.4303489985965623,0.6308381398625131,0.28835170995571824,264.045,0.3386017266239574,-3.14,-675.232,-0.949,150.277,-128.969,-0.18389911350728572,924.7149999999999,371.033,-0.11769607037909069,397.038,-0.15684591388748356,-0.06549750905454892,0.7456237046300462,-0.8575974549374279,1,1
8249,2022.0,1358.236,0.040860896720527416,1.5078746097512854,28.238422296283183,-3.7353090409285272,0.48840729966682433,762.378,0.5019908441381261,1.52,-2104.438,177.825,335.585,129.923,-0.13227754021584198,2594.754,1490.205,0.04376589559353093,356.575,-0.1526964237991179,3.179218958143448,-0.08855761455638643,-0.06637585804214424,0,0
8260,2022.0,4496.7,0.07057722957522002,4.896849087893864,14.14991533459767,2.2758001437971154,0.3088630259623992,2856.4,0.7992921654708259,4.86,1593.4,-63.2,314.8,369.1,0.1608348947666565,4425.9,4132.9,0.0713829848956621,3513.2,0.05643049825452237,0.17639189343049066,0.08802535749715701,-0.011287778475778562,0,0
12146,2022.0,5214.906,0.02896579059557878,7.481987003726134,12.526084307995474,1.0796747306372487,0.20173605667739716,4088.854,0.17206983138430845,7.3,8859.683,-2.684,261.068,744.959,0.08619411334698475,29094.04,5122.183,0.025025456825385393,4738.555,0.025192955448239598,0.08095885771084216,0.018102242735177552,0.15745302064561628,0,0
8295,2022.0,4514.662,0.1246744233264473,3.8959755147044843,24.50477412901337,8.725338901185964,0.3631209743245755,2521.776,1.3485678475821998,3.82,1045.926,-74.28,405.612,409.88,0.3560668976277264,2027.4119999999998,3959.584,0.1395982480399436,3379.89,0.11555368165460314,0.17151268236540243,0.14018593872487625,-0.10690553014122436,1,1
8355,2022.0,230.569,0.054600534357774504,1.511488909549741,53.682166959578204,7.089016199405867,0.33180294595504467,136.953,1.1529967034574318,1.52,58.511,0.836,1.396,11.38,0.13205532862978092,162.19500000000002,204.959,0.06401818161361822,173.335,0.058970904356777376,0.18244439957308098,0.12495181963221905,-0.14710894652840864,1,1
8392,2022.0,1977.3,0.006888804832479397,2.184873949579832,13.82230769230769,2.4428626917848124,0.40910290237467023,895.8,0.18407217183307228,0.39,1029.6,74.0,302.4,182.0,0.17673334628083123,7727.1,1516.0,0.02209837419104166,1999.4,-0.016927532234710062,-0.2417725317595279,0.304287598944591,-0.6882664410999063,1,1
8440,2022.0,53282.0,0.08793894788300155,8.347945205479451,9.456219232031508,1.6257462054956835,0.16151195528848175,39907.0,1.3108044837368145,8.39,17330.0,1171.0,2634.0,3047.0,0.17192348925125542,31450.0,47594.0,0.08391858767798617,43185.0,0.0598154167634084,0.10209563505846937,0.11951086271378746,0.04790786304033589,1,1
8443,2022.0,44955.0,0.010941536268891595,-6.065266467167577,-7.21814948065173,2.8189392682441836,0.09292035398230089,22345.0,0.36133480014668135,-6.1,-317.0,6791.0,18443.0,-1964.0,-0.39053489759395504,47170.0,24634.0,-0.02880821415474881,15355.0,-0.11871095586753544,0.6042982741777922,0.8249167816838516,-1.3798061278674563,1,1
73033,2022.0,10106.0,0.061052631578947365,7.011892015907005,6.078245344239945,1.6795603541156525,0.39666979991943063,4493.0,0.44531483585481074,7.02,3941.0,520.0,877.0,1467.0,0.27632322471275195,15009.0,7447.0,0.08772349458829158,6559.0,0.03804075795495174,0.13538649184326879,0.3570565328320129,-0.3040332938686185,1,1
8478,2022.0,815.758,0.025769553504394294,1.5723634396971338,15.492601382726239,1.2566755668644798,0.17793352826277134,548.805,1.2020714193111592,1.57,291.365,2.986,78.253,29.073,0.08111456144903033,422.85600000000005,667.592,0.052349073047060685,606.509,-0.12071190858820405,0.10071243790281754,0.2219409459669979,-0.5077362022966859,1,1
8524,2022.0,24875.0,0.10692294763861938,10.210662417311323,24.673227818488428,11.36526128521997,0.5292606861126399,10264.0,0.3432349468713105,9.98,54135.0,-835.0,1025.0,6523.0,0.4606313113480686,61748.0,21804.0,0.10268398268398268,19533.0,0.08572390140709638,0.11626478267547227,0.14084571638231516,0.04128165702028153,1,1
27508,2022.0,1515.4,0.007874642047312717,0.4715260097438315,127.22521930994029,5.616599850093095,0.20934846423399822,1084.377,0.12728259840634346,0.49,-3489.341,4.247,28.418,150.016,0.044146906411771956,10609.848,1371.498,0.013922314347178062,1266.283,0.0066683040151457856,0.0830896410991857,0.10492322992815158,-0.4343869955135123,0,0
41140,2022.0,324162.0,0.08188681549012027,18.368756641870352,27.33663523286086,6.584639632107023,0.2421861145978574,217945.0,1.355272706709518,18.33,71750.0,4454.0,23907.0,17285.0,0.24087235228539577,139173.0,287597.0,0.08145387029584461,257141.0,0.07807328335588908,0.11844085540617794,0.12713971286209522,0.0053152194328296015,1,1
8593,2022.0,1691.753,0.011208891584466647,7.289091697466499,14.557369340940122,1.6338062563266509,0.9501652450133911,66.001,0.031021056983777665,7.31,2303.312,5716.998,10472.084,353.018,0.11223224595475839,-3378.5270000000073,1324.397,0.008268662262372403,1368.655,0.008648463222583868,-0.03233685625668999,0.2773760435881386,0.35558706218708813,1,1
98678,2022.0,100338.0,0.16236432146673416,14.821202713579394,14.461714352211018,13.078755209429596,0.16618869941513253,81119.0,1.401728982061811,14.75,12901.0,4345.0,10593.0,12890.0,0.9043710096120116,51289.0,97287.0,0.18572148980620992,84628.0,0.02151967696449173,0.14958406201257268,0.031360819020012955,-0.12576448941825566,0,0
8648,2022.0,67074.0,0.03271351596333971,2.5875924140147863,33.25871552795031,1.758795598620463,0.2607939367584022,47596.0,0.3989244380560581,2.6,48350.0,-979.0,7832.0,3864.0,0.05288224667433076,144821.0,64388.0,0.023939927139352186,56587.0,-0.021701726147527335,0.1378585187410536,0.04171584767347953,0.36648352239826154,0,0
39992,2022.0,2512.0,0.6115826260609086,3.8247422680412373,17.473072776280322,-2.8734530141843972,0.7171388759869949,609.0,0.2731193707979196,0.06,-3419.0,-442.0,626.0,371.0,-0.16445035460992907,7053.0,2153.0,0.047063300773817075,2724.0,-0.07126753507014028,-0.20961820851688692,0.1667440780306549,11.994894450776666,1,1
8667,2022.0,1437.039,0.07109709559984942,2.8375988720816308,35.26220741925976,4.461955744998269,0.367112378501504,873.552,0.7907588285945575,2.82,1456.085,0.97,25.74,118.745,0.12653648400245093,1594.234,1380.264,0.06802949080861397,1332.001,0.06288386199924176,0.03623345628118892,0.04113343534280405,0.04509227916853716,0,0
8672,2022.0,2569.824,0.04700395804457594,3.5265580448065172,16.466480705037135,1.0634634621940513,0.22081373796646803,1639.097,0.8133489538325321,3.5,1009.881,-115.573,81.648,86.577,0.06458353070360294,2227.3469999999998,2103.601,0.03347465245355898,1983.357,0.03732401222242908,0.06062650344844632,0.22163090814275138,0.4041656775910316,1,1
11013,2022.0,13399.37,0.050066665737871746,12.86259096392575,10.080395183493177,1.6414073190244978,0.1511375033153071,10731.419,0.965523006263469,11.99,6088.893,-1100.22,115.301,991.59,0.16283164391335878,12319.342,12642.117,0.07573122110646446,11145.897,0.07004240373457385,0.13423953226913896,0.059899224156840236,-0.3388900243997515,0,0
8707,2022.0,11612.475,0.008476044581146848,3.571846880488697,15.91893547021827,6.253938847509669,0.5703000547212258,5088.438,0.8875472485513641,3.12,-483.104,425.877,1277.052,1386.941,0.3928616243975464,11502.164,11841.84,0.10395138495817184,9238.83,0.029654510689195144,0.2817467146814045,-0.019369033866358586,-0.9184614559531125,0,0
8737,2022.0,4345.25,0.07052664664227905,9.19313909774436,27.248581505904003,3.843711671150459,0.28468417783426025,2504.732,1.0157592329419778,9.23,2131.18,-223.494,177.232,195.63,0.14106098221361116,2922.176,3501.575,0.05674959946322416,2895.355,0.04764150943396227,0.2093767430936793,0.24094157629066926,0.24276906461662212,1,1
81912,2022.0,646.137,0.14797422049437015,0.5140465520304819,55.38408902373454,3.295243700128877,0.43902639740637817,327.203,0.6488237728259709,0.53,-679.8,-9.811,224.653,26.038,0.05949802115038343,629.867,583.277,0.02896406578151141,454.163,-0.00934343209392649,0.2842900016073525,0.1077704075422139,4.108889808861929,0,0
8837,2022.0,1362.054,-0.021008374574639818,0.9179810561014793,45.600069545849685,1.5879988294158536,0.3029511843056808,1209.662,0.10050653898732048,0.53,-3096.854,199.982,1930.351,175.999,0.03482448262100043,14722.74,1735.405,0.010193038717319252,980.382,-0.018308979102347443,0.7701314385617035,-0.21513767679590637,-3.0610511896657426,0,0
8844,2022.0,7315.2,0.0404366824498054,5.05501130369254,41.064200954084676,4.208688464476699,0.3326789380785995,3705.1,0.4057854501337465,5.08,3595.8,-956.5,241.5,670.8,0.10249045072574484,13075.6,5552.2,0.04902576995600251,4856.826,0.05001152999874646,0.1431745753296494,0.3175317892006772,-0.17519536182512307,1,1
8846,2022.0,518.82,0.15503056678064447,5.1228390108687725,46.77679690726053,16.39412557016099,0.5429074243662788,223.111,1.1346015718160962,5.11,404.705,29.499,85.961,70.229,0.3504755916200058,310.74299999999994,488.109,0.16324618842732386,408.498,0.1674125916550159,0.19488712307036998,0.0629183235711697,-0.05032657562070385,0,0
8865,2022.0,608481.0,0.04802690822666398,4.952191235059761,28.23194690265487,4.636654655087504,0.2660177345156344,418342.0,2.327705627705628,4.9,78138.0,-4802.0,14760.0,13673.0,0.16423432188629838,174839.0,569962.0,0.05584007187780773,556933.0,0.053505798111653256,0.023394196429373012,0.06758169842901808,-0.13992037238492344,0,0
139184,2022.0,132703.0,0.04812258665838179,2.937458255043484,17.27684126671912,1.875303407489645,0.22283769404342346,102981.0,1.6301777695761825,2.31,33012.0,525.0,1270.0,2542.0,0.10854434433579573,68879.0,132509.0,0.0312726825367534,139537.0,0.005230917475394039,-0.05036656944036349,0.0014640514983887886,0.5388058444242971,0,0
8910,2022.0,3924.493,0.010190946360761536,71.7641663269466,8.776385656465242,0.7023270114463122,0.33630312111774924,2114.521,0.4290570700388188,70.65,8098.149,-264.211,982.506,352.075,0.0800246296069423,6316.034,3185.974,0.04741415590143458,2883.421,0.046610715910118984,0.10492848598938564,0.23180320994458828,-0.7850653213789851,1,1
8911,2022.0,210.092,-0.016483980079098324,0.18993519667056957,136.09905090332032,1.6934409590242678,0.19444187925660852,139.571,0.09235637214191517,-0.63,-381.585,225.93,234.22,16.384,0.012442709539739739,1605.789,173.26,0.008733503412057822,294.118,-0.006506715444900817,-0.41091670689995174,0.212582246334988,-2.8874418777165514,1,1
8915,2022.0,1710.207,0.020920679218319208,2.060673025818904,20.619476970692443,1.4098890726694215,0.31996419576687213,978.528,0.20995382998936468,2.11,774.592,7.972,22.168,147.334,0.06837656816772665,6698.3189999999995,1438.936,0.02149736860267104,1321.891,0.020225872866343638,0.08854360911754436,0.18852193565245445,-0.026826045317945562,1,1
8979,2022.0,2886.9,0.16199402786994027,8.919137466307276,52.58468117255969,14.901319688276098,0.4591043932758864,1531.6,0.8544872955519343,8.89,2297.1,147.1,762.6,661.8,0.2833775798578402,2319.0000000000005,2831.6,0.1997103023718993,2146.9,0.12391724532894265,0.3189249615724998,0.01952959457550508,-0.18885492663129622,0,0
9004,2022.0,18793.0,0.05712327202102136,2.6655844155844157,26.69958587088916,2.044618972110811,0.3327029901902848,11292.0,0.6475585489055564,2.69,7342.0,322.0,3370.0,821.0,0.07657867736218636,20430.0,16922.0,0.031417419256084496,16736.0,-0.009742031018626763,0.01111376673040153,0.11056612693535044,0.8182038300284167,0,0
9057,2022.0,10184.0,0.10841983852364476,3.488554143511115,11.804317291906406,2.8581643150366864,0.4484854426036663,5626.0,0.5778948561069567,3.48,1652.0,1504.0,1879.0,2607.0,0.24212872666480914,15492.0,10201.0,0.14768864717878993,7532.0,0.048862730672552264,0.35435475305363784,-0.0016665032839917656,-0.26588914859249047,0,0
9088,2022.0,2019.9,0.0055432786178634275,2.66058518558384,19.127371029404824,2.483444153697597,0.7093101633853883,605.486,0.6196064782795583,2.66,1413.014,6.368,100.727,148.309,0.1298371924651724,3183.53,2082.928,0.04411732771711889,1941.501,0.04301715480819478,0.07284415511503724,-0.030259327254710578,-0.8743514418324013,0,0
9094,2022.0,10965.0,0.0423058658352776,1.248559670781893,20.856031641397497,2.778240252897787,0.4749223675543427,5580.0,0.22320003360497354,1.25,-13270.0,1538.0,1680.0,1517.0,0.13321039690902706,44186.0,10627.0,0.031861715533899014,7719.0,0.004777538775048115,0.37673273740121777,0.03180577773595558,0.32779623213529163,0,0
36090,2022.0,8674.417,0.24188293585096,15.647481314773138,10.259798159875773,6.943841889861057,0.4642347454552157,4417.886,1.7826661074623509,15.17,1063.256,-349.999,850.338,1126.337,0.676801022949669,3162.7700000000004,8245.936,0.2434996822047639,6783.189,0.14603134149564598,0.21564296675206887,0.05196268804414681,-0.006639624081498183,0,0
9118,2022.0,4957.73,0.161643129331138,8.525269939206968,8.16631033345041,2.1778336769343287,0.18418517364506004,2961.283,1.7598686491153985,8.41,1172.505,141.988,434.563,281.871,0.2666851476380467,1447.9740000000002,3629.847,0.13666028788398146,2355.533,0.035853416583999535,0.540987538701432,0.3658234079838625,0.18280981135036,1,1
37109,2022.0,9597.4,0.03365725626371737,4.126048155721464,23.526143257779484,2.8057100987794596,0.33540163540163537,5526.8,0.21329366351616502,4.12,6771.9,14.9,16.3,1301.5,0.11925924568412564,37966.5,8316.0,0.0333816381753594,7241.7,0.0324375271753074,0.14834914453788478,0.15408850408850405,0.008256577670337913,1,1
9152,2022.0,2684.8,-0.07554057848918844,0.8362998000682692,34.44936851311954,3.7535366581956797,0.4548014410534598,1316.6,0.9336916176925456,0.82,1029.3,-185.7,161.7,68.6,0.10895806861499363,2202.6000000000004,2414.9,0.026523352922981747,1791.1,-0.06404978010667166,0.34827759477416126,0.11176446229657547,-3.8480780204728426,1,1
9164,2022.0,2382.79,0.045107168208875156,3.307111949406413,34.22926158284967,3.224653453321119,0.30304225783584876,1565.25,0.5489684194882234,3.3,2534.894,295.192,460.042,208.649,0.09420750855276436,3460.053,2245.832,0.051001905644677936,2495.665,0.06158706296357783,-0.10010678516547697,0.060983190194101825,-0.11557876830858961,0,0
59526,2022.0,8759.0,0.04325281396231188,9.204192906690304,4.854309384098544,1.338344637233714,0.34382674704175037,5878.0,1.1011677934849415,8.72,2557.0,-868.0,812.0,893.0,0.2757023772769373,6727.0,8958.0,0.10977258758451137,7548.0,0.04586113871929576,0.18680445151033387,-0.022214780084840367,-0.6059780049457927,0,0
9179,2022.0,4916.392,0.07026397196540705,7.841794129805705,5.947618520451466,1.5238495034955213,0.1550917655290631,4429.194,1.4389749941188952,7.6,1207.313,-605.826,34.485,379.386,0.256211708645337,2940.1,5242.219,0.10414043501784095,3171.429,0.2145693538417755,0.6529517135650837,-0.06215440446116429,-0.32529596257813126,0,0
9200,2022.0,7107.0,-0.027895694360218316,-2.8545616522579267,-7.931165186813187,0.8134986834986475,0.39300937766410915,4272.0,0.5322544052030553,-2.56,2643.0,-782.0,1873.0,-455.0,-0.10256988277727683,10281.0,7038.0,-0.03440974060349391,7022.0,0.013024896547045655,0.0022785531187695814,0.00980392156862745,-0.1893082054391938,0,0
9211,2022.0,5244.7,0.009564339928925547,-2.141104896477284,-5.8801416131989,-1.7648513067400275,0.04840095279003486,4873.9,2.1115600263852246,-2.15,-2659.6,-163.2,314.8,-109.1,0.3001375515818432,1932.3999999999999,5121.8,-0.04497856200527704,4513.7,-0.02447616433342483,0.13472317610829262,0.023995470342457657,-1.212642190023848,0,0
9229,2022.0,49936.0,0.12339059578821122,2.7792461663628765,25.895511117744984,14.161300286590421,0.3022046640511628,33877.951,1.705815000763489,2.74,4821.803,-4242.805,6226.765,3282.815,0.5468631309187152,17769.266,48549.982,0.11534247472494207,32136.962,0.0029360455163320166,0.5107209573823439,0.028548270110584105,0.06977586602386991,0,0
9245,2022.0,3337.0,0.01012898542632196,7.446001648804617,8.482404782993799,1.3636102805069057,1.073063973063973,-217.0,0.031866952789699574,6.8,5095.0,52.0,13011.0,1129.0,0.16075751103517016,-2600.0,2970.0,0.0121137339055794,2942.0,0.006615201462953644,0.009517335146159076,0.12356902356902356,-0.1638428328315264,1,1
135183,2022.0,489.723,0.1540671754113399,1.8142769482511758,75.63343630214206,12.289389943990805,0.8693442160458398,53.722,0.5047786593727404,1.82,-40.648,63.196,405.288,70.96,0.16248620378554385,407.9749999999999,411.172,0.0871146227590635,362.963,0.12428018278573165,0.13282070073258156,0.19104170517447683,0.7685569945868886,1,1
36685,2022.0,4592.826,0.017801720415815365,7.8934535258710605,8.921316856962047,1.691698606814455,0.24792173922860683,3597.255,0.1404735986776982,7.34,2761.926,-302.549,2766.422,824.858,0.1896243159993002,6340.395999999995,4783.086,0.024225107317344653,3817.839,0.018924492301118458,0.2528254858311208,-0.03977766655251447,-0.26515411541356854,0,0
6434,2022.0,12464.0,0.24156482465462273,5.488372093023256,6.140254237288136,1.7135593220338983,0.3664818664818665,5485.0,0.616008537886873,5.44,-3387.0,185.0,195.0,1416.0,0.27906976744186046,12889.0,8658.0,0.10074706510138741,6087.0,-0.42138364779874216,0.42237555446032526,0.4395934395934396,1.3977356006502277,1,1
46956,2022.0,5207.143,0.12164604399503283,11.385233252878566,13.690540767848642,3.6045316344504177,0.24566229279559965,3373.924,1.3602704180598244,11.39,930.294,11.075,62.896,287.739,0.26328628617179456,2943.015,4472.697,0.08750935952560966,2796.166,0.06894598027615816,0.5995820705923753,0.16420651790183863,0.3900918102301166,1,1
45307,2022.0,1942.884,0.14779333790526333,4.208926785762547,38.84838304935643,9.171636771844291,0.4951436818382175,887.651,0.752614551425504,4.12,2412.496,-162.353,50.992,311.469,0.2360879926506035,2266.6789999999996,1758.225,0.1333254286100757,1697.067,0.12216231262924783,0.03603746935153409,0.10502580727722567,0.10851575311638828,0,0
613,2022.0,1427.622,0.009291086039346514,2.350254113015006,9.611726610711294,0.8804695956685069,1.0139040278843297,-15.677,0.03211904266984403,2.2,2662.284,309.467,1025.515,350.994,0.09160368696788702,5612.307999999996,1127.515,0.009998617546426641,1419.447,0.009179323516253831,-0.205666009368437,0.26616674722730954,-0.0707629333550205,1,1
134803,2022.0,523.345,0.11641435118023234,2.6940426375112185,8.110487820706963,1.1972115282675924,0.7071445063825575,142.056,0.1979416309846522,2.7,609.626,-50.291,158.847,231.13,0.14761276445184718,2219.734,485.072,0.0943164090474871,433.283,0.07918433205671756,0.11952696043925098,0.07890168882145336,0.2342958384009214,0,0
7722,2022.0,25282.0,0.011274099287714653,4.850062282632107,12.072009922360248,1.2419525208473112,1.001954227645807,-45.0,0.04254481829720956,4.51,21394.0,1427.0,23755.0,6440.0,0.10287868622000702,100998.0,23027.0,0.0118985812235215,24433.0,0.008801558437477907,-0.05754512339868211,0.09792851869544447,-0.052483730965533146,0,0
45213,2022.0,183.674,0.04429352754206955,3.6313714446634746,4.322058549825514,1.105549174799651,0.148252066429059,112.32,0.8179709210003969,3.67,35.884,2.285,19.171,12.895,0.2557922716813457,137.15900000000002,131.87,0.07998585748312823,106.49,-0.030577369615695685,0.2383322377688047,0.3928414347463411,-0.44623300998663945,1,1
44684,2022.0,1413.847,0.03227361780554376,5.853386957388818,4.238571647596604,0.9948290414606693,0.18208174983427813,693.436,0.4088882158266303,5.57,107.371,-168.319,196.738,352.21,0.23470855848921818,1756.315,847.806,0.16986730277480633,964.272,-0.9330482603284241,-0.12078127333366519,0.6676539208262267,-0.8100068860907915,1,1
37946,2022.0,5468.329,-0.05708803551190743,6.243081893524371,6.713030633711708,1.1847061684814706,0.3897190242972925,3753.596,1.5661336308101361,5.43,3487.268,-505.834,53.722,177.778,0.17647858815541168,3286.035,6150.603,0.04526777368302984,6199.186,0.1558461599051039,-0.007836996663755473,-0.11092798543492408,-2.2611186914480137,0,0
76006,2022.0,65936.0,0.009344780809858408,8.483111926406718,11.571225377145138,1.7807351989436078,0.4138839351450402,35824.0,0.05144259094046156,8.16,86330.0,22071.0,247724.0,15034.0,0.15389339857305176,321754.0,61121.0,0.012653391014526907,52047.0,0.009854265133143704,0.1743424212730801,0.07877816135207212,-0.2614801202989777,0,0
46064,2022.0,6488.4,0.1338022725515962,13.452165375804515,14.617720977002174,4.994621565606748,0.5144357981725518,3725.2,0.6133104165001199,13.25,8057.1,-632.3,1624.2,3082.9,0.3416826448845689,10566.599999999999,7671.9,0.24645455272204014,6206.7,0.22260061919504642,0.23606747547005652,-0.1542642630899777,-0.4570914958811778,0,0
40896,2022.0,767.811,0.04107833924315419,1.6517855109430868,29.101841420412047,2.163904131111306,0.6357845051433848,255.562,0.09052678513141567,1.51,-762.809,-95.914,171.322,290.113,0.07435626151112014,7579.732,701.678,0.03742884516092908,691.571,0.029955966631421117,0.01461455150664208,0.09424978408899815,0.09750485398450702,0,0
46247,2022.0,198270.0,0.19936958666812848,8.148822981779492,33.24406489203701,14.345558075330308,0.7541049926229119,41332.0,0.5035906992351227,8.12,58877.0,648.0,130334.0,61271.0,0.4315223821731414,188282.0,168088.0,0.18356757015869782,143015.0,0.14696111326835065,0.175317274411775,0.17956070629670173,0.08608283312662203,1,1
46032,2022.0,49954.0,0.06327390165495893,2.5204502814258913,28.53458389161828,-30.81459807073955,0.8372997172478793,6905.0,0.38829977035051283,2.49,-33028.0,-8715.0,21902.0,6717.0,-1.0799035369774919,86078.0,42440.0,0.0614563986202732,40479.0,0.10484566041477572,0.048444872650016055,0.17704995287464656,0.02957386172131095,1,1
84923,2022.0,5304.4,0.021417782949959146,-0.26279373368146214,-35.541182314952806,2.500940329290034,0.6718503639387459,1519.3,0.3381611814715807,-0.22,-6077.5,-41.6,310.4,-201.3,-0.07036739259621771,12214.9,4629.9,-0.01470266006398177,4717.8,-0.06017765769212377,-0.01863156556021886,0.1456834920840623,-2.4567284325934957,1,1
47330,2022.0,6.027,-0.12183898220569588,1.3961997348652233,14.933393467527534,1.6634191656031643,0.4595387840670859,20.624,0.22910387723490347,0.69,-1165.288,9.013,96.151,15.798,0.11138922772109683,69.33900000000001,38.16,0.09484756427036178,29.385,0.1061419962485533,0.2986217457886675,-0.842059748427673,-2.284576816948039,0,0
47606,2022.0,1274.5,-9.858044164037856e-05,0.7818333552949445,88.59944325842696,2.410316506189821,0.25692672256653304,815.3,1.203994293865906,0.78,520.4,-24.2,143.0,17.8,0.027204646186764485,684.8,1097.2,0.01953253593767146,1024.4,0.05529356283895307,0.07106598984771569,0.16159314619030254,-1.0050469863183638,1,1
47472,2022.0,3289.978,0.07789348955768899,3.9375588995288036,12.103945925914488,2.3619083273699673,0.19092647233075816,2212.308,1.0501817980706782,3.84,1646.5,24.862,54.196,259.052,0.19513539979661784,2455.53,2734.372,0.09949330052889854,2372.178,0.07839749688873063,0.15268415776556396,0.2031932743606211,-0.21709814486389195,1,1
135295,2022.0,11137.0,0.11058460675732511,3.028012808779564,9.772085479363016,2.684705983928571,0.5539959016393443,4353.0,0.2748753766862872,2.86,,-2.0,13.0,3077.0,0.27473214285714287,33665.0,9760.0,0.0866589686540682,8505.0,-0.019772614928324272,0.1475602586713698,0.14108606557377049,0.27608957820355634,1,1
47741,2022.0,2066.2,0.06170866698533972,-1.7936153521211755,-26.120427629365455,1.0044875485681535,0.1669789671039949,1547.075,1.1376358655702679,-1.79,409.659,-68.746,22.325,-29.722,-0.03845601468786349,1498.749,1857.186,-0.018206476463035744,1744.014,0.03590742272904479,0.06489168091540551,0.11254338553058224,-4.389379988523624,1,1
47582,2022.0,3004.925,0.009839163601635864,2.221317983326717,17.692199088553302,0.8731738811755957,0.23361787453873997,2079.571,0.3807902304072708,2.22,2163.916,42.698,860.41,111.91,0.04935360928311798,5769.204000000001,2713.491,0.015704579335209762,2127.106,-0.0012362757421937498,0.27567267451645555,0.10740186718879856,-0.37348442186054615,0,0
47405,2022.0,10419.036,0.10468955498516769,6.9401250447480365,8.669872604894037,1.364949410994171,0.23057124091886197,6875.59,0.7744915213839667,6.72,4970.948,287.808,1679.923,833.627,0.157435924747461,9295.461,8935.967,0.07225150266297446,7223.129,0.04036099551651933,0.2371324117290444,0.16596625748506003,0.4489602447924757,1,1
6749,2022.0,2647.0,0.022277464384740413,2.7289707083021106,19.391926721311474,1.7479239453269302,0.32637729549248745,1614.0,0.2523699178428481,2.72,1466.0,-205.0,52.0,244.0,0.09013668267454747,9198.0,2396.0,0.025700442384664,2145.0,0.01709118976733929,0.11701631701631701,0.10475792988313856,-0.1331875128330923,0,0
47870,2022.0,333.018,0.09168489538908696,1.6467644481343109,11.683516742056101,2.541211689237348,0.6808327251679795,101.462,0.7068722455205662,1.65,180.899,-3.743,49.771,71.407,0.2175040054583889,388.24999999999994,317.896,0.15878031317124802,253.667,0.11396606137772941,0.2532020325860282,0.04756901628205437,-0.4225676120804548,0,0
47815,2022.0,5475.846,0.11066139926156233,9.630933165042416,34.713147134432184,74.23897352974467,0.6949504453140942,1444.093,0.638316502892808,9.33,2967.596,48.019,760.602,793.56,2.138641398379768,6606.445,4733.962,0.10700179765608946,4099.403,0.036460662001345824,0.15479302717981133,0.15671524190519465,0.03420130956336892,1,1
48086,2022.0,1979.5,0.13025014242063285,4.930227022523728,39.38358195534098,5.562444195363109,0.4489277028520893,997.0,0.9749946109075233,4.9,538.6,23.1,242.0,165.7,0.1412376406409819,1470.1999999999998,1809.2,0.08929726234102177,1508.6,0.06575768035899206,0.19925758981837474,0.09413000221092192,0.4586129407104787,0,0
35277,2022.0,10580.288,0.3048195071765932,358.7812590658544,16.46928274733387,6.783914247306635,0.2482045274603453,6743.652,1.5374240184421049,345.37,10047.839,-172.798,2636.984,1236.719,0.41191315683768,2809.5370000000007,8970.062,0.21196748636338317,7566.04,0.15600242403638756,0.18556893698685176,0.17951113381379089,0.4380484120759473,1,1
48067,2022.0,17606.0,0.17507822565801584,10.15157894736842,65.9848092077976,21.502922889774954,0.9064935064935065,1476.0,0.5794574354832789,10.1,23768.0,-634.0,5798.0,4822.0,0.3258768669324863,21131.0,15785.0,0.1770125913145626,12868.0,0.2166035249547027,0.22668635374572582,0.11536268609439342,-0.010927842150557891,1,1
4958,2022.0,2222.5,0.0318087244772014,4.463157894736842,6.441627358490567,0.9877938517179023,0.27847935899669046,1656.9,0.764142153600426,4.46,209.8,222.6,753.6,127.2,0.15334538878842677,2081.6,2296.4,0.042326633834686544,1849.7,0.01910497352299865,0.24149862139806458,-0.03218080473785059,-0.24849387736725123,0,0
48820,2022.0,4348.6,0.04807948194801739,4.143088319546491,15.751534837457548,3.3970505205880817,0.24609497032177455,3861.2,0.7460560241227113,4.15,141.8,-190.6,119.9,412.2,0.21566473081148957,6607.4,5121.6,0.06004457457501202,4644.4,0.04409004173195365,0.10274739471191129,-0.15092939706341768,-0.19927017073036257,0,0
48149,2022.0,112.846,0.013159836151959923,1.493172268907563,14.077411185367568,1.2796828137490006,0.4458381903265588,65.605,0.8408514627857918,1.44,61.394,0.123,52.719,11.372,0.09090327737809753,82.21900000000002,118.386,0.08077106106127435,159.0,0.2508915490441308,-0.255433962264151,-0.04679607386008474,-0.8370723873247543,0,0
45065,2022.0,3576.8,0.01190190526467342,3.663490533905979,6.507455056689342,0.5456181303116147,0.23897433409344523,3137.1,0.11385908895051429,3.43,3074.3,-260.2,1039.4,441.0,0.08384508622164763,,4122.2,0.01218083989791296,3821.1,0.008539922297459812,0.07879929863128417,-0.13230799087865694,-0.0228994581307429,0,0
47969,2022.0,17737.0,0.030166092358320715,2.0523076923076924,50.572338830584705,2.179616826053244,0.6867989646246765,5082.0,0.21280279085627352,2.01,14101.0,636.0,835.0,1334.0,0.04309899198759369,74821.0,16226.0,0.017495311413920182,14852.0,0.012838553183505541,0.09251279288984648,0.09312214963638604,0.7242386628407768,0,0
47489,2022.0,6903.776,0.12277128592754284,6.401491708323414,6.24698145715065,1.1684010597868837,0.22432745902569987,4440.671,0.9809819123572333,6.22,2360.245,-390.393,292.136,564.746,0.18703450103080835,5169.472999999999,5724.93,0.09677072227539867,4183.174,0.05530592882364824,0.3685612886291606,0.20591448279716948,0.26868212865198504,1,1
48912,2022.0,11994.8,0.021391749640676555,4.069842084991655,6.03708927444795,0.43584395956693883,0.12223905191497855,10547.0,0.171371278288997,4.04,12207.3,-122.0,2247.9,824.2,0.07219438702217863,65960.00000000001,12015.8,0.01175487338053158,13162.8,0.011228191397477974,-0.08713951438903578,-0.0017476988631635014,0.8198196567651311,0,0
15834,2022.0,934.662,-0.005656351799142843,-0.03859910581222057,-180.05598455598454,2.4465283424704247,0.15182421390458561,689.248,1.076153559902479,-0.08,-154.719,-0.024,0.227,-4.144,-0.01358759803792986,649.5060000000001,812.624,-0.005487876745254722,789.213,0.13237024324855068,0.029663728296416884,0.15017769595778616,0.030699496673972967,1,1
49288,2022.0,17468.377,0.08059081854786998,0.12721810929266733,221.66655483870963,2.6664531950890153,0.11819698624756705,13030.807,1.657928657536767,0.13,955.572,-98.285,450.121,31.0,0.012029118226830367,7090.331,14777.458,0.0034779857525996543,12091.901,0.012677374811977315,0.22209551666028365,0.18209620355544234,22.171693123708625,1,1
135137,2022.0,25729.0,0.06954612005856516,6.262623848167226,6.519631545801527,4.21243764488286,0.07666515117072062,16247.0,3.0259673258813415,5.35,,-72.0,25.0,524.0,0.6461159062885327,5216.0,17596.0,0.09011177987962167,10710.0,0.04025061704955383,0.6429505135387489,0.4622073198454194,-0.22822387759435808,1,1
49614,2022.0,11472.435,-0.004300413452088046,177.890478286385,6.936852449254701,1.192774639040039,0.2714641089586124,9352.605,0.26497080447662075,176.92,10662.078,-335.702,7266.616,2425.003,0.17194752919505896,40565.585,12837.535,0.050052833021932856,9739.496,0.019564347722973458,0.3180902790041703,-0.10633661368790819,-1.085917483436025,0,0
48515,2022.0,387.479,-0.0403275857416552,-0.3191108521000708,-27.231916253587265,1.645795791692179,0.5384510043907323,107.852,0.5068960281134081,-0.32,-130.53,-44.04,153.041,-22.998,-0.06043628279281955,279.925,233.674,-0.0498882839107139,171.721,-0.03283370592687779,0.3607770744405169,0.6582033088833159,-0.19164215362006995,1,1
12401,2022.0,3811.368,0.040740888093185684,4.9528291795914,18.052308439875606,2.438829242816796,0.11372494890712445,2985.741,1.3684043132662547,4.86,1431.007,-117.381,270.513,138.912,0.13509791564549636,1556.411,3368.865,0.0564248730550028,3390.394,0.05130427871194944,-0.0063499994395931555,0.1313507665044459,-0.27796225516588075,1,1
1250,2022.0,2491.123,0.012688506868199157,5.244238328391146,9.128112988466297,1.4584310627555988,0.993275202302548,14.145,0.03669767619249403,4.95,1627.659,-1243.064,3009.853,760.467,0.15977355501606735,4880.097000000004,2103.409,0.013267686750925455,2308.608,0.006870131037415249,-0.08888429737746731,0.1843264909487408,-0.043653418534764406,1,1
50201,2022.0,1468.083,0.03961702730464882,7.888212059201446,12.338664233356461,-2.500599463003221,0.3598896534839595,732.075,0.6534745565632862,7.4,1690.158,-163.352,73.568,165.755,-0.20266370943485737,1647.45,1143.67,0.09470972843840225,1021.506,0.047083284814953524,0.11959205330169388,0.2836596220937858,-0.5817005501138658,1,1
42573,2022.0,2063.163,0.03173176928697187,0.9377533171210377,38.48560100090992,2.9861254414493503,0.22160676323829678,1480.725,0.12467846181282816,0.22,-4123.921,37.763,211.741,505.54,0.07759071870486703,14818.14,1902.284,0.033133827328021025,1578.276,0.02597743015130129,0.20529235697685325,0.08457149405661821,-0.04231500415478549,0,0
6825,2022.0,49586.4,0.009560723514211887,5.733915126625599,17.902253126025844,3.381986390569239,0.09996539175484778,42910.5,0.6702510673772674,5.69,15380.4,125.6,6659.5,3350.9,0.18891400801682293,58644.600000000006,47676.5,0.04710799453975198,42638.1,0.08899768012568196,0.118166616242281,0.04005956813104992,-0.7970466879853251,0,0
6921,2022.0,1697.992,0.122383611897292,6.168252776612422,18.173703974168976,4.129703886815996,0.27837133080911936,850.977,0.2615718734015601,6.18,1277.936,26.587,146.938,279.354,0.22723512458911577,4318.513,1179.245,0.061964349327085895,983.626,0.039886149115713275,0.19887538556321196,0.4398975615754149,0.9750649079081929,1,1
52606,2022.0,3561.718,0.16525993119425447,2.5143246289686267,74.11533015784066,18.820522170633144,0.937968920877947,185.364,0.681267738473825,2.54,3012.977,160.508,1088.94,695.955,0.25393561805029785,2969.464,2988.244,0.15866565411979439,2682.891,0.14950041574016304,0.11381491085549135,0.19191003144321536,0.04156083502155628,1,1
52460,2022.0,12168.0,-0.11784615979730383,-8.36355633802817,-2.106759288495948,1.6482476943346511,-1.129454926624738,4063.0,0.03576784643071386,-8.46,4947.0,-715.0,9147.0,-9501.0,-0.7823616600790514,43400.0,1908.0,-0.17810812837432513,5595.0,-0.19099509264269587,-0.6589812332439678,5.377358490566038,-0.3383448533599226,1,1
51808,2022.0,119.0,-0.057777777777777775,-8.156756360436983,-1.9358185168539324,-2.7522020447284343,-2.5669291338582676,453.0,0.027044293015332198,-8.99,-358.0,-7.0,947.0,-445.0,1.4217252396166133,3744.0,127.0,-0.09476149914821125,256.0,-0.10050426012867328,-0.50390625,-0.06299212598425197,-0.39028214731585525,0,0
47824,2022.0,483.189,0.013891839086541376,0.07230695003412649,185.59764993083243,1.349378246158743,0.21050941896116715,366.416,0.12066909746669177,0.07,-1458.231,-18.777,28.3,12.289,0.007270448988236769,3667.745,464.117,0.003195104981649401,518.207,0.07833812722013196,-0.1043791380664483,0.04109308644156538,3.347850592179925,0,0
48028,2022.0,4032.853,0.0635021831698247,8.802292057085195,22.353268753633632,4.377780550348077,0.4053000007382816,1933.246,0.5092413400718528,8.85,2703.219,-87.741,180.362,488.492,0.19584520718637394,5898.496,3250.792,0.07652298907293348,2513.257,0.03984527361405362,0.29345785170398403,0.24057552744069757,-0.17015547956051152,1,1
49605,2022.0,110.085,0.013052364631149765,-0.1423189764421992,-181.9855696511344,1.0185598394246047,0.3261473411314466,43.667,0.021030167298255364,-0.2,-1200.343,-186.227,2800.998,-16.396,-0.0055969264012370856,277.68899999999985,64.802,-0.005320987361843692,87.506,0.13768740059633808,-0.2594564944118117,0.698790160797506,-3.452996736046972,1,1
49754,2022.0,91.816,0.03473351548869211,7.919187522669568,7.509608760969533,3.483637449166479,0.3868187844532831,52.725,0.14368861951241524,7.94,-33.326,16.762,22.504,109.166,0.46389067127868877,575.915,85.986,0.18242402062768728,79.716,0.03936567957263936,0.07865422248983907,0.06780173516618983,-0.8096000988840147,0,0
52520,2022.0,1045.472,-0.035072371421906064,2.1292343308480577,66.57792331553196,5.30141447732785,0.5783789399733831,426.105,0.5722679906252318,2.14,442.402,-6.509,20.847,62.542,0.07962721294569253,1686.9730000000002,1010.635,0.03541415512987701,862.459,0.0054330916786409335,0.17180642789976108,0.034470407219223544,-1.9903489520866022,0,0
76920,2022.0,3922.0,-0.12429674211696978,1.890524379024839,29.51033090024331,2.427691353082466,0.615220987946112,1628.0,0.4579499945881589,1.88,922.0,-99.0,339.0,411.0,0.08226581265012009,8638.0,4231.0,0.044485333910596385,3342.0,-0.008884607150503104,0.26600837821663675,-0.07303238005199716,-3.7941060837437566,0,0
52237,2022.0,14286.0,-0.006555850111055385,-1.7654897870846582,-28.088522722007724,4.1054894949209935,0.15278147458078253,9549.0,0.4062207164996756,-2.32,,1145.0,4436.0,-518.0,-0.14616252821670428,20894.0,11271.0,-0.018669357745260576,6171.0,-0.06615440028814984,0.8264462809917356,0.2675006654245409,-0.6488443683757862,1,1
136228,2022.0,8084.0,0.14164154103852597,4.31043603753063,56.613762012763864,25.384598991855604,0.7444130490624197,1990.0,0.5601438848920863,4.29,6422.0,-119.0,3485.0,2037.0,0.44838212634822805,9979.0,7786.0,0.14654676258992805,6687.0,0.12036152546109193,0.16434873635411992,0.0382738248137683,-0.03347205673268969,0,0
52546,2022.0,1377.27,0.2590375816381583,14.222431804991293,27.979040817783947,-98.88170611670965,0.7629058377438976,312.143,0.8397475149511154,13.65,2509.289,37.96,195.354,392.084,-3.534134953399074,1351.673,1316.536,0.25008929847121014,1294.562,0.14718286183882856,0.016974080808798777,0.046131666737559716,0.035780352144809145,0,0
130464,2022.0,394.702,0.04540775312154808,0.28431768758539727,25.077581562203875,3.031288372169132,0.7567008362557325,90.191,1.0878688101233134,0.29,-4.701,-0.259,10.013,14.774,0.1208764236156565,299.861,370.7,0.04335628217092482,325.057,0.0175989961773031,0.14041537330375894,0.0647477744807122,0.047316579003146134,0,0
135180,2022.0,369.594,-0.05492460050219456,-5.1068340306834035,-4.347116014856892,0.21668295684418876,0.6102346874079547,156.147,0.1588202319797087,-6.57,,4.028,19.572,-36.616,-0.04984522062527055,2492.392,400.618,-0.01451597685118745,383.473,0.07154683722848514,0.04470979703916568,-0.07744035465206257,2.783734368362648,0,0
53307,2022.0,743.355,0.06543458086188157,8.232721169036335,12.851157937659659,2.337035364936042,0.46235021306430774,404.125,1.1147345269892492,8.28,377.887,28.011,240.448,83.381,0.18185406920317118,377.095,751.651,0.12365802692325374,594.209,0.10115452377725603,0.2649606451602046,-0.011037037135585445,-0.4708424314218402,0,0
51615,2022.0,8151.0,0.0315884476534296,10.321046373365043,,,0.3207520296254095,4769.0,0.25869565217391305,,1802.0,9.0,44.0,868.0,0.09391906513741614,26261.0,7021.0,0.03198231392778187,6189.0,0.032127249104295444,0.13443205687510099,0.16094573422589376,-0.012315127518341707,1,1
53034,2022.0,22307.0,0.013018058183452585,3.092598363643086,27.193961229718187,3.438370937439264,0.5242156243419668,9038.0,0.028468236246197192,2.84,24883.0,22778.0,116924.0,5855.0,0.12643876735698706,-26261.0,18996.0,0.008774559024083205,12109.0,0.0060090089597802585,0.5687505161450161,0.17429985260054748,0.4836139511652273,1,1
53573,2022.0,5166.605,0.06717188929258772,3.7348536356787156,26.713228879147042,3.586386322096695,0.31180013695728837,2618.99,0.6731108253198481,3.73,976.966,-66.526,534.299,203.247,0.1342550665934776,4759.534,3805.566,0.035949384641807074,3144.097,0.03263617264348229,0.21038441244020128,0.35764430310760603,0.8685129095219799,1,1
3510,2022.0,1091.968,0.010655880567815579,1.716599165057013,9.90330203232703,1.0827557085834523,0.9547894664531262,45.082,0.03865489282651012,1.63,1309.794,-209.218,1638.614,275.497,0.10933279678323932,2584.285000000001,997.157,0.010679669308870177,972.266,0.00687234472984301,0.025601018651274524,0.09508131618190518,-0.0022274791818544457,0,0
52750,2022.0,6980.6,0.23895264476981928,1.6073957582129235,39.85328421621622,12.11764114785353,0.49172336921259713,3055.2,1.3982088857873924,1.61,2940.2,-9.5,236.2,925.0,0.3040562750640984,3829.7000000000003,6010.9,0.21516631774831357,5647.3,0.21668726511463668,0.0643847502346253,0.16132359546823283,0.11054856201670599,1,1
91929,2022.0,12623.0,0.12412078662682204,2.6553163077950255,32.93769549911994,8.314390034909552,0.3485652289841214,7085.2,0.7409731305864399,2.62,3992.4,-504.9,1241.4,1590.8,0.25242780069819104,12125.0,10876.3,0.10837693481578374,8598.9,0.09762072797774048,0.26484782937352447,0.16059689416437584,0.1452693955388135,1,1
52945,2022.0,8589.0,0.08568581229996743,8.177152317880795,13.441109536343388,5.422334395164584,0.2580322509819229,6082.8,1.624113475177305,8.06,79.9,-128.4,509.2,493.9,0.40341419586702604,3741.2000000000007,8198.2,0.09784460557074368,7025.0,0.026938934098905607,0.1670035587188613,0.047669000512307484,-0.12426636297271586,0,0
135230,2022.0,285.71,0.40059886836273795,-3.091536198559497,-5.2692250563297085,-2.618715658668638,-0.14521498453784104,416.249,0.6896625004980808,-2.87,-2492.645,28.755,429.389,-91.426,0.49698307259107866,79.50200000000001,363.468,-0.17347629989582997,312.69,-0.47353179819083563,0.16239086635325728,-0.21393355123422153,-3.309242637774104,0,0
91762,2022.0,24384.0,0.21950195858981533,8.724019474581716,20.84818821529745,1.9335491807155054,0.5233911583659765,8517.0,0.485452717937573,9.06,3960.0,2383.0,3942.0,2118.0,0.0927442308534396,30310.0,17870.0,0.057537149221700036,7024.0,-0.0104009568880337,1.544134396355353,0.36452154448796864,2.8149606221197794,1,1
55199,2022.0,4169.0,0.002698084360104326,1.802325581395349,17.488516129032256,0.5961557070595997,0.537117903930131,1908.0,0.39860748476936464,1.8,2849.0,-1092.0,199.0,155.0,0.034088409940620186,9782.0,4122.0,0.014988879218644231,4037.0,0.023654581138312158,0.021055239038890266,0.011402231926249394,-0.8199942556913623,0,0
66234,2022.0,19827.5,0.040940155962498906,7.134727689982648,13.641725967573223,2.0686822421382405,0.16796143676053354,17243.5,2.108516721097987,7.01,3245.2,-719.3,847.8,382.4,0.15164373240274417,5941.9,20724.4,0.03890567611838558,18001.0,0.0025514032717994894,0.15129159491139388,-0.043277489336241405,0.05229262275053733,0,0
60887,2022.0,13127.485,0.031541593767654814,2.5915857947483936,17.31758218884558,3.3549521541780156,0.4803165036869301,5030.609,0.23668335520992675,2.44,4315.972,101.422,5203.059,1176.072,0.19373097916284016,35432.96,9680.14,0.02875543813709812,5162.082,-0.027324450018186085,0.875239486703233,0.3561255312423169,0.09689143379673307,1,1
55932,2022.0,19698.0,0.07134886983135141,4.3640837827186125,38.24399537444934,9.748890454800675,0.386537281802465,11000.0,0.6162490978451387,4.32,12021.0,-454.0,198.0,1816.0,0.2549129702414374,27524.0,17931.0,0.06241193250163247,15218.0,0.05097972397341966,0.1782757261138126,0.0985444202777313,0.14319276733636133,0,0
71582,2022.0,2453.215,0.030462112842393994,1.485995228811199,13.02157612947389,1.0239722972518337,0.5155636093560326,1106.226,0.34295949394996994,0.79,131.209,-1525.541,100.48,122.712,0.07863658646775543,6473.903000000001,2283.532,0.018429890810196095,1857.478,0.05466163832220778,0.2293722994296568,0.07430725735395868,0.6528645316520937,0,0
53148,2022.0,3316.616,0.02992525283479115,2.820772424776748,25.734085941280853,2.586158080903092,0.466720177881323,1656.309,0.47690126139129235,2.5,1151.044,1098.846,1591.892,297.552,0.10049543188765662,4626.272,3105.891,0.04568831428066916,2380.071,-0.012804711011910106,0.30495728908927516,0.06784687550207007,-0.34501297966573047,0,0
58721,2022.0,2280.937,0.09065528284570082,2.5892757090721865,4.630638582824527,1.1408591489631483,0.2902595584096537,1279.843,0.7669404805650826,2.59,280.134,-15.488,345.61,170.988,0.2463718833930815,1947.1709999999998,1803.255,0.07272272578801241,1423.14,-0.008094870853110617,0.26709599898815295,0.2648998616390914,0.2465880763320399,1,1
54841,2022.0,305.504,0.1321515299625089,3.89064453676441,12.553189976233856,2.9868579152750576,1.0,0.0,0.25639563384826863,3.88,,0.0,0.0,385.843,0.23793616769362072,1623.764,416.326,0.2376225855481462,308.404,0.17395657498943048,0.34993709549811297,-0.26619043730153774,-0.44385955713063796,0,0
56099,2022.0,6292.203,0.17189442804275257,19.74890870624782,6.180594675663509,1.4971288031851384,0.2809822852782663,3696.698,1.0694293726116908,19.61,2629.175,-127.286,618.335,737.444,0.2422305428117103,3973.1890000000003,5141.317,0.153393434844857,4501.217,0.10958369194891417,0.14220598562566533,0.22385042587337067,0.12061137568636861,1,1
91888,2022.0,3724.593,0.5470016127520849,21.93029299032027,4.164103053265516,2.0555032126176767,0.28450817511623416,1579.836,1.0429263730658052,22.04,726.636,132.85,340.758,337.573,0.4936244819891616,1644.416,2208.042,0.1594461448355344,1467.592,-0.20007001565192353,0.5045339576667083,0.6868306852858778,2.430635549804647,1,1
56649,2022.0,377.376,0.06144047529139289,0.5672131147540984,15.003179190751442,0.7001333732953693,0.17065658914476578,255.009,1.6520685579196217,0.55,90.617,2.015,6.146,4.671,0.04666566761576502,157.27900000000002,307.483,0.02509671179883946,222.356,0.04933296275708726,0.38284102970012057,0.2273068755020602,1.4481484181618591,1,1
966,2022.0,11021.4,0.040786094981737,5.783936056476658,14.244624974327376,2.189232302486799,0.13511704678883063,7987.585,0.2878306064367305,5.53,8733.18,-803.523,2748.449,1022.49,0.15368830744455406,28769.349000000002,9235.452,0.031866758310853935,8044.672,0.01855041122402826,0.14802095100956258,0.19337959852966594,0.27989469728538735,1,1
1705,2022.0,6557.0,-0.016343825665859565,18.378041172800998,6.199246096401901,1.393588630293781,0.39003115264797505,5874.0,0.30681492337592,18.29,13273.0,239.0,1836.0,2946.0,0.22479969477298742,,9630.0,0.09386051550004779,7536.0,0.044150751579406,0.2778662420382166,-0.31910695742471445,-1.1741288717496043,0,0
6261,2022.0,8083.5,0.027282049651422526,4.9885227886047225,4.92731035651437,1.0967289908895723,0.21468714874484826,7336.0,0.3739322226580951,5.08,5292.0,39.4,1958.2,1534.3,0.22258167469390125,,9341.5,0.06141671136587436,7165.9,0.024483677548301132,0.3036045716518512,-0.13466787989080983,-0.5557878459350144,0,0
133890,2022.0,782.358,0.09450954964164561,4.157120743034056,20.444438652020104,2.8952577971961264,0.31397274700025535,429.947,0.6017665466116545,4.37,344.591,-0.094,21.568,91.307,0.14161591063837048,966.1870000000001,626.72,0.08767152487788858,395.521,0.11005933301507195,0.5845429193393018,0.24833737554250687,0.07799596018526227,1,1
98163,2022.0,19169.0,0.25357278360945995,4.242835595776772,10.382207607536436,3.153222846037573,0.47820743896444373,6369.0,0.5805469678953626,4.2,1560.0,34.0,2271.0,2813.0,0.3037141006262146,16798.0,12206.0,0.13379310344827586,4828.0,-0.27037933817594834,1.528169014084507,0.5704571522202195,0.8952604960500873,1,1
57224,2022.0,770.743,0.09212512998608322,3.902823615694903,42.21302734191487,5.30985241324292,0.2908590917578913,402.541,0.8908652903003053,3.91,510.197,5.704,146.711,42.572,0.1257870555038485,445.2649999999999,567.646,0.06681262113828795,474.692,0.06770769430315184,0.19581960513343377,0.3577881285167166,0.37885819200841914,1,1
55442,2022.0,14876.8,0.06346284563212289,25.534908700322237,12.30511546712657,2.847445928319738,0.37218145388905083,10121.0,0.7908061651966602,24.6,10264.9,151.9,1483.6,2377.3,0.23140343021784418,18280.500000000004,16120.9,0.11661777546675561,13995.5,0.07752706547028901,0.1518630988532028,-0.0771731106824061,-0.4558046971988904,0,0
135226,2022.0,6215.818,-0.02719431467841514,0.11692654323690632,2163.837166445375,14.014826874133696,0.7884534476739502,1087.095,0.4894790258232006,0.12,-2736.876,152.824,3650.633,29.373,0.0064768398895543675,6792.385,5138.798,0.002797826928691276,4317.996,-0.03239477927801293,0.1900886429723417,0.20958597710982227,-10.71979874792887,1,1
57493,2022.0,3230.964,0.1968434844903606,5.949894901500708,7.941316742936484,1.5542016745919107,0.712119137616563,588.725,0.36863972854093097,7.51,-2147.204,-10.354,9.882,365.151,0.19571082792715921,5091.642,2045.03,0.06582258720725342,1033.147,-0.5807237349376603,0.9794182241249311,0.579910319164022,1.9905157612624063,1,1
57312,2022.0,220.209,0.04318142001881384,0.8181633966672228,16.353701539940854,1.4308188605218244,0.273950848573283,157.732,0.11421555045820916,0.76,-444.113,-197.451,14.033,68.639,0.0874920492481361,1841.012,217.247,0.036086303460581816,193.516,-0.005247584664929951,0.12263068686826942,0.013634250415425708,0.19661522178303015,0,0
11570,2022.0,171189.0,0.18903938867206715,2.272749489242319,33.04807694623656,1.667645771025502,0.0494867629140051,102971.0,1.8714068546158098,2.27,27273.0,809.0,4122.0,930.0,0.050461204557786216,41271.0,108332.0,0.016065505804311774,60115.0,-0.027446208521651794,0.8020793479164934,0.5802256027766496,10.7667872381168,1,1
58989,2022.0,3164.0,0.10647870970082912,5.898024804777217,40.06765109034267,6.423745995504976,0.48433883101851855,1425.7,0.5622712112584398,5.91,3056.9,-170.5,900.7,449.4,0.16032250008918697,3837.7,2764.8,0.09139347596192955,2351.646,0.08557859984532433,0.1756871569955682,0.144386574074074,0.1650581026722674,1,1
60464,2022.0,1105.599,0.11855081368569444,3.604415351046079,124.91901075421978,11.222139310326295,0.743472834446077,238.835,0.4114227535034913,3.62,1028.17,52.466,231.554,140.41,0.0898353200411268,2002.0189999999998,931.032,0.06204713567248516,738.691,0.11308800748080602,0.26038086290478696,0.18749838888459247,0.9106573156166798,1,1
6718,2022.0,3573.4,0.04807671664221562,2.0782736746715003,33.816528042731775,4.730599250445508,0.29230962332675053,2159.445,0.3115119959352528,2.08,3991.272,198.341,1483.147,587.104,0.1398901520720209,6677.316999999999,3051.398,0.059936441874042866,2613.375,0.05358650852529618,0.1676081695126035,0.17106978506245332,-0.1978716930970076,1,1
135220,2022.0,337.606,-0.09206767155499544,-0.7080127603677989,-197.94840975351178,9.554540860710263,0.6618382672002314,112.221,0.5046894128918934,-0.72,99.872,-70.231,171.053,-26.411,-0.04826783338450517,455.322,331.856,-0.040166072284026196,222.99,-0.10428760814959531,0.48821023364276417,0.017326792343667134,1.2921751199359914,0,0
56654,2022.0,7842.1,0.056899885203310976,15.428857715430862,5.582396415118846,2.7480095907928384,0.42076411960132887,4533.1,1.1902480570637708,14.01,2526.9,245.8,1422.5,769.9,0.4922634271099744,4252.8,7826.0,0.11709327614789128,5226.9,-0.002459984786936186,0.49725458684880147,0.002057245080500941,-0.5140635989085726,0,0
113786,2022.0,160.268,-0.36841739211072344,-1.1425587871287128,-3.929775912260511,-1.8169835742289906,-0.3129177486516801,170.892,0.7079061723292127,-1.22,-866.892,-25.431,95.599,-59.084,0.4623631511812626,82.87599999999999,130.162,-0.32133747396244067,46.924,-0.5458827387717482,1.7738896939732334,0.23129638450546236,0.14651238017071636,1,1
137724,2022.0,1399.515,0.047170997485331094,2.471969006381039,4.433712547248088,1.5307837501472141,0.34296036311677,989.549,1.7917035954893101,2.47,222.879,-8.507,57.018,108.47,0.3452600352039826,708.395,1506.072,0.12904169853946257,1451.767,0.13828315814641853,0.03740614024151247,-0.07075159753318552,-0.6344515143614169,0,0
136081,2022.0,58054.0,0.08527070350491697,6.52703272790609,20.744495338762782,15.539522663551404,0.8450095200811432,8710.0,0.3835213507223826,6.48,228.0,1297.0,9830.0,11542.0,0.7490913811007269,133817.0,56197.0,0.07876939035958752,45784.0,0.030657855411284164,0.22743753276253714,0.033044468565937686,0.08253603481822727,0,0
136406,2022.0,86.16,-0.3243254042247143,-3.9033501334123923,-14.554164514658972,2.878410881533389,-1.094412510043884,203.313,0.22123060864967603,-3.92,48.194,-29.925,244.002,-78.996,-0.19777231998678113,185.24899999999997,97.074,-0.1800310398344542,122.473,-0.07439954580237466,-0.20738448474357615,-0.11242969281166947,0.8014971447309562,0,0
136566,2022.0,5922.0,0.0034540676726356567,19.729393641307375,3.360975061147695,0.8657982527565734,0.723963599595551,1092.0,0.02309911130314956,17.81,790.0,-520.0,3373.0,2126.0,0.2576032957712347,166706.0,3956.0,0.01241372867302729,7649.0,-0.001141160438294242,-0.48280821022355863,0.4969666329625885,-0.7217542155451891,1,1
59036,2022.0,1897.617,0.08561332890173579,5.766396918510143,14.704156026412955,2.999577351659596,0.5506169097257306,800.558,0.8389658095507205,5.7,21.39,-72.35,380.415,326.355,0.20399520695179513,1627.5680000000002,1781.46,0.15369454648205708,1369.23,0.11872737780875706,0.3010670230713613,0.06520326024721292,-0.4429644326272134,0,0
59709,2022.0,822.447,-0.005021482371457078,0.44811272622702947,59.047642370670914,3.2144444845127307,0.5059327451489968,260.452,0.5309130864341761,0.45,560.142,-31.129,381.051,48.307,0.05443815121921535,577.2639999999999,527.159,0.04865101130090873,468.459,0.06616227917651968,0.12530445567274828,0.5601497840310039,-1.103214347187954,1,1
52965,2022.0,25510.0,0.18754683232215805,7.969039665792419,11.146888925814752,2.3439625766456267,0.8035858940433116,3637.0,0.4842818286431635,8.03,15907.0,1880.0,5209.0,4664.0,0.2102795311091073,30785.0,18517.0,0.12197928653624857,11017.977,-0.01688531594026142,0.6806170497542333,0.37765296754333855,0.5375301630939183,1,1
136231,2022.0,8387.307,0.26466727192044226,18.11512547354504,3.9304171590740036,2.070329634582983,0.20514915826942115,6300.076,3.0809250419802225,18.07,947.832,343.525,748.907,712.486,0.5267455210964802,1487.2499999999995,7926.111,0.2769474158840724,5474.838,0.08901531145362662,0.4477343439203133,0.05818692168202046,-0.044341067146011916,0,0
60403,2022.0,660.356,0.22396280015474898,0.6989412630520478,110.25246908946853,25.691908423279965,0.6475014893456,181.652,0.7093341445352611,0.7,-291.427,-50.762,131.57,95.922,0.23302796423027308,560.327,515.327,0.13203412553992186,408.12,0.06968725140317057,0.26268499460942857,0.28143101370586054,0.6962493540128878,1,1
136491,2022.0,8224.917,0.12428689684612554,5.442044092781981,6.42405673382341,1.0849404295066576,0.20634932907982856,5953.384,0.8594702866491662,5.26,1689.504,302.231,836.34,663.026,0.16888711828996142,7638.089,7501.265,0.07596733967882084,6129.32,0.03146021676157713,0.2238331495174017,0.09647066194835126,0.6360569867471066,0,0
641,2022.0,187.851,0.004154588845541921,0.21006918887089648,11.66282410651717,0.3535240138496506,0.03854595748519202,191.862,0.4960500738280726,0.19,68.952,5.434,26.487,4.281,0.030312041973787625,354.712,199.554,0.01064168278289575,195.348,0.030033046469901552,0.021530806560599487,-0.05864578008959982,-0.6095928688816451,0,0
36184,2022.0,280.575,0.009946233991316554,2.8828029154939747,9.771739805241944,1.398561102363051,1.0262621170107935,-6.876,0.035290316641301916,2.85,34.055,224.84,328.907,79.894,0.14312303952391445,451.0239999999996,261.822,0.01076870758660531,257.616,0.005652063216127541,0.016326625675423954,0.07162499713545839,-0.07637625858759436,0,0
60162,2022.0,388.225,0.022699512235110873,0.3025509310606503,69.47590584603512,1.5241509617643385,0.6076297985950906,121.098,0.4981703901822508,0.32,157.946,98.303,152.432,10.366,0.021937835040855672,444.5129999999999,308.632,0.016732011796019894,279.271,0.015909374633522606,0.10513443930805558,0.25788965499364946,0.3566516992601267,1,1
62773,2022.0,7426.0,0.05958837952299576,2.817343983774384,44.90399494296578,4.64645928,0.7698469460735231,1609.0,0.5065942028985507,2.78,7622.0,-2528.0,3062.0,789.0,0.10347540983606557,10637.0,6991.0,0.05717391304347826,5629.0,0.06298916315472607,0.24196127198436668,0.062222857960234586,0.04223021218927945,0,0
22981,2022.0,702.454,0.011877061448247375,3.520806266008389,21.154245469018527,1.910139027526089,0.9934207100078118,4.169,0.040742556079003095,3.51,1016.021,229.259,1875.064,189.694,0.09029577681338648,766.4249999999995,633.655,0.012196887001365748,617.276,0.011820751478670663,0.026534321762064328,0.1085748554023877,-0.026221900152273346,0,0
132353,2022.0,212.018,-0.4140472951374176,-2.881870989422477,-10.77078054983314,6.42053490096388,0.9701789089630314,6.784,0.2929182767149992,-3.01,-766.528,80.981,552.882,-180.091,-0.5961067418705646,208.60700000000008,227.49,-0.2318868757830275,198.321,-0.2789267728940684,0.14707973437003652,-0.06801178073761488,0.7855572625198265,0,0
9261,2022.0,229.817,0.01267073977351435,2.9708091256908036,8.034848080133555,1.2681858493691092,0.9702547002417068,6.387,0.04563971654119038,2.91,75.083,-9.232,109.473,62.895,0.1578356972927395,478.1769999999996,214.723,0.01336843268703478,220.574,0.013356761741697755,-0.02652624516035434,0.07029521755936716,-0.05218958196925198,0,0
91770,2022.0,642.621,0.016930718480299995,2.944455637037634,9.020343069838729,1.2330541359572,0.9279830104985529,42.05,0.058980456012897337,2.85,522.786,-131.927,2023.65,146.151,0.13669703318493023,-727.0480000000011,583.89,0.014763144816217027,590.426,0.007564310685180384,-0.011069973205787106,0.10058572676360272,0.14682330161131596,0,0
140628,2022.0,558.397,0.007720782242933653,49.692244224422446,4.315361548807013,0.30700736428171777,0.29154304561025424,583.833,0.057507336434990494,49.69,2497.939,133.565,2050.816,180.681,0.07114290675519189,12201.837,824.091,0.012608417097639118,690.542,0.006301904593511725,0.193397360334346,-0.32240856895658365,-0.38764856974954115,0,0
18341,2022.0,1763.308,0.009158599597993061,1.673548885056501,10.827290533188249,0.9976648745127021,0.9842449241852197,13.437,0.034877042871951106,1.68,965.635,232.307,822.019,277.538,0.09214353964684142,5062.3499999999985,852.868,0.011349593049095013,902.582,0.009860752030149706,-0.05507976006612135,1.0675039982740586,-0.19304599218882615,1,1
60568,2022.0,108.782,-0.6388822018937571,-0.6321581405058064,-11.73756932729374,5.021956165191377,-1.7615666513971602,192.912,0.13286544368681824,-0.68,-1471.143,184.894,478.75,-139.303,-0.42785316321954875,28.58099999999996,69.856,-0.2649529732865444,132.299,-0.12496620403749098,-0.47198391522233735,0.557232020155749,1.4113041418969525,1,1
9813,2022.0,3535.059,0.020818419403123106,6.710039213079888,12.211553077107844,1.7720735711321163,0.1364660583302647,2816.384,0.3117619467166359,6.55,2718.571,29.832,994.889,403.837,0.14511451245739582,,3261.463,0.03860261768298646,2895.77,0.025429109448030757,0.1262852367418684,0.08388750692557297,-0.4606992827769159,0,0
50744,2022.0,7401.0,0.007894500762537006,31.201062163818342,21.737721505728313,3.1648326862589355,0.9613406338145014,233.0,0.02849941837921675,31.74,7433.0,-3056.0,14619.0,1833.0,0.14559173947577442,7656.0,6027.0,0.008667568257691107,4081.758,0.010461063680277672,0.47656965454590894,0.22797411647585863,-0.08919081709776262,1,1
27217,2022.0,733.382,0.011377263122401837,2.8185586000460514,12.172888652887835,1.2240123840128276,0.866619345185167,87.001,0.033193737750357825,2.39,1598.396,387.832,2090.809,183.615,0.10055233551507504,2017.6530000000012,652.276,0.009344001859691224,690.46,0.009228343750191216,-0.05530226225994277,0.12434306949818788,0.21760069114303487,1,1
49640,2022.0,2722.972,0.009039076990345948,4.513644793782566,12.371376692494328,1.5359150368871475,1.010065423276913,-12.745,0.036265051617759725,4.43,2310.708,198.466,461.57,408.864,0.12415069681121116,4607.000000000004,1266.216,0.011710066895887994,1287.326,0.006769448575651513,-0.01639833266787133,1.1504798549378625,-0.22809347967772653,1,1
37899,2022.0,446.585,0.00876906693873962,2.1264016135648847,16.643140117199746,1.5796137132115087,1.0033861921114682,-1.202,0.036665130048413284,2.2,351.604,333.641,737.729,124.403,0.09491079820802968,876.1150000000009,354.971,0.01284964736108797,348.605,0.009321547105434508,0.018261355975961287,0.25808868893515235,-0.31756361148909,1,1
14429,2022.0,774.647,0.01279820947866875,2.1790990876164376,11.188109865470853,1.0161184395172607,0.9801778767509314,12.978,0.040095373051160496,2.16,837.04,-11.023,434.842,205.16,0.09082127827983189,3022.345,654.723,0.012564041182570474,714.086,0.009754504031582031,-0.08313144355161711,0.1831675380275324,0.01863797584674643,1,1
6452,2022.0,1155.251,0.012873346269063642,2.6961647591885214,13.456150955299698,1.048681532004642,0.9735251940675116,28.413,0.03659219837142216,2.84,1385.889,1549.102,3758.17,367.738,0.07793324669798087,2220.468999999999,1073.209,0.01253841688311414,1149.179,0.011038048945994132,-0.06610806497508223,0.0764455012956469,0.026712254750483062,0,0
136455,2022.0,786.778,0.05340576217534463,3.0587128584403787,45.156249178102534,3.407897426046869,0.515535456045371,342.374,0.7346651516773863,3.34,172.812,-16.929,47.98,47.147,0.0754690101165322,858.009,706.706,0.04901225956215701,659.296,0.023852242744063328,0.07191003737319802,0.11330312746743341,0.08964089092068504,1,1
136393,2022.0,219.164,-0.07300247038218266,-0.8246762250755706,-40.62200289202004,9.77976084457326,0.5685440306030138,83.463,0.5317490860111602,-0.84,-257.015,-34.708,165.467,-29.737,-0.2407503359834194,193.521,193.445,-0.08174221391462107,161.056,-0.04266133816229042,0.2011039638386647,0.13295251880379433,-0.10691836095321547,1,1
137131,2022.0,154.08,-0.18912822632023005,-0.3658982503804631,-3.8535303148727107,1.9557404036182555,0.07355793583138744,74.989,0.29300315290693674,-0.51,-412.113,-4.832,51.089,-71.648,-0.5075191431789364,212.735,80.943,-0.25935645947736313,42.22,-0.36475131577046604,0.9171719564187589,0.9035617656869651,-0.2707788088203088,1,1
136575,2022.0,79571.0,0.01225524988407196,2.4207221500879754,47.91132265873016,2.096666373187462,0.5684864824384034,34572.0,0.38786229866917116,2.42,-4177.0,-3760.0,6631.0,3024.0,0.04376139619692628,193330.0,80118.0,0.014639601477515335,68397.0,0.015307600843316914,0.17136716522654502,-0.006827429541426396,-0.16286997956231603,0,0
136598,2022.0,14410.0,0.04305955716935707,5.068205666316894,55.66861697722567,8.900344918901025,0.334510595358224,9233.0,0.5619506662886306,5.05,1837.0,-448.0,1477.0,966.0,0.15988083416087387,22591.0,13874.0,0.03912673660334562,11359.0,0.011358085002442599,0.22141033541685007,0.03863341502090241,0.10051491403132161,0,0
136871,2022.0,6404.223,0.08505917834274584,2.1973558687474126,13.507143026822904,3.43571828027787,0.3624756531656663,3888.815,2.0867701065472963,2.12,255.064,75.563,247.004,244.157,0.2543630635623768,2530.21,6099.869,0.08352630669679435,6468.759,0.10242645036138774,-0.0570263940888817,0.04989516987987779,0.01835196247232516,0,0
136733,2022.0,3.597,-0.48040554908794697,-11.52187302256908,-0.8670465279760988,1.898163258762895,-148.95166575641727,549.123,0.006167111545230256,-8.16,-3722.836,-167.036,301.785,-819.378,-2.1892288331903913,266.1269999999999,3.662,-1.3799004707011682,250.734,-0.3473371538670553,-0.9853948806304689,-0.017749863462588736,-0.6518549277370427,0,0
136768,2022.0,127.262,-0.45143628399714786,-2.5203700059043497,-16.755476339215992,10.912713859472655,0.5338387841610092,67.633,0.30258758949781117,-2.54,-650.071,-304.78,348.889,-115.254,-0.6512923678529855,116.30899999999997,145.085,-0.24037240266037654,117.316,-0.20227675741232462,0.23670258106311165,-0.12284522865906197,0.8780703566664623,0,0
137174,2022.0,9228.1,-0.11012887877180072,-2.261361803223394,-4.8820140077821,-14.421581609195401,0.33222308919608234,5734.0,0.64758852143746,-2.55,-2421.7,-161.6,360.3,-462.6,2.954022988505747,11738.5,8586.7,-0.03488819337079076,8435.9,-0.04223381061811325,0.017875982408516115,0.07469691499644794,2.1566231475890434,0,0
136735,2022.0,10385.0,0.03617676093142094,0.558524952525379,46.13938890909091,1.8543415345268541,0.48375721307971786,4831.0,0.557987001371415,0.56,-3852.0,719.0,2236.0,330.0,0.0401899890390939,14214.0,9358.0,0.01967682308747242,9008.0,-0.08898394222004068,0.03885435168738899,0.10974567215216927,0.8385468411541233,0,0
2918,2022.0,1608.507,0.01004251572327044,1.2686112757224872,9.56163659596344,0.7671341046995837,0.9259524735063054,98.863,0.03378961354490927,1.24,1048.0,2110.0,3493.0,404.602,0.08023041840174498,4294.0,1335.129,0.010239718573633993,1436.655,0.007656636504791989,-0.07066832329264859,0.20475774251027443,-0.019258620141311848,1,1
136824,2022.0,631.204,0.01809902559409838,0.7989545887820774,101.52016289642157,2.812555633591803,0.4246547172064267,260.193,0.06669031058822489,0.8,-200.994,-133.525,43.998,128.241,0.027704404261657677,6676.383000000001,452.238,0.0189113522528946,330.135,0.015431289629489897,0.3698577854514063,0.3957341046086352,-0.04295444598214203,1,1
136846,2022.0,14.24,-0.1871297583469361,29.534269518165416,1.1129444044581125,1.3823476305656068,,0.0,0.0,-5.9,-239.958,75.69,1020.018,1604.715,1.2420635074208093,401.01800000000003,0.0,1.116140237150631,203.196,-0.3838082330541461,-1.0,inf,-1.1676579269506986,1,1
73259,2022.0,316.385,-0.06301383920524888,-2.531372549019608,-18.203563129357086,2.3227002905148404,0.5779694266572899,91.216,0.28011477479205493,-3.4,-50.82,92.434,100.3,-42.603,-0.12759591482224686,648.331,216.136,-0.055213984484148486,208.475,-0.04889091263904247,0.03674781148818804,0.46382370359403335,0.14126592735468435,1,1
141771,2022.0,34057.0,0.02074688796680498,0.7354260089686099,47.36030487804878,2.0795421686746987,0.15786617831586802,24832.0,2.3550035939621434,0.55,763.0,-680.0,148.0,164.0,0.04390896921017403,10528.0,29487.0,0.013097995367782125,22885.0,-0.0181920631087499,0.28848590779986893,0.15498355207379524,0.5839742940997875,1,1
136924,2022.0,1602.491,0.12684510509560437,3.8893162393162397,43.73519393473244,8.013372375240749,0.3444095133111225,851.654,0.8570555818355392,3.9,563.675,-66.078,180.527,163.818,0.1832248048836684,1235.218,1299.064,0.10807868688927902,890.554,0.07047780866977937,0.45871446313193825,0.23357355757683984,0.17363662296850968,1,1
137183,2022.0,1218.388,0.04198624218076726,0.9090777564684904,27.951404397694926,2.7781989857067493,0.45905488775724185,626.838,0.1383226261439567,0.91,-516.358,-72.344,297.743,270.187,0.09939389614125649,7826.737999999999,1158.783,0.0322519189442348,1057.947,0.014525397358737504,0.0953129031983644,0.05143758581201142,0.30182152117409206,0,0
136943,2022.0,2112.9,-0.03504797803611718,0.3587970110541592,22.65905163511188,0.5714680296913662,0.17807204370775076,1775.2,0.20340355800834412,0.28,664.8,234.5,3169.3,58.1,0.025220297781829232,6556.899999999999,2159.8,0.005471685674731361,881.792,0.03852191086844138,1.4493304543475107,-0.02171497360866751,-7.4053346846971255,0,0
137085,2022.0,7138.436,0.13449254531737728,-0.5953524671105024,-29.394352029705882,0.9542508806425392,0.21947655036376768,3605.575,0.33241626973298655,-0.61,-617.377,0.0,0.0,-186.899,-0.032463749487594576,13350.596,4619.432,-0.013449330652951586,3491.699,-0.09641182752895346,0.3229754340222338,0.5453060029891121,-10.999943401485307,1,1
137114,2022.0,57342.0,0.0057520457424589996,0.30897097217716396,32.818617,,0.05998383953609963,39554.0,1.4036293281739942,0.31,,393.0,456.0,60.0,,24711.0,42078.0,0.002001467743011542,23290.0,-0.02188740318292166,0.8066981537140404,0.36275488378725224,1.873913787790598,1,1
136934,2022.0,21265.9,0.16319848661233993,15.917385201523961,12.517131267321744,6.1546697224975215,0.12069483249340678,13469.9,3.7841015760090904,15.14,2111.2,92.8,256.4,396.9,0.49169970267591667,3399.2999999999997,15318.8,0.09804357492218764,9504.3,0.14376140298618612,0.61177572256768,0.3882223150638433,0.6645505505267687,1,1
137236,2022.0,766.897,0.10815132212981499,-0.010646065774870027,-2883.694375857339,3.7983212833482547,0.7618893032662815,184.837,0.2659128418776629,-0.01,-342.525,374.178,1545.859,-1.458,-0.0013171719288799432,1361.395,776.265,-0.0004994440345212428,644.338,-0.002763343872625883,0.20474812908752865,-0.012068043773711217,-217.54342559819884,0,0
137002,2022.0,96.3,-0.399286525190593,-2.216208593186875,-26.400944468798166,8.250880950451876,-3.7808258424954344,266.99,0.0606063236945917,-2.24,-769.845,-33.764,615.91,-212.151,-0.3125221887498435,296.9330000000001,55.846,-0.2302347917152764,31.434,-0.2785525747160045,0.7766113125914613,0.7243849156609248,0.7342579816710638,1,1
137062,2022.0,353.386,0.008788407931717954,-0.8303732851217696,-36.71842597336066,1.1281217217485056,0.25831890106490435,244.533,0.42479961552981255,-0.84,-7.171,37.172,158.399,-15.616,-0.0307235860972625,612.5450000000001,329.701,-0.020120262893086622,266.001,0.020590517746280894,0.2394727839369027,0.07183781668845408,-1.4367938917307923,0,0
137036,2022.0,1432.901,0.07919479960096834,2.3464862526829506,14.826423960601275,1.911716423164699,0.5308322565351579,807.509,0.48856140597882763,2.24,169.474,29.837,134.611,287.522,0.12893981908548974,3302.8740000000003,1721.152,0.08161519294626185,1299.592,0.0442134430382752,0.32437872809312457,-0.16747562097943702,-0.029656161529718814,0,0
137225,2022.0,2304.455,0.10450719207585185,17.964000501735164,8.599420824168792,2.6469201231079604,0.2681947668786017,2232.115,1.296906497609344,17.46,1363.922,14.572,50.514,429.645,0.3078021389148389,2287.1789999999996,3050.149,0.182682679490532,2367.929,0.17737106720545076,0.2881083005444841,-0.24447789271933928,-0.4279304837913317,0,0
137039,2022.0,1988.33,-0.423967840467733,-3.989545006309048,-46.96024225913621,52.12540203028613,0.7950009844778567,326.923,0.6183520295738063,-4.1,-747.912,-372.691,267.162,-376.25,-1.1099900580292477,2241.8550000000005,1594.754,-0.14588767366449285,1183.657,-0.03799144647731366,0.3473109186191608,0.24679417640589085,1.906125170264616,1,1
137100,2022.0,151.941,-0.4269934537986508,-3.2967687213531898,-4.868403384211959,4.10644171139063,-2.4731364675197227,268.984,0.23101612253724887,-3.37,-973.997,-57.662,243.616,-202.115,-0.8434883856805416,76.12899999999999,77.447,-0.6028874405285687,104.883,-0.3425515455071117,-0.26158672044087217,0.9618706986713494,-0.2917526140131674,1,1
137065,2022.0,8702.604,0.031655537439007966,6.1486945797990735,38.53338248063419,20.717513627391288,0.416862720783467,5436.155,1.3149360188774601,6.14,409.851,-289.185,1097.673,408.839,0.5376510519885799,4911.0380000000005,9322.256,0.05766813602006231,5763.98,-0.0319268636968795,0.6173296923306466,-0.06647017631783551,-0.4510740311080066,0,0
136993,2022.0,7704.0,0.054122316435143425,4.946428571428571,16.583682310469314,2.8373563928350833,0.1384906681092778,6370.0,1.2868082144100244,4.81,781.0,-75.0,111.0,277.0,0.17109326744904263,5023.0,7394.0,0.04820744865993735,7056.0,0.0365193080552158,0.04790249433106576,0.04192588585339464,0.12269613803730729,0,0
137115,2022.0,2155.06,0.10151456113445133,2.7717141059813093,85.34069206111515,12.526890673528326,0.7350853182204015,490.298,0.4849453617418213,2.79,1715.088,409.514,2376.104,427.39,0.14678684190371258,1420.0130000000004,1850.777,0.1119858298189555,1465.069,0.12475037482760556,0.2632695115383645,0.16440824583404695,-0.09350530063877535,1,1
60769,2022.0,1933.347,0.06679391918704031,4.070593958843663,29.42813781260287,6.885050817574767,0.8255499377752594,315.259,0.4009173477446778,4.08,318.792,51.087,327.032,476.923,0.2339614848013312,4147.147,1807.159,0.10580513625997212,1458.415,0.03863586242860074,0.23912535183744008,0.06982672803001831,-0.3687081596594514,0,0
137111,2022.0,1313.59,0.06263758663234766,2.1603231300084547,22.524408188792368,3.7767797556870253,0.7313192738798633,326.863,0.11379765246529869,2.27,-1771.402,216.013,724.595,534.047,0.167674982802268,9965.075,1216.548,0.049955525722072104,1153.734,0.055976356066080105,0.05444409196573914,0.07976832808898615,0.2538670292618334,0,0
87023,2022.0,2212.304,-0.034212775320772736,0.07110492393566825,67.36523625753011,1.99457181635258,0.47876670094460966,1091.29,0.5314333912739766,0.07,-301.024,-90.382,256.739,10.624,0.02960832511189517,3551.8410000000003,2093.669,0.0026966766709039147,1992.523,0.022730466773488885,0.05076277664047038,0.05666368466075594,-13.687014238642394,0,0
137258,2022.0,-0.418,-1.102506162695152,-0.31167230546157565,-1.8689501434442117,1.491828745609556,-90.8236331569665,52.064,0.007076531376366632,-0.32,-494.102,-42.479,66.923,-51.588,-0.7982175184514692,8.653999999999996,0.567,-0.6438520293545006,3.069,-0.2299141217639092,-0.81524926686217,-1.7372134038800704,0.712359536709823,0,0
137249,2022.0,164.579,-0.06520526642923147,1.3921254801536491,28.819241204874682,3.246557237588343,0.18631752274536453,223.853,0.32821210888427854,1.42,-284.614,-20.064,334.107,82.631,0.11265241907337928,490.103,275.111,0.09858019042937875,122.694,-0.09859024748167065,1.2422530849104274,-0.40177237551388345,-1.661443908205305,0,0
137186,2022.0,296.536,-0.03161475655080931,-1.0624270629754087,-38.779132644283585,2.6723485518652756,0.6690416101023169,72.65,0.1848033169869299,-1.11,-372.24,-176.021,173.197,-75.563,-0.06891202483506824,1002.2680000000001,219.514,-0.0636145896912424,117.483,-0.07636007288428853,0.8684745878127048,0.35087511502683194,-0.5030266373758974,1,1
132903,2022.0,316.638,0.046504755621529496,0.9757828550084044,12.922957126451447,6.594212650975029,0.23515935608165145,211.997,1.2059869036482693,1.01,7.987,-0.771,23.614,31.348,0.5102711853371098,195.127,277.178,0.1363934996845563,141.943,-0.05949371199012845,0.9527415934565281,0.14236339103392037,-0.659039794938298,1,1
137566,2022.0,90.214,-0.1262742706884396,-0.24356804695700607,-7.020625329815303,1.8976918505135032,0.34970806794055204,49.006,0.4700686764348135,-0.26,-245.754,1.457,25.217,-11.37,-0.27030239634842146,133.015,75.36,-0.07092198581560283,66.499,-0.26592854034714497,0.13325012406201606,0.1971072186836518,0.7804672167069987,1,1
137543,2022.0,473.634,-0.11930074003671441,-1.086988066115395,-44.876297652766965,8.7903965014675,0.8756555439925768,48.511,0.3519359299689591,-1.11,-421.52,571.669,807.611,-116.861,-0.19588060872319993,295.602,390.134,-0.10541912448569601,292.689,-0.16924040742994373,0.33293017503220135,0.21402902592442596,0.13168023941331394,1,1
137458,2022.0,363.329,-0.4577461234441365,-6.547335784843896,-12.84339199383294,6.320688875857531,-1.0486388963193571,719.904,0.23082415427776068,-6.7,-2075.005,-416.709,740.196,-454.025,-0.4921354793883548,765.063,351.406,-0.29823035647074975,271.03,-0.10603021786758583,0.2965575766520313,0.03392941497868563,0.5348743463311119,0,0
137455,2022.0,41.867,-0.46902659723327317,-1.6536900955479517,-7.3653461629787085,2.863013598684962,-3.638136182039257,106.807,0.09320963668156207,-1.74,-481.116,-18.23,167.035,-88.441,-0.38871405842072415,74.39600000000002,23.028,-0.357979567385532,135.082,0.03101524209221964,-0.8295257695325803,0.8180910196282786,0.31020493895437123,1,1
137505,2022.0,377.241,-0.2068235067561062,-0.2785940524370931,-122.04137059845253,2.0876057121711815,0.5288670765328782,168.667,0.7313452349580093,-0.28,70.741,23.562,245.513,-6.333,-0.01710572162484098,233.742,358.003,-0.012937347935601303,308.487,-0.012620926184145571,0.16051243650461758,0.05373697985771069,14.986545912316721,0,0
7609,2022.0,1027.495,0.009337293996033145,2.405678037528279,12.29590973461771,1.026245882762499,0.9453974065954568,46.825,0.034684261229806126,2.47,1082.725,-1821.499,1652.535,271.156,0.08346237935312932,3705.6759999999995,857.56,0.010966982529536488,999.508,0.011400126441473948,-0.14201787279341443,0.19816106161667982,-0.1485995376681083,1,1
60767,2022.0,456.429,0.14992324440386487,1.2549911589776561,12.749093796831174,-15.251053397686357,0.3515849854586185,258.182,0.9142349383620303,1.2,-170.911,26.732,33.175,78.073,-1.1962460736995326,386.75699999999995,398.174,0.1792609872637058,295.905,-0.011871474350793249,0.34561430188743014,0.14630538407831753,-0.16365938460822485,1,1
59540,2022.0,3226.728,-0.04905646465037485,4.186346940479172,6.490145319128783,0.8565480896262415,0.35707552182547286,1778.675,1.008754696396901,4.14,1102.476,114.05,465.984,200.593,0.131976719704825,2039.623,2766.538,0.07314164158032298,2055.146,0.009663903831330504,0.34615156295465127,0.16634147082020925,-1.6707049991009817,1,1
137456,2022.0,250.314,-0.3395108508439545,-3.46973268040104,-15.08473557506177,10.256180630834358,0.9104805317232081,7.502,0.17105375957805527,-3.5,-1221.593,32.319,413.733,-284.126,-0.6799045684161659,67.49800000000005,83.803,-0.5799412967778543,22.813,-0.31646670774584074,2.67347564984877,1.9869336419937234,-0.41457721198633035,1,1
137477,2022.0,132.565,-0.6125141776937619,-3.9297887796155564,-4.1528949557427755,17.06198069255597,-3.275444098820021,332.621,0.14646728028872494,-4.17,-1397.97,-221.334,225.071,-281.31,-4.108454674241649,295.48900000000003,77.798,-0.5296114375436543,15.325,-0.3916706006498014,4.076541598694943,0.703964112187974,0.1565350260081463,1,1
137641,2022.0,1772.1,0.024691151919866445,0.24450549450549453,109.69078651685392,3.928168192334775,0.4627365257189699,786.5,0.24708424055226427,0.05,-1126.4,-287.2,424.8,35.6,0.03581128659088623,5435.0,1463.9,0.006008743058720273,1236.3,-0.010344418253658703,0.18409771091159116,0.21053350638704815,3.109204151113279,1,1
137467,2022.0,2945.303,-0.032588346622492485,-0.9484395533348793,-5.619757190912998,1.4253968614922008,0.4034867551743518,1913.664,1.1343722518792858,-1.0,-861.401,-63.107,135.362,-134.962,-0.25364029317797404,2535.45,3208.083,-0.04772231512031708,3405.67,-0.2156634117251233,-0.05801707153071201,-0.08191184579700718,-0.31712561428901687,0,0
137946,2022.0,196.132,-0.004631100685410306,0.7474999221159537,30.541809202300573,2.400702926649755,0.6937161751173636,58.914,0.11722658040232856,0.74,-282.045,0.976,19.895,71.982,0.07860382175620825,1595.545,192.351,0.04386878004543992,178.332,0.05378372248777734,0.07861180270506699,0.019656773294654074,-1.1055671181330629,0,0
137723,2022.0,2537.015,-0.08774107750044077,-2.8700653166450802,-2.992963243791661,-5.460120230282548,0.7252514247650063,464.016,0.3191777870592082,-2.95,-3129.982,-500.274,999.391,-928.469,1.8243191731834796,4169.005,1688.875,-0.17546987241392997,1334.1,-0.20941135510969405,0.26592834120380787,0.5021922877655243,-0.49996500086658013,1,1
137590,2022.0,847.694,0.0188764266437985,1.2971938308239002,147.08673096202997,21.84080514960267,0.7148031184455261,180.166,0.2615963078987198,1.3,235.157,453.748,206.743,70.819,0.14848929612312078,2203.9120000000003,631.725,0.029326034158976513,546.212,0.032460436089377376,0.15655642863942945,0.3418718587993192,-0.3563252862126076,1,1
137562,2022.0,288.766,-0.210681822562569,-0.4807816077401112,-15.433202686095505,2.9963961960273027,0.4363156623086747,293.958,0.8206300749040096,-0.49,-496.971,14.665,237.417,-45.568,-0.19415258498010243,380.04200000000003,521.494,-0.0717064266381318,445.887,-0.11142108276868123,0.16956538315761624,-0.44627167330784245,1.9381163229033829,0,0
137494,2022.0,316.61,0.08775359464250541,-0.6744586037057306,-75.49759128318071,3.691168299773878,0.7633171277674793,40.602,0.6760913089401416,-0.66,75.768,-5.496,97.659,-8.627,-0.04889120615688031,139.642,171.546,-0.03400044141062224,187.802,0.047351791144989934,-0.08655924857030277,0.8456274118895225,-3.5809545700512553,1,1
137609,2022.0,280.338,0.12708578859674077,1.2255660462653217,13.528442673917395,6.145270862854735,0.8026331576295183,49.35,0.6361016065227623,1.23,-181.471,-4.356,185.042,94.887,0.4542482095668492,201.191,250.042,0.24139053894195914,225.527,0.06126315717080853,0.10870095376606799,0.12116364450772278,-0.4735262237129444,1,1
137699,2022.0,180.485,0.010791145290481243,11.121710979473756,1.773108475521011,1.1336678211653397,0.29699282496449053,115.322,0.10242876579834194,10.97,275.12,-3.685,42.266,484.395,0.6393674368017571,1532.1459999999997,164.041,0.3024608604488381,160.84,0.003911718045229726,0.01990176572991789,0.10024323187495819,-0.9643221761834979,0,0
137615,2022.0,292.484,-0.2646396333140479,-1.597957073688849,-1.4143058266157544,5.23205843884064,0.633707591605877,78.232,0.40638949671772434,-1.7,-1460.345,-79.293,149.8,-282.84,-3.6993826514596626,345.3329999999999,213.578,-0.5381790505185045,295.307,-0.5953016352060657,-0.27675944017581705,0.3694481641367556,-0.5082684228249262,1,1
137594,2022.0,565.673,-0.08074453629847836,-1.9805016863406408,-40.11104890639135,7.929847517780239,0.5260988129611807,236.344,0.3600749434133909,-2.0,-494.068,-85.364,430.699,-112.746,-0.1976973361201902,943.749,498.72,-0.08140240930800081,402.751,-0.0971411065982825,0.23828370382693043,0.1342496791786974,-0.008081738797598402,1,1
137645,2022.0,963.08,-0.17789954932990368,-2.5709986139528747,-7.806305258618034,1.8336774788790997,0.8298402634289327,160.917,0.4484017589328812,-2.61,-906.549,-268.957,249.909,-194.766,-0.23489697342475171,1809.129,945.682,-0.09234966614604226,774.533,-0.14018587495402343,0.22097057194464276,0.018397304802248562,0.926369165737669,0,0
137668,2022.0,778.846,-0.07605555711800464,-0.773858194136199,-177.4485313207547,44.54451319553644,0.6061014680334849,240.117,0.5109980200210907,-0.79,-228.723,-129.494,469.858,-53.0,-0.2510277930394256,702.5740000000001,609.591,-0.04442797721934511,434.908,-0.03960546824323943,0.40165506267992307,0.2776533774284725,0.7118843098012585,1,1
137733,2022.0,985.297,0.12355068622834504,5.8297896114676115,10.722513875464454,8.007839049856754,0.326597044938664,1037.452,0.9903129240506248,5.79,-535.842,317.73,521.014,365.213,0.7468247784859955,964.784,1540.611,0.23476085392827964,943.276,0.14946875908943502,0.6332558021194223,-0.36045049658869116,-0.4737168307196128,0,0
137568,2022.0,9542.1,0.04176395792393943,0.046254519624099426,148.95841651785716,2.519381251887647,0.157809718960798,5630.8,0.7881341946435306,0.05,,-13.4,26.2,22.4,0.01691331923890063,8317.4,6685.9,0.002640513013956997,3893.8,-0.04929305687120654,0.7170630232677588,0.4271975351112043,14.816607493766204,1,1
78869,2022.0,102.07,0.00857373002167337,-0.03637297274166631,-202.07311764705884,2.7463049421997665,0.2039130721685766,72.385,0.13758613697784422,-1.04,-804.227,-9.998,33.651,-0.85,-0.01359064963305246,600.464,90.926,-0.0012861911491890944,77.208,-0.02190144060021849,0.17767588850896285,0.1225612036161273,-7.665984311180226,1,1
138094,2022.0,1329.9,0.06016635859519408,3.6957790313168646,4.464552631578947,1.1487187782124586,0.21989243121053872,1000.8,1.1069980153593926,3.73,-167.5,156.8,259.6,171.0,0.2572976226301535,757.4000000000001,1282.9,0.14755371472948484,830.7,-0.06227364185110664,0.5443601781629951,0.036635747135396364,-0.592240976748711,0,0
137704,2022.0,0.0,-0.3421276173245372,-0.9947487130042527,-4.021116034339518,1.129233580899794,,0.0,0.0,-1.07,-294.692,151.932,229.791,-57.776,-0.28082591282031344,2.326999999999998,0.0,-0.24781995135907214,0.0,-0.450541672165369,,,0.38054912628410814,0,0
40926,2022.0,564.657,0.014288497463666523,1.5681197703761638,13.653293839197069,1.3939983079534357,1.0414943965471193,-19.42,0.029465117598251843,1.57,871.6,-225.612,1758.547,212.521,0.10209978078340505,1148.708000000001,468.015,0.013379819572231829,477.442,0.012286229428112876,-0.019744806699033644,0.206493381622384,0.06791406166048329,1,1
137909,2022.0,697.052,0.007059542480889605,0.09567004464602083,200.37620000000004,0.9030233544088292,0.2657877782132782,436.462,0.8836523796924192,-0.04,-1274.834,0.127,6.282,1.35,0.0045066397826130505,617.131,594.463,0.0020067366893898628,529.729,-0.1812100376187989,0.1222021071151474,0.17257423927140977,2.517921667658362,1,1
137661,2022.0,5.091,-0.7152829973807083,-1.1449573245079254,-5.32770948700785,4.244037519996121,-4.593101876471929,73.622,0.10984086717791666,-1.25,-359.479,11.388,104.484,-32.866,-0.7965970236075427,7.50500000000001,13.163,-0.2742558642155595,0.0,-0.5382012171334946,inf,-0.6132340651827091,1.6080864284400882,0,0
139330,2022.0,990.874,0.02218669361686265,-0.2919072295603684,-89.51474082828817,-9.393352957702987,0.807583389376118,168.236,0.6281080079223625,-0.35,-1367.122,-178.623,586.888,-41.459,0.10493638110087146,746.179,874.332,-0.0297835718016191,770.77,-0.032132557805756086,0.13436174215394997,0.13329261653468022,-1.744930586722192,1,1
46348,2022.0,207.091,0.007393306327215984,1.9770305470044993,13.353359683794464,1.1638527426754983,0.9909441971799379,1.937,0.05016500349801317,1.98,348.574,106.805,1035.354,33.396,0.08715804638198588,-484.36699999999996,213.896,0.007832359917060853,217.362,0.008313693977811369,-0.01594574948703089,-0.03181452668586593,-0.056056360342749294,0,0
138288,2022.0,3071.121,0.17478943513292258,3.752382137769849,31.662553449476835,9.619996763859136,0.3224909409005476,1876.236,1.0451199694462665,3.22,134.49,-174.884,20.125,271.331,0.3038288361426545,2404.647,2769.315,0.10239840770364692,1982.78,0.09289378879723195,0.3966829401143849,0.10898218512520245,0.7069546202201098,0,0
71879,2022.0,3924.1,-0.10181995903928505,9.217625899280575,15.878275121951221,8.030806276522256,0.31642639593908634,3366.6,1.0260416666666667,9.27,1538.7,227.5,244.1,512.5,0.5057732162242179,3946.5000000000005,4925.0,0.10677083333333333,4131.6,0.11459843218458807,0.19203214251137563,-0.2032284263959391,-1.953630835880133,0,0
138617,2022.0,5420.0,0.13879970363052604,4.90793504397378,36.679377046979866,8.665793625792812,0.6800242865816636,1581.0,0.635008353682046,4.84,2988.0,301.0,2052.0,894.0,0.23625792811839325,5442.0,4941.0,0.11489525767896157,4221.0,0.08686616791354947,0.17057569296375266,0.09694393847399312,0.20805424379096554,0,0
137878,2022.0,2136.0,0.09696969696969697,0.04522472164183829,188.834772,1.3260868820224716,0.22977941176470587,1257.0,1.4782608695652173,0.05,-1350.0,-74.0,313.0,5.0,0.007022471910112359,556.0,1632.0,0.004528985507246377,1619.0,-0.4236111111111111,0.008029647930821495,0.3088235294117647,20.41090909090909,1,1
138319,2022.0,1593.147,0.04677403954433705,2.3441528937354463,11.45829697021091,3.2174109627251015,0.4391937164672744,681.3,0.8204630518849892,2.34,,-0.097,17.057,82.547,0.28079312057364836,1417.74,1214.858,0.05574870770406929,966.67,0.048778168328802024,0.2567453215678567,0.31138536355689306,-0.16098432644165395,1,1
138008,2022.0,1717.267,-0.006355195763373217,1.041984373529135,5.479928629505826,0.44691730634388704,0.15134083284667485,1194.537,0.5756826926852252,-0.78,404.872,159.654,291.817,66.414,0.08155531514361886,1983.7509999999997,1407.558,0.027162923554124623,1738.899,0.00021937929494261557,-0.1905464319664339,0.22003285122176142,-1.2339658229612105,1,1
138113,2022.0,866.467,0.05193617390655235,0.7376441830265067,28.889267332884586,2.0565620169801817,0.9355181148584817,32.558,0.166418426240293,0.85,,20.327,39.448,57.939,0.0711877526447063,2994.5040000000004,504.917,0.01909644000486483,250.626,-0.07812868823320299,1.0146233830488456,0.7160582828464876,1.71967832189254,1,1
61413,2022.0,9051.0,0.2016969336111938,1.423426302656325,13.34807426597582,1.316840177202249,0.738474920266744,902.0,0.17331658291457286,2.3,2564.0,894.0,1046.0,1158.0,0.09865394445391037,18445.0,3449.0,0.05819095477386935,1466.624,0.04433018269794488,1.3516593209984291,1.6242389098289358,2.466121743404799,1,1
138157,2022.0,1093.541,0.026786452167049703,2.3720937663765227,4.346371187404189,2.619273047860578,0.42041488815624023,672.947,0.9215837393908464,2.41,-279.345,73.433,538.917,371.171,0.6026344587068974,549.4169999999998,1161.084,0.2946084504940554,891.925,-0.08657387422073402,0.3017731311489196,-0.05817236306761622,-0.9090777874085787,0,0
138124,2022.0,0.0,-0.3003362588388612,0.4533401233108415,48.28604148278906,2.94728742212906,0.1879835944713655,113.446,0.31070126785527635,0.48,-543.657,106.722,440.051,24.926,0.061038083297418014,3.937000000000012,139.709,0.05543336365273975,1.517,-0.24336272882410276,91.09558338826632,-1.0,-6.4179692345625385,0,0
67370,2022.0,1704.345,0.2062986922873007,1.115711041160298,68.64680654262348,3.385936515206229,0.5143940808063904,603.546,0.653128059389801,1.1,5.344,8.096,3.671,56.002,0.04932402082103946,1797.683,1242.872,0.029428997983660134,737.596,-0.9073122749666923,0.6850308298851947,0.3712956764654767,6.010048130141703,1,1
136980,2022.0,2891.687,0.09529183187452239,4.0002116491703354,29.485939831324536,4.048667396064448,0.26278052462147466,1914.5,1.1559241490987788,3.91,-77.338,16.271,391.505,94.501,0.1373084059461902,1716.3249999999998,2596.92,0.04206367081542123,2257.075,0.03229408352668214,0.150568767099011,0.11350638448623747,1.265418828819544,1,1
138453,2022.0,1492.0,0.00646830530401035,2.3657534065527406,0.9172553631284915,-0.8168592537313433,0.6829268292682927,286.0,0.20612431444241316,-2.55,-490.0,337.0,760.0,179.0,-0.8905472636815921,3476.0,902.0,0.04090493601462523,604.0,-0.05824767498776309,0.49337748344370863,0.6541019955654102,-0.8418698099980486,1,1
138035,2022.0,4381.31,0.19961094605344915,2.7328759331905452,52.60026562280728,11.116760606746093,0.6520053852784072,1025.901,0.5140942541968868,2.74,2448.523,-272.404,3408.315,840.854,0.21134419142411906,2123.4779999999996,2948.037,0.14663255923126783,2317.512,0.133903322677598,0.2720697886353985,0.48617876912671065,0.36130029442249706,1,1
61420,2022.0,51557.0,0.12565690091700177,2.5115010671093194,22.046576338400527,5.657063355542095,0.6715042755630495,16365.0,0.5109695682944091,2.51,-1071.0,-1870.0,24532.0,10591.0,0.2565960024227741,70603.0,49818.0,0.1086289834559012,49301.0,0.11822504296121367,0.010486602705827469,0.03490706170460476,0.15675298543149105,0,0
61773,2022.0,4862.8,0.14353117558867623,7.3781898893370075,10.003808672188084,4.437995526952069,0.7402659659464161,1462.9,0.631430845637283,7.28,239.2,469.3,1170.3,1871.5,0.4436305883468449,7533.7,5632.3,0.20981176919023756,3776.4,0.15497929347675032,0.4914468806270522,-0.13662269410365213,-0.31590503172138223,0,0
138248,2022.0,7.686,-0.39277849738545273,-7.76917725707111,-5.475483258060852,1.4500491778342899,-72.40440710209259,463.035,0.003455892987846301,-7.8,-1498.046,-1367.296,1742.296,-457.892,-0.26482578970533205,72.54199999999992,6.308,-0.2508601382357195,1114.2,0.28068733252255645,-0.9943385388619638,0.21845275840202918,0.5657270228256843,1,1
138133,2022.0,1.919,-0.05857666984972609,-2.041628122109158,-28.359719075668327,5.711431684720179,0.9953874538745389,0.005,0.0038986635208815876,-2.07,-313.829,-11.914,105.624,-37.519,-0.201392392832988,171.376,1.084,-0.13493907439110356,0.921,-0.2151073877220367,0.17698154180238873,0.7702952029520295,-0.5659028334524576,1,1
138316,2022.0,935.061,0.021242633914042526,-1.0522594074314648,-27.455207143759033,4.213642071402273,0.5408717615849185,195.225,0.49226195437748327,-1.06,-221.71,17.957,98.508,-71.279,-0.15347333018975579,744.4889999999999,425.208,-0.08251947246070776,339.41,-0.015489393794815256,0.2527857163902065,1.1990672800135462,-1.2574257115392655,1,1
138604,2022.0,0.0,-0.40863590242628867,-0.7027655658930579,-6.545568285142753,1.7829089972459433,,0.0,0.0,-0.71,-223.731,-2.746,202.103,-54.99,-0.2723841413881239,7.115000000000009,0.0,-0.2610342634172276,0.0,-0.153975407599161,,,0.5654492903605534,0,0
138383,2022.0,22.305,-1.8062458123343141,-0.2959176928023269,-1.7444039763611625,-6.6570717042548235,0.3073989592985958,19.433,0.4634698293661937,-0.31,-472.22,6.452,32.241,-49.241,3.816244284274975,25.466,28.058,-0.8133765010984654,18.13,-0.5917954424745189,0.5476006618863762,-0.20503956090954453,1.2206761689020746,0,0
138293,2022.0,469.959,0.03482982763413025,0.7956122616250478,17.835320902441534,1.672066717532185,0.2195887429214087,354.59,0.7402628929301093,0.81,-32.683,16.827,30.046,29.121,0.09375030181280845,573.1139999999999,454.363,0.04744487492383339,426.087,0.040438120950859274,0.06636203404469043,0.03432497804618775,-0.2658885139850188,0,0
62143,2022.0,553.213,0.018046992628336474,0.8140494891166484,3.488731383004461,3.6157133114017492,0.24006366670787485,295.062,0.9749062184570111,-0.13,-357.264,-52.343,31.551,103.333,1.0363977373024151,328.77200000000005,388.272,0.2594572471664666,377.715,-0.04514586803596981,0.02794964457328943,0.42480786665018333,-0.930443289499801,1,1
138735,2022.0,820.0,0.028261234540265263,0.10918405912736741,317.53719615384614,1.3064272648152542,0.5499597099113618,335.1,0.466950959488273,0.11,-344.1,7.0,118.5,5.2,0.0041142495450589445,1419.6999999999998,744.6,0.003261005894895272,714.8,-0.016260162601626018,0.041689983212087396,0.10126242277733008,7.666416268828265,0,0
62396,2022.0,3301.256,0.03842461921101806,0.22024432809773123,175.7139461172742,1.833255139601646,0.1245376742535762,2635.188,1.2064693676408167,-0.01,407.472,-23.993,395.647,10.096,0.010433179494916718,1774.967,3010.053,0.004046611383820047,3562.459,-0.06097363188845695,-0.1550631179193922,0.09674347926764079,8.495505144045923,0,0
62469,2022.0,5545.5,-0.02253816222687818,-1.8921253042317656,-31.07088091286307,0.9342119295356439,-0.019995467461604136,5851.0,0.3845607213488419,-1.87,2210.6,-57.9,543.7,-120.5,-0.030067120792474488,14360.099999999999,5736.3,-0.00807830255086649,5111.4,0.028580592529581155,0.12225613334898473,-0.03326185868939912,1.7899626295205673,0,0
140169,2022.0,11475.3,0.07631162797206711,2.719521987624581,10.42462613981763,2.094474503816794,0.25097792459755647,7142.3,1.4068724364838148,2.71,-707.7,-135.1,251.5,460.6,0.20091603053435114,5517.0,9535.5,0.06795715423883857,8265.0,0.008324154209284028,0.15372050816696914,0.20342929054585487,0.12293736879955808,1,1
138699,2022.0,12218.0,-0.3717877094972067,-1.2494873286723958,-152.0383565648855,-12.3020535577517,0.30763058068281296,9491.0,2.999562363238512,-1.26,-1956.0,-424.0,2399.0,-131.0,0.08091414453366276,1005.0,13708.0,-0.028665207877461706,14145.156,0.04048115408357548,-0.0309049967352782,-0.10869565217391304,11.969998720627746,0,0
64723,2022.0,888.788,0.12332673549550745,1.1186034115138594,71.0081868000953,8.950166334169937,0.30915574247404676,369.268,0.8221061859792674,1.12,384.306,-78.801,3.487,58.758,0.12604414698500546,617.673,534.517,0.09037189701313483,514.551,0.1759634572212522,0.038802762019702626,0.6627871517650513,0.36465803608817565,1,1
138998,2022.0,688.828,-0.0043063889952910436,-0.09294403448527801,-89.73141790311486,0.5090051037257783,0.29257446491109673,497.925,0.08285948115982908,-0.09,-536.707,64.342,529.666,-20.354,-0.0056725405172507485,7848.704000000001,703.855,-0.002396121189061896,697.944,-0.002890544729619035,0.00846916084958114,-0.021349567737673304,0.7972333849178285,0,0
138737,2022.0,111.655,-0.4834195746829053,0.7869008764531152,6.722574797278405,7.557657567978205,0.5248161313043621,58.019,0.5510061329205608,0.77,,-0.071,10.923,21.458,1.1242206737570073,201.561,122.098,0.09683606283648703,120.043,-0.08341051071783387,0.01711886573977652,-0.08552965650543004,-5.992144047607404,0,0
138732,2022.0,502.232,0.012038066007748165,2.8271895001215266,14.070510660247592,1.4934602103751944,0.9176529586090817,30.871,0.038421587888143476,2.83,339.343,148.959,482.072,139.584,0.1061411519764212,1911.562,374.889,0.014305671608872542,369.194,0.008375930222763716,0.015425494455489507,0.33968187916956755,-0.15851095028058534,1,1
90083,2022.0,38.254,0.3276875315861671,3.003104947215897,18.137894265232976,4.075653527452955,0.7758920961944641,6.048,0.40000296441223115,3.0,45.261,0.022,31.288,14.508,0.2247037868814373,35.235,26.987,0.21503846324869935,21.366,0.16129432697480034,0.263081531405036,0.4174973135213251,0.5238554379324467,1,1
62450,2022.0,1150.981,0.04478216502019874,0.8565317305992576,72.7351921409997,3.3894156466778678,0.5231127954288947,512.535,0.6520384106233474,0.86,398.266,10.834,67.75,48.454,0.04659939084380731,1524.92,1074.751,0.02939645475867776,963.875,-0.005913857038829701,0.11503151342238359,0.0709280568243249,0.5233865916086073,0,0
138612,2022.0,10821.0,-0.026814209443135385,-4.766582467957713,-19.62202492639843,4.4631346875,0.5144200626959248,4647.0,0.2516368225920959,-4.69,-2374.0,-2259.0,1389.0,-1019.0,-0.22745535714285714,36388.0,9570.0,-0.026793931266598302,3474.0,-0.04828913013604507,1.7547495682210708,0.13072100313479623,0.0007568197565081165,1,1
138922,2022.0,503.307,0.019181695243319797,4.490401049326286,26.518789455981018,3.6811232834969965,0.9782946052083898,9.595,0.07421716684155298,4.44,407.385,68.785,383.178,112.974,0.13881188994721477,926.3929999999999,442.056,0.018967303252885623,363.842,0.01078609405216592,0.21496693619758028,0.13855936804386781,0.011303240506873667,1,1
43524,2022.0,9069.0,0.00914291258881592,5.493477236063174,8.601109637774902,0.9317935742315239,1.0103063269395935,-72.0,0.037078908120100416,5.18,7313.0,-3575.0,9474.0,2319.0,0.10833411193123424,24574.0,6986.0,0.012308329219941723,7676.0,0.00576496190325554,-0.08989056800416884,0.2981677640996278,-0.2571767926062016,1,1
138930,2022.0,211.042,-0.6067501720921624,-3.7319641232289094,-4.276568443051202,12.563727155516446,0.8342157886516961,54.137,0.48069285506098625,-3.81,-1050.124,-123.963,417.195,-287.1,-2.9378057016556496,245.97999999999996,326.551,-0.42261980115819325,462.524,0.15712488222525067,-0.29398042047547807,-0.3537242268435864,0.43568798818549975,0,0
138727,2022.0,1730.969,-0.04430672234233937,-1.6424773158894281,-401.31452265632026,35.74863155027644,0.835666255080121,213.742,0.5980438227117775,-1.66,-562.337,-1.11,1197.975,-77.837,-0.089078838497183,974.1059999999998,1300.658,-0.0357895288603281,883.026,-0.04308932048084339,0.4729554962141545,0.33084100509126935,0.23798003922461217,1,1
138899,2022.0,1657.615,0.11239958850150357,6.483072258716524,14.621154325798909,4.692269075300662,0.4047374913993292,885.903,1.2403632105546087,6.51,405.477,-52.474,20.674,192.45,0.3209232985812338,1047.787,1488.256,0.16039438098770267,893.491,0.06361097751560925,0.6656642316486681,0.11379695428743436,-0.299229886924024,1,1
138980,2022.0,140.734,-0.4813313511023838,-3.12252236733024,-4.5155801436437795,6.261760205789258,-0.9082568027572255,449.03,0.3040871209233143,-3.14,-1268.197,-507.17,405.19,-290.023,-1.3867011561301676,342.53400000000005,235.309,-0.3747933953717979,176.319,-0.2289330462967442,0.3345640571917945,-0.40191832866571187,0.2842578259013861,0,0
138923,2022.0,406.365,0.004981673550152056,-3.7502498072915182,-21.61722662911084,9.352731377793003,0.7002339075483646,115.981,0.673412306107104,-3.77,-624.557,-9.887,362.027,-131.36,-0.4326517706576729,180.51799999999997,386.905,-0.22863349021136767,362.048,-0.1052217554989182,0.06865664221318712,0.050296584432871216,-1.0217889056653362,0,0
139089,2022.0,537.875,-0.11096239720846246,-0.7334046068616968,-177.9236164855553,91.98616108743612,0.7759342183922308,99.325,0.5634317497480169,-0.74,-452.718,-22.445,530.446,-37.73,-0.5169980405322079,252.19899999999996,443.285,-0.04795623564522299,351.594,-0.06845486459803736,0.26078658907717434,0.2133841659429035,1.3138262567011056,1,1
138931,2022.0,5393.082,0.03250273379729628,2.2631259396322423,45.37087318113878,3.122143824788172,0.23374122621077817,3994.484,0.6328652596249672,2.26,-62.571,-165.698,106.475,234.831,0.0688138359674789,8023.0830000000005,5212.97,0.028508965480904484,4415.777,0.023909175715271132,0.18053289375799553,0.034550745544286665,0.1400881529379538,0,0
139088,2022.0,925.626,-0.12702253968969873,-3.752577628581705,-17.82241611488726,13.829294461797806,0.7350420930821709,208.13,0.5502134252689355,-3.88,-791.32,28.007,828.679,-250.402,-0.7759494769200257,566.4419999999999,785.521,-0.17539256380694085,667.648,-0.13771441686406377,0.17654961896088947,0.17835933094086603,-0.27578149875546754,1,1
139121,2022.0,1.5,-1.0482726776644418,-1.1513821331118756,-1.2940968572900566,0.514827218692355,-3.9166129032258064,30.483,0.12616242394644203,-0.84,-550.79,10.661,47.657,-9.705,-0.39782742365238777,1.3960000000000008,6.2,-0.1974848910322935,0.5,-0.19027202838557067,11.4,-0.7580645161290323,4.308115837039018,0,0
131265,2022.0,60233.0,0.10761279987795111,22.77094511207063,11.28279914318574,-84.11913273311897,0.22009463507625274,45821.0,1.1578573962398013,21.52,-936.0,-342.0,1554.0,6956.0,-7.455519828510182,45077.0,58752.0,0.13708564896929565,51533.0,0.07904822067803748,0.14008499408146236,0.025207652505446623,-0.21499587530089198,0,0
55183,2022.0,7321.785,0.11101133404477836,-1.3513014859878327,-12.203050297058931,3.733802709823108,0.012415476650228916,4651.611,1.8325404795095885,-1.4,-556.615,45.912,122.274,-81.297,-0.3059729017689123,2293.434,4710.089,-0.03162998477580594,3124.87,-0.19171164382309816,0.5072911833132259,0.5544897346950344,-4.509686610083099,1,1
139170,2022.0,399.045,0.015506651369367967,0.876549322224878,21.675905186685622,2.236250818822262,0.440473672086912,238.046,0.14252109465762805,0.88,-7.091,-199.417,219.836,102.686,0.10316758629281486,2765.2799999999997,425.442,0.0343993332252415,343.07,0.03183775803181429,0.2401026029673245,-0.062046060332548246,-0.54921651335993,0,0
141769,2022.0,5329.252,0.10192537024702725,6.39286465761111,7.500549842379737,1.9266972319346773,0.32192734431888664,3142.782,1.493002349246988,6.35,541.934,-65.096,101.916,273.442,0.25687413222006994,2635.1679999999997,4634.875,0.08808210542523691,3298.823,0.042497719310535295,0.4050086955256466,0.14981569082229843,0.15716319171707746,1,1
138297,2022.0,25.902,-0.348486752539533,-0.6332885645846891,-5.968842975206611,5.378838341050142,-1.5733337577185056,80.849,0.20459755144568897,-0.71,-256.315,47.328,117.764,-45.738,-0.901152595803369,27.186999999999998,31.418,-0.2978510028653295,29.323,-0.35453766307970663,0.07144562288988163,-0.17556814564899098,0.17000362324480053,0,0
139239,2022.0,3079.807,-0.003472100645900756,8.436453746456776,4.230450503564893,1.7804704290914526,0.3888651493896942,1860.674,1.2706033425409637,8.27,-297.489,-220.681,22.584,473.226,0.42087017153163603,2226.92,3044.621,0.1974901103872338,2225.522,0.1507202231918497,0.3680480354721275,0.011556775046877655,-1.0175811367925853,0,0
139375,2022.0,900.486,-0.01611586888956974,-0.22111798068570843,-326.3416198729058,6.8968308370001035,0.19469977415653347,595.836,0.5076209032842334,-0.22,3.555,155.533,382.406,-8.655,-0.021133776438586296,1055.217,739.893,-0.005937965243521752,522.867,-0.036808026905359774,0.41506922410479163,0.2170489516727418,1.7140389390375697,1,1
139367,2022.0,0.0,-1.4964815861112537,-1.4741849223490693,-1.8790044301810442,4.598379716578453,-81.88728323699422,28.679,0.013028580035395565,-1.66,-207.776,-8.059,24.072,-28.667,-2.447242615673553,-2.458000000000002,0.346,-1.079451745302557,0.0,-0.44807414926010997,inf,-1.0,0.3863348617698594,0,0
139956,2022.0,6.366,-1.2147035662054224,-2.2594886663152347,-2.3987728200641585,3.954515384615384,0.6211968114965757,3.374,0.2924066839565346,-2.47,-208.331,-12.798,21.944,-17.145,-1.6485576923076921,6.8679999999999986,8.907,-0.562850858474771,8.549,-0.5929314165577589,0.041876242835419415,-0.2852812394745706,1.1581268784008967,0,0
140122,2022.0,6794.0,0.07565445026178011,3.7752954106565166,8.889370592105264,4.999757002775208,0.26666666666666666,4653.0,0.8403973509933775,3.69,1382.0,446.0,1451.0,608.0,0.5624421831637373,4958.0,6345.0,0.08052980132450331,4969.0,0.030923467946907653,0.27691688468504727,0.07076438140267928,-0.060540954808487125,0,0
139498,2022.0,516.303,-1.589615457833619,-1.6614617124620805,-9.19070231078136,1.1695318490007043,0.40507634938940035,273.932,0.09359543228093042,-1.8,-1722.855,802.045,1045.371,-379.006,-0.12725162990305525,3853.0689999999995,460.449,-0.07704052002950666,279.598,-0.17553494622480492,0.6468250845857266,0.12130333652586928,19.633498543685757,1,1
139516,2022.0,0.0,-2.4991808443604286,-1.8602409638554218,-1.6664507772020725,1.3686803274897081,,0.0,0.0,-1.87,-232.247,-22.821,24.839,-17.756,-0.8213145843933577,0.8440000000000012,0.0,-0.6606883720930232,0.0,-0.49220724934811605,,,2.782692340177209,0,0
139395,2022.0,997.607,0.01815616928918477,-1.2555399056925647,-14.424073594068997,1.4466247538410577,-0.04902562205041328,646.397,0.19958695514161817,-1.26,-660.55,125.445,554.231,-143.517,-0.10029238580950477,2449.0339999999997,616.188,-0.046486009206702525,369.776,-0.05303605692032382,0.6663818095279304,0.6189977734068174,-1.3905727680010644,1,1
139819,2022.0,4091.3,0.050505485050548506,1.4517588270891126,58.45323508047875,173.35641199510405,0.5596876064680137,1680.1,0.5144463469550093,1.44,-1513.2,490.5,1255.7,242.3,2.9657282741738067,6076.200000000001,3815.7,0.03266775424357229,3316.7,-0.0769637333084612,0.15045074923870114,0.07222790051628807,0.5460348046571329,0,0
63237,2022.0,2886.331,0.030632627121878156,1.0158180217533297,26.678006709533133,0.9799448963957766,0.10775947881430517,2012.287,1.1845909406055002,1.0,462.834,-124.241,271.749,35.77,0.036732313139632086,1205.576,2255.319,0.018787948820303803,2053.131,0.008057973839534237,0.0984778857267267,0.27978835809923125,0.6304402047749895,1,1
139791,2022.0,3110.279,0.02198315075965512,3.203067310423175,87.59416297215819,11.311346112596647,0.3398232566902511,1296.498,0.6790540306909262,3.24,622.739,-297.057,698.117,169.17,0.1291335601459193,1941.8749999999998,1963.865,0.05849463704072529,1459.271,0.05757723597918682,0.34578498442030303,0.5837539749422694,-0.6241851924929469,1,1
139910,2022.0,809.314,0.01709009561273982,1.154102566914111,59.96000874084349,4.053780966347232,0.4693814354487999,313.577,0.1062391035549242,1.13,-310.874,6.174,27.875,105.253,0.06760807830879921,5475.457,590.965,0.01892156788721233,432.487,0.0138346192498414,0.3664341355925149,0.36947873393517366,-0.0967928390178631,1,1
140312,2022.0,1543.208,-0.1038582596079239,-1.3230027283556853,-2.297803273450775,0.6928102148230535,0.24725610552435687,1152.752,1.4291406957938617,-1.33,-491.494,5.12,21.037,-68.857,-0.3015098040932856,867.7260000000001,1531.4,-0.0642590707132545,1433.89,-0.12691132087463816,0.06800382177154453,0.007710591615515209,0.6162427880629374,0,0
140115,2022.0,1706.043,0.03386197929096355,48.2672841548131,36.53509889522452,5.946042290006943,0.716439287698121,455.352,0.23092283369815966,48.49,1373.748,-186.107,388.802,291.824,0.16274876679707434,6517.959,1605.836,0.041964948488595194,1325.229,0.0678181990750251,0.2117422724676263,0.06240176456375363,-0.19308898234043548,0,0
139879,2022.0,2566.111,-0.2634908068848078,3.88520886145707,56.35218280591765,44.24014654345478,0.750873078775878,580.245,0.6078366640925996,3.88,-3.27,-463.903,984.612,493.507,0.7850653575536215,2819.19,2329.114,0.12879217100852364,1725.625,0.14524749333434256,0.3497219847881203,0.10175414342106047,-3.04586043407382,0,0
140138,2022.0,5008.744,0.12068795230387223,9.84043490144866,28.03839492494198,5.551637627915333,0.30699123718126886,2415.972,0.8186409394791161,9.88,1194.042,-190.228,139.779,324.016,0.19800126372343768,3656.834,3486.207,0.07608634904532785,2718.038,0.08774357675587144,0.2826189332157975,0.4367316685440652,0.586197180153477,1,1
140363,2022.0,1712.6,0.04778722790831772,5.442465753424658,15.07221243392902,3.0353761151662613,0.5402800091806288,801.2,0.4907084131095844,5.27,229.1,476.3,1946.0,397.3,0.2013888888888889,1488.6999999999998,1742.8,0.1118650748958216,1678.6,0.04115288829496447,0.03824615751221259,-0.017328436997934384,-0.5728136958490279,0,0
76223,2022.0,817.762,0.14346536647705568,2.3776597852359633,11.608052662278142,1.981946432280626,0.5985837070854052,275.038,1.0028159737722193,2.38,649.415,32.32,104.596,60.005,0.17073892494657741,540.863,685.169,0.08782354792204847,589.837,0.01429055426476704,0.16162431315770287,0.19351867933312797,0.6335637749956821,1,1
139930,2022.0,204.036,-0.4130055366982196,-10.890668064456131,-9.835025672077442,6.525563114547224,-2.0854342514438025,555.625,0.14380802172133605,-11.01,-1279.574,-474.685,477.114,-644.085,-0.6635023976677467,766.7779999999998,180.08,-0.514352452634311,793.735,0.18266019472844686,-0.773123271620881,0.1330297645490892,-0.1970378782428903,1,1
139943,2022.0,663.604,0.37486173197323225,0.8721449589295812,11.844361300532457,2.8166861543929707,0.825015309246785,62.865,0.2878868133479603,0.77,,7.08,8.876,181.987,0.2378081926854383,1233.101,359.26,0.14583214802860117,342.751,0.09792697298505279,0.04816616144081277,0.8471413461003174,1.5705013403472114,1,1
139954,2022.0,463.933,-0.021294046405384064,2.1250037141583715,8.790572870785967,3.0980219585271627,0.7866492335697878,59.07,0.4000537512444424,2.05,-256.342,12.31,186.426,71.517,0.35242549081447605,501.46200000000005,276.868,0.10333676744061715,310.016,0.041550631289402194,-0.10692351362510329,0.6756468786569774,-1.2060645686214326,1,1
61248,2022.0,490.461,0.0713069057955543,-0.6912115905110652,-53.890878728550035,1.3629649802954085,0.17561104184374277,278.364,0.6179118134155602,-0.71,88.674,0.488,47.726,-8.683,-0.025291199780963003,451.04900000000004,337.661,-0.015889688995434206,380.53,-0.011552920866593902,-0.1126560323758967,0.45252486961775273,-5.487621237649387,1,1
100985,2022.0,12211.0,0.0031358647487899653,1.740499144885203,7.647231565217391,-1.281970306122449,0.1649417852522639,10328.0,0.812775185647631,1.82,-3491.0,-1169.0,507.0,230.0,-0.16763848396501457,13880.0,12368.0,0.015114674377341132,11789.0,0.03192552792702737,0.04911358045635762,-0.012694049159120311,-0.7925284613811439,0,0
65852,2022.0,1733.749,0.05190440117073038,4.161351556567958,27.157042240671473,3.8296153252367233,0.37079678185971526,846.435,0.804036652503498,4.13,854.969,-96.794,58.782,131.532,0.14101739398929602,1436.948,1345.249,0.07861485046789858,1092.748,0.08755092527737021,0.231069743435815,0.28879411915563585,-0.3397634052369672,1,1
66073,2022.0,16252.23,0.15905709725334324,102.6735736588135,15.088108310594691,-18.217122049294144,0.555413431071353,6504.117,1.0078109979065455,97.6,-727.815,-579.48,1217.342,2170.314,-1.2073827728624071,7284.933000000001,14629.585,0.14950979936276707,12631.967,0.12014610223939869,0.15813990014381754,0.11091531304544869,0.06385733865785506,0,0
66069,2022.0,12172.9,0.14850160023276113,74.3068783068783,8.498809455995444,3.6566235454584204,0.8830801968677862,1879.1,0.6318783713652162,76.4,18942.1,690.8,5694.7,8075.3,0.43025126806188996,19176.1,16071.7,0.3174902102631041,8497.1,0.20469257077601627,0.891433547916348,-0.24258790295986118,-0.5322640023775919,0,0
140105,2022.0,1352.013,-0.010545355096839092,-0.4214366572892032,-65.65636738384617,3.5591516983765192,0.2757905936074065,657.551,0.6396504863123812,-0.35,-627.141,-6.639,341.965,-37.601,-0.05420878187744815,981.4090000000001,907.957,-0.026489688317653637,1022.433,-0.24394224137616452,-0.11196430475150938,0.48907161903041657,-0.6019071658985393,1,1
140142,2022.0,357.521,0.12481906692755605,1.4297013774843317,120.86440058136809,-16.657244487521204,0.7916705974557514,57.416,1.1059337166888037,1.43,-310.287,-4.364,54.906,42.658,-0.1378176237783701,188.883,275.602,0.17117771455399816,248.811,0.11015999810932811,0.10767610756759133,0.2972365947997476,-0.2708217465528682,1,1
66193,2022.0,21065.0,0.1297152842018707,15.821813178274006,1.5048844106372783,0.6971573285238623,0.2832059186189889,14533.0,1.1380220026942074,15.77,3865.0,482.0,2524.0,4174.0,0.4632630410654828,12384.0,20275.0,0.23428378985181858,9741.0,-0.09660834231694171,1.0814084796222154,0.03896424167694205,-0.44633265372771236,0,0
140026,2022.0,378.857,0.003034711771794117,0.10939364773820981,139.6790427591061,0.9796280035813743,0.542504626458229,178.985,0.09352907369812162,-0.2,-1056.916,-32.382,93.311,11.366,0.007013421514284463,4063.7580000000003,391.228,0.002717217202380326,330.104,0.002716904956725638,0.18516588711436405,-0.03162094737595464,0.11684548777906334,0,0
11334,2022.0,1168.66,0.05964415386404455,0.8484273531022611,74.51433498559078,4.312724545784496,0.5851795617380658,411.998,0.5340527193673934,0.85,176.437,67.191,259.496,43.375,0.05787778347103909,1541.8669999999997,993.196,0.023323227945501884,870.463,0.04366613312761034,0.14099737725785022,0.17666603570695014,1.5572855525578102,1,1
66249,2022.0,587.367,-0.10644640858510833,-0.2025139862615962,-150.26122670210162,5.5679853369736065,0.014254937960851664,798.903,0.31031860596012545,-0.2,-1192.571,471.527,2133.178,-28.597,-0.037055369899330996,466.6080000000002,810.456,-0.010949615000248882,729.264,-0.18884195241771645,0.11133416705061543,-0.27526355533181324,8.721475009184234,0,0
140224,2022.0,79.767,0.33478282354103867,1.737644222490098,8.171983548882613,143.220842379505,0.7091597409881201,22.817,0.6853378992242645,1.71,,15.167,17.645,40.362,17.5258358662614,91.873,78.452,0.3525927737787407,83.345,0.3906855298139005,-0.05870778091067252,0.016761841635649796,-0.05051138753308131,0,0
140316,2022.0,1827.009,0.05028628792385485,2.511244019138756,19.09014004001143,2.3342507241537302,0.39177293717323775,1066.219,0.8888651699750325,2.44,883.722,-200.149,246.977,157.455,0.1222752017146718,1618.596,1752.995,0.0798383710954217,1808.821,0.12099379067779077,-0.03086319762983735,0.04222145528081947,-0.3701488741077472,0,0
140235,2022.0,62.05,-0.5366727628445049,-0.012970189527096032,-58.70384533775383,1.4087475017901183,0.6475842564223427,29.906,0.583868282177775,-0.01,-531.963,71.983,100.556,-2.413,-0.023997533614448244,38.22800000000002,84.86,-0.01660233519791387,68.761,-0.33976223776223774,0.23412981195735963,-0.26879566344567524,31.325137183830588,0,0
66452,2022.0,727.662,-0.008494423382119556,0.9447270415114905,16.904353636844387,1.3754467505847932,0.37725454385322466,537.382,1.04082868356745,0.97,-16.13,-7.981,27.982,20.801,0.08136642075369847,718.519,862.924,0.025089437131064294,769.169,-0.0037239266310910104,0.12189128787041599,-0.15674845061674023,-1.3385657214127873,0,0
140221,2022.0,842.559,0.04237931358721204,1.0397938677649774,81.56424328823744,6.9515577159240465,0.5932288252250761,304.659,0.6079219814693815,1.05,118.833,457.162,710.621,52.259,0.08522800476868454,456.64300000000014,748.969,0.04241750303364813,618.003,0.106402054430378,0.2119180651226612,0.12495844287280236,-0.0009003228314923743,1,1
140255,2022.0,820.222,-0.3928355781463118,-4.958124868614673,-18.835749900363776,13.60029113552037,0.508919464224619,307.164,0.5058573199718234,-5.21,-1397.123,35.759,914.51,-471.716,-0.7220467041377369,294.7710000000002,625.486,-0.3814969344602895,391.005,-0.24646490436655785,0.5996879835296224,0.3113355055109147,0.029721454255099884,1,1
66622,2022.0,3367.324,0.2472322896206993,8.808270854520943,74.75474027482228,80.69759434892,0.6217207404458599,1216.304,1.3192828008171662,8.74,2866.956,-239.474,144.454,744.845,1.079498023165486,2176.609,3215.36,0.3056146738700059,2706.655,0.2535456673411602,0.18794600715643475,0.04726189291401272,-0.19103266053952545,0,0
66492,2022.0,12617.0,-0.01423246357167062,-0.6133828438768195,-39.616367237163814,8.21241469842879,0.33677407773090384,7389.0,0.33798501349998483,-0.62,-3309.0,-343.0,1479.0,-409.0,-0.20729853015712113,30331.0,11141.0,-0.012407851227133452,9660.0,0.0013293645059676907,0.15331262939958593,0.13248361906471592,0.14705304819799184,1,1
26802,2022.0,1468.549,0.014895736890460321,5.339715731593448,9.36753986809581,1.1822258410092548,1.0213167557142173,-28.471,0.03656096205969663,5.23,1605.138,-125.105,4231.836,463.215,0.12620451662401863,1833.4720000000007,1335.616,0.012679981402201213,1382.409,-0.0013429214448329333,-0.03384888263892966,0.09952935574296803,0.17474437997791217,0,0
140231,2022.0,2406.84,-3.1434787261339987,-2.6721235877334566,-34.36218310466821,0.9182654068611409,0.6817421300758053,646.925,0.11461809587220649,-2.73,-1427.739,160.156,896.017,-428.793,-0.026723139332098824,16791.334,2032.707,-0.024178318460718162,1093.962,-0.027323476322340383,0.8581148156882964,0.18405653151191984,129.0122972257612,1,1
66823,2022.0,297.0,0.06534554120155525,-0.36713890808569455,-43.71642352941176,0.7159722543352601,0.8582375478927203,37.0,0.02121433796634967,-0.61,784.0,-12.0,589.0,-17.0,-0.016377649325626204,11681.0,261.0,-0.0013817768024059172,166.0,-0.03305597579425113,0.572289156626506,0.13793103448275862,-48.29095255310202,1,1
66830,2022.0,909.402,0.04310995906969526,5.701701235143323,13.296031635739393,-5.359000523049172,0.44579079568875,496.664,0.4482255875112411,5.69,35.356,-30.7,408.953,97.864,-0.4030526302783693,1534.457,896.167,0.048947516362686974,689.268,-0.050118918814715564,0.30017206659818824,0.014768452754899491,-0.11926156272643333,0,0
66825,2022.0,1111.795,-0.08058491490230542,-0.2974551831885239,-78.1966538645187,3.3855013374271072,0.8663404759612559,156.883,0.5797778594446783,-0.3,-1544.741,64.583,536.311,-48.169,-0.04329470853436684,1432.4519999999998,1173.751,-0.023793223359631393,1038.756,-0.0568596677488678,0.1299583347773682,-0.052784619565819244,2.3868851514683485,0,0
64331,2022.0,6311.05,0.14368852197096263,2.602333546813571,36.90533833281911,7.741215203219881,0.5700175697194475,2382.684,0.7099942804310793,2.61,7740.384,146.049,3076.189,1377.475,0.20975868405291892,4324.332,5541.352,0.17649111109288868,4613.838,0.2272543189144884,0.20102873139455701,0.138900759237096,-0.18585972357928995,1,1
140191,2022.0,107.055,-0.0401499467074546,-0.6451457645764577,-20.56899499094106,0.8419160899968445,-0.9469256994055267,227.288,0.04835763324217589,-0.78,-553.771,-36.501,113.753,-28.149,-0.04093131873325065,2264.363,116.742,-0.011660062515067491,115.177,-0.03964826725225873,0.013587782282921049,-0.08297784858919667,2.4433731942321586,0,0
66837,2022.0,8930.7,0.1830212275975296,9.203509916338872,23.860462149353147,5.533028554455446,0.8972063793831854,778.6,0.5638860971524288,9.09,3216.7,811.2,7530.0,2342.1,0.23189108910891088,5707.5,7574.4,0.17436069235064208,6205.683,0.23074296312533354,0.22055863955667726,0.1790636882129279,0.049670227447084436,1,1
67219,2022.0,1325.382,0.021975634779447313,1.8352758815989507,24.159855444386697,1.9000098099701488,0.4141789178182161,796.323,0.7263649052159545,1.82,646.63,-22.012,7.948,61.568,0.07864326069101532,1731.475,1359.328,0.032899222619070516,1125.721,0.018941789830523442,0.20751767089714057,-0.02497263353657095,-0.33203179193939936,0,0
67218,2022.0,602.013,0.06735417246731974,1.776378380827255,27.274594491201224,5.185286637946709,0.8907687182508239,58.036,0.38965792640757085,1.79,57.813,57.416,157.373,78.42,0.1901141606200408,1196.481,531.313,0.05751219072163058,442.15,0.076524647191063,0.20165780843605116,0.13306657281113024,0.17112861851022398,1,1
68568,2022.0,5781.0,0.061495550537920045,15.669755686604887,37.984,10.654359249329758,0.47982939399324687,2927.0,0.9053901850362027,15.66,3544.0,152.0,344.0,837.0,0.2804959785522788,5171.0,5627.0,0.13467417538214,4448.0,0.09376744186046512,0.26506294964028776,0.02736804691665186,-0.5433753326246439,0,0
69021,2022.0,886.225,0.03721405052979572,0.15362934156305189,49.27444147700883,0.6312518631794097,0.6161118276857959,280.066,0.5758502373094874,0.15,268.366,-48.929,263.624,8.612,0.01281093898291974,980.825,729.551,0.006797636140186643,822.811,-0.05719438974856791,-0.11334316143075383,0.21475400623122984,4.4745575906588515,1,1
69773,2022.0,1090.778,-7.052632816251372e-05,2.6697540011855363,9.476528544864145,0.9561800828486959,0.08110013055170179,988.218,0.1736961955927479,2.67,1450.775,-72.18,544.873,144.124,0.10089982616755823,5623.976999999999,1075.436,0.023277805925791213,886.861,-0.03775175877475374,0.2126319682565813,0.01426584194689419,-1.0030297669972568,0,0
69583,2022.0,2035.359,0.01088650367994638,9.027881638137524,11.684911724403474,1.3465790833695643,1.0196848278455797,-38.104,0.03852190883514681,8.95,4520.062,1656.837,2837.41,618.121,0.11524084350224806,6169.961999999996,1935.704,0.012301054712440427,2112.949,0.009321188312558728,-0.0838851292671996,0.051482561383351985,-0.11499428834045176,0,0
69779,2022.0,10173.4,0.1240892559694715,10.585714285714285,22.66450742240216,3.2367467557497105,0.8293160439640493,1874.4,0.4599221855067366,10.44,13805.0,930.2,3846.3,1556.1,0.14281125530001282,19441.8,10981.7,0.06517068512771544,13444.6,0.16250116780197327,-0.18318878955119525,-0.07360426892011264,0.9040655430626965,0,0
140550,2022.0,821.354,0.03927214689170071,-0.5785960111124933,-298.25646337967606,-20.37057134326605,0.32192504107321984,281.89,0.3173590525971057,-0.58,-80.925,-18.637,72.036,-13.954,0.06829884292342933,1235.677,415.721,-0.010652404424938871,603.319,-0.14782646754168835,-0.3109432986529514,0.9757337252628566,-4.686693193863231,1,1
140326,2022.0,685.083,-0.0917717630212415,-2.536337637576913,-46.401550904096105,-53.89201595301401,0.7245743401244668,147.464,0.4131168639772348,-2.65,-736.84,-8.6,223.432,-146.334,1.1614270407555856,1069.058,535.404,-0.11291107868683214,411.486,-0.10825388064245524,0.30114754815473677,0.27956272272900456,-0.18722091677312036,1,1
140319,2022.0,216.165,-0.027899698484790656,-0.07315340909090909,-246.60504854368932,8.457486681291131,0.6389255811534661,69.431,1.7600432024749892,-0.07,-128.808,2.369,31.28,-1.751,-0.03429567533688499,70.466,192.29,-0.016027019853001746,168.947,-0.027397106524349867,0.13816759101966883,0.12416142285090229,0.7407914097994484,1,1
70142,2022.0,279.876,0.02648255739755223,2.4384200998887704,23.56853931880791,1.7484484729772678,0.5082922426104061,145.99,0.10458505408478566,2.45,-84.558,-6.858,39.485,111.804,0.07418569514751344,2776.21,296.904,0.03938319250294835,329.685,0.05932595820719125,-0.0994312753082488,-0.05735187131193928,-0.3275670225167839,0,0
140260,2022.0,27518.0,0.030730337792344728,3.569349315068493,52.83315903094268,10.137683067151471,0.5615072326672185,11125.0,0.334696515969025,3.55,16399.0,-11.0,9505.0,4169.0,0.19188106963685736,65892.0,25371.0,0.054997823305146236,21454.0,0.05970530982253229,0.18257667567819522,0.08462417721020063,-0.44124447213405915,0,0
70519,2022.0,6260.077,0.28461872314569686,8.993704949961309,39.8478715939577,11.201033690082117,0.31418986790778664,3604.843,1.0901752633596211,8.94,3493.861,61.134,716.997,1034.375,0.28109490524910685,4022.028,5256.328,0.21453190098441496,4015.129,0.15395259314186585,0.3091305410112603,0.19096011512219171,0.3266965045276575,1,1
92284,2022.0,1800.752,0.031924037456600135,-3.2516169337057184,-28.281314150740815,-225.0980948097508,-0.03020313109246393,964.368,0.2614407105103302,-3.21,-1117.185,83.246,163.0,-176.966,7.959251596653774,3385.8,936.095,-0.04942459555512111,525.328,-0.11736020998201882,0.7819248164955991,0.9236850960639678,-1.6459139846879804,1,1
140213,2022.0,3709.9,0.02310072602281786,7.23201251303441,16.39654242664552,5.819616693533942,0.6650226336058375,991.6,0.23428571428571426,1.86,1969.2,1349.7,1845.5,1387.1,0.35492950538624907,10519.3,2960.2,0.10978235061337553,2716.6,0.04693911045462005,0.08967091216962376,0.25325991487061694,-0.7895770504662218,1,1
70830,2022.0,725.745,-0.0033052886374774645,-1.4069878444600015,-28.393990863036002,1.044048814968815,0.5265079051678511,285.377,0.3746770491680985,-1.52,480.66,-24.3,80.997,-22.108,-0.03677006237006237,1376.144,602.707,-0.01374359382421031,455.444,-0.013031149448515333,0.32333942262934623,0.20414231127230978,-0.7595033235299077,1,1
71038,2022.0,611.346,0.019001752410683442,8.494013862633901,22.585317507418395,3.2646701552715105,0.1898528129013648,471.82,0.4780348946397263,8.88,92.117,3.49,19.236,53.92,0.14454834005318692,1141.018,582.388,0.04425853815493115,524.433,0.09251364917685771,0.11050982680342397,0.04972286516892513,-0.5706647078092361,0,0
70978,2022.0,1854.568,0.007066932448908406,1.3687613413572168,18.008983199041772,1.5355164910005878,0.4452912833990364,816.828,0.07977242132770766,1.61,301.331,41.475,334.663,844.059,0.08526391934677856,17904.228,1472.535,0.045725656893346234,1133.874,0.08617100799363003,0.2986760433698983,0.2594389946588705,-0.8454492963241222,1,1
71269,2022.0,301.345,0.049025990042744425,0.3505103118181178,17.460256641966385,3.2271378941742386,0.2950729171458803,214.522,0.2932168115160041,0.31,-21.763,67.284,140.709,49.797,0.18482763228220203,867.193,304.318,0.047980459792264854,253.699,-0.03976281710999987,0.19952384518661867,-0.00976938597125361,0.021790750964169065,0,0
71111,2022.0,955.868,0.1381449798999244,5.209365190094175,17.00207160911267,4.188642853019044,0.23428679925729368,657.351,2.1545268599967375,5.19,117.311,-0.863,0.672,59.741,0.2463607346985905,348.92199999999997,858.482,0.14993161084689613,880.092,0.132799289250154,-0.024554251146471067,0.1134397692671484,-0.07861338166377554,1,1
137304,2022.0,4451.6,-0.012761747433581732,-0.5149476831091181,-75.54165457184325,1.0103111594231031,0.4142605165873342,2424.2,0.3969709467949394,-0.98,-1891.5,1237.8,1865.3,-68.9,-0.013374225983655882,8149.2,4138.7,-0.006608668962275914,5085.8,-0.014153406914801017,-0.18622438947658193,0.07560345035880846,0.9310616867676788,0,0
71844,2022.0,3504.048,0.10032309278413407,4.312813767807191,34.62704583136463,6.531578625840397,0.16250284346134586,2691.308,1.247209653794475,4.31,1233.698,9.053,166.568,232.81,0.18862650477460585,2281.227,3213.513,0.09035683985093315,2994.891,0.0730942865383144,0.07299831613237338,0.09041040132714567,0.11029882131383537,0,0
71429,2022.0,44200.0,0.2639245929734362,8.038222222222222,16.04583655866416,14.583165829145727,0.6222367872251683,12680.0,0.8139185257032008,7.99,9950.0,409.0,12414.0,9043.0,0.9088442211055276,26076.0,33566.0,0.21927740058195927,21731.0,0.14603584873855144,0.5446136855183838,0.31680867544539115,0.20361055116935836,1,1
71542,2022.0,750.114,0.04058229736157519,0.6814062388718751,41.04746684783319,1.9361167901204137,0.32438247863882463,454.973,0.15798840667296662,0.65,-859.922,-4.717,17.316,76.541,0.04716775330613653,4058.934,673.418,0.017957035058693914,619.764,0.02388360330564728,0.08657166276195455,0.11389062959410058,1.2599664827143742,1,1
71560,2022.0,134.534,0.08939900276917666,-1.1186201331450474,-8.34063300270514,1.0650824740487417,0.5651094243526341,61.821,0.5728418643261846,-1.14,76.398,-4.146,59.582,-22.18,-0.12769803847061736,183.28,142.153,-0.08937998178550416,148.18,-0.15948948938119162,-0.04067350519638288,-0.0535971805026978,-2.0002128103328345,0,0
71859,2022.0,27281.0,0.07269158316316031,4.964114832535885,14.626978313253012,4.321654563576819,0.872697308185314,3476.0,0.40182776077230986,4.96,16407.0,-659.0,7405.0,6225.0,0.29545778157482555,59842.0,27305.0,0.09160878267012008,24689.0,0.0017980616018828484,0.10595811900036453,-0.0008789598974546786,-0.2064998459272178,0,0
140412,2022.0,2321.422,0.008997807596267646,-0.38151852278840986,-89.90389181974993,1.1416048255274083,0.3947205945014578,974.472,0.09767210984822655,-0.39,-75.629,142.223,850.283,-79.423,-0.012698057919630822,15344.861,1609.954,-0.004818405979596744,922.191,-0.012055529942654991,0.7457923575484904,0.4419182162968632,-2.867382622877427,1,1
72047,2022.0,5081.542,0.10454288646940722,4.949079457997412,67.32161057984256,9.630949522174783,0.8358426932350632,690.149,0.4803551311318448,4.96,4500.109,197.213,1582.349,757.516,0.14305881037638876,7142.498,4204.193,0.08655090228123935,3685.281,0.08273248699698707,0.1408066304848939,0.20868428257218452,0.207877488436857,1,1
72078,2022.0,3995.7,0.018380983423356305,1.7384834675938925,15.783871697081878,1.3799490944912465,0.4067542868923585,1858.904,0.40443159201732626,1.9,654.822,-8.431,353.385,321.988,0.08742779471188752,7255.718,3133.447,0.04155874327871984,1589.46,-0.0640886600020196,0.9713909126369963,0.27517714516952085,-0.5577107974588758,1,1
127429,2022.0,886.379,0.029735128388179512,27.728617106314946,10.71456246306413,2.6923753768364933,0.40430377213209506,583.326,0.24890415565526855,27.13,60.982,246.296,586.145,208.131,0.25128187792248247,3114.472,979.234,0.05290325991610452,603.896,0.023062680868996113,0.6215275477896858,-0.09482411762663472,-0.437933911155299,0,0
72268,2022.0,2279.997,-0.01645082060332077,4.84656954887218,48.970719930188594,3.1253083635153045,0.4422217292609329,734.208,0.6998890860927998,4.86,892.518,156.73,567.247,103.135,0.06381993909770296,1232.3630000000003,1316.308,0.05483751591130716,1273.049,0.04925465968811997,0.03398062446928595,0.73211512807033,-1.2999920826087004,1,1
65792,2022.0,11737.065,0.0017879764585106176,15.747214558978191,11.569030149280023,1.4193141445776694,0.3461397157459149,7323.636,0.7874160507523735,15.01,6725.112,-499.73,591.895,1033.159,0.12268220639618595,12404.001,11200.613,0.07263227285678664,9552.197,0.0359857593840094,0.17256930526034997,0.04789487861066186,-0.9753831680025203,0,0
73241,2022.0,33364.0,0.05206005674257451,7.521413223611654,46.05916331155254,4.001870303849211,0.43029259896729777,17543.0,0.37734207462778013,7.39,13662.0,-931.0,2823.0,3826.0,0.0868854320426933,75279.0,30793.0,0.0468843820844311,27243.0,0.028346688730462772,0.13030870315310356,0.08349300165622058,0.1103922975634586,0,0
72316,2022.0,95.828,-0.03445040342170189,0.15942680247653288,49.113448167867205,0.9910214863498482,0.6820177745056795,24.187,0.17556809657353228,0.17,-266.859,-126.242,13.427,3.193,0.020178210313447926,419.253,76.064,0.0073699638772519015,65.507,-0.03164585204773555,0.16115834948936736,0.259833824148086,-5.674433144514637,1,1
72276,2022.0,47.401,-0.44171695008228196,-0.1526075409216682,-26.800772591567757,9.318084255297602,0.24760215477598205,34.359,0.7282324424315877,-0.15,-317.967,9.675,29.296,-13.733,-0.34767968809336947,27.927999999999997,45.666,-0.2189991707597117,40.128,-0.09276746093503543,0.13800837320574155,0.037993255375991034,1.0169800120701764,0,0
62851,2022.0,691.063,0.009775505033618678,3.154673936437334,12.029769403952425,0.9575026936180824,0.9377475603949679,43.016,0.041105307331910756,3.13,731.205,1244.762,1877.965,175.892,0.07959443456193692,1026.6220000000014,690.993,0.010463340029818602,733.664,0.005603025718283905,-0.05816150172285942,0.00010130348643175305,-0.06573761286928657,0,0
72282,2022.0,12651.4,0.08804695309639042,12.049811259923967,9.62836657748049,2.528365824526479,0.2507563990914233,8345.3,1.2130449461452173,11.93,3411.3,-230.0,889.1,897.0,0.2625955092362188,7214.7,11138.3,0.097690070898814,9149.7,0.05022224312692552,0.21734045925002987,0.1358465834103948,-0.09871133999290249,1,1
19140,2022.0,187.308,0.013565366496918217,2.0827144313382844,18.87920850230737,2.1970108788517404,0.2512629842513596,116.195,0.06074129682519988,2.03,112.673,-155.6,539.139,28.604,0.11637198024394015,-256.13700000000006,155.188,0.011195737134237296,148.128,0.011426833724046685,0.04766148196154679,0.20697476609016166,0.21165460873803835,1,1
72909,2022.0,1345.187,0.3040023687317853,5.124173017756239,7.3455755435209165,5.981642699185745,0.5188431701666992,622.909,1.6578736406431684,5.2,145.099,-64.819,266.896,254.82,0.8143191318019711,454.03799999999995,1294.607,0.3263224755533472,901.278,0.15386243311177164,0.43641251644886475,0.03906977175312657,-0.06839892588983804,0,0
88206,2022.0,616.619,0.13704218368758236,3.861907756813417,42.732765874286834,7.156873458967627,0.8270827875886365,95.714,0.37733848971892786,3.87,481.977,-318.019,663.187,184.213,0.167479762017325,788.7770000000002,553.525,0.1255781675743514,428.867,0.10508119896504017,0.2906682024963449,0.11398581816539462,0.09128988210823703,1,1
72990,2022.0,12682.0,0.021497428316240106,0.7302598350075762,58.171075504322765,3.6431289616171334,0.7282974427994616,3230.0,0.36886034316919547,0.69,-1129.0,173.0,2113.0,1041.0,0.06262784261821683,29322.0,11888.0,0.03230010239225542,9913.0,-0.0026643272573675146,0.1992333299707455,0.0667900403768506,-0.33444705359836463,0,0
73007,2022.0,18098.0,-0.0013245033112582781,7.1603053435114505,8.339029850746268,1.678182793391976,0.41146503370555243,11437.0,1.2908861432177494,6.41,14257.0,-684.0,1587.0,938.0,0.20124436816133875,11784.0,19433.0,0.062309020858243656,15955.0,-0.010627893329855904,0.21798809150736445,-0.06869757628775794,-1.021257007300301,0,0
73034,2022.0,553.144,0.0374734604744603,3.162497095499962,30.213466483799067,4.173278113434774,0.2709132119380553,360.914,0.6605348626815722,2.41,224.395,-4.351,28.567,40.831,0.138126425038734,717.591,495.022,0.05448303101306867,422.969,0.05921317179290028,0.17035054578467926,0.1174129634642501,-0.3121994173659014,1,1
73119,2022.0,5344.685,-1.5723414839990886,-6.826418960953416,-2.4742108705324832,7.950990898389273,0.3330859106599094,5247.132,1.5335089342864694,-5.64,9620.077,-936.34,439.496,-559.623,-3.213546182778719,3818.6310000000003,7867.778,-0.10907614199742252,9233.028,-0.023350570627217578,-0.14786590054746937,-0.32068685720415596,13.415081567848661,0,0
73083,2022.0,33523.2,0.19299135780910742,11.729248123679834,7.159026658364864,2.0081727417458772,0.28692790476019203,19825.9,1.1577121823458625,11.56,13644.3,197.1,3237.2,4175.8,0.28050918617539383,19601.7,27803.5,0.17387647350297095,20336.1,0.1255109108886809,0.3671992171556986,0.20571870447965174,0.10993370132854614,1,1
107336,2022.0,9440.0,0.0505422153369481,0.6642700844013755,29.355529411764703,3.166857747223691,0.21967579653437674,5584.0,0.6843262886105002,0.69,-158.0,-7.0,172.0,204.0,0.10787942887361185,9160.0,7156.0,0.019508463230372,6559.9,0.02143607616021321,0.0908702876568241,0.31917272219116827,1.5907840479336584,1,1
140448,2022.0,1358.207,0.047017652774083034,0.8627412694624637,23.66874139766469,1.64262571626362,0.37954495304876557,708.582,0.32946726361252643,0.91,474.894,76.125,249.159,119.299,0.06940063642022351,3149.0480000000002,1142.036,0.034416704098391634,1016.609,0.031102945830135415,0.1233778178237651,0.18928562672280036,0.3661288611386896,1,1
73271,2022.0,32250.3,0.11729048122837617,3.558728813559322,30.99702331340938,-24.461737953845002,0.2691444774023936,21239.1,0.9257149774150596,3.57,-6168.5,2104.8,6617.9,4199.3,-0.7891640983236865,23563.1,29060.6,0.13376719354242722,23518.0,0.03160224003812831,0.2356748022791053,0.10976029400631786,-0.123174538373081,0,0
122405,2022.0,540.0,0.011327643318262049,2.3949838715523173,9.970839588377725,2.2223188073394495,0.6794532627865962,145.4,0.05758903066082651,2.26,-197.2,-440.3,524.8,330.4,0.222881813275769,7333.099999999999,453.6,0.04194756554307116,450.9,0.015022513303315594,0.005988023952095909,0.1904761904761904,-0.7299570744664315,1,1
73791,2022.0,885.505,0.045392833702084696,1.743232898716227,16.97420925327363,1.8106240878173092,0.5583148427067123,475.948,0.11179908280124727,1.76,-2544.634,-143.147,24.411,416.739,0.10666912730960433,9614.067,1077.573,0.043237013146681456,897.567,0.016775767893041593,0.20054881696853838,-0.17824128852523224,0.04986053379981694,0,0
74202,2022.0,83.336,0.154355980957828,0.5528534370946823,4.938017595307918,-6.312517338331772,0.15511270194447138,87.336,1.8792495364142094,0.56,-78.181,0.275,6.309,6.82,-1.2783505154639176,38.268,103.37,0.12398647420281424,87.585,-0.026564166549274515,0.18022492435919407,-0.19380864854406507,0.24494209509769596,0,0
74249,2022.0,3303.156,0.015538587931767572,1.3857391770540144,28.2520698326724,6.192906144182017,0.1415471692957226,2513.155,1.0462506142506143,1.03,1168.863,35.542,189.627,72.373,0.2192018560360546,2554.4120000000003,2927.54,0.02586482019209292,1983.225,-0.09223153239797979,0.47615121834385915,0.12830431010336324,-0.39923850943615524,1,1
74279,2022.0,2513.897,0.09562792956692233,11.496637770396175,27.371480800264973,4.102796879035423,0.4020485324492002,1243.696,0.659937608354084,11.54,1194.661,-204.689,481.219,283.806,0.14989312814218314,2448.446,2079.928,0.09004843094402265,1445.695,0.04730904468019827,0.43870456769927263,0.20864616467493108,0.06196108654428522,1,1
74217,2022.0,4581.1,0.07476922218813621,7.913127413127413,15.59434008294706,3.426675243915514,0.28607058236687866,2862.5,1.144655704008222,4.4,1174.1,255.2,529.6,409.9,0.2197383939101533,2953.1000000000004,4009.5,0.11702066917894255,3950.6,0.06110433190970104,0.014909127727433831,0.1425614166354908,-0.36105969387508285,1,1
140633,2022.0,2753.434,0.020621370073318167,-0.4895517593709527,-54.110723724163925,10.276386345076995,0.7133326119014255,625.178,0.6955754047041525,-0.5,-1716.636,129.052,1413.272,-143.259,-0.1899140436092139,1651.339,2180.848,-0.0456920596495089,1684.179,-0.10004681780779162,0.29490273896064484,0.2625519981218316,-1.4513118960164846,1,1
74417,2022.0,2125.5,0.035924270931326434,4.955240075956235,14.762150547445255,1.5766241473397,0.28294677931442713,1332.5,0.5507379526998992,4.89,1835.3,-68.2,304.4,164.4,0.10680179302280259,2873.7,1858.3,0.0487226601861182,1594.8,0.03502212251511186,0.16522447955856534,0.14378733250820647,-0.2626783760554645,1,1
74442,2022.0,6471.471,0.0720897793998637,2.1001012794278746,14.651674327050834,2.858246460511714,0.2185235417703621,5079.132,2.3706353519621537,2.09,840.188,-1.23,142.014,203.21,0.19507985208452536,1918.295,6499.405,0.07412014020856206,5912.066,0.05668921548923482,0.09934581244526025,-0.004297931887611281,-0.02739283550982563,0,0
141719,2022.0,4014.5,0.0968467579620348,5.325351263207273,45.49559043624161,10.254466067883143,0.34887936243058953,2263.1,1.6425027172628892,5.35,495.3,-1.5,53.7,238.4,0.22539472440200434,1807.8999999999999,3475.7,0.11266008222673787,2704.5,0.07153387981364628,0.2851543723423922,0.15501913283655097,-0.14036315216668693,1,1
140635,2022.0,29.752,-0.3413565020660183,-1.4840432481871038,-9.797558135695812,4.511252704709107,0.4323324951930188,3.838,0.026913630374466084,-1.6,-595.631,5.286,191.414,-90.865,-0.4604466380529134,49.81200000000001,6.761,-0.36170788699539425,6.482,-0.7207137206148282,0.043042270904041946,3.4005324656115956,-0.056264697732828474,1,1
74439,2022.0,196.245,-0.04374249345717927,3.407765253175881,45.32589205082432,3.153872538692263,0.7897327276073222,58.272,0.21357516626977704,3.44,448.173,-28.44,341.108,57.138,0.0695821393907879,948.079,277.133,0.04403393984232308,186.419,-0.0021911714509078493,0.48661348896839896,-0.29187429862196124,-1.9933813239018034,0,0
74858,2022.0,3358.647,0.19453191274587175,0.29729530124238895,99.16066576499489,1.7412814600720945,0.7897417890315048,551.485,0.5011283007166443,0.3,221.684,332.706,332.716,36.229,0.017560203399590236,4876.188999999999,2622.894,0.006921887505428472,1126.582,-0.15364706151858634,1.3281873844957575,0.28051190783920366,27.103882444392603,1,1
74911,2022.0,1222.658,-0.007700973719739502,0.6536305691681881,26.00857548880286,1.2351746093804543,0.30542915235623985,779.205,0.5456099557374714,0.65,548.145,73.272,283.306,20.407,0.047491051938320046,1557.414,1121.851,0.009924903010056217,1072.77,0.010862884301895505,0.04575165226469805,0.08985774403196127,-1.7759243301356837,0,0
140490,2022.0,0.0,-0.29769496785052135,-1.9597728774860301,-7.14368494473656,1.839698860462408,,0.0,0.0,-1.97,-434.757,-234.821,517.96,-130.466,-0.2575279949625846,12.855000000000018,0.0,-0.24429502051302215,0.0,-0.13847858197932053,,,0.2185879483968144,0,0
140639,2022.0,53.163,-0.3806838871406066,-1.7719021913660484,-2.4437014757918356,-616.8882135076253,-3.037521440823328,150.648,0.10993161683033253,-1.81,-623.804,13.671,305.226,-115.87,252.4400871459695,31.36700000000002,37.312,-0.3413855178529865,100.362,-0.0916877403021778,-0.6282258225224686,0.4248231132075472,0.11511434209269375,1,1
140563,2022.0,112.724,-0.33641157466745397,2.984754033293642,10.955676627033794,1.832496879489414,0.36117377170472004,300.47,0.42225093006219566,3.01,-163.801,7.483,457.439,127.84,0.16726460098024593,645.078,470.347,0.11476752036082104,154.567,-0.1570963788049096,2.0429975350495253,-0.7603386435971741,-3.931243731761387,0,0
140631,2022.0,28496.0,0.015195280359925074,2.6470801786450844,5.534399795739714,0.9496964648740674,0.41819032536711775,16165.0,0.4815334754501811,2.62,-8512.0,-289.0,4332.0,3427.0,0.17159881828651544,46363.0,27784.0,0.0593944435778783,26982.0,-0.005961307044339535,0.029723519383292565,0.02562625971782321,-0.7441632677305757,0,0
140762,2022.0,40.907,-0.2912221692311554,-1.877657049422438,-1.4432880598901638,1.0810349797485665,-1.7600694908459178,103.268,0.19300508111732997,-1.89,-347.242,12.993,132.539,-71.197,-0.7490084687812318,60.74199999999999,37.415,-0.3672693508034356,171.128,0.1404558382775705,-0.7813624888971998,0.09333155151677128,-0.2070610613325614,0,0
140782,2022.0,17531.587,-0.017240821901560816,0.35764307099349596,451.5954958985832,22.944220089188185,0.25153824459183216,13218.735,1.2682394301669913,0.36,-44.4,2181.919,5423.177,166.284,0.05080701711502648,4440.789999999999,17661.203,0.011940745225899276,9497.578,0.0215921698557685,0.8595480868912055,-0.007339024414135424,-2.443864815419205,0,0
140701,2022.0,223.736,0.04447038029425263,1.066044669216109,27.587962164499125,2.455099534769579,0.6769083414404204,64.429,0.10479038140180137,1.12,2.929,-4.764,6.3,85.581,0.08899169573056982,1896.13,199.414,0.04497209639617863,171.114,0.04635713553521534,0.16538681814462863,0.12196736437762647,-0.011156164424850484,1,1
140802,2022.0,832.503,0.06269116250772025,2.1653624507127693,15.447760253249664,2.8262896901668335,0.17379511822382668,501.703,1.219571369180436,2.18,85.179,-209.828,159.835,35.696,0.18295789446708183,323.049,607.238,0.07169152720064428,589.505,0.041712241743244866,0.0300811697949976,0.37096657323817017,-0.12554293435170605,1,1
141833,2022.0,5825.7,0.04752495185833134,1.694235588972431,45.02915680473373,2.8800633922751837,0.6480674443831236,1849.3,0.319133946737117,1.66,5838.6,-1005.5,819.3,608.4,0.06395996720001682,15088.300000000001,5254.7,0.036949986335064224,4634.4,0.100507740709591,0.1338468841705507,0.10866462405084971,0.28619673705350873,0,0
140887,2022.0,7923.0,0.021423534275223113,1.828914964508185,27.273001188118812,1.0107995302998531,0.2805000718494037,5007.0,0.1761593762656946,1.97,1441.0,10.0,1474.0,707.0,0.037062277206961626,,6959.0,0.01789692183070069,6320.0,0.015361023715728525,0.10110759493670886,0.13852565023710303,0.1970513408888456,1,1
141580,2022.0,463.475,-0.1361673029124597,-0.472117415343727,-31.242228142042173,1.9182872802855302,0.6436939242994392,190.7,0.5420975547502184,-0.48,-272.294,0.355,220.655,-39.791,-0.06140046323085777,751.585,535.214,-0.040302764503667564,561.034,-0.02095161384440399,-0.04602216621452521,-0.13403797359560854,2.378609497124408,0,0
142355,2022.0,1580.796,-0.3371186038755591,-4.828252649269408,-7.460255835089824,-7.624043097068202,0.8564765011144866,200.124,0.6122355428944771,-5.01,-3627.363,-33.118,1213.729,-1034.26,1.0219546441300302,1016.711,1394.364,-0.4541215440114933,1307.682,-0.4935594021532931,0.06628675778973789,0.13370396826079847,-0.2576467504765046,1,1
141762,2022.0,1.327,-0.6422041596008031,0.006295731962560488,436.8038563829787,4.324904542462146,-0.015181741335587544,30.024,0.6893457333985968,0.01,-255.491,13.049,30.536,0.376,0.009901250822909808,11.425999999999995,29.575,0.008763955900519777,7.894,-0.9424490218403893,2.7465163415252087,-0.9551310228233305,-74.27788579615228,0,0
140989,2022.0,19.712,-0.42858837185337556,-2.812917366844451,-9.438599339227645,3.281812525061321,-7.163834951456311,208.537,0.03770426711814171,-2.85,-858.192,63.837,499.845,-192.502,-0.3477012220893646,172.58799999999997,25.544,-0.284142923143459,90.732,-0.2025420798390505,-0.7184675748357802,-0.22831193235202007,0.5083549050313263,0,0
141791,2022.0,2.216,-0.6062321789885537,-8.170618457565185,-3.2274178676871133,5.160460511105495,-21.192776327241077,254.995,0.015632312765980604,-8.19,-1255.631,-227.892,590.258,-297.386,-1.5989440235712866,131.25299999999993,11.49,-0.40459799514568395,9.019,-0.28889059909188225,0.2739771593303027,-0.8071366405570062,0.49835685362273535,0,0
141382,2022.0,0.0,-0.6053194607268465,-0.9288353310134467,-2.59464720982401,1.1547224223461847,,0.0,0.0,-1.03,-264.512,47.003,69.451,-43.241,-0.445040242069945,38.43900000000001,0.0,-0.39505732949614,0.0,-0.0700931847677396,,,0.5322319459276377,0,0
137244,2022.0,13.484,-0.8055335902579512,-0.9811391709334953,-5.289769437155409,2.4781158579538394,0.9613737440289903,0.469,0.09605860666761601,-1.0,-340.566,-6.643,88.815,-33.917,-0.46847332145471626,29.822000000000003,12.142,-0.26832645053084603,0.0,-0.4530203211833364,inf,0.11052544885521336,2.0020655386910855,0,0
141597,2022.0,1668.3,0.07732505024666544,3.007461356286129,23.84070533446232,4.178669189670526,0.4192597915918074,808.1,0.5635884973673552,2.97,809.2,17.6,276.0,118.1,0.17527456218462453,2067.2,1391.5,0.047833130822195216,1216.1,0.077704005140287,0.1442315599046132,0.19892202659001074,0.6165584170958256,1,1
141673,2022.0,52.121,-0.31194107810335275,-3.596541631984534,-32.87602705567915,8.466498859882874,-7.895168365957705,294.012,0.025534120686245425,-3.78,-705.633,-39.12,748.688,-267.892,-0.2575280414979563,536.1229999999999,33.053,-0.20695206664689014,57.994,-0.19847202959537025,-0.43006173052384733,0.5768916588509365,0.5073107660026369,1,1
67308,2022.0,354.326,0.06064459276729376,1.3959708646776863,2.2994749254606774,1.3041146385579743,0.606404621373854,78.355,0.7566802234976624,1.38,104.488,10.997,48.754,81.836,0.5671358378899076,192.30599999999998,199.075,0.31105705271960166,67.176,-0.3411478984932593,1.9634839823746575,0.779861861107623,-0.8050370752340373,1,1
142273,2022.0,14121.0,-0.01310329766324525,11.740024158172455,3.5306571299638994,1.6464512205387207,0.07916666666666666,12597.0,1.269252180367415,11.76,-1615.0,-171.0,1521.0,1108.0,0.4663299663299663,7127.0,13680.0,0.10280200408239006,12670.0,-0.053308644381639216,0.07971586424625099,0.03223684210526316,-1.1274615001935535,0,0
142015,2022.0,3.114,0.23460470553850646,-5.80992241731319,-1.3545791896545665,31.700049342105263,1.0,0.0,0.21716930796275685,-6.27,-214.063,3.769,46.303,-28.457,-23.402138157894736,6.8359999999999985,12.292,-0.5027649688168053,4.309,-0.33148449026089233,1.852634021814806,-0.7466644972339734,-1.4666289819090208,0,0
141920,2022.0,110.777,0.21327297059426353,-0.2077849591095508,-15.689297309923306,17.894897207051194,-0.039317324306216705,88.422,0.532120363015455,-0.22,-434.882,-24.628,128.055,-25.687,-1.1405799032014565,31.604000000000013,85.077,-0.16066123352701664,16.597,-0.41633269864297157,4.126046875941435,0.30207929287586543,-2.327470018200749,1,1
141926,2022.0,3826.321,-0.09997728485397997,-5.26353702595474,-50.030996020633744,4.308080460022267,0.5507711731734275,1276.636,0.21862657803556967,-5.45,-2137.832,547.946,5359.418,-949.9,-0.08610822895161893,7545.847,2841.839,-0.07307711185467848,1761.776,-0.05175045768439154,0.613053532344634,0.3464242696366684,0.368106679596141,1,1
142257,2022.0,1236.1,0.12418051978459377,2.3333333333333335,13.362857142857141,41.57333333333333,0.3596108688359611,1909.0,0.9341899091193983,2.3,98.0,-530.0,231.0,420.0,3.111111111111111,2714.0,2981.0,0.13162018176120338,2353.0,0.10390036053752869,0.26689332766680834,-0.585340489768534,-0.05652371754133637,0,0
142018,2022.0,257.8,-0.06948364056419537,-2.0721995391518777,-42.80475809598128,-198.1014716504153,0.5442209761250347,86.727,0.6030449677850775,-2.12,-362.523,100.267,193.346,-51.26,4.628024557602022,110.45899999999995,190.283,-0.16245321467846877,138.923,-0.25009151510480887,0.3697012013849397,0.3548241303742322,-0.5722852225379533,1,1
142756,2022.0,3835.0,0.04397801099450275,1.4678409394182013,35.501121818181815,3.142956458752515,0.36616702355460384,1480.0,0.2915834165834166,1.77,357.0,169.0,695.0,176.0,0.08853118712273642,7250.0,2335.0,0.02197802197802198,921.0,-0.06413529036375239,1.5352877307274702,0.6423982869379015,1.0009995002498748,1,1
142757,2022.0,2529.0,0.016647826533758094,-1.9409346932562033,-9.727272156862744,1.0028791374663073,-0.084070796460177,1470.0,0.13917684491429744,-1.95,-83.0,-218.0,763.0,-459.0,-0.10309973045822103,8824.0,1356.0,-0.047110746176742276,832.0,-0.13601586851799377,0.6298076923076923,0.8650442477876106,-1.3533764137655884,1,1
142019,2022.0,1522.741,-0.06787219801782626,-4.291231845077999,-3.4861784541329253,4.560915770139072,0.0100543523744606,1715.163,1.719342344604203,-4.43,-323.27,122.022,252.218,-159.548,-1.3082852269745473,419.8380000000001,1732.583,-0.15832871059967193,1670.137,-0.019897370685913934,0.037389747068653736,-0.12111512118034178,-0.5713209703991179,0,0
142631,2022.0,2270.336,0.09083661415976885,2.465853322304935,21.526016782857113,3.6922331623905396,0.5361250133849799,996.371,1.0708402880395007,2.4,225.384,130.225,287.041,178.873,0.1715242164695774,1555.188,2147.93,0.08917628360444223,1612.169,0.051434862621246094,0.3323231001216372,0.056987890666828044,0.018618521519592816,0,0
142585,2022.0,12451.0,-0.008335592301436703,2.330255296034764,25.568013986013984,2.347747859589041,0.2467906517445688,9153.0,0.8087853577371048,2.3,-4907.0,314.0,1818.0,429.0,0.0918236301369863,11533.0,12152.0,0.02855241264559068,9286.0,-0.011440107671601614,0.3086366573336205,0.024605003291639237,-1.291940033401134,0,0
142095,2022.0,75.895,-0.15917279411764707,-0.9990096068139052,-10.640538316645188,2.429789916917574,0.4025640626701725,38.399,0.9681126675704171,-1.01,-57.434,-23.662,14.511,-10.087,-0.2283521608222217,46.405,64.273,-0.15193553245970778,48.502,-0.05969741657108526,0.32516184899591755,0.18082242932491094,0.04763376637955675,1,1
142678,2022.0,864.665,0.14831413502061305,-2.690719987099895,-5.4557888113145365,0.6226162900043428,0.17930551173012996,223.677,0.11613615251536145,-3.48,-421.698,-116.744,97.883,-133.492,-0.11412030625399658,2247.2900000000004,272.546,-0.05688304826187371,417.248,-0.0034862048774092535,-0.3468009433238745,2.1725470195856844,-3.6073520943852393,1,1
142061,2022.0,0.382,-0.6525122526095252,-0.677123281768432,-29.713939162530227,16.45202212747965,-37.324999999999996,15.33,0.011092623405435386,-0.7,-165.854,-9.243,28.699,-15.714,-0.5536802790599344,7.023,0.4,-0.4357737104825291,0.062,-0.37766213986546515,5.451612903225807,-0.04500000000000004,0.4973648866679062,0,0
75886,2022.0,11443.0,0.3191104215153866,53.664865965043205,1.2022763653603035,1.3415631881502381,0.32976519337016574,3882.0,0.526114996820783,62.19,825.0,635.0,914.0,6328.0,1.1158525833186388,9787.0,5792.0,0.5748024343718775,5210.0,-1.4784325637910085,0.11170825335892515,0.9756560773480663,-0.44483460327703994,1,1
75898,2022.0,746.2,-0.05128270580727505,-4.528442143295503,-21.6255385188013,5.3529976990314205,0.517503805175038,253.6,0.1524892654055936,-3.04,-1560.4,-69.8,1154.6,-523.9,-0.24753130167729742,2248.0000000000005,525.6,-0.1519960543112452,903.9,-0.059331476323119775,-0.4185197477597079,0.4197108066971081,-0.6626050193233143,1,1
140680,2022.0,1021.805,-0.037583673853579413,-2.549950246888084,-34.28694348319074,3.596958309034523,0.7237515272391861,286.018,0.4704171060600622,-2.68,-904.961,-44.84,207.992,-135.818,-0.10490752291168623,1924.959,1035.365,-0.061708779523033455,934.241,-0.14307664043932217,0.1082418776311466,-0.013096830586315028,-0.39095094500206556,0,0
75930,2022.0,313.789,-0.025160003041434297,-0.3716862941618642,-54.75047188890387,2.700674696070868,0.6848940556024039,94.165,0.3768176613891649,-0.38,-7.912,-6.948,55.01,-14.834,-0.04932696656114495,727.647,298.836,-0.018704952512571683,253.227,-0.021132398619718166,0.18011112559087306,0.05003747875088669,0.3450984718899524,0,0
142249,2022.0,1577.795,0.012186466983771236,0.2849613499889335,321.5874714362451,29.006979112240764,0.8473388735334949,182.654,0.3344571664980125,0.29,612.129,316.801,958.779,137.762,0.09019934446666221,962.8770000000002,1196.467,0.03850961887883175,836.033,0.08799863453713169,0.4311241302675852,0.31871167361908015,-0.6835474528554739,1,1
142248,2022.0,23.682,-0.34662902690136166,-1.5780187074829932,-2.6425542233598276,4.283133358807795,-9.860378634212305,32.125,0.04289443155452437,-1.74,-278.969,11.789,47.085,-29.692,-1.6208308313772586,19.70499999999999,2.958,-0.4305684454756381,4.92,-0.6255311879390976,-0.398780487804878,7.006085192697767,-0.1949502325502527,1,1
4229,2022.0,92870.0,0.06517245383811404,22.771385537491657,20.3703019843164,3.7155532164179106,0.1682317249349899,69090.0,1.8725821723251725,22.79,23128.0,-1279.0,16586.0,2933.0,0.1824004975124378,14833.0,83064.0,0.06612110555029532,76546.0,0.09628528124910635,0.08515141222271576,0.11805354907059616,-0.01434718467403248,1,1
76085,2022.0,12726.0,0.07449340160092305,7.546617380643036,70.22616534917556,14.672849625088665,0.847498179548528,1466.0,0.6195540087651457,7.65,12272.0,-3878.0,3870.0,2062.0,0.20893707569155942,11023.0,9613.0,0.1328950760505285,7649.0,0.1670478455767999,0.2567655902732383,0.32383231041298244,-0.4394570226770505,1,1
142258,2022.0,138.055,0.012516806114779148,2.1960209329603897,9.576411446884567,1.2264097302246286,0.9559090264985121,6.223,0.0450488119229657,2.2,109.219,137.686,415.125,48.677,0.12806568901377027,33.63999999999987,141.14,0.015536637508673668,135.1,0.008267810643835333,0.04470762398223532,-0.02185772991356086,-0.19436840128429547,0,0
76190,2022.0,1513.616,0.07789635218126292,6.805037313432837,21.628095956134338,2.4594552357144983,0.2730847841777574,969.867,1.1065576217797837,6.78,584.814,-8.08,42.115,80.245,0.11371575383717157,1062.231,1334.223,0.06655238019410455,1163.466,0.05104887729429232,0.1467657843031082,0.1344550348779777,0.1704517848057862,1,1
76192,2022.0,8438.7,0.136692669040885,2.3183005981954947,32.411672609879425,7.068128713442355,0.6848216511017607,2149.8,0.4210562054384394,2.33,4154.6,37.4,319.4,1285.5,0.21807355635475334,15535.4,6820.9,0.07935430105867465,5438.4,0.021203000218462508,0.2542107972933216,0.2371827764664489,0.7225615652491767,1,1
76234,2022.0,2142.02,0.09176228131542859,0.37720973507663685,12.486422173179278,2.605359090580757,0.3947109469055934,1095.529,1.5122585615250865,0.39,206.02,24.314,115.105,46.218,0.20865537416931526,900.904,1809.927,0.03861678741549601,1324.051,-0.2824929130473661,0.3669616955842335,0.1834841957714317,1.3762277355730148,1,1
142310,2022.0,618.968,0.1034614116487609,16.822413793103447,5.979522394178539,2.6181635539707044,0.7922221192362561,206.237,0.7762324824824824,17.25,656.838,77.468,450.499,507.364,0.43785496255012946,807.7270000000001,992.584,0.3967748998998999,421.712,0.3059556492081643,1.3537011040710247,-0.37640743755692213,-0.7392440608645794,0,0
76258,2022.0,42554.0,0.026679186920017677,20.017675755380676,9.65696529218878,1.380929541313595,0.2247823740585185,33039.0,0.21303747988043228,19.41,47715.0,-25.0,10343.0,8539.0,0.14299829185785579,166117.0,42619.0,0.04268347546162536,37223.0,0.018519295082139075,0.1449641350777745,-0.0015251413688730378,-0.37495279774010815,0,0
142178,2022.0,1945.64,0.11494846291556853,4.967697228144989,9.511449234929287,2.2116385834761054,0.19756741114491355,1351.798,1.2840139359862317,4.97,404.977,4.494,15.1,139.791,0.2325238277416457,1076.265,1684.625,0.10654809950312462,1157.917,0.036470432726746015,0.45487543580412076,0.15493952660087562,0.0788410441070097,1,1
142433,2022.0,59.985,0.11076572750438256,0.2187027898076342,51.66829380612481,8.238321462662459,0.6261016211511261,20.619,1.4003555104113763,0.22,-152.831,6.81,21.409,4.343,0.1594463617005654,16.195,55.146,0.11028440832910105,42.031,-0.2616741984075748,0.3120315957269635,0.08774888477858772,0.004364344720834835,0,0
72297,2022.0,1682.439,-0.03566432549784836,0.48774594408008287,21.09704883227176,1.1583597207410636,0.5325993724184989,874.056,1.366267290802568,0.49,161.857,-59.674,250.961,25.434,0.05490624446814298,887.8810000000001,1870.036,0.018582338668492217,1613.343,-0.06499470749168923,0.15910627808221808,-0.1003173200943725,-2.919259256549875,0,0
76444,2022.0,7919.622,0.04971201714971944,4.183028286189684,9.213420843277646,1.3192562763889393,0.09789787620864389,6095.182,1.6061550581343798,4.12,-3413.676,169.5,650.026,268.998,0.14318853972154147,2092.0,6756.643,0.06394484632798149,6960.37,0.03703306105831011,-0.02926956469268155,0.1721237898761264,-0.22257976984196665,1,1
32214,2022.0,418.551,0.012629058182138208,3.9574503868146653,10.855474055501254,1.2769658382857556,1.003718694142543,-1.267,0.039549555897319344,3.96,467.94,98.87,768.421,117.655,0.11763335546259489,479.20700000000056,340.711,0.013657331283988798,322.378,0.008484030887244486,0.05686802449298658,0.2284634191440839,-0.07529092473989324,1,1
76538,2022.0,3322.249,0.05692646387807373,3.7256479135504748,32.87481878105835,4.074650206889689,0.3561215671315971,2077.938,0.7792652372503359,3.72,1473.372,-182.045,123.665,244.097,0.12394441575560564,3732.4369999999994,3227.221,0.05894120874185414,2929.34,0.05364339771927842,0.1016887763113875,0.029445767736389853,-0.03418227937272932,0,0
76536,2022.0,14409.86,0.1720504920066782,32.2947530173507,21.868258277763278,-712.6731805248182,0.551351060955405,5979.397,1.1372895490944521,31.39,-1372.601,-103.527,362.113,2164.685,-32.58938921759029,6661.282,13327.563,0.18472046446762427,11604.493,0.15110425931920637,0.14848300567719758,0.0812074195409919,-0.06858997727978705,0,0
73128,2022.0,8840.54,-0.06383049967993888,-20.643980064359155,-3.7250568814859584,3.8531987456238808,-0.7345178258023293,2657.512,0.04749569530126382,-20.89,-408.609,-982.704,2701.77,-5260.499,-1.034399975145294,29010.607,1532.133,-0.16307400051862533,2208.805,-0.1785747299099186,-0.30635207725444297,4.770086539484497,-0.6085795437841819,1,1
261,2022.0,5663.0,0.04573378839590444,0.6118209498875957,52.02502465116279,3.887186898349261,0.2759452936444087,3600.0,0.4865446716899892,0.6,-1260.0,-889.0,722.0,258.0,0.07471763683753258,8765.0,4972.0,0.02524708875623838,5259.0,0.022808704011185878,-0.054573112759079674,0.13897827835880933,0.8114479985184011,1,1
101834,2022.0,3396.9,0.11554642563681183,2.5196506550218345,22.205459272097052,2.8878232940778723,0.2647132066074542,3543.2,0.9643000080044826,2.53,1162.4,-48.3,601.2,230.8,0.130050149321012,3842.1000000000004,4818.8,0.04618586408388698,3242.1,0.02701981316086644,0.48632059467629013,-0.295073462272765,1.5017703561190472,0,0
78827,2022.0,156.236,-0.042560321715817695,0.28626826397063915,125.16231978713111,1.8023269414981629,0.7122751938509005,42.524,0.42526364251082627,0.29,219.86,-1.431,94.386,4.134,0.01439991640106589,245.51600000000005,147.794,0.011895204799516595,130.457,-0.06559538299530913,0.13289436366005672,0.057120045468692766,-4.577939382560887,0,0
76678,2022.0,15927.0,0.007354850896040422,9.185511604710365,11.9198586547812,0.5651262325188259,0.024924237738883047,15766.0,0.17541632763764578,9.1,12205.0,-460.0,4684.0,617.0,0.04741048102043953,79885.0,16169.0,0.0066937889883374015,14546.0,0.004902192402192402,0.11157706586003024,-0.014966911992083616,0.09875750622775675,0,0
77013,2022.0,2169.38,0.13723951643663931,0.7466421731012467,14.679052958496353,3.174337200174444,0.1598357501762427,1495.673,1.5052317396432693,0.8,-331.919,-19.323,98.108,49.586,0.21624945486262537,806.4780000000001,1780.215,0.04192663304261067,1259.313,-0.058522081939442805,0.41363981790071236,0.21860561786076413,2.273325484952744,1,1
136776,2022.0,23748.7,0.08487225374100446,7.333827893175074,27.92266235079911,39.116259033583674,0.1805646276800123,17061.3,1.5774050335621317,7.14,-2665.1,-1152.1,258.1,988.6,1.4008785602947427,9378.8,20820.8,0.07489734381865842,18467.5,0.08437938082549466,0.127429267632327,0.1406237992776455,0.13318109046026125,1,1
76994,2022.0,308.024,-0.008238076578203506,0.26368359759921167,82.78861559368099,1.281210347177633,0.24326147309151103,232.237,0.07201086127610608,0.26,-232.859,-2.236,27.559,23.548,0.015475682713015726,4177.607,306.892,0.005525434880445714,263.226,-0.0020920102357792746,0.16588786821970472,0.0036885940330800577,-2.4909372305441004,0,0
76791,2022.0,454.818,0.037004236437874975,0.08760147955997503,220.08760693134457,4.198898990427368,0.4059179317434779,257.733,0.20109261958000987,0.08,-501.17,76.423,161.255,9.118,0.01907830726578438,1903.134,433.834,0.004226414954407746,392.042,-0.016568845108838378,0.10660082338116843,0.04836873089707119,7.755466947059493,0,0
76854,2022.0,51329.0,-0.013383423338811928,5.69860475061922,20.64540447154472,1.4223793248308847,0.14714952162568198,43144.0,0.5087288817377313,17.23,53949.0,386.0,5883.0,1599.0,0.06889568701796717,90990.0,50588.0,0.016080048270313757,44791.0,0.0442585346107138,0.1294233216494385,0.014647742547639757,-1.8322999479746456,0,0
72766,2022.0,460.713,-0.04306094904596089,-1.9347179513031203,-16.069525782328878,1.83042474193759,0.799426884746135,93.162,0.9745207428093063,-1.95,21.0,-8.974,87.847,-38.379,-0.11390658111084068,362.317,464.479,-0.08052276117602382,406.562,0.0047864359593124415,0.14245551723968294,-0.008108009188789941,-0.4652325824765362,0,0
77053,2022.0,2102.103,0.07841921161916951,3.3526831857418222,39.809905262631645,-25.458653967069854,0.20474845304703437,1644.915,2.335341152348866,0.12,173.186,-59.594,70.61,120.016,-0.6395055149997336,787.002,2068.421,0.1355035090730086,1813.234,0.06637716695120136,0.14073583442622403,0.016283918989412817,-0.4212754182113642,0,0
142640,2022.0,522.938,-0.015121502982009162,-1.9524108232741082,-53.031871553737815,18.789313676023582,0.8155135234175698,78.537,0.23421608316121786,-1.97,-301.437,172.078,1198.703,-115.161,-0.3543022926691197,611.404,425.706,-0.06335959172041035,351.737,-0.04212913278341812,0.21029632935972045,0.22840176083964042,-0.7613383771673201,1,1
77222,2022.0,1434.011,0.07007049255810639,2.6995238856614967,66.18944953554872,4.7922537135288,0.25452379460603525,868.567,0.14606350128071663,2.97,-833.192,194.447,618.98,303.907,0.07240207838493957,7166.153,1165.117,0.038098938118419655,1074.712,0.017212366466674595,0.0841202108099658,0.23078712266665066,0.8391717989701525,1,1
142677,2022.0,3858.0,-0.05096611593391207,-0.1300021821794866,-41.07623357142857,1.0160199116607773,0.24202898550724639,3138.0,1.0257680872150645,-0.18,-2780.0,-38.0,420.0,-28.0,-0.024734982332155476,3418.0,4140.0,-0.006937561942517344,4163.0,-0.027725563909774435,-0.0055248618784530384,-0.06811594202898551,6.346401568188183,0,0
77797,2022.0,2730.692,0.03842620102558766,3.5492787469343083,25.498138200097536,3.1128619683251038,0.27448079750147303,1803.833,0.1174470544314744,3.56,1792.791,260.508,154.092,1332.85,0.12208193178250153,20908.136000000002,2486.265,0.06296163381578015,2574.356,0.045035781973689314,-0.034218655073346635,0.09831092019555443,-0.3896886294593447,0,0
77481,2022.0,15801.0,0.05554901730022361,2.23958094396043,20.124300540037243,1.5553755598733447,0.24443995147594016,11211.0,0.8952036199095023,2.25,6120.0,194.0,1844.0,537.0,0.07728842832469776,12455.0,14838.0,0.03239819004524887,10165.0,0.03119346185039616,0.4597147073290703,0.06490093004448039,0.7145716233728238,0,0
77418,2022.0,163.281,-0.02486692232362274,0.34185088923283585,35.42480181103708,3.6790376613582927,0.5895514517731559,73.946,0.38020901481928576,0.36,5.092,227.595,265.293,11.706,0.10385485516568335,200.13799999999998,180.159,0.0247044373440936,125.589,0.000691387289761824,0.4345125767384086,-0.09368391254391946,-2.006577157668721,0,0
142617,2022.0,5350.6,0.15474401055247092,1.3944513469053454,48.463505126928816,27.00781742024965,0.2486764741759984,3079.6,0.9901202956664572,1.38,1289.9,-258.5,525.0,200.9,0.5572815533980583,3212.2000000000003,4098.9,0.04852891444031113,3672.5,0.075497695633582,0.11610619469026538,0.3053746127009688,2.188697137307711,1,1
77269,2022.0,243.231,-0.25444873030715137,-1.3500627833638466,-46.242293891287055,15.931467998297547,-1.0179481802338612,279.056,0.19472983096481297,-1.36,-644.761,40.851,367.789,-140.848,-0.34452157662748095,332.90200000000004,138.287,-0.19833612148453564,87.992,-0.16182299431773595,0.5715860532775707,0.7588855062297973,0.28291673953597435,1,1
78491,2022.0,556.003,0.023177189469737278,4.474518471739817,11.728636350805882,1.9087932066119306,0.898287945570607,56.629,0.08321433642471211,4.38,266.788,-113.348,314.019,141.708,0.16274638837112348,861.6600000000001,556.758,0.02118000493225621,513.36,0.017189548255651523,0.0845371669004208,-0.001356064933058879,0.09429575412607415,0,0
78332,2022.0,3555.377,0.10130948085817318,4.167416871063673,15.733967114085276,4.742912546970064,0.5064122309566415,1663.297,0.5414072143606641,4.07,709.908,-177.871,357.728,463.846,0.301444162974266,5764.41,3369.81,0.07452336207451951,2178.49,-0.0205368299916389,0.5468558496940543,0.05506749638703666,0.3594325059686509,0,0
78314,2022.0,3627.286,0.20218347290884175,16.750018530872435,16.344459529725697,4.8003263139083385,0.5103825334352906,1542.461,1.350772430056812,16.43,1327.73,-245.834,843.527,451.949,0.2936974639741361,1161.2359999999999,3150.339,0.19378239897095081,2545.641,0.17648849820432208,0.23754252858120994,0.15139545299728066,0.04335313208270434,1,1
16720,2022.0,226954.0,0.0910762709222953,11.332541164488203,40.193103505092864,11.457917857549534,0.13793772233819393,168903.0,3.3058142673955593,11.3,10529.0,-1019.0,12175.0,5007.0,0.28507173764518334,30815.0,195929.0,0.08448066410204495,166761.0,0.07203542371661027,0.1749090015051481,0.15834817714580282,0.07807238366738513,1,1
78349,2022.0,1284.793,0.0444618064827416,2.1161753081359604,35.60669085888365,2.1314989173267636,0.4075070579987495,719.21,0.11247291306059554,2.12,-1825.041,-283.423,139.491,361.411,0.05986231424240783,10330.801,1213.871,0.03348704103001298,1051.944,0.004104360795340253,0.15393119785844125,0.05842630724352076,0.32773171696156783,0,0
3073,2022.0,564.519,0.01807259189216395,1.6071330202337655,31.63397140120055,4.091968845354542,0.990545353570609,4.903,0.03957890048289402,1.6,1080.928,-200.496,528.588,227.562,0.12935362409789772,2007.385,518.581,0.017367882262729117,504.063,0.018527580356733457,0.02880195531114172,0.08858403990890523,0.040575449486268955,0,0
73833,2022.0,2647.592,0.049194245350326654,-3.0424142418890026,-2.7773995676385885,1.1295108317122162,0.202738819569355,1081.948,0.4588068758097103,-3.37,-192.401,-107.391,117.524,-654.545,-0.4066792710969395,2710.405,1357.081,-0.2212909520705594,1124.249,-0.2436117583475823,0.20710002855239354,0.9509461852313902,-1.2223057241610171,1,1
78496,2022.0,3394.635,0.05832236486181096,4.290590906623727,17.107200755655025,4.304389491363936,0.9563970669735827,130.21,0.6053221014839403,4.3,-797.328,544.395,2348.192,948.581,0.25161273038437093,2413.05,2986.267,0.19227920488949501,2666.702,-0.08303954205067345,0.11983528718244467,0.1367486564329313,-0.6966787703572548,1,1
78458,2022.0,1389.966,0.06806964736046944,2.3133794200416005,28.8236332623729,2.6414800704749304,0.24492996253870958,1011.63,1.1027919147321468,2.27,545.759,-19.205,12.849,75.629,0.09164285593111487,1029.766,1339.783,0.06225116285195255,1032.578,0.053250572786339566,0.2975126334281768,0.0374560656464517,0.09346788464585916,0,0
78457,2022.0,9626.739,0.18862669669148735,8.65303221220639,10.633266783660668,2.878583644199245,0.17427925504629735,7131.035,2.6611441694699765,8.61,1672.716,-145.385,327.718,535.64,0.2707148896727152,2598.4280000000003,8636.134,0.16505247173502613,5153.998,0.10261504575467245,0.6756184228243785,0.11470468151605795,0.1428286696263906,1,1
142766,2022.0,1280.069,0.06717835056683233,2.4832405169696337,18.536263275927727,2.6246518079146823,0.17578084759375587,904.1,1.0744860296451282,2.51,174.852,-177.404,75.495,70.899,0.1415955184086756,785.654,1096.917,0.0694491789404394,914.236,0.04298657145957229,0.19981820886510696,0.16696978896306655,-0.03269769935731795,1,1
78498,2022.0,1973.403,0.15991626354633318,3.9278059994808854,30.82891568881043,5.500975669329273,0.2181701813072093,1299.735,1.487200567531711,4.25,334.91,-2.938,37.316,105.929,0.17843558705912874,1035.67,1662.427,0.09476366115207863,1269.573,0.02265911649209036,0.3094378976238466,0.1870614469086463,0.6875272821054934,1,1
78524,2022.0,3485.815,0.09241228360716677,5.997094290280401,7.888820437036678,1.5585008686662742,0.18567465310592401,2246.358,1.8459711596178436,5.9,759.158,9.931,27.818,165.112,0.19755816235205154,1294.6280000000002,2758.551,0.11048988766450989,1712.343,-0.0033701187143627223,0.6109803935309689,0.2636398602019684,-0.163613199718636,1,1
97918,2022.0,1292.4,0.00847967613107938,0.20192728865527815,87.45722342733188,5.203637067630357,0.6533489031612312,415.6,0.611247068420516,0.2,-69399.9,161.0,703.7,46.1,0.05949922560660816,1194.5,1198.9,0.023503619863362905,1136.3,0.01615718065642065,0.05509108510076576,0.07798815580949203,-0.6392182914642278,0,0
78624,2022.0,2180.0,0.0072106851260205895,1.2816763294166222,9.526586174496645,0.8680393456658004,0.7697142857142857,403.0,0.029398424244460496,1.2,656.0,263.0,2211.0,596.0,0.09111756612138816,22257.0,1750.0,0.010012263342684832,1769.073,0.009077325875055855,-0.010781352719757801,0.24571428571428572,-0.27981467534122884,1,1
78732,2022.0,2122.009,0.17175124087034216,2.366994798713954,19.632489275113016,4.609645375311847,0.4112747047116458,1098.645,1.3766758979065201,2.43,1391.523,-28.365,263.536,190.678,0.23479678560961856,955.2399999999998,1866.142,0.1406655050157059,1201.814,-0.016169476717869568,0.552771061079335,0.13711014488715217,0.22099046849592158,1,1
78893,2022.0,5939.424,0.06481225171739813,6.84569107175461,23.338768624721123,15.815824132923296,0.597407963949629,2374.297,0.1745998705228135,6.84,-6008.894,-477.677,533.936,2249.631,0.677663178689329,31810.227,5897.526,0.06660170405761796,4822.173,0.03198231883396385,0.2230017463081478,0.007104334936378431,-0.02686796630115887,0,0
78921,2022.0,10580.0,0.05406695302379491,6.647688047348294,18.188278261376897,2.7327059028751757,0.2896143566246659,7442.0,0.6750434950705587,6.35,8375.0,-105.0,459.0,857.0,0.15024544179523142,13832.0,10476.0,0.055222630324118824,8473.0,0.029720823229496984,0.23639797002242416,0.009927453226422299,-0.02092760329489708,0,0
78769,2022.0,353.792,0.11049678470195033,2.108294625082946,33.325513030341185,2.72265359019985,0.28850329585110507,146.796,0.6174805166820299,2.11,160.807,-13.117,11.117,15.886,0.08169877498122873,312.404,206.32,0.04754408437384028,179.373,0.0657910277356745,0.15022885272588407,0.7147731678945327,1.3240911284169752,1,1
72552,2022.0,33428.0,0.034604759366064074,-9.238958990536277,-10.977427230046949,-10.003933099961104,0.04046898638426626,15222.0,0.40409598043710837,-9.25,-6021.0,-260.0,2582.0,-2343.0,0.911318553092182,36521.0,15864.0,-0.05968210301085129,9358.0,-0.0023811524777992547,0.6952340243641804,1.1071608673726676,-1.5798180295317725,1,1
79026,2022.0,1598.577,0.45402307938003816,14.149141723453809,14.801604513780932,11.99127784308109,0.7426162466491099,392.79,3.8312512866345654,14.01,190.444,-59.54,109.544,164.031,0.8101336467892174,217.88800000000003,1526.087,0.41180088671088505,934.842,0.37256414714362296,0.6324544682416922,0.04750056844727726,0.1025306016370874,0,0
78730,2022.0,1891.793,0.031676499684345494,0.7809102746570572,51.37594074763456,2.609949864828749,0.27389253018065246,1430.651,0.893193188473862,0.66,618.214,38.1,75.871,77.364,0.05080101360380279,1958.0899999999997,1970.302,0.035071272238008114,2053.903,-0.03674149581530689,-0.0407034801546129,-0.039846175865425715,-0.09679639023712325,0,0
79288,2022.0,1949.424,0.05670551050536132,4.628098528659494,49.57543547942922,4.4362407362206735,0.3110733454647425,1260.33,0.16210735458231865,4.62,-1266.939,94.983,130.598,533.791,0.08948465491667629,11069.063,1829.411,0.04730016760030986,1688.706,0.022775056720576562,0.0833211938608616,0.06560198883684416,0.1988437543081739,0,0
79190,2022.0,6160.7,0.05781133283534307,11.258012820512821,39.129463345195724,4.206149373402904,0.33716291097155526,3588.6,0.37615507538386717,11.25,3064.3,-45.5,258.9,702.5,0.10749315257141982,13777.9,5414.0,0.04880844855137914,4729.9,0.06814229547860276,0.14463307892344457,0.13792020687107495,0.18445339999870872,1,1
79186,2022.0,14204.717,0.12823478001740873,8.814267403314917,27.06974829357526,13.477853260530344,0.35167041666846677,8253.952,1.6390291712858258,8.69,4946.588,-463.726,878.03,997.114,0.4978935568355167,5733.807,12731.105,0.12837054859711666,10620.352,0.1062484998118913,0.1987460490951711,0.11574894716523043,-0.0010576302835164357,1,1
79344,2022.0,7320.104,0.17402466091660204,1.05689014228945,221.18665947021154,4.862809429811853,0.37935315870968284,2065.486,0.30325507708227667,1.07,2704.089,-307.452,439.272,123.672,0.02198509368268096,9886.859999999999,3327.957,0.011269425023496192,3128.909,0.03595502263622834,0.06361578428775007,1.1995789008091151,14.44219519219208,1,1
79213,2022.0,2316.988,0.09800516260702329,3.899181951811849,4.424004884405144,0.7447005313953681,0.18887746267701344,1736.048,1.0295808659762076,4.08,-141.305,-68.385,274.143,122.021,0.16833176066791375,1671.2759999999998,2140.303,0.058697524064248295,2127.077,0.026015701277223184,0.006217922529367605,0.08255139576031989,0.6696643371149726,0,0
81714,2022.0,6048.9,0.030940826970642005,3.533824804856895,6.514188243956314,0.9243836904564966,0.27958517659003557,4966.9,0.21093386690163254,3.01,6727.7,307.8,2147.1,1629.8,0.14190312834666924,28332.4,6894.5,0.049862936583694346,6145.6,0.020863409863549575,0.12185954178599316,-0.12264848792515778,-0.3794824554966153,0,0
140158,2022.0,21256.5,0.0332541233211878,3.1633962264150943,15.752057735894072,1.1315004755661808,0.24182629987037302,14212.8,0.6407981048939814,3.16,608.8,39.8,290.9,838.3,0.0718319152035509,26839.699999999997,18746.1,0.028655616439292684,17578.8,-0.024006504584828888,0.06640385009215642,0.1339158544977356,0.16047488950855823,1,1
79301,2022.0,270.827,-0.4493018181818182,-0.9984377542717657,-13.871670958698697,-23.86524872413213,-1.0691798689317302,325.213,0.2672272936711831,-1.03,-1207.327,233.386,510.946,-184.062,1.7204307105602603,49.396999999999935,157.17,-0.3129502457702189,17.812,-0.5461780918094499,7.823826633730068,0.7231469109881021,0.4356972849662316,1,1
79353,2022.0,853.908,-0.008162449397026664,0.06640223094363515,260.2322204304845,1.2181995997856159,0.19824799623693407,692.013,0.10342219993517583,0.07,-2443.72,-315.688,166.971,14.263,0.004681202034745855,8119.456000000002,863.126,0.001709033023771052,758.988,-0.0250656440191398,0.1372063853446957,-0.010679784874977652,-5.776063003753948,0,0
79368,2022.0,2559.99,0.10198322841277799,10.881966918374685,2.159536063312158,0.6159047589877461,0.22065102737459968,1802.052,2.2590037632916884,10.53,291.012,4.279,9.812,121.051,0.28520234945422074,865.111,2312.253,0.11826329755014792,1234.144,-0.008733931205657151,0.8735682383903338,0.10714095732603639,-0.13765952306941712,0,0
79332,2022.0,2646.84,0.055566923149568064,7.186294292747151,35.14885276197627,3.2288927966974152,0.30760574003561275,1615.657,0.11724616239882432,7.19,214.715,230.256,543.788,1004.299,0.09186339077872846,19294.505999999998,2333.435,0.05046217428425341,2307.298,0.04310765104944262,0.011327968905620416,0.1343105764677397,0.10115990715262493,1,1
79419,2022.0,3500.921,0.20534148171812278,3.951222290666374,37.20367754232537,9.872222636228427,0.5363053298575197,1248.503,0.5901855772605111,3.96,2767.343,570.542,1048.26,936.495,0.26535609618154365,3350.6459999999997,2692.511,0.20527524016673743,2205.583,0.20256270076269203,0.22077065338280166,0.3002438987250191,0.0003226962556786837,1,1
79412,2022.0,3529.935,0.045832929017233154,0.4233499352915801,66.44621306160259,0.9809842708676665,0.1117815568460896,2798.604,1.8848095692726616,1.79,659.938,28.263,67.618,10.795,0.014763584343899199,969.261,3150.806,0.006457560160891652,3047.734,-0.11385537682894685,0.033819224381130414,0.12032762410633974,6.097561288674793,1,1
79407,2022.0,683.074,-0.004090164452416716,0.3852918084271133,46.27661323189784,1.0805015177803927,0.22857630538145,501.663,0.640257241817942,0.38,87.888,7.493,25.218,7.361,0.023348759607058234,843.0110000000001,650.308,0.007247232937349487,540.782,0.02532899625183693,0.20253262867477087,0.050385355862145265,-1.5643760160291746,0,0
129493,2022.0,184.605,-0.0006404029111196739,-0.1945716709075488,-82.90004359197906,1.6164733382444607,0.13862203135634557,143.012,0.4232402696060936,-0.23,15.819,-0.062,0.439,-3.441,-0.019499064996883322,372.503,166.027,-0.008771885101306222,164.559,-0.042184291581108826,0.00892081259609009,0.11189746246092505,-0.9269936959132864,1,1
93626,2022.0,6288.185,0.03828161199856451,3.973527594964769,42.37041167484148,3.7334038823034854,0.4483826908204871,2848.864,0.08830397998024149,3.97,-2206.081,-41.969,556.117,2939.723,0.08811346726943155,56677.336,5164.566,0.05026351506389026,4737.149,0.026430283917748695,0.09022663209453606,0.21756310210770868,-0.23838171783440698,1,1
79542,2022.0,2148.069,0.16596176486029138,9.667717186329467,13.277177799688442,4.38350108860965,0.3483305596173454,1213.097,0.7216174894908305,9.23,1133.169,-249.104,19.416,374.247,0.330153075807459,2446.557,1861.522,0.14507654520842347,1622.642,0.11957807164665561,0.14721669967867212,0.15393156782460807,0.14396000140383314,1,1
79725,2022.0,92.055,-0.5181508584294962,-2.8244063665969334,-4.783306028401964,3.687480765495034,0.8832563023148556,11.897,0.09121733207183386,-2.86,-2837.152,-173.737,733.955,-523.837,-0.7709063027955521,373.48699999999997,101.907,-0.4688884333805649,152.915,-0.28882865307093275,-0.3335709381028676,-0.09667638140657649,0.10506214600723213,0,0
143232,2022.0,1279.701,0.0015197045035656906,-0.5238454324854743,-15.462576358770875,1.0139630546700842,0.24270394756401847,662.266,0.8240523314324052,-0.53,-18.63,43.146,111.918,-54.185,-0.06557529813554851,796.6690000000001,874.514,-0.051058388520555276,789.232,-0.10185212502819443,0.10805694649988855,0.46332820286467685,-1.0297640514634316,1,1
72385,2022.0,1178.255,0.013832117671111088,5.41479427651994,9.174863801460814,1.1657450064066457,0.9883779251695587,12.42,0.04479175211030147,5.43,1022.026,1947.351,4064.657,376.913,0.1270585625719083,128.11099999999988,1068.656,0.015797968348233726,1172.055,0.012818270963065152,-0.08822026270098256,0.10255779221751449,-0.12443692972346201,0,0
80299,2022.0,6401.7,0.012689905782734644,2.4721675528008693,20.973497504752853,2.167398759823183,0.46689246401354784,3148.0,0.3499860716804666,2.64,-140.9,9.7,1878.9,420.8,0.10333988212180747,14939.9,5905.0,0.024940582381564835,3578.7,-0.04564575620598202,0.6500405175063572,0.08411515664690937,-0.49119448822034895,0,0
79842,2022.0,2116.087,0.13338612947194675,6.1653284587083785,22.556786865680603,5.076181032400392,0.506927524937755,775.71,1.0600299839973049,6.15,889.236,26.516,301.155,266.447,0.2250400760812096,1125.755,1573.217,0.17953137370504507,1267.945,0.1517156443168699,0.24076123175689812,0.34507000623563044,-0.2570316445576307,1,1
79940,2022.0,1613.804,0.0330007383068083,7.4876471309465416,47.04147963172956,3.8344720262586636,0.3933977823419568,1001.513,0.12702239820315217,7.51,-922.385,-25.403,58.638,488.554,0.08151257265454519,12760.883999999998,1651.021,0.037587226771641793,1603.259,0.04397512495384069,0.02979057033205486,-0.02254180897759621,-0.12202252889521051,0,0
79912,2022.0,831.994,0.02623258066133454,2.9866339984555688,14.929850802963514,1.9103617826257262,0.3576086590274664,495.691,0.13548995652080775,2.98,-580.589,-158.046,31.198,313.277,0.12795585219421798,5402.782999999999,771.634,0.0550077978795246,742.872,0.0666873087717877,0.038717302577025464,0.07822361378581039,-0.5231116010354049,0,0
79914,2022.0,300.805,-0.02776580276050534,-0.3806901490094452,-46.86225805006942,2.938605212829593,0.6532683623466453,88.376,0.28857499657513697,-0.38,-228.516,-127.668,192.986,-22.329,-0.06270729015426178,674.318,254.883,-0.025280584026891685,137.003,-0.14409922325231772,0.8604191149098928,0.18016894025886385,0.09830543198567147,1,1
80059,2022.0,652.524,0.07248903078968222,2.0569344506178466,32.183816057004314,3.973788005533048,0.46051595260948197,256.864,0.11393104445026177,2.09,-182.531,-140.878,58.78,270.997,0.12347162308206809,3967.2219999999998,476.129,0.06484581122529312,446.828,0.051685707941427315,0.06557556822759551,0.3704773286231252,0.11786759113606182,1,1
80950,2022.0,4442.3,0.028506172482581166,1.6822626432551782,16.406475,0.7282461299450702,0.09216839134524932,3860.1,1.2512874841823372,1.68,1260.8,-0.4,16.1,80.0,0.04438772679354159,3062.0,4252.0,0.023542567905594305,4201.8,0.014715999162504113,0.011947260697796138,0.04475540921919101,0.21083530891323812,0,0
80328,2022.0,2977.7,0.012177073867324419,1.0024693644473253,43.99136927671891,1.0924946549335193,0.1901187713138759,1415.657,0.5155270288922419,0.99,838.027,-170.691,671.396,32.477,0.024834295292365194,2454.148,1747.981,0.009578348573201504,2792.189,0.015428343133257758,-0.37397468437845716,0.7035082189108461,0.2713124579109264,1,1
62428,2022.0,1762.403,-0.052993168048583714,0.09246901811248809,375.15268041237107,1.7150227476953819,0.3640934034697163,1062.619,0.8223257178120131,0.09,641.469,27.009,49.176,2.91,0.004571532704525032,1870.18,1671.03,0.0014320316444545928,1498.306,-0.04205037746672952,0.11527952234056323,0.05468064606859246,-38.005584516092746,0,0
80356,2022.0,2376.727,0.04569029271752372,0.6321333213577092,12.260071947092408,0.9722798145073146,0.2781009761536321,1629.046,0.49733504238543236,0.59,-196.176,236.469,526.652,77.418,0.07930457657207306,3946.683,2256.612,0.017062164125421386,2350.098,0.02534278179585061,-0.039779617701049014,0.05322802502158093,1.677872067204447,0,0
80790,2022.0,1025.536,-0.0010481123173006965,-0.17599820638770558,-129.71723103647946,3.136662046138078,0.41647483854466405,328.527,0.9894326531544752,-0.18,728.906,-3.361,57.168,-8.635,-0.024180766279662393,409.36,563.004,-0.015175293532530661,506.51,0.004523673192195238,0.11153580383408034,0.8215430085754276,-0.9309329789862779,1,1
80515,2022.0,2232.504,0.06001735614764364,6.4310058443555835,25.1718011020127,5.6506288177067505,0.4507193653114667,1212.576,1.188804007392696,6.41,639.063,-37.588,45.769,209.072,0.2244824990792945,1772.982,2207.571,0.11258783134658217,2071.519,0.11715686211952797,0.0656774087034684,0.011294313976764505,-0.46692857096704715,0,0
80668,2022.0,356.947,-0.014675951242205608,-1.389057483397106,-13.231993794129751,1.3039373719755813,0.09925673392917458,293.273,0.07191675071201094,-1.79,-1249.31,-0.847,51.455,-126.332,-0.0985442853331794,4364.572,325.59,-0.027904379590742243,309.773,-0.012277316889241316,0.05105996971976237,0.09630824042507458,-0.47406280098502507,0,0
80880,2022.0,9003.0,0.12103372580323289,0.33123266952356945,19.17081430745814,-9.596361904761904,0.5436982520699172,3968.0,0.8464084095775745,0.32,-2621.0,116.0,191.0,1314.0,-0.5005714285714286,8784.0,8696.0,0.12789565894490948,8040.0,0.012677828317042485,0.08159203980099503,0.03530358785648574,-0.05365258835432669,0,0
80947,2022.0,17025.0,0.1781333798003853,22.861858072031843,7.095661231422505,1.6472799342807851,0.319584483407009,9589.3,1.4779047818791946,22.35,6086.4,-383.0,300.5,1413.0,0.23215312577014705,8781.6,14093.3,0.1481753355704698,8811.9,0.045529678788177826,0.5993486081321848,0.2080208325942115,0.20217969552475168,1,1
82564,2022.0,3367.744,0.01750259476498866,0.6079470691503936,117.75696213166562,1.6895847340876031,0.48821525800877646,1070.407,0.048484912269607085,0.87,-4525.638,-518.31,355.68,359.456,0.014348066589884138,42781.822,2091.518,0.008332795904593642,1651.625,0.01906849399610468,0.2663395141148869,0.6101912582153249,1.1004468326579269,1,1
144388,2022.0,7428.582,0.07042992362988426,4.478780575973009,13.606382131538306,1.5482298896459166,0.24525697567813648,4526.963,0.562903570925813,4.48,2180.579,152.746,354.108,743.388,0.11378703572180779,10076.548,5998.019,0.06976566092628221,4673.863,0.048417796783704115,0.283310828751292,0.23850591336906402,0.009521341800286858,1,1
81497,2022.0,1216.858,0.1364246307953982,3.622703412073491,7.295656583952183,1.2670111152734207,0.1120876326358528,928.759,1.6051311876402181,3.46,223.77,0.005,8.412,60.731,0.17366649604374046,613.343,1046.003,0.09319401775767192,838.561,-0.06312544701174497,0.24737854491205755,0.1633408317184559,0.46387755435265016,1,1
81687,2022.0,38373.0,0.016166976753381117,29.937732416112734,4.846392438256658,1.0687527109141393,0.5417850341834982,14678.0,0.07408512399943569,27.05,51380.0,-18717.0,28198.0,12390.0,0.22052541648868004,131246.0,32033.0,0.028655283187744143,31607.0,0.00643735086645699,0.01347802701933116,0.19792089407798208,-0.43581165652916215,1,1
82418,2022.0,202.114,-0.022219225285825164,-0.08480644439471917,-93.6249604221636,0.31357107824726826,0.19825695486551997,125.019,0.47162404123012897,-0.09,130.722,-0.046,0.118,-0.758,-0.00334922521551248,306.514,155.934,-0.0022925790607079776,179.731,-0.06285184427446659,-0.13240342511864953,0.2961509356522632,8.691803291164836,1,1
82817,2022.0,10431.191,0.054885780782739674,6.285497320686592,16.959676309010916,2.4648513444299627,0.15927935581102085,7933.135,2.0123591408122703,6.27,1140.596,-24.605,103.84,219.345,0.14533598988091254,2805.3859999999995,9436.113,0.04677783275184045,8340.579,0.04004888264916492,0.13134987391163128,0.10545422675629271,0.17332885159328423,0,0
82578,2022.0,4245.392,0.004471310987513112,2.039261912318085,23.557542907959093,6.1932660790685725,0.7781800219965262,1016.701,1.5312229502490038,2.37,1131.276,-51.116,108.333,134.94,0.26289949267060997,2749.328,4583.451,0.04508027355514449,2814.191,0.11885629761619208,0.6286922245149673,-0.0737564337439192,-0.9008144663975125,0,0
83012,2022.0,555.498,0.5739475184076304,1.4895960832313342,68.70990139687756,5.741507763326074,0.5389631752199228,236.836,0.2823300973008147,-0.39,-450.7,-17.193,234.653,110.747,0.08356157768532309,1542.499,513.703,0.06086632020014158,897.273,0.041595766856409845,-0.4274841659116011,0.08136024122888143,8.42964050595415,0,0
143806,2022.0,1819.352,0.04233733486677387,0.8745075508864084,55.414044110746126,3.806186861605603,0.23775165840406845,1144.243,1.1162583525555512,0.88,-36.828,72.175,222.986,21.31,0.06868632172015561,692.172,1501.142,0.015846246053310607,1122.377,-0.0014530744665703884,0.3374668226451541,0.21197861361550074,1.6717580128656864,1,1
83594,2022.0,1421.901,0.04429334915939618,1.1042167113108097,31.42499080529928,3.226144923950234,0.5384073229349524,632.658,0.4339064203111303,1.09,1031.734,-81.24,122.059,127.791,0.10266176190594781,2995.37,1370.598,0.040456308383624996,1294.322,0.021453227328919664,0.05893123967606212,0.03743110671400375,0.0948440658348416,0,0
84194,2022.0,452.265,0.022066022342161415,5.921681997371879,7.5080019527782715,0.9313186087224602,0.20285393420496814,386.851,1.5626298045807132,5.95,217.675,2.691,14.465,22.532,0.12404346916529954,259.37100000000004,485.295,0.07255210697990425,385.3,-0.028639213692594475,0.2595250454191539,-0.0680616944332829,-0.6958596619630448,0,0
83595,2022.0,28331.7,0.07016736092710918,5.899155930697468,22.24386023043904,3.8268604003368534,0.32111757822591674,17869.0,1.2117412000847076,5.83,6472.4,-425.3,984.9,1327.9,0.17204119971497053,18852.699999999997,26321.2,0.061132134537653426,25509.3,0.06483861615771164,0.03182760797042653,0.07638329559442579,0.1477983135676481,0,0
83773,2022.0,1656.564,0.05920786521141487,0.6751251001557137,64.68430812293569,4.721167887148535,0.7730752455805034,333.507,0.6948895618645049,0.68,92.727,-49.126,211.106,89.315,0.07298783930989453,1820.661,1469.681,0.04222961392161173,1286.671,0.0762323771761879,0.14223527226462707,0.127158886860482,0.40204609308810724,1,1
37635,2022.0,203.115,-0.061636473584246794,1.4547236020598824,2.7771598634128005,0.8517950688932875,0.043527973536602885,133.007,0.20220967802914636,1.46,-7.75,61.737,88.594,31.921,0.30671445317754675,559.4300000000001,139.06,0.04641690732323012,77.862,-0.09446961541303653,0.7859803241632634,0.46062850568100105,-2.3278884169303495,1,1
73178,2022.0,238587.006,0.03003538716763622,7.400352733686067,16.141122497616777,111.28625880888634,0.031657365426290024,207214.52,3.732072460743832,7.48,1225.071,-1527.618,3010.128,1539.932,6.894579904546146,16317.723000000002,213988.843,0.026857184365533353,189893.926,-0.07698992858922327,0.12688619118865332,0.11495067992867274,0.11833715548311734,1,1
144208,2022.0,8101.0,2.216508555723025e-05,-1.386926929497881,-37.34875925925926,0.2498863833477884,-0.24903407095187918,7112.0,0.021913485221674876,-2.36,3530.0,366.0,7275.0,-108.0,-0.006690620740924297,247952.0,5694.0,-0.00041564039408866995,8271.0,-0.004280486870080567,-0.31157054769677184,0.4227256761503337,-1.0533275539925064,1,1
85391,2022.0,624.957,0.03969195147165283,0.12873085402927378,91.35339067451336,4.091735881830132,0.5380253140595762,234.29,0.731093030564261,0.13,-2091.229,34.786,133.431,13.254,0.044790191711753115,495.826,507.149,0.019106627494284156,378.831,-0.049484128258749024,0.33872096000591284,0.23229465107887423,1.077391809911345,1,1
85159,2022.0,10487.8,0.09587462774007713,7.6872186274668,16.260757766582703,7.0481530343007925,0.2071651090342679,7635.0,0.9500976735926124,7.47,-27.8,-742.6,472.1,952.8,0.43344554635610955,9296.8,9630.0,0.09400343337477061,7196.1,0.0590553767325757,0.33822487180556127,0.08907580477673928,0.019905595978037115,0,0
85575,2022.0,3578.127,0.15295515785090347,3.257888882785895,75.6686335444305,12.442529110133178,0.6172245900229134,1223.666,0.6761295439524124,3.27,2886.153,-167.878,324.362,474.505,0.16443443640127678,4265.755,3196.825,0.10035796430931923,2957.013,0.1355184314518801,0.08109940673240189,0.11927521838073718,0.5240958592929537,1,1
60558,2022.0,279.368,0.02314558286711052,1.2914922552500046,61.82770332180024,2.6874435438138047,0.9505000181072257,9.568,0.04280441284524349,1.35,18.388,-57.951,38.516,73.123,0.04346665652169261,4472.939,193.293,0.016192966535170647,158.731,0.018477580033468683,0.2177394459809364,0.445308417790608,0.42936026063161403,1,1
144093,2022.0,607.012,0.014461234284157807,-0.6222189075036506,-46.141317233809,1.2541616099262323,0.24143824319442045,482.908,0.09968516518258258,-0.63,-625.281,38.759,302.095,-79.257,-0.02718088006831487,5977.974999999999,636.61,-0.012410655090048772,581.762,-0.010247967488367144,0.09427910382596333,-0.046493143368781624,-2.1652273130814224,0,0
145494,2022.0,1498.0,0.08610235265583313,2.6435536294691224,33.91268442622951,7.598434343434344,0.42428115015974444,901.0,0.3665963925977981,2.61,64.0,-322.0,171.0,244.0,0.22405876951331496,4067.0,1565.0,0.057156242679784496,1300.0,-0.028423772609819122,0.20384615384615384,-0.04281150159744409,0.5064382929825886,0,0
145403,2022.0,3805.948,0.04574753585479248,0.5584918123293209,36.186743572317496,2.315496251366028,0.32101372687390844,2087.876,0.8699434549060867,0.56,-546.783,53.757,255.178,113.299,0.06398741701470369,2805.962,3074.99,0.03205334765231911,1899.996,-0.21403278001804488,0.6184191966719927,0.237710691742087,0.4272311382578029,1,1
136184,2022.0,704.598,0.011373270451104466,0.10559350762751041,165.25637221519602,16.800552379633658,0.6927360526045412,194.389,0.2285584536587886,-0.4,,-0.002,0.0,10.279,0.10166356767021402,2745.441,632.645,0.0037135397342248624,667.683,-0.20169294943534438,-0.05247699881530608,0.11373361047664958,2.062649457143466,1,1
48476,2022.0,3628.057,0.20035667528061177,-1.037780401416765,-7.795483503981797,1.8605868111404364,0.8467912661490331,283.548,0.39645227344245537,-1.12,-204.042,0.391,30.663,-241.725,-0.2386749725260891,4322.997,1850.73,-0.05178087878722316,858.195,-0.011335898077479955,1.1565378497893835,0.9603383529742316,-4.869317786280009,1,1
146133,2022.0,813.2,0.13185806576029313,0.0037108046261364338,6570.0036666666665,4.955999748554187,0.28972407231208364,298.6,0.3496049896049896,0.0,18.0,101.4,113.0,0.6,0.0007543374402816193,1024.1,420.4,0.0004989604989604989,288.2,-0.020175064047822374,0.4587092297015961,0.9343482397716463,263.2655401279208,1,1
146127,2022.0,6370.0,0.044308752152810396,1.6711783879343685,15.575835702479338,1.6737798579040852,0.2820732124529593,4197.0,0.9988040321202802,1.68,152.0,262.0,779.0,242.0,0.10746003552397869,4191.0,5846.0,0.041346318127456004,5071.0,0.006595365418894831,0.15282981660422007,0.08963393773520356,0.07164928243966635,0,0
145942,2022.0,781.6,-0.006653788366602275,-9.19607843137255,-0.3371002132196162,-0.6151750972762646,0.1050217839944967,390.3,1.1248387928810937,-10.83,-525.3,-19.1,28.0,-93.8,1.8249027237354085,287.6,436.1,-0.24193964405468146,276.8,-0.915908464295561,0.5755057803468209,0.7922494840632882,-0.9724981476574446,1,1
146221,2022.0,1357.747,-0.025785248025840583,-3.191694295319082,-3.2396586399783263,2.927781812611332,0.7782347800403481,292.073,0.12059934634609815,-3.32,-2430.225,-73.362,134.661,-1380.478,-0.9037315772969584,10726.475999999999,1317.037,-0.12640855529887837,1510.825,0.03324979734166325,-0.12826634454685354,0.03091029333268544,-0.7960165910853553,0,0
89399,2022.0,3944.735,0.04836463068948414,0.7775307626468659,36.57733091252198,4.3516934804904555,0.22830508573156824,2653.581,1.2320820604546603,0.78,39.416,20.158,119.423,139.898,0.11897241739420318,2392.249,3438.64,0.05012615920639732,3032.61,-0.0030504952144317587,0.1338879710876109,0.14717882651280748,-0.0351419008518084,1,1
141934,2022.0,0.0,-0.41650265402278286,-0.573250318805791,-2.128215126930123,2.228378433924779,,0.0,0.0,-0.66,-81.824,6.298,16.387,-15.284,-1.0470644653010894,-0.41800000000000104,0.0,-0.9098160604797906,0.0,-2.7058716265499636,,,-0.5422122425458827,0,0
133178,2022.0,1.523,-0.42967409948542024,-3.6412588249371787,-1.903187972395662,0.6508874203445832,-128.1478260869565,29.704,0.0022928463194832127,-3.65,-96.421,-3.87,94.809,-30.43,-0.3419984939928296,4.891000000000005,0.23,-0.3033535369646702,0.168,-0.043887997644013556,0.369047619047619,5.621739130434782,0.41641367951302916,1,1
141011,2022.0,1.953,-3.6368224835101812,-3.7109441052137155,-0.7976406855175556,1.3409882112610119,-4.713326703132769,45.958,0.12782050467170916,-3.84,-187.313,-46.855,36.501,-39.503,-1.6811933438311273,24.592000000000006,8.044,-0.6277092735015573,6.896,-0.5006052161797362,0.16647331786542932,-0.7572103431128792,4.793800788098694,0,0
67510,2022.0,2687.792,0.006828633331764051,0.1778912830226973,48.73763262977752,2.7653191495100486,0.3828237134050606,906.856,0.36230650116629437,0.23,-12.26,91.552,184.009,21.036,0.05673888944331911,3599.8019999999997,1469.363,0.00518692764043614,,,,0.8292225950973312,0.3165083080260339,1,1
78987,2022.0,3928.0,0.39558472553699287,-5.664327053318557,-4.666044130434782,-1.091379813559322,0.2852950766221063,4384.0,0.48911570050235226,-5.51,-2462.0,-443.0,816.0,-414.0,0.23389830508474577,11571.0,6134.0,-0.03301172155330516,5943.0,-0.18039157076670154,0.03213865051320882,-0.35963482230192373,-12.983159524056589,0,0
79919,2022.0,16679.407,0.0437822376607694,4.557280727458338,7.118279943683053,1.1051708766161144,0.3435370832206912,11738.283,0.3725096546009545,4.57,10785.898,4280.266,5403.706,2410.642,0.15525813614521747,41749.795,17881.106,0.050219903555549304,15493.435,0.04609506911711985,0.15410856275577367,-0.06720495924580955,-0.12818953122160154,0,0
4009,2022.0,2641.267,-0.05799586097574586,-2.8257763550836374,-6.500868324894836,1.653792590223622,-0.043658210278945515,1666.288,0.3447511617060236,-2.85,298.999,-1.811,1749.58,-144.773,-0.254395644946458,2767.1400000000003,1596.584,-0.0312609044896267,844.813,-0.12843920231873565,0.8898667515769763,0.6543238564334853,0.8552201838878533,1,1
85899,2022.0,1047.433,0.04847605421421736,2.9834741402005602,51.34282812644144,3.7882934798145844,0.5050736522246594,393.51,0.12126534542232807,3.18,-318.837,117.663,176.434,249.317,0.07378427753308008,6269.384999999999,795.088,0.038025365902464345,621.628,0.032059194796448615,0.27904148461780987,0.31737996297265214,0.274834654808035,1,1
135209,2022.0,1964.427,0.03646244489154859,2.240461950917715,15.974384204712813,6.300214550206927,0.3142188679013785,894.297,0.5559133596784026,2.26,331.503,14.019,25.91,108.64,0.39439483046540336,2257.387,1304.056,0.046312756043806136,436.512,-0.08796833082287497,1.9874459350487503,0.5063977313857686,-0.21269110270484382,1,1
85682,2022.0,8362.0,0.034186649384316266,3.0031807882542263,30.670814211469533,1.6777094726007253,0.3349526975198159,5202.0,0.4238647447707814,2.96,3589.0,-126.0,473.0,558.0,0.054700519556906184,16969.0,7822.0,0.030237346916657633,7556.1,0.02245522772223577,0.035190111300803274,0.06903605216057275,0.1306100855522803,0,0
86129,2022.0,304.348,0.053899834379959974,2.0786440677966103,16.88600782778865,2.9631696428571432,0.16177958964123682,236.866,1.4814104177151484,2.09,34.146,-0.076,29.272,9.198,0.17548076923076925,35.57200000000001,282.582,0.04821967790639155,251.568,0.027027843390743843,0.1232827704636519,0.07702542978675224,0.1177974785438274,0,0
86236,2022.0,707.854,-0.012548635362763537,2.781856003899314,4.741438802551836,1.09331194939423,0.6810337330369474,183.382,0.039092145859806096,2.73,-931.861,-12.966,702.103,319.613,0.23058653605437465,14004.841,574.926,0.021732115115145608,572.953,-0.056189598405263656,0.003443563433650003,0.23120888601315645,-1.5774235639870187,1,1
110877,2022.0,901.915,0.028314687508210836,0.15637338488332864,75.01276517581199,1.3415888892886698,0.12085722091087582,447.314,0.16731298969533212,0.06,-715.96,-253.422,162.717,34.298,0.017884807820966284,2836.217,508.807,0.011278345071059362,270.742,-0.13554164711524905,0.8793057597269724,0.7726072951040374,1.5105356619090633,1,1
86311,2022.0,1710.765,0.19242405689737857,3.495954241071429,21.5162999321601,8.5853469634725,0.2891687057968685,1123.058,3.138495950544397,3.65,443.217,-6.497,96.989,75.177,0.39901595490589475,366.17100000000005,1579.922,0.14933820155303626,1397.7,0.11697968266294263,0.13037275524075265,0.08281611370687925,0.28851194735354246,0,0
86415,2022.0,1559.566,0.04641676937228486,1.9961393608103801,33.559781103060764,3.3678220077825065,0.7019743939503957,459.689,0.40779794113922363,2.0,653.413,43.282,513.448,169.075,0.10035291939002992,3207.098,1542.448,0.04470065564486727,1371.868,0.03703650429748701,0.12434140894021886,0.01109794301007226,0.03839124287239938,0,0
86324,2022.0,1869.246,-0.017678635601041694,-3.298784919923436,-2.66461749200794,0.9330374087157126,-0.0639850251086234,1590.98,0.16336190768044145,-3.31,-2998.903,855.962,947.418,-544.603,-0.3501581039358171,7968.639000000001,1495.303,-0.059497897756168115,1255.628,-0.03584327915206061,0.19088057927985055,0.25007841220140664,-0.702869575770701,1,1
86425,2022.0,9498.952,0.030775524001027954,5.692035869989761,7.809156691080368,1.324576089644017,0.22767470127327688,6886.576,0.1977049039659812,5.34,14391.268,24.227,3448.182,2156.849,0.16961832654183395,38172.532999999996,8916.678,0.04782270083254354,8378.654,0.03247334585777645,0.06421365531981621,0.06530167400908718,-0.3564662081969848,0,0
86434,2022.0,1958.721,0.028253063286265475,1.5153836363005218,17.955849164655937,2.6230941776065912,0.2570671654577948,1400.496,0.6924000549485665,1.27,-154.073,-736.452,487.106,130.964,0.1460857770385962,2198.795,1885.091,0.04810350311803731,1711.951,-0.2379033366109629,0.10113607223571228,0.03905912234475689,-0.41266100273534007,0,0
86489,2022.0,12088.0,0.014937697042486113,35.12155554423675,7.799198974971049,1.0608099195398444,0.09069584413874754,10250.493,0.29521577724067144,34.66,11711.359,639.21,4017.204,1379.083,0.13601523989119435,33701.658,11272.898,0.036115563160812506,9492.561,0.01568090160784817,0.1875507568505485,0.07230634039268348,-0.586391690032003,0,0
86779,2022.0,678.4,-0.09343455410027529,-0.33999999999999997,-81.1764705882353,2.281463112213267,0.732261801332175,184.9,0.5229045203301279,-0.35,-259.3,141.4,339.8,-27.2,-0.028104980367844597,951.3000000000002,690.6,-0.020595138941470432,638.6,-0.14203331909440411,0.08142812402129658,-0.017665797856936064,3.53672851471447,0,0
86699,2022.0,5106.072,-0.02903199578429912,-0.9034762065474182,-187.42054165110198,1.2811562555485516,-0.007112158398735374,5344.146,0.1562568850391269,-1.57,5221.715,122.206,7522.822,-40.155,-0.006835730194044174,21405.149,5306.406,-0.0011824378343357333,5127.349,0.024736880357215857,0.034921945044115346,-0.037753236371284034,23.55266140956039,0,0
85225,2022.0,5468.6,0.008287371760066298,11.794366197183098,11.112085025077622,1.4794206493052242,0.10945330731856609,4655.6,0.3667524887227013,11.7,3105.4,110.3,525.1,418.7,0.13313618875003974,13674.099999999999,5227.8,0.029373592529973413,4857.3,0.026681642702529807,0.07627694398122413,0.04606144075901912,-0.7178631877728372,0,0
86607,2022.0,11609.894,0.03310442212226047,10.057149318011286,11.311356369768513,14.64921170920758,0.3138348143960171,7972.414,0.6786090671558453,9.3,215.09,53.17,577.27,978.45,1.295088867358122,16142.169000000002,11618.797,0.057147486246522494,11550.604,0.045539115953388755,0.005903847106177402,-0.0007662583312196819,-0.42071953997320544,0,0
86681,2022.0,640.02,0.012339587042126244,5.869500481709632,10.33648437189129,1.229424549214442,1.0158514287196312,-9.779,0.03671054441830917,5.81,390.946,900.117,2434.3,201.048,0.11894029971715532,43.638999999998305,616.916,0.011963673391859218,617.762,0.007712274316619037,-0.0013694594358343343,0.03745080367505451,0.031421256494917345,0,0
86920,2022.0,1004.196,-0.15153011246002437,-0.044235112491873674,-108.73714859171282,1.9450556634934124,0.34369516734489647,1164.756,0.7395536553299037,-0.05,-1542.471,62.499,134.71,-30.143,-0.01788768317621353,2182.965,1774.718,-0.01256107496098495,1419.213,0.012367659052761696,0.2504944641854324,-0.4341658787480603,11.063466935010034,0,0
86709,2022.0,12647.0,0.06250726153131173,4.602627856444957,16.844724887204702,3.104390723144199,0.31178489255037956,8534.57,1.4621964320392271,4.51,3423.755,-303.22,117.965,631.232,0.1842945339821075,7309.192,12401.021,0.07442816024494961,10119.141,0.051951410428416375,0.225501354314561,0.019835382909197504,-0.16016651055736378,0,0
86718,2022.0,2167.4,-0.0017987572222827864,2.82670906200318,10.577671541057367,1.3784154206977424,0.2923611111111111,1019.0,0.5949675660042143,2.83,577.4,20.0,74.7,88.9,0.13031369099970683,2229.6000000000004,1440.0,0.03673098376234351,1074.4,0.05287399835951795,0.34028294862248687,0.5051388888888889,-1.048971114792925,1,1
86818,2022.0,1845.422,0.10022247119720827,3.584452898454335,25.40415583066144,3.9304707004987076,0.39350762455407245,883.025,0.8011456304268877,3.53,755.107,64.004,546.668,134.736,0.15471762678116002,1076.964,1455.954,0.07413912641553039,1415.826,0.08173703101728388,0.028342465811476782,0.26750020948464037,0.3518161872516216,1,1
86890,2022.0,17741.0,0.11429937828790053,7.933458462678192,40.09348526829268,18.997573505035497,0.8025756362067903,3204.0,0.7386555004323881,7.91,11774.0,-64.0,4958.0,2870.0,0.473831929998349,15321.0,16229.0,0.1306267352419098,14294.0,0.03846802766998481,0.1353714845389674,0.09316655370016637,-0.1249924598036716,0,0
86619,2022.0,2971.956,0.215683418290617,11.408954683177447,32.658557277767116,61.56171011606459,0.6295611359307707,1031.996,0.900140616982861,11.25,7688.967,64.539,569.285,692.843,1.8850100937549312,2428.848,2785.874,0.2238637230155622,2365.365,0.1836569339981408,0.17777763685519996,0.06679483709600662,-0.03654144858645342,0,0
86892,2022.0,2090.334,0.04734253818167998,1.1878060724779629,425.23776540919397,6.29289054706638,0.4516913213408488,1128.212,1.4837364722984976,1.19,371.664,-96.961,66.321,14.553,0.014798522283200582,1234.5430000000001,2057.622,0.010494063963818447,1739.732,0.13921998803328922,0.1827235459254643,0.01589796376593951,3.5113635999273614,0,0
86847,2022.0,35.761,-0.09866577294448714,1.0805325539860369,4.358961682945154,0.8658400925269559,0.2775153151282318,27.833,0.24417978183293296,-0.95,-35.532,73.386,112.949,26.62,0.1986344812147894,39.500000000000014,38.524,0.16872769682256972,97.824,0.008299407409736085,-0.6061907098462544,-0.07172152424462667,-1.5847633482974752,0,0
86821,2022.0,6362.0,0.12976166225300467,4.259090909090909,17.198505869797227,19.230310262529834,0.6965811965811965,1917.0,0.63016157989228,4.2,78.0,-416.0,4140.0,937.0,1.1181384248210025,5279.0,6318.0,0.09345701176939956,5744.0,0.07799145299145299,0.09993036211699165,0.006964229186451409,0.3884636347370595,0,0
86856,2022.0,457.665,0.05179931486347158,1.1673589301995744,27.24097891174174,1.1076804183737206,0.18060201672302012,273.116,0.6085918941569788,1.17,158.222,-34.93,2.997,11.523,0.040662283905527154,512.415,333.313,0.021039696610605847,285.907,0.05107033229226707,0.1658091617204196,0.37307875780422617,1.4619801236753667,1,1
87198,2022.0,18.115,-0.19460179940019992,0.006456075628314504,91.3867857142857,2.33683105022831,0.39342389234480135,9.556,1.322753988245172,0.01,-28.241,0.205,0.274,0.084,0.025570776255707764,9.372,15.754,0.007052896725440807,16.379,-0.67151841868823,-0.03815861774223101,0.14986670052050266,-28.591755129242628,1,1
86930,2022.0,3691.893,0.12449045839143492,3.9101364627836968,21.536332760123,4.058996473106021,0.44145547763583404,1811.485,1.3172512250646295,3.89,514.331,-84.675,40.536,216.907,0.1884720355278741,2235.249,3243.224,0.08809783458530573,3192.399,0.10540372644736677,0.01592062896899801,0.13834042915321293,0.41309328404536394,1,1
52141,2022.0,21829.0,0.024855522993070582,7.061261293539468,9.777290080338268,1.3206517242560971,0.13655394524959744,18767.0,0.2838282535454047,6.71,15936.0,40.0,5453.0,2365.0,0.13507339082757439,70438.0,21735.0,0.030883543576484106,20315.0,0.02343781624860007,0.06989908934285011,0.004324821716126064,-0.19518552229879108,0,0
86605,2022.0,489.735,0.033635109292924396,0.4256186756995836,52.41781264257109,6.6094777850929045,0.21766201951294198,367.896,0.8095886566824998,0.43,58.216,3.897,17.703,19.727,0.12609220896266515,533.424,470.252,0.033962121225163684,487.267,-0.1717210800961696,-0.034919253715108935,0.041430977433376155,-0.009628725192730118,0,0
87619,2022.0,3493.844,0.03901081179800752,1.1507521122482618,44.14504171602204,3.3467112028427928,0.759113320132364,815.67,0.3523776252594352,1.14,2219.564,-87.463,1607.306,310.672,0.07581171231803671,7944.529999999999,3386.115,0.03233022552234619,3109.736,0.022885107332594547,0.08887539006526596,0.03181492654561356,0.206635931785994,0,0
87585,2022.0,936.24,0.028513560853834812,1.0400813549812393,40.76604180714767,1.5645912347648752,0.3772666854189762,564.542,0.5377891887498835,1.06,266.444,-86.737,115.39,29.66,0.03837976819448165,1479.436,906.555,0.017594991300386126,649.642,0.00791528747461823,0.3954685811570063,0.032744841736022705,0.6205498693943131,0,0
87679,2022.0,1089.752,0.03267205664145199,2.2259116787198034,25.886022590590475,4.28841801245508,0.5047716789601783,518.25,0.7544157116502986,2.28,877.707,37.172,233.672,72.331,0.16566538939875267,1118.08,1046.487,0.05214364138243261,990.533,0.044077327327327324,0.05648877927338116,0.041343084051689,-0.3734220362205213,0,0
7088,2022.0,1980.4,-0.2706643103863764,-3.6938513175748056,-3.0699665538907683,-0.3153647187329328,0.6546399191802568,717.9,0.8545529290853031,-3.84,-3073.3,18.4,102.4,-206.9,0.10272578322824091,2112.4,2078.7,-0.08505652620760534,1908.5,-0.24488665585314714,0.08917998428084874,-0.04728917111656311,2.1821698164082193,0,0
118991,2022.0,39.019,-0.35542091608287835,-0.5258849008193781,-7.397055884165935,3.3286511369873524,-6.361212231525301,80.885,0.05373499278675697,-0.83,-1182.682,57.031,155.317,-76.247,-0.4499967539940628,45.994,10.988,-0.37287331589114114,6.914,-0.4650204260285964,0.5892392247613538,2.5510556971241356,-0.046805172331929365,1,1
87867,2022.0,2777.3,-0.009578804347826087,-1.8315941774815854,-9.041304129263914,3.5886031353919234,0.09527683615819207,2001.7,1.4093254347410662,-1.85,-2029.2,-43.6,40.7,-167.1,-0.39691211401425175,1342.7,2212.5,-0.1064399006306134,1605.1,-0.0880965990282938,0.3784187901065355,0.2552768361581922,-0.910007391109203,1,1
94807,2022.0,47.638,-0.26757129797264595,-0.6054393397282525,-1.37371317888478,-6.277295709078861,0.6028422425032595,15.231,0.5206000135749678,-0.62,-374.934,20.72,38.985,-27.582,4.569582504970179,27.694000000000003,38.35,-0.37442476074119324,62.898,-0.09601966614655401,-0.39028267989443227,0.2421903520208604,-0.28538033263886,1,1
87952,2022.0,108.926,0.22038947091126468,-0.49046695509473365,-10.112811777588515,3.0448649143694477,-0.2653354534890832,41.379,0.4263291007222381,-0.49,12.02,-14.386,5.277,-16.438,-0.30108984339225203,65.82000000000001,32.702,-0.21429875107553514,29.599,0.06443595476350691,0.10483462279131045,2.3308666136627734,-2.0284216301082534,1,1
88112,2022.0,24.889,-0.18496123274979273,-0.13674463326435485,-10.018674717211862,1.9252194219245686,0.6904309799182923,5.38,0.28114535306964333,-0.16,-85.659,7.476,9.885,-6.542,-0.1921630830689696,51.152,17.379,-0.10583191781929953,11.346,0.011394695307387303,0.5317292437863566,0.4321307324932388,0.7476885665589174,1,1
7308,2022.0,36548.0,0.024559917730324843,15.182421227197347,10.303363189513927,1.306155571710458,0.2507760991041599,25341.0,0.2807680175319177,14.63,42748.0,40.0,9232.0,3662.0,0.1267698272579361,106939.0,33823.0,0.030398618697391796,31851.0,0.02309787263197561,0.0619132837273555,0.08056647843183633,-0.1920712590657257,0,0
88379,2022.0,1304.0,-0.3126681011296396,0.38052373158756136,40.18146236559139,-3.608764847899566,0.6928165761717531,492.2,1.2763262705113907,3.15,451.5,123.3,267.2,18.6,-0.08981168517624337,864.9000000000001,1602.3,0.014815994902023259,1740.1,0.09197475202885481,-0.07919085110051144,-0.1861698807963552,-22.10341581495428,0,0
88426,2022.0,1488.7,0.06522565120108077,0.9441517386722865,90.20795758928573,5.882556768558952,0.19294221438023823,914.8,0.5469240048250905,0.95,-637.5,153.7,711.3,89.6,0.06521106259097526,1309.7,1133.5,0.043232810615199034,1045.9,0.23479564189773447,0.08375561717181365,0.31336568151742394,0.5087071664535704,1,1
129266,2022.0,5283.0,0.03904331273681493,3.125,26.233600000000003,3.403977033120317,0.6116016630370223,1961.8,0.29140945018173425,3.13,2051.0,1833.5,568.2,800.0,0.12975638239205892,16736.1,5051.0,0.04615473374487971,4667.9,0.039262478334045066,0.08207116690588924,0.045931498713126115,-0.1540778254159835,0,0
89245,2022.0,2065.553,0.07830656502109393,5.220856923023922,76.83029930030551,7.789641966366105,0.9127661973603817,166.33,0.3014896161069801,5.22,4203.108,-245.005,668.028,454.627,0.10138763010565455,5645.423,1906.715,0.07188558316364431,1681.297,0.07303769490909152,0.13407387273039795,0.08330453161589434,0.08932224758937463,0,0
88638,2022.0,1843.892,0.09887564597109587,10.6231556559883,35.79162466528192,14.071858202809459,0.5447533530847751,724.5,0.7152754681025106,10.56,873.553,96.26,717.849,399.59,0.3931606439888503,1421.3139999999999,1591.445,0.1795958542702275,1494.111,0.17900554289455445,0.06514509296832686,0.15862753660981066,-0.4494547417429614,1,1
88930,2022.0,1317.845,-0.25454012456616915,-0.7714901116115136,-144.94028934010151,21.95938320739843,0.7447775889631768,309.241,0.7603573447896527,-0.77,269.461,-11.934,362.779,-63.04,-0.1515064121051316,1215.471,1211.653,-0.039559945805886426,1017.517,-0.03825621999399101,0.19079386388630357,0.08764225401166836,5.434289010787628,0,0
89429,2022.0,1065.48,0.021589020361772217,2.240037410540013,25.820997331493817,0.8298772338228345,0.5083972055852948,556.34,0.490782694676219,2.3,183.775,77.192,285.213,55.087,0.03213962741906312,1975.327,1131.686,0.023889794785504882,1027.653,0.03757632936914994,0.10123358760204067,-0.05850209333684424,-0.09630783539122985,0,0
89046,2022.0,2443.707,0.04793027917855561,3.0,30.183333333333334,8.147909952452352,0.2503024554543607,1704.109,1.1383500834333264,3.01,757.639,21.667,180.682,140.97,0.2699473203462955,1745.707,2273.062,0.07059781530886355,1949.248,0.07824279481511573,0.16612252519946147,0.07507274328636877,-0.3210798525582992,0,0
79116,2022.0,2032.14,0.06774247152294889,3.832117148697086,31.653520832796517,10.093275758798248,0.6799649323235245,572.031,0.29556060741854395,3.83,-733.56,-21.781,99.788,388.09,0.3188673958929873,5931.277,1787.401,0.06417368913470604,1568.856,0.04202511948235336,0.13930214117803041,0.1369245065880572,0.05561130170889301,1,1
82558,2022.0,2583.913,0.06168344982040432,2.733192975740466,8.422383711769752,2.3179416951199534,0.4505431432325339,1370.852,0.976246151630832,2.65,1065.435,-53.78,415.565,171.363,0.27521207468626435,1814.266,2494.922,0.06705318614446233,1802.533,-0.032941341547884966,0.3841200133367878,0.03566885056927631,-0.08008174753231284,0,0
89683,2022.0,2704.7,0.01049849084194147,-0.3025027203482046,-197.15525179856115,2.2849526827031315,0.4243454607276437,1523.7,0.483619886353255,-0.3,1136.0,2.3,55.6,-27.8,-0.011589611039312962,5198.6,2646.9,-0.005079388280864592,2675.5,-0.010265321843816622,-0.010689590730704508,0.0218368657675015,-3.0668809434183406,0,0
89730,2022.0,0.664,-0.46167692789314413,-0.2628328760122412,-19.06154236111111,7.303143391808716,-17.1672,45.418,0.019197542714532542,-0.27,-629.452,66.442,115.367,-43.2,-0.3831349663870018,11.273999999999987,2.5,-0.3317335381071223,3.09,-0.6490526516233457,-0.1909385113268608,-0.7343999999999999,0.39171013738159005,0,0
90135,2022.0,1018.0,0.0020727143686689463,1.9632927888792353,20.358654718442306,0.7720755033627442,0.6736076843115968,353.869,0.08925430326176824,2.0,-115.97,-93.819,263.446,18.078,0.037923699480169666,11883.677,1084.183,0.0014882536383306565,983.642,-0.0037721829812000173,0.10221300025822397,-0.061044122625054986,0.3927158081695452,0,0
90468,2022.0,3697.751,0.0010379270944675832,4.963857695574219,7.856792517394776,2.5014405210086066,0.6227146430910846,1400.773,1.263064931989926,4.41,2271.45,-289.789,823.139,263.01,0.3183793533392245,1741.5229999999997,3712.768,0.08947467435688695,3125.384,-0.03439649196265832,0.18793978595910135,-0.004044691184582453,-0.9883997667280955,0,0
90175,2022.0,10.114,-0.7296541446515319,-0.964292227450122,-1.3170281413117486,4.393361933001073,,0.0,0.0,-1.02,-1046.965,42.53,100.647,-158.628,-3.335814775093054,-22.507000000000005,0.0,-1.4220604582780505,0.0,-0.8174270063720159,,inf,-0.48690356981372085,1,1
90227,2022.0,1283.926,0.003897040123450888,-0.1547373841400618,-223.28153078202993,2.412292260262275,0.11489938714193981,962.138,1.0501098374560216,-0.16,261.258,-13.137,38.527,-3.606,-0.010803814591441436,947.7989999999999,1087.038,-0.003483499264852207,778.51,-0.05463818074727399,0.39630576357400676,0.1811233829912109,-2.118714208661165,1,1
90320,2022.0,1708.316,0.13635269815579878,13.11314225532235,4.701390315122796,2.811222235562492,0.38222156784832395,1044.777,2.404924795617853,11.63,1022.317,-192.236,17.183,174.313,0.5979555082928837,609.987,1691.184,0.24787938858133407,1419.657,0.09189448702370552,0.19126239648027663,0.01013018098562904,-0.44992321089633963,0,0
90991,2022.0,2210.996,0.009625786187931105,8.170347390191749,11.115806423240537,1.2680875867679116,0.9509597781411422,91.264,0.03711454853455306,7.69,2451.627,88.731,6483.808,466.151,0.11407967523765426,1562.7499999999973,1861.003,0.009296591093045226,1896.577,0.006499223793170516,-0.018756950021011576,0.18806686501848743,0.035410301646175465,1,1
90334,2022.0,27814.8,0.09777110226290507,15.31183128367752,7.0024282539148,2.043607931203931,0.1737762525093231,21113.9,1.8979175021909303,14.88,4027.8,51.2,100.7,1187.8,0.2918427518427518,12596.8,25554.7,0.08821650847407275,20443.9,0.04103508665982245,0.24999143998943446,0.08844165652502274,0.10830845557258094,0,0
90373,2022.0,1396.313,0.052245568693128935,-0.6617451326337945,-38.20201880349876,-2.074414793573467,0.25533822576513315,1087.163,0.8289633118059286,-0.66,-1760.503,-349.004,240.878,-42.758,0.05430118246482513,1358.7540000000001,1459.942,-0.024278233851891307,1869.719,-0.18397468721120716,-0.21916501891460696,-0.04358323823823132,-3.1519509619954884,0,0
90338,2022.0,7237.0,0.015293537247163296,-0.6366620572333723,-21.2828766,1.064782699619772,0.195691527878349,4443.0,0.5784293193717277,-0.65,-3692.0,-101.0,1591.0,-250.0,-0.05003001801080648,7347.0,5524.0,-0.02617801047120419,6090.0,-0.25601772585356025,-0.09293924466338259,0.3101013758146271,-1.584213122841638,1,1
90344,2022.0,28928.0,0.032511798636601995,2.641843971631206,12.53669798657718,1.2329821782178216,0.15680890538033396,22724.0,3.5813953488372094,2.55,939.0,-6.0,41.0,149.0,0.09834983498349835,5840.0,26950.0,0.01980066445182724,26514.267,-0.036132992187133416,0.016433907073501227,0.0733951762523191,0.6419549311438256,0,0
90453,2022.0,1637.3,-0.031171311973604236,-2.922774515975693,-1.2659204395604395,-3.416333333333334,0.16254563557915705,1009.3,1.1153063113085324,-1.05,-409.8,-193.2,47.5,-227.5,2.6986951364175567,853.8999999999999,1205.2,-0.2105311863779382,1005.8,-0.013584860888651597,0.198250149135017,0.3585297046133421,-0.8519396935442781,1,1
90535,2022.0,2067.718,0.08436090374364055,3.927694711002008,14.273003409090911,2.2811298275564593,0.2536140479588626,1359.183,1.5614940109054771,3.96,507.722,25.816,155.378,105.6,0.1598212907385378,729.3410000000001,1821.019,0.09055027297991859,1568.323,0.06909242878038588,0.16112497234306958,0.13547305107744612,-0.06835285010847687,1,1
90441,2022.0,22260.774,0.27278802009945774,16.482558795474826,3.7657987919351994,1.9197803427665427,0.308211756845213,12735.026,1.4690372871498527,15.67,7759.326,-124.753,1243.868,3214.066,0.5097936583542187,10006.811,18408.85,0.25648439730676165,9601.482,0.059448309773330536,0.917292559627774,0.20924305429182177,0.06356574888723761,1,1
90454,2022.0,537.787,0.035839313126399076,1.303599538251653,45.05217919819674,5.489151132624186,0.5917279467545998,201.815,0.7267959460631733,1.3,149.636,27.379,134.278,24.844,0.12183985836680447,545.011,494.315,0.03652836447203398,448.984,0.01550717303769842,0.10096350872191441,0.08794392239766148,-0.01886346009721956,0,0
90460,2022.0,2788.957,0.011853140877336948,-1.346617283547753,-7.953261948178619,2.0651387433813744,0.2148530493875255,1668.811,0.3598963121175265,-1.96,,-2.026,24.992,-165.067,-0.25965933938015373,5616.493,2125.476,-0.02794997664161051,1824.655,-0.07022324824023922,0.16486459084046032,0.31215642990087855,-1.4240841067355523,1,1
90745,2022.0,2556.158,0.14033101014871668,-0.20870897096561825,-233.81841122698594,1.3790129034658558,0.471450171919925,1473.404,0.4362942623548639,-0.21,211.909,14.51,310.459,-15.534,-0.005897794344890742,5859.799,2787.635,-0.0024312347460913844,2256.107,0.000689975281649555,0.2355952089151801,-0.0830370547076645,-58.720057832474716,0,0
94474,2022.0,9883.0,0.07369323050556983,16.764705882352942,10.319894736842103,3.19493947858473,0.42157953281423804,6240.0,0.7925942252589817,15.85,7635.0,-286.0,916.0,1995.0,0.3095903165735568,12222.0,10788.0,0.14657262508265373,9437.0,0.1020248110651647,0.14315990251139132,-0.0838895068594735,-0.4972237792424506,0,0
1299,2022.0,3146.217,0.38783029124723395,2.710461789946874,17.609545420278927,2.1148015800085282,0.22792501965215278,1372.1,1.2449546021020128,2.73,1064.258,1.732,174.513,132.65,0.12009404726445408,1170.9270000000001,1777.159,0.09292540958284091,1348.987,0.0016759222046675247,0.3174026139614392,0.7703632595620312,3.173565583280986,1,1
90733,2022.0,1098.752,0.02154443642471738,5.393460640197829,12.32232965689396,1.4228147189553053,0.41726419147489563,558.818,0.0906094706642867,5.38,283.663,-396.047,427.083,628.144,0.11546637353264486,9765.050000000001,958.956,0.05935183193071185,901.821,0.01870917539038236,0.0633551447571081,0.1457793683964644,-0.6370046934714896,1,1
52628,2022.0,2525.912,0.05506829029564288,3.1626468769325915,96.50144700821274,7.737186590484504,0.4297746778306654,1088.965,0.30550198238505627,3.17,801.551,856.488,1258.574,127.85,0.08017689713840281,4894.221,1909.71,0.020452544338108634,1963.704,0.018846038848014352,-0.02749599736009089,0.32266783961962797,1.6924909383052027,1,1
90800,2022.0,3632.661,0.03016037455973136,3.2300092342066007,16.8080014834185,2.783855960461163,0.5016775835726067,1804.268,0.7441963139643845,3.22,-3784.693,333.896,1604.029,500.196,0.16562682738977053,2905.0219999999995,3620.684,0.10281041357371404,3532.157,0.08641429619387325,0.025063155459963994,0.0033079385000181903,-0.7066408595068371,0,0
58929,2022.0,6411.499,0.04640066367564297,3.2522507019291735,13.172416251486432,3.0267975345172706,0.20587535372342064,4508.329,0.7305646000448343,3.25,2431.917,221.958,631.439,359.081,0.22978301601847068,6006.088999999999,5677.105,0.04620873969192029,4921.943,0.04741118369626078,0.15342761994602525,0.12936065124742283,0.004153413077315214,1,1
90776,2022.0,31126.377,0.018514566239372386,7.148515404771071,15.29408468883355,3.3632392278851873,0.12362159010970156,29093.326,1.2604178847930143,7.09,3477.644,31.671,650.815,1151.297,0.21990457724748583,24749.732,33197.219,0.043711954591995894,20089.959,0.03467342470995923,0.6524284096348827,-0.06237998429928715,-0.5764415841802097,0,0
90977,2022.0,53.948,-0.738471312289061,-0.9813960947836896,-2.5270122972586506,65.67951154765065,,0.0,0.0,-1.09,-2425.915,25.052,65.446,-97.908,-25.990974250066365,3.096999999999994,0.0,-1.3516856724742525,0.0,-0.9005854981885614,,inf,-0.4536663905467802,1,1
90992,2022.0,3358.741,0.04274790682490835,1.3827911159771642,86.18076774074964,4.854957709435666,0.2037551707710679,2385.106,0.631380425590754,1.34,911.3,-13.406,1807.581,70.727,0.056334584115570054,2743.1659999999993,2995.443,0.014907859492154337,2482.7,-0.0006899126009217914,0.20652636242800196,0.12128356306562994,1.8674744920560589,1,1
47134,2022.0,1706.272,0.011294711482326341,6.8589251716379165,11.679672542756386,1.1564138881601687,1.0789712144628145,-113.644,0.034295874702860094,6.76,976.511,2233.892,6843.147,475.543,0.09901081420962994,62.056000000001404,1439.056,0.011333237305443429,1221.169,0.0031921779678910273,0.17842493545119464,0.18568839572608703,-0.0033993661368568974,1,1
91266,2022.0,5349.9,-0.07090486127309752,3.623410507337453,42.42963906205894,4.655671959091352,0.6003452408125999,1400.71,0.5353930261117142,3.62,2231.648,135.084,2911.939,418.022,0.10972688106730812,3508.3980000000006,3504.8,0.06385701425509901,3372.772,0.09768823887921771,0.03914524907109056,0.526449440766948,-2.110369191234708,1,1
90861,2022.0,124.126,-0.12869019790355507,0.6933538827601124,10.788141793081934,2.0124272183667236,0.41371083789856344,92.894,0.8762865501927406,0.75,-597.079,41.144,71.682,25.643,0.18654067187522733,92.44499999999998,158.444,0.1418205549379746,110.128,-0.05544949738991294,0.43872584628795575,-0.2165938754386407,-1.9074156983791095,0,0
91783,2022.0,8842.0,0.05481404690942076,4.972337798911801,20.79705848275862,3.4358983820736797,0.22575941676792224,6372.0,1.0919463977709964,4.97,2334.0,-209.0,969.0,435.0,0.16521078617546525,5439.0,8230.0,0.05771527132811463,7447.4,0.022913397410749315,0.10508365335553353,0.07436208991494532,-0.05026788147976027,0,0
91140,2022.0,454.793,-0.01413202132345244,0.16775244299674266,175.19864077669905,3.724613611380387,0.9167143866660168,27.343,0.2663408634758073,0.17,-436.679,-21.06,485.609,18.334,0.021259375043483505,735.758,328.304,0.014873694475137225,246.322,-0.03234034596203159,0.3328245142537003,0.3852801062429944,-1.9501352436057793,1,1
105517,2022.0,950.862,0.011557055296697672,3.0195970900951314,11.902250176982294,1.510586252947682,1.010575445417669,-7.79,0.03516589740729013,2.97,315.466,709.891,2318.51,269.801,0.126916022641584,387.08200000000033,736.612,0.012880314584047344,714.105,0.009221397729417173,0.031517773996821125,0.29085868815604415,-0.10273501308644808,1,1
91230,2022.0,2257.849,0.014684968631520875,3.614480777504998,61.68520839496751,2.176558808149113,0.37243711130726503,1497.291,0.0789520682642886,3.83,-7.294,-182.478,415.227,571.247,0.035284938882149966,29290.73,2385.882,0.018903337273079756,2315.106,0.03377269670006121,0.030571386364166408,-0.05366275448660072,-0.2231547044111761,0,0
139185,2022.0,3569.399,0.015414449372622405,9.72082631722529,12.766404413593417,2.8973359720531717,0.5645920088924975,2022.781,0.6186801777902782,9.38,517.369,-425.504,974.092,1033.353,0.2269500384123932,6207.0650000000005,4645.714,0.13761394217554446,4015.307,0.10158748841994773,0.15700094662749328,-0.2316791347896147,-0.8879877348985521,0,0
91214,2022.0,6443.6,0.0769865233080492,8.585121602288984,13.213557740376604,3.1267570977917982,0.6648227064404599,2084.3,0.8050150814918379,8.22,6094.6,-716.0,2600.0,600.1,0.23663249211356469,4676.0,6218.5,0.07768586482322938,4400.8,-0.015353407290015848,0.41303853844755495,0.036198440138297074,-0.009002171975191393,0,0
91210,2022.0,4631.018,0.051049987552326564,4.700261484327081,17.70114285714286,3.4820454101757115,0.23347972786365445,3261.149,1.0329014691797573,4.69,947.918,68.009,156.57,291.2,0.19671302798229312,3656.83,4254.485,0.07069737179121453,3461.537,0.10594596143037345,0.2290739633867845,0.08850260372289487,-0.27790826930470874,0,0
91208,2022.0,3060.702,0.03506934104229531,3.2271551311124598,35.69087797781055,3.0906395761413226,0.3919400608063743,1758.589,0.12931355408464323,3.18,-662.573,-1218.171,501.158,505.195,0.0865946637138714,21543.325,2892.131,0.02258838239201175,2752.314,0.03818005712613291,0.05079979973215266,0.05828608731762164,0.5525388420331231,0,0
94692,2022.0,49.195,0.01023781557521946,1.3888452474469757,58.365033936651585,2.1382134651895863,0.051772597368856144,40.147,0.07168253065287837,1.79,-13.779,130.232,160.907,14.144,0.036635178992791596,429.2359999999999,42.339,0.02394666179064956,37.388,-0.04219841917693671,0.1324221675403873,0.1619310800916413,-0.5724742068551277,1,1
91255,2022.0,857.326,0.013082938841296556,3.6009005191227885,11.116663675494058,1.309086823977042,1.0453784478783577,-36.511,0.03814225073359417,3.6,534.088,-576.063,306.919,339.889,0.11775896637611123,3671.9210000000003,804.589,0.016112737633239563,702.051,0.003057830185467121,0.146054916238279,0.06554526596809049,-0.18803749312548376,0,0
91375,2022.0,4140.364,0.09468684624085362,3.971848937408218,24.910312944721934,4.432163626118019,0.19583873952543498,2471.699,1.3913433168229434,3.95,628.774,3.88,58.776,143.348,0.17792484726921579,1895.55,3073.636,0.06488936288484887,2856.659,0.08543464467907737,0.07595481294757261,0.3470573613791612,0.4592044370798133,1,1
91272,2022.0,873.1,-0.0367398835995577,-0.4072020327677933,-7.662044265331991,0.2862007600749999,0.23254852325677894,517.821,0.2900773335488653,-0.41,354.99,35.807,327.127,-61.538,-0.03735305489814982,1910.942,674.728,-0.026456259339956354,733.555,0.00887571359152184,-0.08019439578491047,0.2940029167308902,0.38870288227293714,1,1
100892,2022.0,845.568,0.017045117845117846,0.18314996916885729,40.84084771591594,1.2927496920705646,0.5407102849662364,358.917,0.3017263547089035,0.18,-2464.098,0.472,1.569,28.217,0.03165335110237616,2549.477,781.461,0.010894737614316172,874.97,-0.024622965893711667,-0.10687109272317909,0.08203480404012481,0.5645276140216354,0,0
91299,2022.0,257.307,-0.03395093339888292,-0.10716952949962658,-1702.8160975609758,4.4850635304482696,0.46813852029053477,134.954,0.42004761021864945,-0.11,-143.607,137.24,223.574,-1.148,-0.0026339095201604206,365.12399999999997,253.739,-0.001900435709650505,197.323,-0.03601199482791823,0.28590686336615595,0.014061693314784136,16.864815540182935,0,0
91410,2022.0,743.938,-0.0868877775269954,-1.4880242315230396,-8.460883723051834,8.136906934406632,0.6831460674157304,202.194,0.7010352994942148,-1.55,-774.351,-20.458,144.741,-175.383,-0.9617088711711612,715.806,638.13,-0.1926718285164369,532.344,-0.2440784246671256,0.19871737072269047,0.16580947455847553,-0.5490374581690184,1,1
98544,2022.0,16.18,-0.13094580494690974,-0.5577004130489758,-9.162625453446193,6.582683244651972,0.6342136381553016,4.64,0.4378214199427053,-0.57,-301.025,-3.143,19.605,-6.616,-0.7184276251493105,8.433999999999997,12.685,-0.22835053325509957,8.634,-0.3390598394551204,0.46919156821867036,0.27552227039810795,-0.42655791917672065,1,1
97101,2022.0,1845.329,0.03769759881211883,-0.4314419919358191,-23.10855268228765,0.8737846346872932,0.2779461789225476,1344.909,0.532337526415158,-0.43,-498.69,173.939,310.707,-51.896,-0.0378121748558072,3097.422,1862.616,-0.014831929002457316,1905.485,0.014600269861146868,-0.02249768431659127,-0.009281032698097748,-3.5416517841929522,0,0
91360,2022.0,20862.1,0.041972078467586264,19.222773068926916,14.011505990016637,2.1784449481802453,0.06948417411060054,18021.3,1.2490809416317317,18.89,4542.2,1.8,841.6,961.6,0.15547543210076153,12050.6,19367.0,0.06201870364398581,16589.9,0.028114413439038873,0.1673970307235124,0.07719832705116944,-0.3232351532446703,0,0
25114,2022.0,1347.545,0.010573513047135233,1.940210316397847,9.916450725672139,1.5159966973051027,1.0001940761859387,-0.255,0.042881098671398284,1.92,-695.579,188.44,2761.621,420.3,0.15287694551644618,1284.63,1313.917,0.013716943894925403,1424.636,-0.05210914591754625,-0.07771739588217626,0.025593701885279024,-0.22916408143603226,0,0
136201,2022.0,2014.987,0.02122763380363998,1.1880785768484952,105.95258802991809,6.33042086839722,0.2694975864620832,1282.256,0.48222097132262304,1.16,433.602,-123.184,287.993,70.459,0.05974767569254356,3343.551,1755.307,0.019356618197512287,1515.093,0.007242970090011184,0.15854736309916284,0.1479399330145667,0.09666025268650266,1,1
91441,2022.0,64.961,0.1483243838073016,0.3484513274336283,24.049269841269847,4.457149581282238,0.4716205315862992,26.857,0.8155082787832114,0.36,-66.968,26.902,31.484,9.45,0.1853340916668301,26.649,50.829,0.15161725067385443,16.6,-0.09356104315716594,2.061987951807229,0.2780302583171024,-0.021718286355397368,1,1
91458,2022.0,769.767,-0.006318816904846422,6.807543856993659,10.532433063407995,1.0427167713271392,0.2566818316459445,587.205,0.0713837971797916,6.37,929.023,-35.811,336.984,449.754,0.09900055998929329,10572.074,789.978,0.04064056001154462,1009.528,0.03169360465756891,-0.2174778708465739,-0.025584256776770873,-1.1554805569374895,0,0
91678,2022.0,4066.093,0.05780468922804689,3.185270687693058,26.56289160193134,2.8428412784250745,0.1960058797675387,2910.355,2.1221082313766644,3.18,476.411,-88.292,255.94,97.963,0.10702303503050761,1061.059,3619.871,0.05742969533178175,3329.188,0.04714378404478445,0.08731348304751789,0.12327013863201196,0.006529616674766162,1,1
91775,2022.0,110.776,0.1738397013884616,0.9443462417056455,7.963180947718536,3.1727278359741615,0.8757995376708485,16.602,0.6225160319847992,0.92,-51.763,-14.751,103.139,69.451,0.39842468189588903,109.56000000000002,133.671,0.32343859877891457,124.959,0.37603700168856913,0.06971886778863458,-0.17127873659956158,-0.46252642064131255,0,0
92073,2022.0,6842.0,0.22665070133424564,5.449826989619377,25.47970793650794,-4.792850830048967,0.5127582017010935,3208.0,1.1035869929601072,5.3,-8373.0,-253.0,736.0,1575.0,-0.1881046219992834,5003.0,6584.0,0.2639959772041569,5652.0,0.1544771018455229,0.164897381457891,0.03918590522478736,-0.1414615338665972,0,0
91863,2022.0,1708.482,-0.0011538293853374443,13.462633963892683,5.255286609570928,4.362569409948907,0.4156818234027579,1119.182,1.8462051548975382,12.82,63.728,-8.761,54.787,187.171,0.8301296835083735,798.915,1915.364,0.18041273880438763,1522.598,-0.12311347770906225,0.257957780057507,-0.10801184526805352,-1.0063954984164865,0,0
92114,2022.0,899.923,-0.021554810958357932,0.12526203523224597,157.5896476805637,1.813652103395844,0.2549256586496788,573.328,1.156435462031052,0.13,118.724,11.628,85.547,3.406,0.011508700794053051,482.173,769.491,0.005118733271315406,648.006,-0.012793526958133787,0.18747511597114844,0.16950425670995506,-5.210965841714741,1,1
92069,2022.0,1183.236,0.0799272424903856,4.147473955416154,24.506483004497017,2.8362360663936728,0.40437020774224824,683.129,0.8284667288370786,4.12,534.096,4.511,80.613,74.049,0.11573411271920228,1162.491,1146.902,0.053489428742522764,1166.044,0.05932169318926231,-0.016416190126616194,0.031680126113652306,0.49426240603772675,0,0
92189,2022.0,24696.625,0.15795010348364716,6.535112163856764,16.469495442673633,6.8767275192958826,0.1403916814971843,19858.79,3.2871044172318253,6.37,4875.727,13.617,257.413,844.245,0.41754330260038164,4851.397999999999,23102.138,0.12012401054507953,16207.106,0.09844393496593679,0.425432646642775,0.06901902326096403,0.31489202505749214,0,0
92345,2022.0,362.07,0.0004555199662730138,-3.6807959970092594,-5.346669583424482,0.7628427346540216,0.3507408382232268,209.675,0.31961271780417366,-3.62,816.502,9.496,355.451,-127.996,-0.14267624410884755,619.743,322.945,-0.12667528349428853,364.973,-0.02672754375540753,-0.11515372370010937,0.12115066032915822,-1.003595965635187,1,1
93581,2022.0,657.458,0.030602213936788872,1.3181210565714896,36.02855728860313,1.3570587621868138,0.5757382613543178,222.989,0.09060151866440275,1.0,-994.931,-738.109,289.901,98.606,0.03766619771411414,5442.369,525.593,0.016997664256225058,412.12,-0.019648622464923028,0.27533970688149073,0.2508880445515827,0.8003775975032227,1,1
92673,2022.0,16222.1,0.11188686267212505,32.28924080111784,6.045976776054814,1.8370123924834274,0.18102789666144983,11041.3,2.344922948481581,34.23,2189.6,-68.6,14.9,554.6,0.30384046458116476,5276.7,13481.9,0.09646223953803876,10851.8,0.056293472707981296,0.24236532188208412,0.20325028371371995,0.15990322439076046,1,1
93593,2022.0,3919.709,0.24982912872112117,33.66392330254345,50.416286442518384,226.16463577974696,0.5961274149862961,1501.57,1.117570107953654,33.25,5604.048,4.31,98.564,768.985,4.4859439625250115,2955.323,3717.93,0.23114869012185293,3085.177,0.21415118372428407,0.2050945537322493,0.054271866334223616,0.08081568011231477,0,0
93558,2022.0,14001.1,0.017777152843340097,8.567850302048033,5.771576096302666,1.8707756410256409,0.15442386499306246,10482.1,2.4916886092741852,8.43,1050.4,129.1,399.2,348.9,0.32413600891861755,4442.6,12396.4,0.0701292436332938,9767.042,-0.013717324084695299,0.2692071970203466,0.12944887225323487,-0.7465087041819968,1,1
93630,2022.0,2329.6,0.12902826258304245,14.072139303482587,11.69047551705851,2.3734216192937123,0.5659509202453988,1047.1,0.27177684646928935,13.65,4481.6,-123.6,908.5,565.7,0.2030218202698823,7773.9,2412.4,0.06373079176242621,2027.5,0.02563094981556364,0.1898397040690506,-0.03432266622450679,1.0245827647023473,0,0
94558,2022.0,7946.0,0.06507075783626505,1.7552545119042262,55.05754256410256,2.0779782193548386,0.22497824194952132,5343.0,0.9849978568366909,1.74,3002.0,-337.0,332.0,117.0,0.03774193548387097,5893.0,6894.0,0.016716673810544362,5987.0,0.05074365704286964,0.15149490562886253,0.15259646069045546,2.892566103384779,1,1
93735,2022.0,651.138,0.20337080524130574,2.744195750504899,33.849626063632435,6.102108884337391,0.5613947278241717,308.461,0.6932341173420655,2.73,749.703,-100.757,530.352,164.413,0.18027108697940425,440.414,703.277,0.16206516199813306,488.318,0.07879212565825233,0.4402029005688917,-0.07413721762548754,0.25487058868116585,0,0
94476,2022.0,11642.0,0.08704461812016706,19.13809530384833,17.36275186868687,4.016820913036222,0.5661794977356936,4215.0,0.478809383008082,19.14,7380.0,-58.0,144.0,1386.0,0.2313470205307962,19332.0,9716.0,0.06830277942046127,8530.0,0.04980971569285874,0.13903868698710434,0.1982297241663236,0.27439349992383105,1,1
94542,2022.0,767.512,0.011389658092145519,1.704681432595037,8.6291782844182,0.8434317240034915,0.9318796445324408,41.562,0.034106094221490996,1.67,921.149,-34.313,329.117,204.572,0.0977418354568575,2519.4940000000006,610.126,0.0114355918401754,652.31,0.006518804601528387,-0.06466863914396526,0.25795655323654454,-0.004016735528152279,1,1
94392,2022.0,3232.6,0.016025059015798072,0.035679561854980425,341.09163249999995,1.6009933466322457,0.30432430482922773,1928.9,1.226315789473684,0.03,850.7,-288.6,200.9,4.0,0.0046937338652898375,1816.5,2772.7,0.0017691287041132243,2596.2,0.0110875106202209,0.06798397658115708,0.16586720525119925,8.05816460867986,1,1
94540,2022.0,1509.606,0.033097880984099305,2.1576725925458122,38.027085426890544,2.0563295714663496,0.5271936366837158,624.433,0.08531274244006866,2.25,-2445.901,-93.829,217.95,409.988,0.054075392536190356,15117.122,1320.695,0.026483935085329216,1190.762,0.030960719996061908,0.10911752306506253,0.14303908169562243,0.24973425880483624,1,1
94244,2022.0,1424.9,0.38871581862236065,7.101312896425049,35.742686416166556,-22.254271914981054,0.8915369063616697,143.993,0.6692207339179459,7.01,-14880.557,-181.785,1205.805,784.83,-0.6226244903884829,768.9619999999998,1327.576,0.3956266975305531,1265.052,0.46119383556604465,0.04942405529575078,0.07330955063966212,-0.017468181372311743,0,0
94210,2022.0,695.208,0.1001359978608017,1.594743196264673,7.374228043452484,1.2436176031748472,0.8430913923415012,108.743,0.8178038853809092,1.57,251.876,215.494,499.391,109.637,0.16864376797772684,337.204,693.034,0.129375419649695,687.314,0.17222601823657652,0.008322251547327754,0.0031369312328110572,-0.22600445948746525,0,0
94243,2022.0,988.197,0.004892781899093697,1.1231512825618652,59.01253110695636,2.466990093966497,0.45004307377954017,508.158,0.472599106865657,1.13,374.16,-112.999,113.839,62.044,0.04180451249405382,1793.347,923.996,0.03173383757762244,796.61,0.0532134697526572,0.15991011912981254,0.06948190251905854,-0.8458181464146677,0,0
94373,2022.0,17073.903,0.03648074168078235,3.4070137554860698,33.654105392257726,3.199031989704831,0.17016577462943022,10771.425,1.0097255668508647,3.45,3477.154,45.079,230.933,485.956,0.09505621832517294,11424.938000000002,12980.213,0.03780232247071591,11202.672,0.05305805765757527,0.15867116345100518,0.3153792622663433,-0.03496030676309213,1,1
94449,2022.0,99.951,-0.1722289228903946,0.3048420749694223,182.38952088742033,5.516539244030409,0.8815534165271648,12.453,0.5402894260812365,0.31,117.792,0.368,38.87,4.237,0.030245922118713638,153.93900000000002,105.136,0.021773762539056076,94.864,0.006654302187090772,0.10828132906054974,-0.0493170750266322,-8.909929328082999,0,0
67952,2022.0,10.262,-0.8028450677554205,-1.39688476099787,-3.57223454598744,2.714098841791583,-167.69408450704228,299.432,0.00357905476659522,-1.45,-1210.138,-179.584,401.315,-303.659,-0.7597762148177617,69.86499999999995,1.775,-0.6122885585180495,7.411,-0.3082986890761284,-0.7604911617865334,4.781408450704226,0.3112201046163328,1,1
81668,2022.0,4538.818,0.10238705127819873,3.9002063527603466,18.91694780400085,5.082763844988491,0.43155380643414526,3115.711,1.3582530130185198,3.85,2871.558,-421.611,1328.916,644.513,0.26868836863384,2070.183,5481.101,0.1597145763560287,5252.279,0.22867468878986902,0.043566230963739586,-0.17191491271552914,-0.3589373392572383,0,0
136194,2022.0,4843.76,-0.12231632874213791,-10.809962772132831,-1.91860050188757,3.5542885659671546,-1.4983286675946703,1618.882,0.0345964569793106,-12.33,-5081.492,-1793.835,1746.647,-4506.587,-1.8525422892730152,16750.018,647.986,-0.2406100490890551,1279.908,-0.2180795080600003,-0.4937245489519559,6.475099770674058,-0.4916408138179385,1,1
94871,2022.0,10711.1,0.026278936520102093,5.633737921592375,51.91934805467929,26.236579941746044,0.6976883369492033,2828.7,0.13388440631353926,5.69,-5881.3,481.9,2343.3,2567.7,0.5053333858143746,67272.2,9356.9,0.03674026548229379,8041.5,0.03579239311082177,0.16357644718025238,0.14472742040633124,-0.28473743520534217,1,1
94545,2022.0,3486.172,0.10205974283199402,5.434104720397766,17.931196584092987,3.191943584824849,0.5187174022680167,1513.525,1.0253155394884073,5.37,1989.252,-27.321,894.549,354.108,0.17801062912089569,1889.23,3144.774,0.11545263190841724,2513.662,0.03807872251390852,0.2510727377030007,0.10856042437389782,-0.11600332409093216,0,0
131596,2022.0,18.169,-0.37134516056591066,-1.9083622762489982,-2.824411311773764,3.630514666186791,-1.2680549401860874,20.476,0.6262051744468337,-2.07,-284.122,-1.232,6.555,-14.286,-1.2854057944934316,5.852,9.028,-0.9909135048900604,1.931,-1.148664138964818,3.675297773174521,1.0125166149756313,-0.6252496724150404,1,1
94649,2022.0,767.084,0.22617323011410473,1.749247870285334,88.88963230501848,39.17833844017811,0.5512240768003279,297.827,1.2296334314110595,1.74,250.013,59.001,263.706,110.472,0.44075262124766595,256.37699999999995,663.643,0.20468846116789077,586.372,0.18744682131101045,0.1317781203740971,0.15586844131558672,0.10496326379918208,1,1
94650,2022.0,590.901,0.07917526596565362,5.660600298791254,16.492950406679622,3.339631353420718,0.29310713459013704,400.054,1.019038101411697,5.59,205.834,20.453,66.13,41.679,0.20248841299299436,465.71900000000005,565.933,0.07504861711322386,508.373,0.04387925014771446,0.11322395170475223,0.04411829668883059,0.054986341003512386,0,0
94713,2022.0,7091.585,0.1122618410476949,2.6318277633383134,9.419309403650105,2.058463872865768,0.291368546716867,4349.813,1.0165229954058537,2.64,1183.917,129.324,1079.236,642.995,0.21853660227660493,4130.591,6138.329,0.10648161795025762,5050.589,0.06732717269002259,0.21536894013747698,0.15529568389051815,0.05428376473521923,1,1
106791,2022.0,7211.859,0.04877043255685586,2.375167171383334,57.37280375117102,5.0736019177734875,0.4083031381185399,3639.741,0.4184620954502894,2.37,3096.429,-494.774,147.441,618.047,0.08843217667691429,14142.894,6151.361,0.04204423097697648,5445.99,0.014627764114770027,0.12952117062278853,0.1724005468058208,0.159979179630201,1,1
94852,2022.0,293.742,0.22055969685339447,1.3284197736138645,15.454452280659527,4.46327306347452,0.38047552266964124,172.729,1.34339238993741,1.38,0.799,-3.661,45.794,41.545,0.28880176291074916,154.07,278.809,0.2001773143619815,239.482,0.028424524137214677,0.16421693488445907,0.05355996398968466,0.10182164026117076,0,0
94940,2022.0,19428.0,0.12827694375980284,4.070476190476191,21.79597566682265,3.8844133099824867,0.3729940022694116,11604.0,1.0366905668832624,4.06,11959.0,-888.0,2719.0,2137.0,0.17821699608039362,14772.0,18507.0,0.1197064754649339,16652.0,0.08225491934054245,0.11139803026663464,0.04976495380126439,0.07159569489939176,0,0
135389,2022.0,3590.477,0.09956926435912607,32.01497186962384,12.582238136595086,7.4029052438012535,0.5072921157541209,1851.409,0.6782132201780715,32.37,624.657,2074.793,2181.864,688.546,0.5883615588446155,3116.5710000000004,3757.62,0.12427573833988814,2849.999,0.09378386668382607,0.3184636205135511,-0.04448108110985146,-0.19880367890626457,0,0
95031,2022.0,13511.3,0.0512031501158232,4.0680958385876425,34.278936763794164,4.9263874193943575,0.39976095617529883,6779.7,0.452614706471649,4.05,6461.0,-8.6,29.0,1290.4,0.14371470892871066,24016.0,11295.0,0.05170907633740734,10153.6,0.04127336348894768,0.11241333123227226,0.19621956617972547,-0.00978408932085565,1,1
95154,2022.0,58186.0,0.08060727080519176,2.1309238276403937,10.305389481855231,1.8869080299578742,0.18634103546213998,33202.9,0.6043174736692454,2.11,,1806.6,2964.7,4637.7,0.18309914761399032,63762.3,40806.9,0.0686806189060149,27199.7,0.05889556005846503,0.5002702235686424,0.42588630844293485,0.17365382096363643,1,1
95399,2022.0,6986.0,0.04303589321959867,2.537037037037037,82.2770802919708,10.919796560910633,0.6856466876971609,1993.0,0.16239754098360656,2.68,-9757.0,85.0,461.0,1096.0,0.13271978687333494,38333.0,6340.0,0.02807377049180328,5840.0,0.02723895996698308,0.08561643835616438,0.10189274447949527,0.5329573643185511,0,0
95547,2022.0,9795.0,-0.060863309352517984,22.90909090909091,2.9027777777777777,4.039783186745756,0.7922264875239923,2165.0,0.39134680387591075,0.39,36488.0,-188.0,7323.0,13608.0,1.3916956432808345,19041.0,10420.0,0.5110793960790205,10271.0,0.2934748834800621,0.014506863985979944,-0.05998080614203455,-1.1190877773971297,0,0
97625,2022.0,68711.0,0.007810381336094698,62.0091716824305,6.169248671134735,1.3451689124497344,0.5140254504608472,31583.0,0.04439175730948614,60.25,129743.0,105194.0,466739.0,21635.0,0.21804420346089112,334586.0,64989.0,0.014778126596666092,53498.0,0.008133080200992581,0.214793076376687,0.05727123051593347,-0.4714904297912362,0,0
99886,2022.0,30.531,-0.015087474523643427,-0.07154145309128887,-18.031504033807146,5.145363407147556,0.2844198725332104,18.638,0.5070471889113844,-0.07,-257.264,-3.896,6.53,-5.206,-0.2853540890155668,43.49,26.046,-0.10134714218969008,29.424,-0.2403224452095054,-0.11480424143556281,0.17219534669431005,-0.8511307354340155,1,1
106248,2022.0,479.242,0.06812563967086278,4.26512576478586,3.2191313356710234,1.7366918621745617,0.46270682747654857,464.289,1.7370204793799098,4.12,504.713,7.711,120.728,194.494,0.539490838081184,346.70599999999996,864.126,0.39096157402568166,1059.195,0.564641074580858,-0.18416722133318225,-0.44540263804121155,-0.8257485026741076,0,0
97870,2022.0,57342.0,0.03717911946077728,0.84114429667287,11.103921214165261,0.8573730833333333,0.05962735871476781,39569.0,1.4707959033870461,0.55,,393.0,453.0,593.0,0.07721354166666666,23346.0,42078.0,0.02072774301793142,23290.0,-0.10572723190594767,0.8066981537140404,0.36275488378725224,0.7936887498370611,1,1
97054,2022.0,2114.297,0.03837783666828802,6.778027597760437,11.301222796040221,-4.088729341833097,0.6312463128429999,805.708,2.376132631533158,6.4,-429.151,-1.854,2.389,153.746,-0.36179530442190083,754.6039999999999,2184.949,0.16719881679970422,1856.555,0.17395667736484796,0.1768835289016485,-0.032335766189508335,-0.77046585972996,0,0
97071,2022.0,666.496,0.43616030886908874,0.1588540066760869,109.03092948304759,2.47569805223317,0.46266267510167197,475.651,0.8257901772762172,0.16,-1249.789,-15.938,134.824,7.757,0.02270638307837317,928.903,885.2,0.007236392233542268,754.952,-0.32208003818859754,0.17252487575369035,-0.24706732941708096,59.273171325262034,0,0
97161,2022.0,407.337,0.09854541375815465,-1.0215638906547997,-8.976433176511588,0.6471514302070791,-0.031193822520019728,302.874,0.1602230921302418,-1.65,-598.201,61.338,84.945,-40.173,-0.07209449649783661,1704.992,293.712,-0.021914808656603082,173.761,-0.08397072571868179,0.6903217638020038,0.38685855531949664,-5.4967499056151805,1,1
97159,2022.0,26974.0,0.10606575688407557,3.89146049481245,62.92239130434783,23.05798737411694,0.6929107527680761,8265.0,0.6090931721999683,3.91,16224.0,1143.0,21208.0,9752.0,0.3664512250112731,21196.0,26914.0,0.22069839545567702,16675.0,0.1504636865687194,0.6140329835082459,0.0022293230289068887,-0.5194085726582601,0,0
97164,2022.0,5802.4,0.011756316963469486,0.05175438596491228,180.27457627118645,2.3233289646133684,0.2149090485979134,4048.4,0.9149883776638218,0.05,-678.7,-26.8,530.2,5.9,0.012887723896898209,4492.7,5156.6,0.0010468974572812606,4710.8,-0.09487348511738755,0.09463360787976569,0.12523755963231573,10.229673815427962,1,1
97234,2022.0,2619.897,0.01759546357437709,6.151739154945458,12.78987909244302,1.9127813009553523,0.972612514038167,52.163,0.03128974972704848,6.16,4593.278,-105.036,7002.93,872.981,0.14955429110237103,517.2390000000014,1904.629,0.014341563110962036,1830.589,0.010886322969306101,0.0404459985283425,0.37554190343631233,0.2268860401226363,1,1
133288,2022.0,17489.0,0.02714311825991592,2.1810331443104607,75.62929542372882,5.345787025278543,0.1959918043283391,12557.0,0.8673293719109235,1.95,4405.0,286.0,3139.0,590.0,0.07068407811189649,11915.0,15618.0,0.032765035819403564,13066.0,0.10295628352927748,0.19531608755548752,0.11979766935587143,-0.17158282965032884,1,1
97262,2022.0,2863.836,0.05861862712074941,6.13573980071442,10.013462434121829,2.116101961607049,0.29161343771692727,1872.588,0.7630018478611628,6.04,1042.338,127.292,1035.314,326.36,0.21132570032881234,2378.3,2643.455,0.0941999326895934,1819.946,0.03744577994756138,0.4524908980815915,0.0833685460883578,-0.377721135811117,0,0
97519,2022.0,3547.0,0.028969117007394518,9.935135135135134,17.5307127312296,3.348726875909374,0.4844724708435042,1520.6,0.6496487016276457,9.95,1979.8,358.0,1042.7,551.4,0.1910205778424444,3329.5,2949.6,0.12144571944585159,2330.0,0.0896818484553512,0.2659227467811158,0.20253593707621376,-0.7614644868540563,1,1
97520,2022.0,17090.0,0.1205788415283309,28.368967028685528,84.57234264377684,15.948005694399484,1.0,0.0,0.46351677171016453,28.39,24309.0,570.0,11177.0,1165.0,0.18857235351246357,10878.0,10958.0,0.04927879531322702,6840.0,0.0026972661607387767,0.6020467836257309,0.5595911662712174,1.4468707232371425,1,1
97535,2022.0,1106.043,0.19773483059424551,1.81277138986348,74.4881570588827,21.44511076721919,0.414761828377412,700.502,1.3005809929361603,1.81,946.048,19.352,141.053,208.737,0.28789960194970166,754.407,1196.952,0.2268089068922691,880.831,0.2279465588221552,0.35888950320776625,-0.07595041405169138,-0.12818754208728383,0,0
97536,2022.0,1112.321,0.041432462026560354,0.015282360556353704,730.2536776859504,25.955994712491737,0.6284215260674963,375.078,0.9993317447007355,0.02,-981.154,53.022,246.894,1.936,0.035543805537196146,703.0569999999999,1009.418,0.0019166551990757287,948.019,-0.1295542382298629,0.06476557959281407,0.1019429017513061,20.617066046381417,0,0
97594,2022.0,1083.586,0.06761094826808933,3.704164965291956,11.805629719451026,2.549723706922207,0.2328052086617999,773.696,0.9111635546865824,3.72,102.852,228.77,545.225,72.572,0.2159752395690733,541.199,1008.474,0.0655693270136014,629.37,-0.04786294192015354,0.6023547356880691,0.07448084928317435,0.031136834057553065,0,0
97735,2022.0,2695.845,0.061059164996586555,5.461336806700521,36.39768192947129,5.108184964662088,0.85204170213289,385.197,0.5209666058335736,5.46,2167.755,-268.493,910.607,331.241,0.14034368931956565,4024.577,2603.416,0.06628425863669836,2350.822,0.06572173102575503,0.10744922414372506,0.03550296994410406,-0.07882857480160342,0,0
97813,2022.0,7444.55,0.054113107053077786,4.751823180344258,9.133336480095158,2.0778403261515197,0.5155901852686481,3056.717,0.9721022664251119,4.77,2829.58,-574.543,894.863,741.503,0.22750068725485867,4720.075,6310.188,0.11423062939820806,4613.431,0.01695762949668199,0.36778636117024416,0.17976675179883705,-0.5262819846291886,1,1
97828,2022.0,2633.454,0.04359255670337035,2.1809170674400673,178.37450392216275,-8.022491393805963,0.7637404854571616,545.484,0.2355544686691562,2.17,-7965.84,92.818,432.839,237.624,-0.04497554985384422,9334.794,2308.834,0.02424314396922411,2083.138,0.002632010550754541,0.1083442383557882,0.14059910760149943,0.7981395795326588,1,1
97829,2022.0,1936.3,0.1203242617255356,10.548018089917532,20.48536494325347,2.462031534011973,0.956926727973895,72.6,0.32607223694647036,10.6,4292.0,156.1,1930.7,475.8,0.12018489984591679,3234.6000000000004,1685.5,0.09204697142636048,1483.3,0.11154929577464788,0.1363176700600014,0.14879857609018093,0.3072050048034177,1,1
97882,2022.0,5301.2,0.05050017691144777,0.7857587064676615,45.44652156707559,2.660320137135445,0.6239810786839549,1780.6,0.5328457297175649,0.78,-2655.7,-440.3,1285.3,252.7,0.0585373763580347,7327.999999999999,4735.4,0.028434792393383593,4445.1,0.027488990541995887,0.06530786708960411,0.11948304261519622,0.7759994943096017,1,1
98004,2022.0,2096.039,0.022205389302147712,-0.3484256142850152,-253.5691877340824,3.804659976959497,0.7451544325736957,470.515,0.30754207043596676,-0.35,-911.257,-61.882,1013.875,-64.08,-0.015004425462566206,4796.447,1846.275,-0.010674084778018848,1860.455,0.14690442235149673,-0.0076217914434908865,0.13527995558624806,-3.0803085008164155,1,1
98046,2022.0,4718.4,0.19360492288518463,12.665829557241906,25.609060862068965,-44.17324996282528,0.3006127655516082,2933.3,1.9310741746857591,12.47,2631.2,-92.9,36.5,464.0,-1.724907063197026,1733.3000000000002,4194.1,0.21363782862931074,3634.1,0.17530135301353014,0.15409592471313405,0.12500894113158942,-0.09377040514152479,1,1
98042,2022.0,905.062,0.104823032308854,1.537469378117529,84.09273175788523,12.00903181500418,0.383973236166391,468.813,0.8622831904932402,1.62,265.889,-58.794,24.41,52.091,0.14280701273422616,832.0880000000001,761.027,0.05902181351776399,612.133,0.03840989817514486,0.2432379891298133,0.1892639814356126,0.7760049388740835,1,1
98083,2022.0,2207.885,0.027043787920441393,1.825303058273337,17.460114283787885,4.069533620130827,0.42239656590073243,1225.816,1.9711028078006534,1.83,285.857,-66.933,173.573,118.652,0.23307600133576914,845.6720000000001,2122.245,0.11020183360128691,1489.637,0.07618199074163745,0.4246725880197659,0.04035349358815798,-0.7545976592523268,0,0
98142,2022.0,914.53,0.021147573531497293,0.4841164880839923,66.26504320677928,1.1537555468732936,0.7899529556146451,179.711,0.2678099945879265,0.48,410.706,168.985,703.198,35.874,0.017411224546749534,2469.552,855.575,0.011229191766761857,831.282,0.006272856282483393,0.02922353665783694,0.06890687549308935,0.8832676447911072,0,0
98161,2022.0,2406.511,0.21686862876309473,1.4006604033177406,9.024314509112749,1.3232968490988137,0.3531442518866531,1015.548,0.7270406769268957,1.36,,66.829,122.403,178.157,0.14663682740251896,1967.4170000000001,1569.976,0.08250278085732836,1328.129,-0.059657915731001064,0.18209601627552763,0.5328329859819512,1.628622047760118,1,1
98365,2022.0,91.951,-0.01937163218500266,0.22282347667381766,51.52060353499066,7.783849243394629,0.7596919028702084,18.813,0.6833532641428733,0.22,-332.329,16.623,63.238,6.959,0.15108226048066695,48.257000000000005,78.287,0.06074387018496373,72.729,0.07692225601622112,0.07642068500873114,0.17453727949723435,-1.31890678229781,1,1
98522,2022.0,1301.223,-0.002628083236964172,0.7302035607439485,4.231696702289201,0.27738030491400584,0.015548731374065958,1362.769,0.208996765161212,0.73,-1955.475,926.096,1016.945,174.515,0.06554824800273439,5606.569,1384.293,0.02634779665295491,1632.762,-0.021532407390251165,-0.15217710848243654,-0.06000897208900135,-1.0997458448454145,0,0
98427,2022.0,17873.0,0.04402013126126433,38.90324622240975,23.534282840196575,3.684392408139442,0.40673066997006296,11494.0,0.12691944866621246,38.76,27138.0,659.0,9340.0,5901.0,0.15655426737059933,142101.0,19374.0,0.038657565117132225,16205.0,0.02786724073634607,0.19555692687442147,-0.07747496644988128,0.1387197079765255,0,0
98563,2022.0,786.919,0.019145106039674648,-3.042199299146143,-8.934325902852136,4.118385084806604,0.39033330828940765,462.534,0.7443034323622729,-3.12,-246.881,-7.233,61.324,-61.638,-0.4609620389482186,874.592,758.667,-0.060471030061866105,773.271,-0.1640808542557106,-0.018886005035750636,0.037238999455624075,-1.3165996349010074,0,0
98558,2022.0,99.428,0.031922114047287904,0.008389077749753263,675.8788235294118,1.5452467835208679,0.496110788433724,44.245,1.0046912365413,0.01,-57.095,2.431,30.754,0.153,0.002286277850002241,51.283,87.807,0.001750632172729041,77.456,0.03903759810809884,0.13363716174344142,0.1323470793900258,17.234620924123014,1,1
98561,2022.0,1291.523,0.14428479848683468,2.370750481077614,20.81197510822511,9.854830726525382,0.45934983847315586,592.106,0.9095623416304907,2.32,-48.973,-327.274,415.785,177.408,0.4735173223722841,777.1319999999998,1095.174,0.1473406380209739,974.207,0.10157154507516253,0.12416970931229193,0.17928566602202017,-0.02073996403968496,1,1
98564,2022.0,36.487,-0.09148466955965,-0.11004221066064593,-15.539491525423728,0.8904674760383385,0.1461589912552332,34.467,0.84524058796432,-0.13,-133.272,27.126,40.086,-2.242,-0.0573035143769968,7.246000000000002,40.367,-0.046945014447841195,47.144,-0.08477695000448793,-0.1437510605803496,-0.09611811628310243,0.9487621984075669,0,0
98634,2022.0,3616.654,0.06306717730086471,4.059771232057416,28.829210640198145,4.147078680110039,0.7446445952774496,883.842,0.4252810009690769,4.01,1187.587,184.285,1078.195,651.642,0.143849886556642,6950.55,3461.223,0.08006735250328893,3198.149,0.07174712427535344,0.08225820623116686,0.04490638135710991,-0.21232343359580805,0,0
98636,2022.0,82.035,-0.022378401046976568,0.18234690386589122,46.99833020637898,1.9436986088787893,0.19466401920249327,64.083,0.5952676621083814,0.19,-72.103,-2.336,10.269,3.731,0.04135675885384914,114.32799999999997,79.573,0.0279107693228403,66.827,0.004717452757301145,0.19073129124455676,0.030940143013333712,-1.8017837411835,0,0
125410,2022.0,509.728,-0.08290067895225035,-0.06725593837625293,-507.31579729244044,3.820854317106644,0.4479744140862925,267.362,0.2590302164214147,-0.07,-15.475,66.195,515.39,-8.347,-0.007531510624149016,1336.467,484.329,-0.004464166334185128,444.448,0.004221257857944353,0.08973153214774289,0.052441625424040274,17.57024867497074,0,0
98751,2022.0,15.966,-0.17151382888700842,-0.22108462645976643,-20.896975397973954,4.086931459031087,0.7955224791069359,3.352,0.6375870250087512,-0.22,-120.523,0.53,13.651,-4.146,-0.195575262984103,11.692,16.393,-0.1612539380031893,10.735,0.022925225965488908,0.5270610153702843,-0.02604770328798886,0.06362567643846441,0,0
98675,2022.0,54022.0,0.03497713166762384,26.94206934080502,24.198957836269877,8.015797136654806,0.39085174722340466,31482.0,0.362703609350766,25.34,-12675.0,-400.0,601.0,4654.0,0.3312455516014235,141166.0,51682.0,0.032661711967773406,48417.0,0.022343037044228395,0.0674349918417085,0.045276885569443905,0.07089094723923252,0,0
112093,2022.0,11667.0,0.016325773387134177,0.07709703947368421,2344.05888,13.674626426835196,0.8229820888578739,1522.0,0.3990161499907184,-1.8,-1910.0,1667.0,6005.0,12.0,0.00583373845405931,14210.0,8598.0,0.0005568962316688324,5199.0,-0.13975387907972178,0.6537795729948067,0.3569434752267969,28.315647078830604,1,1
98701,2022.0,38.461,0.16129609173636317,0.36300194818411796,15.729943127202818,1.3898057963834531,0.5310211177292029,16.456,0.1999145396536007,0.4,-100.268,-8.032,137.921,12.484,0.08835415265932978,37.59700000000001,35.089,0.07112579762989972,30.456,0.05618433371476126,0.15212109272392957,0.09609849240502721,1.2677579318781214,0,0
98743,2022.0,6848.0,0.11906570451955943,4.003864887759423,39.334494148760335,8.831831122657265,0.5771482829561639,2672.0,0.5902849135917796,3.98,66.0,43.0,1575.0,1210.0,0.22453145295973279,8684.0,6319.0,0.11303129378794956,5339.0,0.07468577957826945,0.18355497284135605,0.08371577781294509,0.053387080067672475,0,0
98783,2022.0,295.122,-0.08090412484975228,6.6627749117567205,1.933128489343494,1.356791243993593,0.20863174445189725,219.448,0.8494054511036372,-0.64,32.369,141.581,152.546,147.234,0.7018629395164366,140.97000000000003,277.302,0.45099336531216117,342.505,-0.025820858412186093,-0.190370943489876,0.0642620680701906,-1.1793909424670879,0,0
98785,2022.0,5458.6,0.054939389717152017,9.53696564722008,45.81016815629912,2.67636681710837,0.47086231931170497,2441.6,0.31976466185734187,10.31,3343.2,-198.4,474.7,445.3,0.058422986092889005,13486.099999999999,4614.3,0.03085867930673652,3086.2,0.07903949024543737,0.4951396539433609,0.18297466571310927,0.7803545372454945,1,1
98809,2022.0,1795.302,0.01584145021205078,0.3417046240496877,13.608244292660897,2.7228916566626653,0.09442512618067998,1825.063,0.6030113405498111,0.33,-1212.467,-286.607,566.799,124.007,0.200091326853322,2065.3250000000003,2015.364,0.03710378239740336,2056.72,0.012383966778922846,-0.020107744369675877,-0.10919218562999047,-0.5730502609577773,0,0
98964,2022.0,8478.0,0.12866388465478898,8.99197126332332,15.141285043395554,3.530531949988912,0.2973105830304128,5432.0,0.9864102694977542,8.87,3026.9,-355.9,704.8,841.1,0.23317254380128632,6679.6,7730.3,0.10732697019191506,6658.2,0.06201904966905236,0.16101949475834315,0.0967232837017968,0.19880291435340666,0,0
47734,2022.0,98.024,-0.532150422191916,-0.09313424004857958,-34.57375073142189,24.018918699186997,0.14887118867637367,251.649,0.6345314384558265,-0.11,-1488.341,192.095,306.923,-23.926,-0.6947154471544715,128.54900000000004,295.665,-0.05134797556861347,88.17,-0.8433668664982238,2.3533514800952706,-0.6684626181658296,9.36361056690215,0,0
99972,2022.0,1024.106,0.04213184304802925,55.024531587016966,3.7514176685641205,3.590291924151971,0.615158283161779,277.417,0.24367414338326637,-1.35,2212.42,871.903,2039.205,2117.399,0.9570493720914255,871.7629999999999,720.86,0.7157497815464651,886.677,0.00628597026215872,-0.1870094747016106,0.42067253003357097,-0.9411360727809119,1,1
100170,2022.0,5382.4,0.18352728369008142,2.4084281365165836,53.79027010844256,13.854273548210218,0.7870616340181558,1114.2,0.6153999952955567,2.41,5910.4,-332.8,1468.3,1503.1,0.25756095889237307,6829.8,5232.5,0.1767812198621598,4386.3,0.11377485456881899,0.19291886099901961,0.0286478738652651,0.03816052312107401,0,0
102810,2022.0,120.242,-0.43620372507987104,-0.10439272269553969,-25.384911242603547,14.971531573055904,-0.05302339917982264,157.149,0.8918770319372729,-0.11,-1323.988,-11.483,124.967,-17.914,-0.5897807335220914,38.56600000000002,149.236,-0.1070591891375024,108.621,-0.26947398938194206,0.3739148046878596,-0.1942828808062397,3.0744164848813584,0,0
100272,2022.0,266.826,0.02429175012707412,0.186580266224024,141.2796783575706,2.43579185827343,0.6446095235127302,91.233,0.5273968522022463,0.19,68.228,10.339,51.946,5.845,0.017240921600264292,429.68100000000004,256.712,0.012008143760798598,244.826,0.028164369104940308,0.04854876524552129,0.03939823615569211,1.0229396492050826,0,0
100222,2022.0,69716.0,0.0038088180363060314,7.939045957797321,7.87122285627098,0.7644704454521205,0.1189967487227125,56904.0,0.08501950749498491,7.36,52116.0,-444.0,34846.0,6554.0,0.09712219554844255,703807.0,64590.0,0.00862699879427359,67077.0,0.006800009054940854,-0.037076792343128044,0.07936213036073696,-0.5585002238745831,0,0
100230,2022.0,0.139,-0.524675886134257,-0.5893081380903455,-6.685806194307073,5.165130331440645,-291.2684563758389,87.096,0.0021766282713335137,-0.6,-1487.786,-62.198,86.743,-87.758,-0.7725516087855979,41.013999999999996,0.298,-0.6409951135425721,23.995,-0.28742614874281114,-0.9875807459887477,-0.5335570469798657,-0.18146663671967245,0,0
100225,2022.0,111.299,-0.3418220864021731,-1.2217897232768191,-6.13853583567975,2.9157730395931187,-1.6174018301551027,289.749,0.15334183839550755,-1.23,-960.254,47.543,376.548,-178.286,-0.4749948713576648,335.616,110.701,-0.24695985582949984,118.192,-0.12891801182675403,-0.06337992419114662,0.00540193855520739,0.38412004353519624,0,0
100271,2022.0,1611.062,0.0593464602998741,0.7246943627251115,25.224426931183274,2.636565733969959,0.9726523899454345,39.243,0.5484858225873095,0.73,-217.265,343.119,1467.074,231.063,0.1045243065843668,1124.9070000000002,1434.97,0.08831876598430036,987.538,0.05229929075160492,0.4530782612922237,0.12271476058732926,-0.3280424648321785,1,1
100420,2022.0,8326.2,0.15880118545727762,2.3344809965015156,29.094261251980985,6.405889597417893,0.4683076649158729,3583.5,0.7001662164969873,2.37,2394.5,296.2,1396.0,1009.6,0.22017708378767395,7594.9,6739.8,0.10488260959900271,5255.0,0.027018920166128287,0.28254995242626074,0.23537790438885434,0.5140849952572842,1,1
100694,2022.0,70.146,-0.15666077030579637,-0.37140929788071286,-11.84676857878008,5.838114417841427,0.5850967297012812,22.862,0.5169043151969981,-0.38,-435.423,30.33,61.587,-19.821,-0.49280226747221606,42.26599999999999,55.102,-0.18593808630394,40.855,-0.368263971792665,0.3487210867702852,0.27302094297847634,-0.15745733744019522,1,1
1761,2022.0,5787.0,0.023679123711340205,20.272813563760145,1.4546574853683147,1.566919095652174,0.6309468101700203,2366.0,0.3889933863236454,20.27,474.0,291.0,2144.0,4955.0,1.0771739130434783,13802.0,6411.0,0.30064923244948727,7155.0,-0.023935695147365287,-0.1039832285115304,-0.09733270940570894,-0.9212400327171347,0,0
101614,2022.0,27.741,0.15917014839360324,0.2936742621905259,23.90403553800592,4.9247077486272115,0.5729659362117596,9.841,0.8508085357749392,0.29,-5.882,-15.519,8.266,5.065,0.20601993085214562,18.195999999999998,23.045,0.18699697260577422,21.596,0.07870793818899534,0.06709575847379151,0.20377522239097406,-0.14880895569809732,1,1
100929,2022.0,245.358,-0.29070503822969207,-3.660614125216864,-7.441374334528153,7.8798423263202,0.8198884649874509,33.944,0.1515559208304249,-3.88,-2264.275,184.026,716.782,-434.654,-1.0589229854702438,490.9419999999999,188.461,-0.34953856348330686,164.413,-0.36938787045236166,0.1462658062318673,0.30190331156048195,-0.16831769481259123,1,1
101197,2022.0,3756.0,0.05061224489795919,1.4650705735215295,75.85982682926829,6.0276218992248065,0.1305445366029571,2411.0,1.2412712623097584,1.46,1435.0,-45.0,455.0,41.0,0.07945736434108527,1257.0,2773.0,0.018352730528200537,2548.0,-0.024658740642888595,0.08830455259026687,0.3544897223223945,1.7577501244400202,1,1
101005,2022.0,6222.2,0.10191922306150762,4.765445904389153,75.39693183151473,10.799137054557981,0.7470797359065516,1444.2,0.4212541497602361,4.79,4736.7,-332.5,4230.9,1704.6,0.14323045768878506,9202.9,5710.1,0.12575433419402435,4438.4,0.09496011245512091,0.2865221701514061,0.0896831929388276,-0.18953709456838216,0,0
101121,2022.0,3976.06,0.06395379578758795,7.7452852614897,48.646368375014696,7.503433932192422,0.41863531591792463,2058.124,0.5039881599455147,7.77,816.011,13.195,246.3,390.982,0.15424448284296322,6579.862,3540.16,0.05566141043111534,2923.933,0.06634769855418969,0.21075277716691862,0.1231300280213324,0.14897907351332718,1,1
101143,2022.0,5919.6,-0.007259536188898904,-0.4972676111232498,-143.58465824612742,3.850060472814555,0.7843623014877925,962.258,0.20183926641749358,-0.53,1491.358,-134.934,613.533,-421.034,-0.026813870784265312,21033.555000000004,4462.383,-0.019043904052346693,2968.9,-0.025759401552672364,0.5030425410084542,0.32655578868958596,-0.6188000018827892,1,1
101204,2022.0,484.859,0.0376947034549659,2.909820788530466,9.385457725660228,1.1555046344600004,0.26476016027475674,321.116,1.0056690491102678,2.92,146.074,-7.082,9.376,20.296,0.12311649236891271,371.97600000000006,436.75,0.04673396455808127,381.535,-0.02516949011377076,0.14471804683711842,0.11015226101888947,-0.19341952236646473,0,0
101336,2022.0,3282.033,0.02060587302888284,3.0190013061091965,45.90259690168799,10.958194693487675,0.5004160698214315,1148.49,0.7202280400113287,3.02,839.691,-178.328,402.565,409.126,0.23872711857582735,2658.597,2298.893,0.12817648194051434,1859.313,0.10109655015464257,0.2364206564467628,0.4276580075714702,-0.8392382696347849,1,1
101334,2022.0,919.998,0.18061522767922766,2.967809867629362,25.122903193106946,4.5984470061730125,0.44072865277433926,370.477,0.8794381604800595,2.94,-20.957,91.448,294.923,98.65,0.18303804185476077,420.29200000000003,662.428,0.13096755350220382,474.56,0.08001933963472424,0.395878287255563,0.388827163103009,0.3790837718915503,1,1
101558,2022.0,956.209,0.020570114243092682,0.33825261553384606,20.044190905366655,2.285227808785409,0.23313320845260144,582.966,0.8929337446055757,0.34,-523.471,65.932,185.843,29.292,0.11400948132925436,606.6990000000001,760.192,0.03440685411973097,344.026,-0.005231854096836133,1.2096934534017778,0.25785196371443,-0.40215068278222693,1,1
101602,2022.0,2530.7,0.08211971869981727,1.8380938482560996,45.65055265247202,11.81669139654367,0.531742421109227,1132.2,0.6624383561643836,1.83,1651.3,386.2,1168.2,277.1,0.25885100420364315,2334.3999999999996,2417.9,0.07591780821917808,1987.5,0.05175467366349623,0.2165534591194969,0.046652053434798675,0.08169243325273558,0,0
105645,2022.0,1784.559,0.013360536560131813,6.925429783433802,13.789757890325285,1.4276398596559015,0.919451164303114,114.939,0.03709306714149603,6.79,1971.536,140.09,5101.539,527.323,0.10352900108982442,2063.3269999999984,1426.948,0.013707596523668071,1338.882,0.00894060778304439,0.06577577411601622,0.25061249604050034,-0.02531880500983602,1,1
102017,2022.0,2495.046,0.028457963102704174,0.5255715568949031,28.350088212592347,1.0599310713012147,0.2061572258242393,1785.146,0.7432507245797205,0.51,679.003,86.113,537.678,54.414,0.03738722304329275,2126.385,2248.74,0.017984847037577006,2105.322,0.0613047075495935,0.06812164599999414,0.1095306705088183,0.5823300049894753,0,0
102119,2022.0,8.184,-1.720198008403845,-0.2823460169967629,-6.268903733181732,6.578484356356886,0.49383440986494426,3.448,0.16582682149029918,-0.28,-471.728,20.799,37.18,-31.662,-1.0493835344027576,2.3980000000000032,6.812,-0.7707587818593441,4.651,-0.9132874266768681,0.46463126209417344,0.20140927774515546,1.2318240789344186,1,1
102092,2022.0,19.283,-0.5879034941763727,-0.15928056921995784,-6.189706659313387,3.8847688207400233,-2.431494598268584,47.962,0.15194042830742474,-0.16,-526.059,28.532,69.81,-36.265,-0.6276175971755911,20.869,13.977,-0.39422763343841727,30.111,-0.007694239896352506,-0.5358174753412375,0.37962366745367393,0.4912792618029647,1,1
102112,2022.0,1376.096,0.023753697592243876,2.9279859661857666,29.231697483679035,2.088926283884884,0.31974098317963046,830.65,0.4728804534091855,2.82,641.514,-31.321,17.885,96.808,0.07146099828965445,2487.471,1221.079,0.037490294185418334,1073.442,0.03257279001221406,0.1375360755401782,0.12695083610478933,-0.36640407581856854,1,1
102158,2022.0,6684.5,0.11786161617551924,2.9846153846153847,14.5680412371134,3.728610437824072,0.7470024189478447,1453.8,0.6855196602405039,3.0,-230.5,581.4,2015.8,834.2,0.2559445279661277,5921.4,5746.3,0.09951803779347204,4961.4,-0.08229221877287297,0.15820131414520108,0.16327027826601462,0.18432415659275045,1,1
137635,2022.0,4885.0,0.10310775486494336,5.123696337618239,18.592046390532545,7.132930397275824,0.2063876651982379,3603.0,1.3720157147174372,5.13,73.0,95.0,1942.0,338.0,0.3836549375709421,1281.0,4540.0,0.10214566334239952,4034.0,0.0893854748603352,0.12543381259295985,0.07599118942731277,0.009418819077211732,0,0
102669,2022.0,245.323,-0.42743228711395637,-0.4566762509370759,-12.766155428571428,-24.719209382795526,0.37790921459304344,163.236,1.215693814485529,-0.51,-795.578,9.797,49.812,-48.125,1.9363080389474532,117.454,262.399,-0.22296298698591108,313.832,-0.4890850242310703,-0.16388704784725583,-0.06507646751702557,0.9170549017670167,0,0
103378,2022.0,2084.279,-0.10013147851256964,-3.4295576770270735,-22.69388863798531,3.990112107676268,0.7886849940042567,373.412,0.2643407125688344,-3.48,-2642.963,-1175.826,1030.476,-595.625,-0.17582319942284236,5586.579,1767.087,-0.0891002745896563,1491.391,-0.1722877460969257,0.18485829671762796,0.1794999340722896,0.12380662095281524,1,1
102974,2022.0,775.643,0.10217876349391634,2.0235262222489983,9.12763066617045,1.6462618774651026,0.39333530430375474,488.376,1.38444605338511,2.04,36.254,30.078,104.224,67.175,0.18036026408984854,463.61899999999997,805.018,0.11552557040481673,629.516,0.04845729519594963,0.2787887837640347,-0.03648986730731486,-0.11553119248086312,0,0
104023,2022.0,1683.223,0.044785094997955244,0.3475442329023694,45.692025637671684,,0.4872839048501699,829.831,0.3138859173536537,-0.99,,-147.987,5.637,38.225,,5068.249000000001,1618.5,0.007413215440743536,1481.564,-0.03420704560309079,0.0924266518354927,0.039989496447327744,5.041250973472768,0,0
103355,2022.0,3734.635,0.060789546376253854,9.808410621267946,67.00168104453252,14.278421592209595,0.7692223618776982,912.168,0.6651818966663358,9.78,2623.7,138.665,1171.342,772.02,0.2131054231716884,4606.882,3952.584,0.12992354567653577,2471.941,0.36770280782403314,0.5989799109282948,-0.05514089011138021,-0.5321129356521828,0,0
103562,2022.0,1962.412,-0.1660913553072881,-3.6779764533948445,-42.033983077107834,9.249401935768654,0.8439859474037568,245.624,0.42326306778893674,-3.7,-1542.86,-133.59,2160.036,-674.471,-0.22004581195175812,1444.7439999999997,1574.371,-0.18132871133593792,2175.536,0.15338275880513064,-0.2763296033713071,0.2464736710724473,-0.08403167880248366,1,1
108342,2022.0,722.683,0.29736369630268294,0.6239619341982187,22.549452504790587,7.778949652387419,0.6206825929246635,166.688,0.42284694865315814,0.62,-1219.617,404.098,545.95,76.713,0.34497288352055544,490.69600000000014,439.442,0.07381601661204372,46.551,-0.2129803664032247,8.44001202981676,0.6445469481751858,3.0284440958869823,1,1
108857,2022.0,517.235,-0.36742189679693504,-1.0425866234403434,-22.386629058199798,6.947837136296576,0.8151524853091533,89.493,0.6915151930663513,-1.05,-2153.768,-178.593,520.706,-167.87,-0.310356557846824,172.53999999999996,484.145,-0.23977249679341603,441.755,-0.3597984196591943,0.09595816685719456,0.06834729264992932,0.5323771563070455,0,0
103365,2022.0,8975.515,0.0024881824000858397,3.390553116769096,39.86960101920328,1.5019589162735223,0.7557016491075185,2082.341,0.18824682038068571,3.3,2747.94,33.252,2123.023,965.46,0.037671781956134964,42894.676,8523.762,0.021322131613334207,7423.558,0.013223972148484855,0.14820440548858116,0.052999250800292025,-0.8833051758047583,0,0
103403,2022.0,3200.4,0.13446293965774486,4.623352165725047,10.044659877800408,5.192049689440993,0.5061651604405254,1349.7,0.3403611457036114,4.24,,-13.4,48.3,982.0,0.5168965154226761,7872.2,2733.1,0.12229140722291407,2427.802,0.09966656020471926,0.12575078198304465,0.17097801031795404,0.09952892612188523,1,1
103419,2022.0,737.706,-0.008962863306000044,-1.0426048421258431,-4.766906692919537,0.4383979040737196,0.17929517186270513,470.396,0.5278950548377708,-1.06,215.536,-19.159,52.852,-63.993,-0.09196695725655551,969.5530000000001,573.161,-0.05893909083875817,638.075,-0.40649072257997326,-0.10173412216432252,0.28708338494768504,-0.8479300719021934,1,1
103515,2022.0,380.995,0.24644656873224813,0.8539068016003766,14.638599875973265,4.3126110124333925,0.23518358197937017,227.926,2.2433887128220955,0.85,95.126,-17.471,14.102,29.026,0.2946054300938848,111.968,298.014,0.21850181796282772,239.825,0.1628175713017702,0.24263108516626716,0.27844665015737513,0.1278925321077853,1,1
105397,2022.0,1739.7,0.09009481823589098,2.2529152043473335,69.05719296482414,5.683366997518611,0.5495670349358017,603.4,0.6015807436680437,2.29,781.0,72.9,836.3,79.6,0.08229942100909841,1292.9000000000003,1339.6,0.03574636249326387,1333.9,0.07013815090329437,0.004273183896843705,0.29867124514780546,1.5203912217045485,1,1
104415,2022.0,31496.0,0.03818102612385998,3.089899549521389,21.460244560465117,3.2643196296296297,0.4196378830083565,16668.0,0.428068920288559,3.06,20182.0,-97.0,3553.0,4300.0,0.1521100852523966,56809.0,28720.0,0.06409109878972158,26581.0,0.0524258958855626,0.0804710131296791,0.09665738161559889,-0.4042694407669736,0,0
104724,2022.0,1295.947,0.0025547798537877055,1.7621268023268974,102.39898727022826,6.951892588138544,0.5416274299525273,518.886,0.5283641136319508,1.79,360.164,-134.3,355.62,77.849,0.06789024748645883,1715.3630000000003,1132.018,0.03633565710274372,892.208,0.017645343611195154,0.268782615712928,0.1448113015870771,-0.9296894550010822,1,1
105238,2022.0,58648.0,-0.0020843086922050042,20.526939615080018,5.273070512687727,0.658239004460534,0.33879742910300503,46911.0,0.07567124795484555,19.65,57976.0,1150.0,40204.0,7724.0,0.12483030577283599,896037.0,70948.0,0.008238212764323547,57031.0,-0.00039756697515312705,0.24402517928845716,-0.17336640920110505,-1.253004960157296,0,0
104579,2022.0,61594.305,0.14550731549302748,9.344945149868847,36.01519266324677,10.893058508667728,0.34014906461151856,33344.504,1.1704088557112828,9.31,12569.251,-247.156,8172.468,5906.809,0.3024573160144166,32729.318,50533.389,0.1368081915621196,44327.039,0.13775708803190023,0.1400127357931579,0.21888332088710688,0.06358627967798205,1,1
104398,2022.0,4373.0,0.008777108670838744,16.052104208416836,4.147119850187265,1.592446308724832,0.36990424076607387,2303.0,0.1680768877034857,16.02,-89.0,460.0,3988.0,801.0,0.3839884947267498,6440.0,3655.0,0.03683436034213189,4521.4,0.009477937295705435,-0.19162206396248943,0.19644322845417236,-0.7617141009287649,1,1
104406,2022.0,8866.0,0.03176052126286632,34.59067968801206,6.865722273803885,2.1860542564102565,0.23027339408757502,6926.0,0.25730626251072347,16.68,2459.0,1390.0,4686.0,4222.0,0.31840120663650073,29962.0,8998.0,0.12073205604804117,9352.0,0.025849316135060082,-0.03785286569717707,-0.014669926650366748,-0.7369338160676374,0,0
104697,2022.0,67232.0,0.06550040683482507,14.731633311356402,6.3373828296438885,1.8869582347041123,0.06689545577495266,55195.0,2.483395608547798,14.5,2508.0,524.0,1994.0,2078.0,0.2977503940392606,17575.0,59152.0,0.0872412779713674,41355.0,0.04840414288733883,0.4303469955265385,0.13659724100622125,-0.24920395072247437,1,1
104692,2022.0,148.549,-0.012304832580354612,-0.5743765202747855,-55.34696993670886,5.416106245872896,0.6767873221681974,35.896,0.40567195581660387,-0.58,-98.785,-6.131,140.226,-21.488,-0.0978573217660587,127.988,111.06,-0.07848981619473423,88.046,-0.14035398845538632,0.2613860936328737,0.337556275886908,-0.8432302026313049,1,1
105124,2022.0,5243.242,0.1537382402623504,6.926940735882191,17.660032713477587,4.975515018153622,0.3293344895569664,2672.089,1.2721438638324394,6.87,796.651,162.724,210.19,327.388,0.2817387203567559,2582.7019999999998,3984.235,0.10453315010092895,2393.714,0.030025404640819,0.6644574080278597,0.3159971738614816,0.47071278454646104,1,1
104723,2022.0,6939.9,0.010984524826735023,1.921531100478469,66.11394422310757,2.0971478670215706,0.7593604042775836,1885.7,0.3340751351443529,1.93,10060.6,-323.6,478.5,401.6,0.03172020504395492,22626.7,7836.2,0.01712112685663614,7024.5,-0.005688496459535501,0.11555270837782046,-0.11437941859574796,-0.35842278848150544,0,0
105505,2022.0,15433.9,0.1243299174707657,23.009767482064134,7.506812058602555,1.8892114110139446,0.19335820364516101,7935.5,1.229312973283683,26.75,1880.6,177.5,189.9,532.4,0.25166627274875913,7648.800000000001,9837.7,0.06652837827705994,7131.8,0.06920001088050486,0.3794133318376848,0.568852475680291,0.8688253147098982,1,1
108771,2022.0,7718.0,0.10623703940022332,2.9284363370142152,26.440731875,7.806753875219685,0.19287833827893175,10336.0,1.4707706443091766,2.88,-41.0,-1792.0,260.0,336.0,0.29525483304042177,7337.0,12806.0,0.038589640519122545,16252.0,0.006803141814583462,-0.21203544179177947,-0.3973137591753865,1.7529937561242395,0,0
105740,2022.0,995.538,0.03687113162799294,4.633479657872109,4.102748129627098,1.5714546461211556,0.3899631612470089,708.753,1.5409713868105837,4.73,192.261,32.766,97.42,102.386,0.3830248887991051,552.174,1161.82,0.13579891584753956,1041.212,0.07991497069974884,0.11583423932878217,-0.14312199824413416,-0.7284872902123322,0,0
105051,2022.0,156595.0,0.0586249172926478,25.247031281667365,18.360178463302752,3.107890442041043,0.18585679354294246,112872.0,1.422522060332444,25.04,26910.0,-861.0,33028.0,6104.0,0.169273433166944,45944.0,138639.0,0.06263082290170326,121867.0,0.052785314321999656,0.13762544413171737,0.1295162255930871,-0.06396060954432253,1,1
105426,2022.0,5927.2,-0.10056529838761483,-5.023715415019763,-21.68315499606609,5.159305460218409,0.22483238225165117,4659.3,1.7176863944217413,-5.25,24.9,684.9,1304.5,-381.3,-0.23794071762870517,1723.8000000000002,6010.7,-0.10896465007287172,5089.8,-0.08707433470840412,0.180930488427836,-0.013891892791189046,-0.07708327131450156,0,0
105143,2022.0,1040.856,-0.24445319564773488,0.9547271066453529,16.894880105244273,-2.4761665541932145,0.6518392726211026,422.132,0.8485087484796359,0.96,2663.745,-12.093,153.794,66.892,-0.14656313266316684,1252.696,1212.463,0.04681251898268219,1378.124,0.05068884546987727,-0.12020761557015193,-0.14153586542434696,-6.221962008456922,0,0
105248,2022.0,144547.0,0.015636789384675425,2.3125297221015693,35.631974461766895,1.7912397686135477,0.11719134479528821,111218.0,1.607425837320574,2.31,8216.0,2257.0,14657.0,1347.0,0.0502705728680724,55429.0,125982.0,0.017186602870813396,111115.0,0.026310045256770324,0.13379831705890294,0.14736232160149862,-0.09017567333041089,1,1
105016,2022.0,17197.5,0.016464572220876297,6.537166616349412,11.064426569624693,1.1778167255778063,0.1537929494153332,11745.1,0.04555841778891161,6.36,14495.4,-517.8,4421.0,1710.6,0.10645076978605299,,13879.7,0.005614835296851674,14597.8,0.004705561887847965,-0.049192344051843334,0.23903974869773836,1.9323339600198497,1,1
105174,2022.0,11154.722,0.041758351845099906,9.935783515296166,24.14303810370909,4.754902571404003,0.4695132901114922,5834.287,0.9019026162336564,9.62,4583.164,-233.564,601.428,616.108,0.19694715101632165,7670.774000000001,10997.989,0.050524638375478055,10106.321,0.04164156735899651,0.08822874317963972,0.014251059898314154,-0.1735051810807781,0,0
105208,2022.0,4006.1,0.11033848629389116,8.703682655148897,21.20137042115573,3.1763168305209097,0.4433400751227969,1926.6,0.9680848088165366,8.44,2712.1,-69.4,491.3,306.3,0.14981658107116655,2692.2999999999997,3461.0,0.08567592514894688,3326.3,0.07111149296904087,0.040495445389772365,0.15749783299624384,0.2878587082902066,1,1
125348,2022.0,566.466,0.035939077597126445,-0.009368119144925535,-1961.973339115351,1.2667503978622392,0.14854689649921926,458.539,0.13700913204254242,-0.01,-1917.235,-0.354,8.86,-1.153,-0.0006456511781314082,3807.352,538.537,-0.0002933345884220609,537.615,0.062219203649383256,0.0017149819108470288,0.05186087492595675,-123.51905849376325,0,0
108640,2022.0,401.858,0.17383062235400992,1.0620351142155937,18.643451365187715,5.5816352053985305,0.988499308701616,4.209,0.8636526680448183,0.97,194.741,1.427,223.535,112.512,0.2993885142866266,193.31299999999996,365.978,0.26551128479596753,353.874,0.18542111587442345,0.03420426479481393,0.09803867992065095,-0.3452985529877185,0,0
105408,2022.0,584.21,0.005094131552532118,1.010718630700172,72.40392902355505,-9.350849696326435,0.6361881223646048,207.849,0.5802701113292577,1.04,-920.88,-42.677,328.624,48.185,-0.1291483738856815,644.01,571.309,0.048940792661064825,553.016,0.006213036381645955,0.03307860893717362,0.022581475173680213,-0.8959123611296801,0,0
105617,2022.0,902.245,0.0064393125694534184,0.2176828623642597,235.8017505030181,3.5692418036660594,0.7088812122002175,254.586,0.37038124098674136,-0.07,-173.024,-341.265,359.576,14.413,0.015136621318764875,1962.0279999999998,874.509,0.006104345211246429,1273.705,-0.002228255953539928,-0.31341323147824646,0.03171608296769958,0.05487359358213515,0,0
105561,2022.0,9158.0,-0.027750095822154083,-0.56875,-25.037362637362637,1.1838919199792155,0.14742421732648667,5147.0,0.44253042075941945,-0.57,2786.0,108.0,2842.0,-182.0,-0.04728500909327098,10301.0,6037.0,-0.013341152323706201,2957.0,-0.10099955243920633,1.0415962123774096,0.5169786317707471,1.0800374022298134,1,1
105639,2022.0,31615.55,0.09243637092783323,11.523996369066792,52.2770036284544,16.875316085659083,0.4233833607584443,17124.271,0.6660999994549696,11.55,12648.877,-2183.759,6027.804,5116.228,0.3228057255460953,33426.409,29697.844,0.11475309345727251,24996.056,0.07029963753640847,0.1881011948444987,0.0645739131769969,-0.19447599935725263,0,0
105810,2022.0,1191.073,-0.016199779129271594,-0.6682121451995929,-60.16053477745812,3.152682526661198,0.0715853877991721,980.248,2.37051023569719,-0.67,57.364,-1.2,2.855,-11.818,-0.05240449637496397,409.71999999999997,1055.83,-0.026533333932043414,1059.371,-0.03171377762881031,-0.0033425494939923472,0.12809164354110053,-0.3894555742311875,1,1
105627,2022.0,326.648,0.03681754582179909,1.2584499829293274,23.282609875203473,1.9279087216720883,0.5130225315273903,136.66,0.7320438241815573,1.26,38.054,-1.24,11.431,18.43,0.08280466545657135,363.84000000000003,280.629,0.0480761706012782,264.488,0.04366295606120047,0.061027343395541646,0.1639851904115398,-0.2341830607277981,1,1
119022,2022.0,13148.182,0.02788421011525394,1.2096543246093776,52.20499667985103,3.3331695281422475,0.07230580175838852,12376.231,1.1369442900492026,2.0,-1404.503,-583.457,1229.196,173.185,0.06384771075809134,8414.279,13340.852,0.014759304493608889,13239.976,-0.014337310756844919,0.007619047043589822,-0.01444210609637226,0.8892631510738485,0,0
113612,2022.0,5429.0,0.04782680731208925,12.317724843764152,50.70498066176471,-11.824206738683129,0.5558566069195499,2131.0,0.2484079730779187,10.41,-3953.0,70.0,4787.0,680.0,-0.23319615912208505,14301.0,4798.0,0.0352057986021227,5103.0,0.03799945637401468,-0.05976876347246718,0.13151313047102958,0.3584923282838292,1,1
106977,2022.0,747.937,0.050323934665571675,1.0726345522168685,42.624023163814876,4.384979430728873,0.47294438944280304,405.661,0.7541978599145533,1.08,-83.243,-35.756,278.298,83.924,0.10287577533158451,684.36,769.674,0.08223650687884608,693.616,0.0815216093569777,0.10965433323337408,-0.02824182705924842,-0.3880584599767742,0,0
105787,2022.0,498.825,-0.1629704717662245,1.743804924392368,9.708654771633524,2.635934595567389,0.3623329391952416,355.933,1.6853820628100569,1.61,-94.73,-75.334,25.003,22.026,0.27150358701279487,243.651,558.18,0.06650583201736772,543.496,0.04298239269255409,0.027017678142985356,-0.10633666559174454,-3.4504688810398685,0,0
105798,2022.0,1266.617,-0.09349332147642538,-3.1803841750413437,-5.197485300587976,3.3762654922441344,0.16089109336894766,975.11,1.2508939739375111,-3.19,27.197,6.634,22.75,-50.002,-0.6495959674695352,873.738,1162.078,-0.05382358196680725,868.715,-0.28322248314677057,0.33769763386150803,0.08995867747259649,0.7370326919914448,0,0
105698,2022.0,1099.2,0.07746053327290581,8.54593682179889,12.879805022573365,1.8019117716721933,0.44710106848835174,631.3,0.38447033470267356,8.6,964.0,108.6,338.1,177.2,0.13990210011053214,2549.8,1141.8,0.05966731766448918,1074.0,0.08850067191399502,0.06312849162011169,-0.03730951129795053,0.29820706384805695,0,0
106252,2022.0,5019.4,0.015449916377542906,7.351883146217813,31.07503145197997,2.9900841598143018,0.6462247052050237,1659.1,0.023832162060938012,7.3,5205.4,72369.5,2954.7,2636.4,0.09622143631406642,193776.8,4689.7,0.013397682593227067,4883.6,0.016887588280405198,-0.03970431648783695,0.07030300445657502,0.15317826572136473,0,0
106121,2022.0,3756.825,-0.03159544095832308,-6.531443633063993,-13.020092460034986,-45.89355184732625,0.3201887841210055,2558.581,0.3003524268871023,-6.64,-2282.074,-955.317,2527.426,-755.786,3.5248253411560593,9832.858,3763.664,-0.060314140504384946,2095.861,-0.149049208312283,0.7957603104404349,-0.0018171122608182867,-0.4761520151973974,0,0
111307,2022.0,6226.0,0.053910293271995396,7.121430285577153,29.489862510530752,5.473724284597341,0.3233095480801903,3983.0,0.29261744966442954,7.15,4878.0,-483.0,6333.0,1187.0,0.1856137607505864,13535.0,5886.0,0.05901068854088988,5627.0,0.051893876188887036,0.04602807890527812,0.057764186204553175,-0.08643171932081933,0,0
106071,2022.0,12368.198,0.11600481128302807,20.101454834016664,5.7408780087257405,4.151813915775991,0.40926831442774675,7262.082,1.3596337670139917,18.27,3956.52,985.138,2643.205,1519.871,0.7232019056084311,5117.148999999999,12293.368,0.16809615827862004,9584.019,0.06839425301040558,0.28269445208737587,0.006087021880415515,-0.30989016958525817,0,0
96967,2022.0,3238.553,0.10248656093027259,8.256531142919632,12.259385721181584,4.383459427943581,0.5078240549898567,1730.058,1.0978587961697759,7.83,949.775,-118.029,984.294,339.748,0.35755946730429616,1810.4590000000003,3515.121,0.10611166166999345,3050.61,0.03234028379581322,0.15226823487761462,-0.07867951060575161,-0.034163075788926,0,0
107343,2022.0,1245.24,0.011700939255191039,5.016673581066398,12.009950224266458,1.0481777492287643,0.9233870212797406,77.748,0.029218664496432633,4.65,1900.559,-1259.721,7946.659,253.939,0.08727577797207604,-1324.2860000000037,1014.815,0.007311439467843504,1242.428,0.0017571126363035287,-0.18320015324831704,0.2270610899523558,0.600360545505851,1,1
106021,2022.0,2792.057,0.16435386787203812,9.615180164787182,35.051865302979444,7.273718821010329,0.2066440221190683,1815.757,1.2403219076005962,9.62,949.775,81.28,106.588,253.235,0.20751303127916723,1624.652,2288.704,0.13723614686356864,1822.366,0.08932226393263318,0.255897004224179,0.21992927001482043,0.19759896811609104,1,1
106095,2022.0,84.825,-0.001733456005556808,-0.7277121800459624,-14.387556354132638,0.5600480267898775,0.37358464512565587,45.365,0.24260818878012505,-0.7,130.103,-5.983,22.942,-9.183,-0.03892586155737358,270.76899999999995,72.42,-0.030763200739683628,68.055,0.0058930707527028925,0.06413929909631907,0.17129246064623033,-0.9436516368948338,1,1
106073,2022.0,328.085,0.30610250920330034,8.817261760181362,3.7902923729591746,1.6122333062525391,0.8344847823401013,32.151,0.2036520402632354,6.14,,35.73,135.52,108.902,0.42535856013498735,816.347,194.248,0.114174223100093,129.011,-0.09200685123937359,0.5056700591422436,0.6890006589514435,1.6810124114875717,1,1
106259,2022.0,11661.0,0.18436940966010734,5.778796128118636,15.215971986301373,31.685875103011096,0.3093343319913866,7377.0,1.2312391930835735,5.43,-6346.0,-513.0,1211.0,1314.0,2.0824088748019016,5739.0,10681.0,0.15146974063400576,10509.0,0.1124300111982083,0.016366923589304406,0.09175170864151297,0.2172029138519264,0,0
110915,2022.0,660.116,0.10976258083714949,2.9288426013469286,13.728972660226963,28.071644402471655,0.6255193882384786,166.011,0.4013929369837264,2.86,-59.532,-28.984,740.922,402.71,2.044701020040314,361.9660000000001,443.31,0.3646318595400881,267.594,0.22258951172912314,0.6566514944281262,0.4890618303218966,-0.69897698743167,1,1
107029,2022.0,31974.0,0.06431703751827189,11.362068965517242,27.994901365705612,7.014692015209125,0.11810881855172663,24491.0,2.2746334671144237,11.4,2394.0,283.0,7640.0,659.0,0.2505703422053232,-2058.0,27771.0,0.05397657465803915,19423.0,0.07060428031892572,0.42979972197909694,0.15134492816247164,0.19157315790680052,1,1
107240,2022.0,932.472,-0.06764857298352103,1.6863689134740147,17.32123959746492,1.2276487446452788,0.3238787301821034,789.759,1.083022184805073,1.63,-226.442,-82.688,271.516,49.387,0.07087533993958224,733.2859999999998,1168.073,0.04579098792709714,1255.202,0.05270428981256538,-0.06941432534364979,-0.2017005786453416,-2.4773337734320755,0,0
107342,2022.0,148.981,0.00773610518106814,0.25668435152597574,100.39567993451345,4.874080267060103,0.287272674452385,98.134,0.12042485603733581,-0.12,-469.869,-2.898,20.482,9.773,0.048548705185715066,1116.134,137.688,0.008547673857219823,133.152,0.01360587590217031,0.03406633020908437,0.08201876706757312,-0.09494614437893992,0,0
107353,2022.0,2504.393,-0.016358822222405096,-0.4696861626248217,-315.7214578587699,5.569808742803408,0.20661808450331817,1584.298,0.9849400101113482,-0.45,211.829,-49.934,133.422,-6.585,-0.01764152737852529,1885.3129999999999,1996.892,-0.003247962316731815,1368.675,0.06230113618432541,0.4589964746926773,0.2541454420168942,4.036641631626371,1,1
111861,2022.0,2045.469,0.055316690497460505,3.1213077607833615,9.412721285973555,1.647254875122601,0.29868671876891983,1216.275,0.5307940569301892,3.33,247.35,29.777,69.496,231.42,0.17500304376134793,3023.602,1734.282,0.07082836623731573,1570.575,0.010698776878115898,0.10423379972303129,0.17943275661051672,-0.21900372073926136,1,1
107476,2022.0,12794.0,0.09544774879548097,3.8007525739072876,15.794240438621175,2.9851480678976756,0.40837975065752363,7743.424,1.0382630578684031,3.68,5640.385,-38.02,274.134,1090.873,0.18900231888316602,11156.005000000001,13088.504,0.08653495745014697,11628.83,0.05165011897140682,0.12552200006363504,-0.02250096726104074,0.10299642604514696,0,0
107678,2022.0,438.933,-0.24442267245808846,-0.5370617857834592,-35.21010152009666,1.4467982036598097,0.8565460022604637,125.909,0.3553393451556302,-0.53,187.062,30.933,261.655,-55.457,-0.041090429768685266,2200.5559999999996,877.696,-0.02245202674308164,892.02,0.05433263141683475,-0.016057935920719215,-0.49990315553449033,9.886441355830149,0,0
107740,2022.0,62343.81,0.02190445428832006,4.133774889872451,25.027971468275158,1.250671253071253,0.061167699837373656,29680.403,1.1426926471768262,6.28,835.679,-573.957,994.913,395.069,0.04997093970066943,14636.521,31614.169,0.014279750368497794,24675.563,0.0392884481597554,0.28119342201027,0.9720211529203882,0.5339521856518541,1,1
107789,2022.0,1415.501,0.016515727501588376,5.123462394880775,7.596425424901686,0.56944306581314,0.17324407753848725,3050.292,0.04709014623255001,4.58,4616.211,-4586.54,6477.305,473.992,0.07496197671426622,,3689.471,0.0060497433353071065,2426.611,0.009405561930427082,0.520421278894722,-0.6163403913460765,1.7299881310997764,0,0
110861,2022.0,102.987,-0.04922059570334062,3.205657573505998,2.0650989222032745,0.8467969667551477,0.23334396873192806,76.891,0.5408550658987467,3.31,92.864,52.848,78.753,60.401,0.4100515271450975,96.67400000000002,100.294,0.32572423909057574,61.577,-0.1384186376311609,0.6287574906214983,0.026851057889803957,-1.1511112462516295,0,0
107748,2022.0,1341.408,-0.03454811897110793,4.018606551288717,6.039406866595813,1.0629047248051866,0.5088123261180518,780.537,0.9057348503761259,3.7,599.215,-20.623,39.637,108.205,0.17599488629987037,1640.124,1589.081,0.061674036430458046,1385.209,-0.0017873788377080527,0.14717779049948407,-0.1558592670858188,-1.560172821022724,0,0
113428,2022.0,118.566,-0.16662495734273686,-7.849139232860162,-0.3044919868403333,0.20943356027974622,0.7087029619356788,37.598,0.2833798054756625,-9.79,-871.374,-37.672,59.034,-103.954,-0.6878130437947028,385.591,129.071,-0.2282345708828243,152.967,-0.157416071315673,-0.15621670033405907,-0.08138931285881411,-0.26993988378613265,0,0
107850,2022.0,418.765,0.04674893427694512,0.4440958791459812,15.221938138673615,1.1772719461093726,0.5425431907915352,153.286,0.6537311976900716,0.17,-22.275,57.058,145.977,14.581,0.07734047631676656,352.8910000000001,335.083,0.02844684628440993,300.761,0.01811842590518597,0.11411718939623156,0.24973514024883373,0.6433784543127194,1,1
107886,2022.0,4921.2,0.10452314326345244,3.332443970117396,14.112765412329864,30.83772568229531,0.4570049484870609,2677.4,1.1404912800111024,3.17,2505.7,235.7,300.7,624.5,2.1850944716585023,3590.7,4930.8,0.14444650043946894,3676.9,0.10542223296862722,0.3410209687508499,-0.0019469457288878809,-0.27638853869461927,0,0
108230,2022.0,10193.0,0.008350491187605287,24.615274240413246,6.33184089186826,1.582931387871833,0.16661431544230237,8490.2,0.3004172625805405,10.29,3916.8,-173.8,2669.7,1372.4,0.24999544601708656,26478.899999999998,10187.6,0.04047004703419194,10094.8,0.009894759002819714,0.009192851765265395,0.0005300561466880949,-0.7936624293875862,0,0
107820,2022.0,1244.1,-0.01527228475813812,-6.26358137076408,-10.28165775902485,7.48235278062095,0.3125747071479799,575.1,0.5129682997118156,0.59,161.9,0.0,18.1,-213.3,-0.7277379733879222,1522.8000000000002,836.6,-0.13078668220001227,1004.9,0.0279018350652222,-0.16747935117922177,0.4870906048290699,-0.8832275236190931,1,1
107794,2022.0,1930.2,0.054021918941273776,0.9776330715343384,15.353408591674047,1.991955676855895,0.2565226358667629,1441.9,0.9635333863275041,0.98,-526.2,50.6,408.1,112.9,0.12974028958860032,1461.1,1939.4,0.056091017488076315,1638.8,0.03137428192664604,0.18342689773004647,-0.004743735175827599,-0.03688823343670638,0,0
142361,2022.0,13728.0,-0.03742336901820844,-2.7159951649316847,-8.383667354788068,1.6977892560801144,0.06607601225469902,11279.0,0.40686588282855507,-2.69,-1980.0,915.0,1346.0,-1274.0,-0.20251152439993642,26822.0,12077.0,-0.04292019000774854,11443.0,0.025230085687083466,0.055405051122957266,0.13670613562970937,-0.1280707515168908,1,1
108973,2022.0,31352.0,0.002104219567218687,1.4600606673407481,159.32899584487535,3.957803409540521,0.7933338366299261,5475.0,0.27825100568223593,1.51,7211.0,-731.0,10537.0,1444.0,0.024840446577557584,79316.0,26492.0,0.015166633406505687,21252.0,0.06141687154039909,0.24656502917372483,0.18345160803261362,-0.8612599440614099,1,1
107892,2022.0,40.697,-0.3061965811965812,-0.3668605425564978,-7.768619596262768,6.488350584239679,0.9677261754224624,1.123,0.19986444416363197,-0.37,-319.705,-3.788,153.426,-41.314,-0.8351999353091012,14.317000000000036,34.796,-0.23730312812324092,28.913,-0.2194079951174855,0.20347248642479157,0.16958845844349935,0.29031835196694583,1,1
108669,2022.0,835.0,0.007362108887965327,5.761426582540952,8.713119794344474,0.5386846153846154,0.799081515499426,175.0,0.04783611599297012,5.29,6290.0,44.0,1708.0,389.0,0.06182453909726637,16484.0,871.0,0.021364235500878733,1081.0,0.023607669231772533,-0.1942645698427382,-0.04133180252583238,-0.6554003119998132,0,0
108811,2022.0,7507.0,0.007045186367737905,1.7816318486401261,2.2731969026548673,0.1324932301740812,0.18513789581205312,6382.0,0.0789747002651985,1.75,6351.0,-1085.0,3096.0,904.0,0.0582849774339136,84234.0,7832.0,0.009115568059210858,8653.0,0.0016832628821621418,-0.09488038830463423,-0.041496424923391215,-0.22712591009409752,0,0
108734,2022.0,94.588,-0.383291862728191,-2.5390801886792453,-17.951382631877163,15.849817315459907,-2.365437042085534,237.021,0.08371141029740206,-2.8,-1208.489,29.681,471.638,-215.314,-0.882930169808458,348.594,70.428,-0.25592432834632284,55.828,-0.23845875725689067,0.26151751809128027,0.34304537967853693,0.4976765405808212,1,1
108861,2022.0,1553.5,0.040306759407883,1.3649672752325182,20.674488328075707,2.945533842696629,0.15749235474006124,991.8,1.0546497043540584,1.5,25.6,1.8,15.7,31.7,0.14247191011235955,982.0,1177.2,0.028399928328256583,1086.9,-0.15188538278983915,0.08308032017664914,0.31965681277607877,0.4192556735356155,1,1
110938,2022.0,723.34,0.15563371740448756,6.801023233735067,60.47178282820449,14.976291504250899,0.5656421944886123,303.769,0.4569578137700496,6.88,943.636,17.517,625.459,257.888,0.24765751568458544,608.698,699.352,0.16850446796109905,691.571,0.2248538975792175,0.011251194743562048,0.034300323728251376,-0.07638225094175446,0,0
110849,2022.0,2163.0,-0.0029596973559776643,0.9830857242929277,31.25871858438609,2.2881520319390085,0.2586185431442655,1524.476,0.5370875881046194,1.03,916.022,-18.492,33.69,67.363,0.07320044248653089,3664.994,2056.264,0.017594934890408757,1967.909,0.03503266030889937,0.04489790940536377,0.05190773169203948,-1.168213032580816,0,0
109104,2022.0,4537.158,0.2822725454228848,14.12549117272677,39.95117713779735,-4.844656879047952,0.4041804545995947,2596.208,2.6063711556774187,13.72,-4210.737,-11.666,328.739,510.467,-0.12126443389485206,1251.53,4357.373,0.30533683132593537,4117.411,0.3134928737697554,0.05827982681349992,0.04125995181041439,-0.07553718889035795,0,0
109717,2022.0,282836.0,0.16418809409084936,114.83248530102505,25.228401113200846,7.622910254296898,0.6176442048308278,98509.0,0.7171164701559838,113.88,189861.0,-5520.0,139649.0,76033.0,0.30215590041131,213582.0,257637.0,0.21163309841121392,182527.0,0.12599181517821387,0.4115007642704915,0.0978081564371577,-0.2241851802792042,0,0
111245,2022.0,920.997,0.16144057438590856,-0.29033409630205165,-11.125114277448285,-1.866848005502063,0.6371014856364582,202.501,0.4676556540482917,-0.29,-775.937,206.49,250.216,-41.478,0.16780483857917308,824.2670000000002,558.01,-0.034761780646610355,346.634,0.04017725195676719,0.6097959230773669,0.6505026791634558,-5.644197488820262,1,1
111848,2022.0,1870.6,0.02028893749280534,4.481175816023739,76.31702348680807,10.418871841231727,0.5880068263402577,700.1,0.5936004471303316,4.5,1491.2,61.3,546.1,193.3,0.13652094074440285,2240.1,1699.3,0.06752366646871835,1389.5,0.08293768545994065,0.22295789852464912,0.10080621432354496,-0.699528497875562,0,0
109516,2022.0,28.147,-0.3424634452286897,-0.14361915994317417,-43.169727510265034,13.672433870252696,0.6664001599040575,11.683,0.5742559645814544,-0.16,-498.675,-3.795,39.193,-10.716,-0.31671346239101517,17.603,35.021,-0.175715339837665,26.63,-0.11984275822273513,0.315095756665415,-0.1962822306616031,0.94896726458302,0,0
110833,2022.0,4014.919,0.10683047830967289,3.5354126430486295,25.25306350746451,5.85415788697733,0.17474348618598562,2858.644,1.3789857449505403,3.52,943.551,-27.51,335.645,245.294,0.23181971111136312,2081.0730000000003,3463.946,0.09765075128824117,2398.123,0.013442079924788004,0.4444405061792076,0.15905935023236503,0.09400569786027968,1,1
109438,2022.0,2035.02,0.07073687864794766,6.180082436044862,36.687212888555415,9.743036750247713,0.6157861622382291,639.975,0.15902216406604358,6.2,-170.791,-51.815,76.194,827.649,0.26557037134012046,10255.998000000001,1665.674,0.07901578284051795,1393.765,0.05127573370705869,0.19508955957424665,0.22173966814634796,-0.10477532329560132,1,1
110733,2022.0,8429.7,0.07635545931539935,-0.6490727532097005,-73.5818901098901,1.9210328207482212,0.26463414634146337,4884.3,1.195787199567918,2.83,597.1,-364.6,260.0,-45.5,-0.02610741335781501,4481.6,6642.0,-0.008191556395715185,6943.9,-0.011627739849083723,-0.04347700859747399,0.26915085817524853,-10.321239533349136,1,1
110832,2022.0,331.339,0.1737080967310517,3.8216082569071093,4.513806450156854,2.8933906057486203,0.9572455890534008,16.754,0.42300098769963135,3.24,-390.787,-44.962,201.525,265.854,0.6410090103992111,724.843,391.866,0.28697693748347086,336.794,0.22449853436977898,0.1635183524647114,-0.15445841180403502,-0.3946966670760544,0,0
59062,2022.0,3548.3,-0.03657092093574178,-10.281095857847506,-3.9976283236994226,1.9366835620274436,0.13317293624215623,2666.1,1.5611897873204406,-10.29,46.3,-85.9,65.5,-173.0,-0.4844581349761971,1363.1999999999998,3075.7,-0.08781280138064058,2812.1,0.019951599892444206,0.09373777603925888,0.15365607829112085,-0.5835354258063302,1,1
109428,2022.0,15794.0,0.10934306569343066,15.752525094593327,6.165995573200992,1.5618455160276554,0.3492103922567499,7665.0,0.6380627336258735,15.66,7772.0,604.0,1908.0,2015.0,0.2532998114393463,15687.0,11778.0,0.10916084294923885,7504.0,0.023852547885796892,0.5695628997867804,0.34097469859059265,0.0016693050297948953,1,1
111908,2022.0,1000.099,0.03408468795400837,-0.9233061443342017,-10.408248725486166,1.336671143623867,-0.21695497649102843,691.329,0.19157584411187245,-0.96,-780.931,-59.339,75.507,-194.584,-0.12842421226453077,2838.633,568.081,-0.06562020917908641,299.879,-0.12532680304553268,0.8943673948492558,0.7604866207459852,-1.5194236406803678,1,1
109011,2022.0,12.436,-0.6160303064822845,-10.509673573351156,-13.957617139694458,5.812525020793994,-7.925983465571769,643.492,0.04537643965019129,-11.21,-1702.954,-472.479,1491.34,-581.784,-0.41644107032163763,62.250999999999976,72.092,-0.36618884987858413,13.398,-0.24248371414945047,4.3808031049410365,-0.827498196748599,0.6822748881800726,0,0
111016,2022.0,1794.148,0.2125771959094364,5.2322509512279485,94.28637972424109,18.34384858338324,0.5879410298742008,497.684,0.7616212381567954,5.28,440.759,-145.682,725.082,242.023,0.19455459671941383,777.716,1207.798,0.1526164614632762,844.452,0.13601673491982977,0.4302743080719804,0.4854702524759934,0.3928851047341865,1,1
110967,2022.0,734.159,0.014277322366157015,1.107678036249465,71.59120015460928,2.396357518252031,0.5633102291715679,289.562,0.14982653505293425,1.11,583.018,-193.334,386.787,62.092,0.033472794324956506,3963.7270000000003,663.084,0.014029940723206704,705.342,0.02197384563126593,-0.05991136214772414,0.10718853116648878,0.01763240827818471,0,0
110905,2022.0,4687.254,0.009104110358158871,6.0097357734296715,29.4305784260899,2.912339278376192,0.26751335211553945,3285.793,0.12333957298356098,5.95,-3805.809,27.833,151.485,1709.259,0.09895623647663117,34893.041999999994,4485.806,0.04699696669412553,3866.202,0.009879008903659194,0.1602616728251652,0.04490787162886677,-0.8062830221062575,0,0
111086,2022.0,4450.214,0.1987702360067703,30.44756323257248,3.145079271813679,2.5639761155570975,0.1819954652343203,3498.751,3.2465482665808447,30.8,95.067,85.121,85.203,296.133,0.8152341782083363,1052.251,4277.178,0.22477672844744484,3097.328,0.07716790856096095,0.38092510706002075,0.04045564622281328,-0.11569922126860716,0,0
111098,2022.0,4180.0,0.08312536866463996,-1.2578698674066415,-29.923604162330903,14.407106012024048,0.3883065455392499,2626.0,0.2140186449972581,-1.51,-170.0,-212.0,1870.0,-961.0,-0.4814629258517034,18112.0,4293.0,-0.04790866942519567,3886.0,-0.08098236170519536,0.1047349459598559,-0.02632191940368041,-2.7350798855816993,0,0
112107,2022.0,1191.263,0.033681716984461915,-0.9422598044823004,-7.938362609142271,1.5721455929485701,0.5557523476622424,569.629,0.34536476497377105,-1.26,-201.17,-55.926,210.436,-107.085,-0.1980440640413676,3461.303,1282.233,-0.028842952768503283,1304.028,0.010542867733013998,-0.016713598174272388,-0.07094654403684825,-2.16776244286759,0,0
111811,2022.0,19125.2,0.15320277088856582,4.422181964136554,8.884754249969337,1.3662149809979158,0.33049023257319504,8273.4,0.5607721769436024,4.31,10122.4,191.9,777.8,1630.6,0.153770711328637,19254.2,12357.4,0.07399575248225662,8681.7,0.03365875349927741,0.4233848209452064,0.5476718403547672,1.0704265548931633,1,1
112036,2022.0,1583.651,0.045914996439108756,1.0993266839603986,21.494975374263934,1.6707157755253794,0.7709402176642255,360.347,0.07666531463925991,1.11,-124.418,-94.487,461.882,656.021,0.07772587530040799,19450.126999999997,1573.157,0.031970144349840426,1269.655,0.025637271440858034,0.23904288960386874,0.006670662877259003,0.4361835823033415,0,0
111228,2022.0,9673.0,0.07209196102314251,17.49611197511664,9.605562666666668,4.333853769396037,0.3594939674358674,5468.0,0.712901878914405,17.19,9348.0,-419.0,546.0,1890.0,0.45118166626879924,10269.0,8537.0,0.15782881002087681,5655.0,0.18195984966541387,0.5096374889478338,0.13306782242005388,-0.5432268607131578,1,1
129010,2022.0,178.165,0.007823065463612541,4.932745540291163,9.536271355530614,1.2063694923988662,0.7055065650045066,48.357,0.038994118728262264,4.85,161.392,23.154,442.96,48.114,0.12650326814570195,589.0749999999998,164.204,0.011425805878612033,173.195,0.006936391409076821,-0.05191258408152652,0.08502228934739704,-0.3153160882720283,0,0
111732,2022.0,1127.725,-0.02454163708516699,4.08482666719704,12.960158242485916,1.6872158345751898,0.5791590449866214,457.375,0.2960791199235237,4.09,1195.132,-5.117,27.185,205.381,0.1301848174233065,3587.736,1086.812,0.05595174301444337,943.365,0.048022423411609394,0.15205885314803907,0.03764496527458292,-1.4386214935043544,0,0
111514,2022.0,1253.793,0.0684453298472457,3.06933602445757,28.67069597423822,3.4235934932499457,0.9733347590177139,34.165,0.41255155461577425,3.07,2597.879,153.053,1271.871,310.227,0.11941089593102946,1816.0369999999998,1281.256,0.09988997603428806,1161.792,0.07930655652009976,0.10282735635983048,-0.021434436209469606,-0.31479280940310495,0,0
111342,2022.0,2350.511,0.01747194023121581,0.003056193811765231,45936.22284671532,3.4225336841469822,0.6812042093613654,589.945,0.17954524903297114,0.0,1166.572,-72.815,2207.115,0.137,7.450620604065865e-05,7077.802,1850.542,1.3292159333599048e-05,1559.869,-0.02977236370239563,0.18634449431330452,0.2701743597281229,1313.4546189008872,1,1
79633,2022.0,8023.0,0.05596107055961071,4.879301489470981,7.148564210526317,1.7063155778894474,0.24417366615402816,6389.0,0.9000212947189097,4.77,1232.0,-552.0,1041.0,1045.0,0.23869346733668342,7143.0,8453.0,0.1112649063032368,6018.0,0.11867324687248938,0.4046194749086075,-0.0508695137820892,-0.49704653139151794,0,0
111951,2022.0,2282.771,0.013763062413422086,3.7777632695697587,36.32572774090972,2.684070418236773,0.3978213407508125,1336.609,0.7665443785633548,3.71,751.025,-276.76,9.809,115.728,0.07388896479598937,2787.694,2219.622,0.039966556396710755,2063.204,0.04493761259973408,0.07581315274689253,0.028450339742532894,-0.6556355199379953,0,0
115837,2022.0,1412.044,0.10620754925827508,3.447117839656364,41.99740384112654,6.953035204196458,0.38435506592306995,690.934,0.8748066885752948,3.42,666.663,-81.709,320.049,114.758,0.16555869097288345,955.982,1122.293,0.0894517438561264,958.434,0.0717037288727795,0.17096534555326703,0.258177677308867,0.18731669925964328,1,1
122794,2022.0,256.513,-0.5202835153586913,-1.409013478377813,-8.729511951979978,-3.422935154151315,0.06316142090785991,198.562,1.3178367354552296,-1.54,-325.577,7.159,7.751,-47.147,0.39211071283027965,136.665,211.949,-0.2931462218104719,165.557,-0.2929462437769201,0.28021768937586466,0.21025812813459824,0.7748259286625592,1,1
111761,2022.0,364.754,-0.19448978161391423,-2.5990468426663327,-1.4197512485825268,-35.534076086956524,0.07762620044324058,187.288,1.0118905234621058,-2.0,-85.588,-27.807,26.24,-41.447,25.02838164251208,124.36899999999999,203.05,-0.20654925646852454,108.447,-0.462088627682744,0.8723431722408181,0.7963752770253633,-0.05838546727689636,1,1
111803,2022.0,2909.8,0.06328245265871618,1.5948453608247422,336.6784098254687,23.133089051743283,0.7271799060649378,668.0,0.5034336705321161,1.6,-46.9,235.4,2731.2,154.7,0.06870974905618477,1936.4000000000005,2448.5,0.031807714450201495,1926.7,0.11504486656566834,0.2708257642601339,0.1884010618746172,0.9895315885645252,1,1
111860,2022.0,958.38,0.028123967947715142,5.622861183125147,7.994150759919188,2.0362536780563634,0.386811187405342,725.934,1.3733764727173172,4.93,287.494,43.362,294.483,119.289,0.25471794806093295,511.8909999999999,1183.867,0.13838438444012383,990.652,0.07635191172758633,0.1950382172548987,-0.19046649665883075,-0.7967692087405727,0,0
111974,2022.0,22726.418,0.2594929194084846,9.595239684128574,8.932554352109866,3.209252092824521,0.314293418028159,13641.348,1.856749965910182,8.55,540.013,-381.203,42.603,1725.416,0.35927596590179117,9578.370000000003,19893.856,0.16103796565034365,8558.874,0.07512259591136915,1.3243543484808866,0.1423837590862225,0.6113772821243466,1,1
112461,2022.0,9636.0,0.0074406446500427095,7.233511586452763,18.907828979793003,3.3787471927429658,0.6108202443280978,3568.0,0.0473793552521421,7.22,14154.0,64357.0,2343.0,4058.0,0.17869567131974107,190456.0,9168.0,0.020971359469152774,8244.0,0.01655309033280507,0.11208151382823872,0.051047120418848166,-0.6451996990949816,0,0
111983,2022.0,348.287,0.04333152699560306,1.2858042294729826,5.809593582579641,1.5584962679070915,0.6069882148054488,131.791,1.1355812244538588,1.04,38.462,45.281,83.307,34.718,0.26826252916904914,199.69499999999994,335.336,0.11756897246519632,293.095,0.19807088380439658,0.14412050700284884,0.03862096524083297,-0.6314373929870792,0,0
129495,2022.0,2525.391,-0.10969229382402805,-18.999234934086626,-1.179521179549925,1.1720857046998459,0.09393607648471722,2111.302,1.046574590623011,-18.94,-179.631,-192.45,248.971,-322.835,-0.9936961921676419,1629.389,2330.191,-0.14499708734768085,2375.439,-0.10245434052184887,-0.01904826855162353,0.08376995705502266,-0.24348622561636224,0,0
112161,2022.0,505.858,0.07401409719320974,1.2618272990478465,15.770779420461263,4.930883581957088,0.2810872407211918,308.502,0.8006339800626516,1.23,65.952,-3.269,92.133,42.275,0.3126594729718736,432.1610000000001,429.123,0.07887435888346371,277.748,-0.04660993524657529,0.5450084249031496,0.17881819431724708,-0.06162030042532543,1,1
112154,2022.0,11186.0,0.25133328325696686,4.4176590742667745,16.02206028353326,4.582729033063007,0.48241052309574795,3384.0,0.5283232323232323,4.27,1831.0,945.0,1628.0,917.0,0.28602620087336245,10637.0,6538.0,0.0741010101010101,4124.0,0.026366131581136154,0.5853540252182348,0.7109207708779444,2.3917659545310412,1,1
111957,2022.0,3454.0,-0.03439196972190226,-0.22401433691756273,-180.92592,1.2255196705321338,0.1977077363896849,3472.0,0.8311119646629538,-0.48,-209.3,-56.0,308.6,-12.5,-0.006773599219681369,4112.4,4327.6,-0.002400614557326676,4350.8,0.0025156315511238314,-0.005332352670773149,-0.2018670856825955,13.326318907355606,0,0
124145,2022.0,711.388,0.10409400947881493,0.11570905228179602,6.577704898545266,0.92503330078125,0.6967715242272895,143.646,0.39838333006758825,0.12,-995.772,13.881,26.501,42.482,0.14063162076271188,1056.748,473.722,0.035725848974570075,237.838,-0.6473552999678805,0.9917843237834155,0.5016993088773586,1.913688896600045,1,1
139085,2022.0,6505.0,0.04431548404115009,2.7117547124019095,22.376655131264915,8.382493071077334,0.6149154905035721,2210.0,0.24688118385958874,2.71,81.0,-473.0,1087.0,838.0,0.37460885113991954,21545.0,5739.0,0.036049212767788004,4968.0,0.021337313957061947,0.15519323671497584,0.13347273044084335,0.22930518140880085,1,1
116042,2022.0,5029.6,-0.08186073025111759,-5.148612882956644,-8.369244489644972,10.096112915458399,0.05610928408803445,3731.2,0.5109017357476122,-5.19,1757.7,-394.7,1478.9,-540.8,-1.2063350434976576,5538.1,3953.0,-0.06989518307419901,3404.8,-0.10380610455754481,0.16100798872180444,0.2723501138375918,0.1711927296079367,1,1
112491,2022.0,294.737,0.043805971736710365,3.395785994629209,15.8520001216619,2.610328280614941,0.2546924357618997,235.468,0.22522891174600282,3.4,204.029,8.965,230.27,65.756,0.16466870177775886,1134.966,315.934,0.04687736147666968,339.477,0.05887867940755547,-0.069350795488354,-0.06709312704552217,-0.06551968035760528,0,0
112495,2022.0,2744.91,-0.0401590887883603,-0.5310818472598124,-9.716016517272635,1.3832814933137558,0.13180712562880315,2383.963,0.42834492401255636,-0.54,-3410.474,-26.834,556.269,-99.29,-0.14237125789716693,5778.072999999999,2745.891,-0.015488731164203795,3424.446,0.011883783812761908,-0.19815029934769007,-0.000357261085746019,1.5927939714760166,0,0
112230,2022.0,14347.0,0.01614837064896383,24.896040988264584,12.116785963768116,5.882555718557608,0.53217287807781,6289.0,0.07638979650981083,23.53,17528.0,666.0,11935.0,2760.0,0.48548812664907653,141290.0,13443.0,0.01568368953113724,11977.0,0.009247481658759486,0.12240126909910662,0.06724689429442833,0.029628303780436783,0,0
113414,2022.0,3554.985,0.11998741835760254,12.441179495971198,10.30609678459516,531.1086919471666,0.6186665087472378,882.183,1.4972907341295012,11.62,1202.202,77.652,213.262,725.694,51.53344695355773,1180.061,2313.416,0.46968418218486174,1385.951,0.279659039815933,0.6691903249104767,0.5366821185640628,-0.7445359607397275,1,1
112489,2022.0,1712.403,0.03148133687114713,-0.2158773085546541,-96.67528347341936,9.29891227609433,0.20145272716099155,1065.516,0.8581893818264144,-0.22,-2111.044,-98.191,497.167,-37.358,-0.09618707017963947,880.5840000000001,1334.318,-0.024027434934004627,1124.829,0.288523044892079,0.1862407530389064,0.2833544927071358,-2.310224622712158,1,1
112493,2022.0,5903.636,0.0796298930860354,0.7560124469304711,28.02863906015664,4.831029567341983,0.5280605180008116,2682.252,1.138652593382693,0.77,980.223,154.355,1682.87,360.06,0.1723604759037125,2695.219,5683.466,0.07213613185569728,4474.667,-0.10916668853272396,0.27014278380938733,0.03873868516148422,0.10388360226091409,0,0
115750,2022.0,14396.0,0.052406089817152474,5.378571428571429,16.52855245683931,2.900489396411093,0.17027007352405912,11398.0,1.035894728904306,5.34,1868.0,188.0,875.0,753.0,0.17548357026334188,11694.0,13737.0,0.056783048035593094,12297.0,0.05019582767164895,0.11710173212978775,0.047972628667103445,-0.07708212873139583,0,0
112304,2022.0,11556.0,0.017319977435240667,8.534810539187184,6.11378539223782,1.5729326768642446,0.2445822412580707,11817.0,0.2577525127698138,8.47,5148.0,1641.0,5282.0,2422.0,0.25727639685574677,55279.0,15643.0,0.039907727797001157,10778.0,0.02828262808443167,0.4513824457227686,-0.2612670203925078,-0.5659994093539406,0,0
112520,2022.0,15196.0,0.07889605519724013,1.8764337201378292,14.644801841432225,1.1227681411764705,0.12812362030905078,9874.0,0.8464125560538116,1.59,,-55.0,134.0,391.0,0.07666666666666666,12064.0,11325.0,0.02922272047832586,6146.0,-0.0236165779115536,0.8426618939147413,0.3418101545253863,1.699818973245711,1,1
113391,2022.0,89591.0,0.0450195469647776,1.7745238712389908,4.637863786106033,1.0047572145431503,0.20046210032048895,53637.0,0.633098345648953,1.89,,-31.0,336.0,5470.0,0.2166422432571587,98793.0,67085.0,0.05162179251248077,38653.0,-0.006810729000252249,0.7355703308928155,0.3354848326749646,-0.12789647988505876,1,1
113376,2022.0,1244.518,0.057673368099388264,2.837142382823308,15.603728691242443,5.27390003362098,0.6051343765554476,419.662,0.5108503124568903,1.67,126.635,46.414,357.296,102.54,0.3379897291203829,1627.547,1062.797,0.04928748485301476,1169.12,-0.016494452871116356,-0.09094276036677149,0.17098373442905843,0.17014224343932136,1,1
113280,2022.0,8634.652,0.12978714988832918,23.254415954415958,75.17926932359751,21.36824914010518,0.22466546911440088,5851.497,1.1343917998580482,23.21,3923.793,210.394,1076.319,652.984,0.28423060415935764,5413.477999999999,7547.061,0.09814942466193234,5984.634,0.05946384493395841,0.26107310823017743,0.14410788517543457,0.3223424419997406,1,1
104503,2022.0,14528.0,-0.2642308543253579,0.6847290640394089,159.40611510791368,1.4039400595602678,0.6396915759890466,5000.0,0.16733187830847332,0.68,3141.0,253.0,4283.0,417.0,0.008807316197435952,76819.0,13877.0,0.005028276519033896,12552.0,0.001884497030128098,0.1055608667941364,0.04691215680622613,-53.54899035984714,0,0
115936,2022.0,53.238,-0.019994796893001824,0.05064118525896414,17.910323294406886,1.6757775605267697,0.22151716181136424,45.883,1.1032101076275154,0.05,-64.534,-1.878,0.627,1.627,0.09356489734889874,47.337999999999994,58.939,0.03045390734674778,50.097,0.018969486127697874,0.17649759466634726,-0.09672712465430361,-1.6565593263728473,0,0
113545,2022.0,280.05,0.13996334656929443,1.5329923273657289,14.096613279946613,5.319470799540793,0.3967677677638809,155.351,1.007649388048956,1.53,-80.409,30.299,106.335,50.949,0.37735807132540833,108.63000000000001,257.531,0.19934970419757722,205.94,-0.019193018501378195,0.2505147130232107,0.08744190019842274,-0.2979004050561542,0,0
113708,2022.0,254.382,0.009893621885479948,0.593048424894009,26.45652419160232,1.737052985772229,0.9096850551953611,24.266,0.4524850452683768,0.6,-164.351,-9.023,432.813,33.152,0.0656568857342037,160.0540000000001,268.682,0.05583099805992671,248.168,0.04374681323295642,0.08266174526933372,-0.05322276892385798,-0.8227933902442415,0,0
113845,2022.0,1247.4,0.05113143314865496,0.4456965591465924,34.14879403409091,3.4595986472873803,0.3787578757875787,690.2,0.7318840579710145,0.44,-648.9,18.6,227.5,70.4,0.10130954094114263,1198.5,1111.0,0.0463768115942029,964.1,0.05161290322580645,0.15237008609065447,0.12277227722772285,0.10252152726787257,1,1
113866,2022.0,350.867,-0.29636952253319204,-1.4499733767342795,-7.882903357676373,14.324845886530182,0.7630914593029949,57.619,0.42515641033260904,-1.5,-788.319,79.483,187.248,-144.326,-1.8172043010752688,359.06800000000004,243.212,-0.25229480485199796,144.861,-0.302400630878598,0.6789335984150324,0.4426385211256025,0.17469530419799706,1,1
113869,2022.0,109.497,0.061447482567033314,0.043031510773446253,196.1353400868307,3.3087050034788765,0.5949401803160673,35.448,0.6719519030690204,-0.03,-11.608,1.762,17.128,1.382,0.016869499407980663,110.3,87.513,0.010611423788938626,82.681,0.025121753866353184,0.05844147990469404,0.2512083918960611,4.79069159702078,1,1
113906,2022.0,252.628,-0.0198858497960168,-0.25980408810373135,-9.391692093104352,2.3723528181187588,0.6085098800848137,109.858,0.6225734024945977,-0.9,-401.698,-2.167,31.504,-22.942,-0.25260121334904156,408.133,280.615,-0.05089919997160188,291.67,-0.022191579143813957,-0.03790242397229748,-0.0997345116975216,-0.609309187431007,0,0
134562,2022.0,3653.708,-0.04379971194480135,-8.3670030303977,-14.810559951967631,89.02764004291402,0.7549362971562621,655.218,0.46170293781164334,-8.29,-3809.747,-342.373,1715.028,-1339.097,-6.011092108039198,4016.6409999999996,2673.664,-0.23124260150668077,2229.385,-0.1547213369853826,0.19928321039210364,0.3665546605706625,-0.8105897803457468,1,1
134187,2022.0,116609.0,0.12491452508251358,14.363371032469901,23.41720472440945,7.3826291850511305,0.8755013609883914,14682.0,0.7104713019694313,13.99,69068.0,-1089.0,48147.0,39370.0,0.31526517669103693,113757.0,117929.0,0.23718724960388465,85965.0,0.18294458811418815,0.3718257430349561,-0.011193175554782962,-0.47335058991945184,0,0
137066,2022.0,731.989,0.008752534469018834,-0.0629255597267018,-141.4369620016805,1.5177725702515108,0.21732463932342932,489.014,0.14589742733535288,-0.06,-154.458,-93.301,474.638,-10.711,-0.010731088597855185,3766.1450000000004,624.798,-0.0025011401191888656,611.865,-0.004026313665542759,0.021137015518128986,0.17156104853088522,-4.4994178862147605,1,1
135237,2022.0,9643.0,0.16734709450951962,12.289426699934104,8.77583654903758,1.5841227126075443,0.8096218920111814,1294.0,0.296838151803651,12.35,-1998.0,564.0,672.0,2182.0,0.18050959629384514,21738.0,6797.0,0.09529216525460739,2813.0,-0.2563709631647653,1.416281549946676,0.4187141385905547,0.7561474656640607,1,1
134350,2022.0,716.57,0.21209492474547464,1.4294913476664919,18.32120218338689,5.120142744667065,0.44004146663043375,278.179,0.8397837592952907,1.43,24.567,17.343,86.988,68.151,0.2794654353691842,436.49100000000004,496.785,0.1152049739419132,374.923,0.04550538038626005,0.32503207325237454,0.44241472669263365,0.8410222882599994,1,1
134539,2022.0,169990.0,0.1442139138170116,3.0051066276634097,24.112289172361425,1.656886405092351,0.034240554020596364,107659.0,2.005180415152714,2.97,15771.0,633.0,3147.0,1317.0,0.06871543358029844,43986.0,111476.0,0.023689606792099867,64129.0,-0.07264121635204035,0.7383087214832603,0.5249022211058882,5.087644893502614,1,1
134366,2022.0,228.031,9.006615358981173e-06,-0.7073537983291237,-4.297707889857859,-51.17540474243663,0.8618000829531315,34.986,1.1172628373458084,-0.72,-1366.759,-22.162,90.956,-29.126,11.907604251839738,124.455,253.155,-0.1285433722444116,225.11,-0.24565965113422322,0.12458353693749716,-0.09924354644387824,-1.0000700667424678,0,0
135012,2022.0,1022.843,0.09159800513070979,1.4692251634759317,49.141548752940864,4.210133985073975,0.8039029247407896,187.881,0.48951111833207905,1.48,1187.5,-46.328,443.447,149.191,0.08567361208415357,1491.8609999999999,958.102,0.07622429893172251,789.042,0.06090259811787542,0.2142598239383961,0.06757213741334428,0.20169035877598798,0,0
134864,2022.0,7245.0,0.024437927663734114,1.1522584265159712,563.3371690434783,35.06564245737483,0.8342944369063772,977.0,0.5460270420448231,1.16,30.0,53.0,3308.0,230.0,0.06224627875507442,7401.0,5896.0,0.021300240785330618,4519.484,0.013597501427701504,0.3045737079719719,0.22879918588873813,0.14730757788261284,1,1
135031,2022.0,4416.508,0.03069095070661135,2.415100892967183,8.68700767785484,8.650648107511284,0.19256165925269939,3326.042,1.250429002349837,2.42,-904.16,-21.351,89.057,215.555,0.9958144885221818,3037.2360000000003,4119.252,0.06543329313222865,3170.561,-0.047207004417170545,0.29921865562592875,0.07216261593124174,-0.5309581829453306,0,0
134940,2022.0,5501.5,-0.021789514918064894,-5.127440904419322,-77.82634796552415,61.193955870764384,0.761495265618759,1015.1,0.415569832838619,-5.18,-1087.8,-1081.6,2906.5,-498.9,-0.78628841607565,7278.200000000001,4256.1,-0.04871309170442118,3408.4,-0.029452644119399036,0.248709071705199,0.2926153050915156,-0.5526969413011557,1,1
134947,2022.0,3076.308,0.07865714300322625,5.008982788976321,32.74117858039525,8.148440931049626,0.3617682352685094,1817.91,0.9888538636190052,4.98,839.062,-203.81,342.114,278.81,0.2488743925647425,2341.8849999999998,2848.354,0.09679356769404887,1962.137,0.05329298375216544,0.4516590839477569,0.08003008053072062,-0.18737220998144585,0,0
131722,2022.0,6908.0,-0.04496318345605515,2.941983737605929,5.713831720116617,0.8965435864592863,0.19554052361267693,6422.0,1.1072122052704576,2.95,-2762.0,220.0,743.0,343.0,0.15690759377859104,6337.0,7983.0,0.04757281553398058,6221.0,-0.05191808479953851,0.283234206719177,-0.13466115495427783,-1.9451444685660573,0,0
113965,2022.0,1491.954,0.05906542238404047,0.5507571696596087,40.83469310785327,2.53746107046534,0.3776139424037249,722.879,0.7951910503145946,0.45,113.404,-4.174,96.146,32.878,0.062139834472695936,1324.443,1161.464,0.022509773313889404,882.621,0.04245374914942857,0.3159260883210347,0.2845460556676746,1.6239901024500683,1,1
115259,2022.0,784.59,-0.045713248842920925,0.7554087753589,87.83323965024981,11.54405814039847,0.8536768231437217,112.609,0.9430337711989021,0.74,-910.562,-129.73,267.507,33.624,0.13143154216292915,548.1410000000001,769.591,0.041201842956572886,723.472,-0.03423459890972192,0.06374676559701002,0.0194895730329487,-2.109495244936084,0,0
113781,2022.0,359.064,0.03819654770293268,-1.7400147474499201,-5.632136172617156,2.503495800957539,0.5788678319103803,120.109,0.730794558597063,-1.74,-268.484,44.064,48.749,-28.317,-0.44450200141276197,293.43999999999994,285.205,-0.07255801797231126,148.289,-0.6629408046822916,0.9233051676118931,0.2589681106572467,-1.5264276612063576,1,1
128212,2022.0,6333.538,0.020742064262905542,3.0042573850692764,9.786112250606001,3.546203944031474,0.14817693244355118,5285.149,0.8429851697739088,2.98,605.533,-502.751,74.31,402.225,0.3623710676128691,7052.017,6204.515,0.054648866174440786,5531.713,0.0338316787929669,0.12162633889357612,0.020795017821699072,-0.620448406071294,0,0
116019,2022.0,6564.0,0.03413582464965864,0.12876826005465497,369.8116288888889,3.945826508595139,0.12454012808284508,6425.0,1.1839006291337313,0.13,379.0,-66.0,370.0,18.0,0.01066982809721399,4803.0,7339.0,0.002903694144216809,5767.0,-0.012620508326029798,0.2725853996878793,-0.10560021801335331,10.755998722401884,0,0
115787,2022.0,405.356,-0.07974215606352983,-3.910933752997602,-6.520182035928143,0.9079743141935027,-0.11084375853541174,597.855,0.4682874326106855,-4.59,193.603,38.052,123.232,-104.375,-0.13925597616604782,1012.31,538.199,-0.09081678111393798,582.774,0.043700998632721234,-0.07648762642121996,-0.24682877522997992,-0.12194469914667005,0,0
115319,2022.0,1779.964,0.03070510424622585,3.768383132019496,27.213262666591685,2.40921727009098,0.369259675167799,979.57,0.8396969182507593,3.77,638.263,-61.554,20.433,71.132,0.08853099680137404,1723.449,1553.048,0.038459417345125854,1506.875,0.032963071811142636,0.03064155951887184,0.1461101009112403,-0.2016232598979492,1,1
114025,2022.0,3567.0,0.05283409797247299,3.5843128127545674,15.419971103896106,-5.929277278401997,0.5126519881695695,1483.0,0.46190042501517914,3.62,1539.0,-820.0,497.0,308.0,-0.38451935081148564,6029.0,3043.0,0.046751669702489375,2365.0,-0.03349533692368317,0.28668076109936574,0.17219848833388104,0.13010077091770142,1,1
114121,2022.0,2777.604,0.13160180429133678,19.52658100941878,6.957183130752476,3.899754349345751,0.35133599529495013,2145.187,0.8696774386961538,18.48,1406.296,-250.931,2362.956,740.116,0.5605363946951273,1408.0680000000002,3307.085,0.1946312801811996,2288.76,0.10400048889194777,0.44492432583582364,-0.16010504719413024,-0.32384042190537443,0,0
116289,2022.0,2301.829,0.0005526126965260767,8.384572911490254,22.307635937386813,2.7685635265195105,0.24156483655461947,1295.339,0.4279325384426695,8.69,1169.531,230.382,1220.179,151.853,0.12410833376922274,2727.328,1707.91,0.03804816398998465,990.073,-0.0564888728645182,0.7250344166541256,0.3477460756128836,-0.9854759694404298,1,1
119157,2022.0,329.233,-0.3266760291479728,-0.8979861103641638,-12.862114309670208,10.480709342841992,0.33614171527327713,202.818,0.3375323154429149,-0.92,-2290.858,83.294,482.496,-250.46,-0.8148512049035523,401.131,305.514,-0.27670857546898825,260.886,-0.31229075486170643,0.17106322301694987,0.07763637672905331,0.18057790075459576,0,0
115331,2022.0,4475.5,0.10717606487529867,2.0462163534789233,8.718530652767436,19.75644544431946,0.4698666877021378,2688.2,0.5746925823086078,1.98,-589.3,-32.2,1237.7,805.8,2.266029246344207,7135.599999999999,5070.8,0.09132430441434804,4835.0,0.07837789454840306,0.04876938986556364,-0.11739764928610873,0.17357658032662932,0,0
115842,2022.0,995.563,0.009966200377001319,0.3718302958485492,90.09486417331884,2.4337970066252246,0.26424851255387083,674.69,0.09803344696704054,0.37,-1074.572,163.489,336.006,65.267,0.027013715253993157,8934.876,917.008,0.006977418935492203,891.236,0.005450432799236824,0.028917144280527322,0.08566446530455563,0.42835057908104246,0,0
114128,2022.0,6233.65,-0.019558183458602222,0.22070116575165116,75.7585486377292,8.32802342514445,0.4075620033993801,4029.313,0.9617905047857324,1.48,383.657,-349.974,536.277,77.224,0.10992849750816022,5320.312,6801.24,0.010920554184468332,6664.35,-0.009816890106267488,0.020540637871660314,-0.08345389958301724,-2.790951551379937,0,0
114805,2022.0,2.593,-1.0526203411544208,-0.5076776400650552,-4.431946224205736,9.29946455889852,0.6555435952637244,0.64,0.021914253700536655,-0.53,-811.583,51.976,80.726,-45.262,-2.098280098280098,1.7390000000000043,1.858,-0.5338444300288967,1.719,-1.029832905211221,0.08086096567771961,0.3955866523143164,0.9717735766156501,1,1
116055,2022.0,429.138,-0.0206212744767791,-0.6573726960324898,-53.54648924795058,2.514776728173596,0.38409068423061155,217.881,0.8968946965432962,-0.68,12.061,-17.184,11.221,-8.417,-0.046964362435205693,346.529,353.755,-0.021340087520472995,390.98,-0.03532826578086045,-0.09520947363036478,0.21309380786137294,-0.0336836970796998,1,1
115727,2022.0,1233.1,0.12025841631104789,3.8729863430721743,29.982031877729263,10.568997960361747,0.4540032532080245,604.2,0.6471345029239766,3.88,901.8,-38.8,98.1,183.2,0.3525110640754281,1506.1000000000001,1106.6,0.1071345029239766,936.9,-0.05766656968286296,0.1811292560572099,0.11431411530815111,0.1224994098902397,1,1
116030,2022.0,3815.565,0.07123107246124848,2.124272670108845,7.93212671664068,6.777008167670558,0.506254585487421,1913.262,1.3610176837603594,2.13,262.326,-113.192,400.959,239.858,0.8543746727410675,2154.541,3874.997,0.08424547931040781,3514.33,0.03911545769523966,0.10262752786448624,-0.015337302196621001,-0.15448196099884393,0,0
116452,2022.0,1429.547,0.04006481292467411,5.252141105451802,32.775204729613236,3.3223626310811034,0.5337978998672015,681.056,0.460760627527172,5.21,2276.656,-169.448,1514.505,278.416,0.10136817324223345,1600.196,1460.86,0.0878134324121443,1200.724,0.05435569029532991,0.21664928826274812,-0.021434634393439397,-0.5437507471905484,0,0
116021,2022.0,1117.5,-0.0668287907020813,4.500974658869396,9.657908185361627,1.37740024706609,0.6137669437161823,692.4,0.6058465697870903,4.32,941.7,-45.2,576.3,230.9,0.1426189005558987,2253.8,1792.7,0.07803311929705982,1555.4,0.10581992230854607,0.15256525652565253,-0.3766385898365594,-1.8564157283995606,0,0
116591,2022.0,1945.5,0.03454278409399989,0.42665270162035607,120.87114368231047,1.686630739005592,0.4198863038214549,1102.1,0.45993318162010355,0.43,266.6,-8.3,246.1,27.7,0.013953956979497254,3711.2000000000003,1899.8,0.00670604754757178,1726.0,-0.006059741926285021,0.10069524913093857,0.02405516370144228,4.1509900353312625,0,0
116594,2022.0,1730.44,-0.047005755984569436,-0.8617347245308714,-3.4349317901880125,0.6899398760176264,0.13454371599581197,1430.054,0.979435279278083,-0.86,-59.985,-35.813,29.151,-43.029,-0.20085984763611922,1626.749,1652.37,-0.025505256469227012,1547.502,-0.01676811309640683,0.06776598673216573,0.04724728722985782,0.8429830745393027,0,0
119130,2022.0,420.164,-0.05426398129267885,-0.4182859195724903,-14.655047452386576,1.8272023863703293,0.1566306533253013,215.604,0.2671131683157971,-0.44,-772.864,-13.521,229.17,-93.146,-0.12468075537160878,703.5480000000001,255.646,-0.09732412467217653,291.724,-0.013795283255037922,-0.12367168967928592,0.6435383303474336,-0.4424405924485845,1,1
117769,2022.0,249.2,-0.036219081272084806,-0.604016024408697,-4.652194455852155,-0.4301535409151319,0.32897033158813255,76.9,0.14020063616344508,-0.61,-332.0,-79.1,101.5,-48.7,0.09246250237326752,699.6,114.6,-0.05957915341326157,90.4,-0.07379823967501693,0.26769911504424765,1.174520069808028,-0.3920846605379442,1,1
118854,2022.0,5196.099,0.08897227742110407,2.2115574710371275,15.907341527734324,1.6232751123172708,0.15818842971117847,2994.679,1.5867435873189757,2.19,658.213,21.059,232.517,111.865,0.10204565668544323,1397.1109999999999,3557.422,0.04989598405683588,3339.281,0.04394140451130642,0.06532573928339666,0.46063610108668585,0.7831550795702692,1,1
117568,2022.0,302.959,0.06532799841928473,9.875280193669864,3.318386856608468,1.993529931546077,0.39284713961973144,166.913,0.9235955962143838,9.98,-634.929,6.326,47.942,110.139,0.6007527204298142,217.30600000000004,274.911,0.370024827567671,238.642,0.0014293580124693412,0.15198079131083383,0.10202574651432646,-0.8234496889067873,0,0
117580,2022.0,713.5,0.013022304732692981,4.3004938538625135,9.622150712489525,0.9462720138488171,0.226141373915517,544.1,0.1858479593994502,4.22,1399.1,-85.3,184.6,119.3,0.09834308795647514,3574.5,703.1,0.03153415098329457,711.4,0.030540967725488196,-0.011667135226314245,0.01479163703598347,-0.5870412132043246,0,0
116812,2022.0,254.258,0.40327928366003496,3.183040218132243,3.2861664582226866,1.5637427544207205,0.7281119361447638,45.917,0.47853855918755955,3.21,-817.452,111.258,139.524,116.738,0.4758562216189335,175.68699999999995,168.882,0.33078501156095574,114.976,-1.0633396209054105,0.4688456721402728,0.5055364100377778,0.21915827369862634,1,1
118573,2022.0,17206.0,0.12723475780573523,3.3677685950413223,12.542429447852761,28.47376044568245,0.3413186347254611,6214.0,0.4873437338568034,3.0,,-333.0,974.0,1630.0,2.2701949860724233,18363.0,9434.0,0.08420291352412439,6167.0,0.061791590493601466,0.5297551483703583,0.8238287046851812,0.5110493506769465,1,1
118570,2022.0,5709.1,0.06599500538634806,4.715762273901809,34.25321095890411,10.366277707147201,0.33830626589502766,3304.3,0.6150028325820832,4.73,2593.0,-202.1,275.2,547.5,0.30263667016748663,7595.700000000001,4993.7,0.06742776915687579,4529.0,0.09458464558877663,0.10260543166261864,0.143260508240383,-0.02124886806197452,1,1
118952,2022.0,2454.7,-0.056292421694999685,-3.5305174904593697,-4.565902886350681,5.9782044198895035,0.026956617304351425,1469.747,0.28877175876803074,-3.55,-783.916,52.001,707.339,-422.783,-1.3093148428015757,4447.313,1510.464,-0.08082800416774207,686.31,-0.11088201488354502,1.2008480132884558,0.6251297614507859,-0.3035529916317589,1,1
119091,2022.0,297.488,0.054410978178855714,0.032024026456097726,2987.132181243414,12.725923046189344,0.7484995843250691,66.252,0.3338745247148289,0.03,39.06,279.007,381.699,0.949,0.004260247713876556,403.518,263.427,0.0012027883396704688,148.376,0.03738325944875682,0.7754016822127568,0.12929957825128016,44.23736752699385,1,1
119067,2022.0,1305.3,0.0020434454266802897,0.2428482632012605,1095.6224125,33.08728479237821,0.7305242082271569,296.1,0.5363139398672393,0.25,-651.7,-115.6,791.6,16.8,0.03019953262628079,1219.5,1098.8,0.00819992190550566,904.4,0.003630733087724918,0.21494913754975672,0.1879322897706589,-0.7507969648700846,1,1
119179,2022.0,1573.242,-0.04555824623248648,-0.8079155647858606,-11.870052290107626,6.261041878364646,0.40191270729474,852.397,0.8979230404782186,-0.82,-1702.538,-112.862,193.451,-170.778,-0.5274653999277267,1177.369,1425.205,-0.10759539926311598,1355.596,-0.11932084153681075,0.05134936957618636,0.10387067123676948,-0.5765781200265133,0,0
119198,2022.0,16281.0,0.11683187373688769,6.913548537024637,19.847983892083146,4.220076319353019,0.379012262949809,9267.0,0.6953219644021993,6.83,11541.0,258.0,1203.0,2261.0,0.21261989843896933,18348.0,14923.0,0.10534898891063274,12172.0,-0.012524685583619166,0.22601051593821886,0.09100046907458285,0.10899852903188138,0,0
134029,2022.0,3659.374,-0.02067879343864081,-5.348887771161553,-23.818035720785762,1.9802710928452392,0.9388288812948455,189.278,0.2515919037870776,-5.52,430.338,-466.321,591.448,-329.668,-0.08314166273237539,11606.892999999998,3094.238,-0.026805242433735964,2363.567,0.0365085089263133,0.30913911050543513,0.1826414128454243,-0.22855413489507043,1,1
119194,2022.0,15202.0,0.03336676087154709,18.898615465719597,6.114733653881446,2.6974727720207254,0.5915588835942818,5400.0,0.11992706953792566,17.85,24672.0,-2257.0,13348.0,5449.0,0.4411431347150259,26076.0,13221.0,0.049427622866058306,12953.0,0.010107273516463074,0.02069018760132788,0.1498373799258755,-0.32493696971901376,1,1
137332,2022.0,3911.4,-0.10657209159770567,-2.4691670282248883,-11.015860688677016,-7.812365912265996,-0.08979785592784524,2754.9,0.23359977821928568,-2.66,-6652.1,1298.9,1620.3,-1269.1,0.7091925118748253,8824.1,2527.9,-0.11727579355911841,1242.4,-0.44656689112918924,1.0346909207984545,0.5472922188377705,-0.09126949080090453,1,1
119332,2022.0,376.423,-0.1146445143355162,-0.5534637804594777,-6.034721905789715,1.3530100906907552,0.48979736412606634,187.251,0.553168624542936,-0.78,-1230.813,-28.462,22.279,-50.037,-0.22420421550704378,617.62,367.013,-0.07541667043471183,356.036,-0.07067864359779931,0.030831151905986967,0.025639418767182703,0.5201481804313265,0,0
119329,2022.0,57.936,0.005919600719790854,0.8999824031836702,4.444531344001925,0.8451488908972349,0.6811330954697804,14.746,0.08085129445990741,0.9,-434.303,-10.583,12.75,66.488,0.19015478246942674,543.71,46.245,0.11624263955130984,67.116,-0.20294887829281635,-0.31096906847845524,0.25280570872526764,-0.9490754791646148,1,1
134337,2022.0,2769.0,0.11368015414258188,4.4528172632300045,8.163371153846155,5.691183044164038,0.5391340549542049,1107.0,0.538927529728517,4.13,-1199.0,-183.0,127.0,442.0,0.6971608832807571,4151.0,2402.0,0.09916984518734574,2081.0,0.06678579405852134,0.154252763094666,0.152789342214821,0.14631775342417982,1,1
119897,2022.0,8110.518,0.15245125857895026,7.590054474708171,43.973333934844085,15.652350362001222,0.6111911596954073,2432.628,1.2658866665668518,7.52,2316.923,109.354,1259.871,975.322,0.35595095848755826,3392.879,6256.617,0.19733461636045724,4401.879,0.1407127232412194,0.4213514274245158,0.29631045020016406,-0.22744796938982928,1,1
119765,2022.0,13350.0,0.04206549924768704,4.345666749441271,29.565083428571427,-61.42517333333333,0.8611003034783286,1785.0,0.44814479006834984,4.34,-880.0,-1107.0,3676.0,1820.0,-2.077625570776256,24766.0,12851.0,0.06346770818803181,11767.0,0.07092638544251448,0.09212203620294043,0.03882966306124037,-0.33721414482050915,0,0
120743,2022.0,1795.0,0.016320474777448073,1.3712686567164178,30.971319727891157,9.89735652173913,0.6786645800730308,616.0,0.8838174273858921,1.35,-1349.0,62.0,592.0,147.0,0.31956521739130433,1510.0,1917.0,0.0677731673582296,1836.0,0.058823529411764705,0.04411764705882353,-0.06364110589462701,-0.7591897293041845,0,0
122406,2022.0,2248.598,0.17420048083705267,8.806305268137653,69.57401331711625,-308.9892816898823,0.824479433768003,358.684,0.3711011834122886,8.8,2917.722,120.928,1421.449,725.983,-4.441159377733731,4071.806,2043.544,0.13183623667374106,1695.39,0.14333712741271176,0.20535334052931772,0.10034234643345083,0.3213399079962486,0,0
130452,2022.0,8600.825,0.08918812945399107,5.749043630453807,27.846370681894292,7.665576854812207,0.13434034941839154,6683.611,0.9661181740827869,5.75,2327.602,273.33,2077.377,459.866,0.2752810031289415,3647.855,7720.83,0.057543670854397114,5871.64,0.07245111611416508,0.31493586119039985,0.11397673566183956,0.5499207494020325,1,1
121815,2022.0,312.929,0.01726504096323943,0.4361413375718303,44.93956043956044,1.8831837255089303,0.3949630411826822,171.891,0.09700072793224904,0.44,-300.955,8.727,15.363,53.508,0.041904809639641195,2864.8830000000003,284.1,0.018269324006331508,284.114,0.011186478107851991,-4.927599484697397e-05,0.10147483280535005,-0.05497100181397119,0,0
121968,2022.0,10896.0,0.11240592376790483,0.24867951179238243,67.5970444,3.05592424954792,0.06738470035901685,6754.0,1.8540706605222734,0.25,-956.0,-157.0,517.0,25.0,0.045207956600361664,2980.0,7242.0,0.006400409626216078,3930.0,-0.06435394670688788,0.8427480916030534,0.5045567522783762,16.56230152949745,1,1
122122,2022.0,10208.58,0.23134318770015924,18.845692110645945,19.300962674356917,12.39282124929903,0.4213950613893887,4993.875,1.8115454291104884,18.09,653.376,-614.491,431.56,985.837,0.6420830638548417,3780.0889999999995,8630.889,0.20691825734266733,6151.953,0.03454539703483459,0.40295106285759963,0.18279588580040837,0.11804144627529392,1,1
122320,2022.0,606.328,-0.18696346348950338,0.9488481479501844,23.449484565119423,1.0015958393886604,0.5878205265960368,172.622,0.5771752792141212,0.98,129.04,-78.059,149.627,17.752,0.042712914930271496,562.4839999999999,418.803,0.024465000385883288,321.785,0.05073069231142425,0.3014994483894525,0.44776422327442733,-8.642078910302589,1,1
122321,2022.0,3025.468,0.06508678102283243,3.526943286827324,23.805316153956802,4.5394765509890584,0.17729892089739868,2161.615,0.9217146567609956,3.57,733.992,25.639,275.964,194.652,0.19069171447380795,2516.543,2627.461,0.06828402072108447,2402.596,0.06697025194278078,0.09359251409725138,0.15147969846174694,-0.04682266311340411,1,1
122316,2022.0,1110.679,-0.01967740201611524,1.4322811115309313,11.918051465298095,1.826242406870473,0.39821008310018535,693.469,1.901896707664072,1.44,189.623,-84.752,85.189,41.698,0.1532333043021303,457.23900000000015,1152.344,0.06882084595934589,1097.702,0.09109095007325595,0.04977853734437949,-0.036156737918538184,-1.285922117663871,0,0
122945,2022.0,77.383,-0.4797636178208693,0.19586468583188632,14.29558364800525,1.3375483870967741,0.28478743246719834,88.961,1.4327147908819702,0.2,-57.08,-4.927,14.466,6.091,0.09356374807987712,62.49599999999999,124.384,0.07015907022818113,116.896,0.28155266588379785,0.06405693950177936,-0.3778701440699769,-7.838226565154228,0,0
124054,2022.0,150.651,-0.13541825226596554,-0.08725710014947684,-82.68668094218414,0.906937548441647,-0.048188166401077856,161.813,1.4639267154724425,-0.09,-438.601,-9.576,32.439,-0.467,-0.01096836320078916,65.19200000000001,154.374,-0.004428555172021394,154.299,-0.055772430304751854,0.00048606925514739973,-0.02411675541218071,29.578427276125474,0,0
127656,2022.0,236.222,-0.11445811136213613,-0.33372289635965785,-127.8006407868266,6.330178108784386,0.7759032794924567,58.035,0.7345355634531876,-0.35,-381.369,-114.393,207.038,-13.421,-0.04953166173355279,131.46800000000002,258.973,-0.03806652352602484,236.545,-0.08021936916637949,0.09481494007482731,-0.08785085703915081,2.006791814962689,0,0
125057,2022.0,3792.0,0.03119887379675075,6.954424566793862,27.1568119239905,4.699788087147164,0.46615776081424937,2098.0,0.15954207770064546,6.96,880.0,-440.0,136.0,1263.0,0.17306111263359825,24262.0,3930.0,0.05127268298623797,3777.0,0.030334146237111198,0.04050833995234313,-0.035114503816793895,-0.3915108010804741,0,0
124672,2022.0,29310.0,0.1749336265072923,5.8180529300567105,38.286004386321174,13.658436929496654,0.6962870773698403,7321.0,0.29078604516502604,5.63,15654.0,628.0,21824.0,12311.0,0.3567475151409777,60806.0,24105.0,0.14851138776298012,21846.0,0.13428243057872688,0.10340565778632244,0.21593030491599252,0.1779138902565594,1,1
129599,2022.0,2262.224,0.10916077816958762,4.03484292125663,23.760528444597245,3.168177246251753,0.13680740681618642,1622.241,1.1628763175057328,4.02,1010.03,70.291,547.932,148.341,0.1333378276345594,721.635,1879.35,0.09178824370932392,1641.836,0.08214859413039213,0.14466365702786385,0.2037268204432385,0.18926753316338898,1,1
124636,2022.0,31762.0,0.14669022875764012,5.876129714805472,16.167103963113405,-14.572150207797348,0.7116046886354301,9128.0,0.7665536449503512,5.83,23505.0,-2785.0,4500.0,9109.0,-0.9013457352068078,33459.0,31651.0,0.22061031726810365,28694.0,0.17976124065603036,0.10305290304593295,0.003506998199109033,-0.3350708589962717,0,0
124671,2022.0,2940.9,0.054014221073044606,3.437414030261348,12.407583033213285,2.5633721891534393,0.3598156939402402,1834.0,0.7135420558419886,3.34,619.9,139.1,447.4,249.9,0.20659722222222224,3206.2,2864.8,0.06224314428752895,2517.0,-0.015072478306665998,0.13818037346046888,0.02656380899190167,-0.13220609769441058,0,0
124983,2022.0,1221.502,0.12190715923032444,1.712396694214876,12.1,1.6424191604213614,0.22470290976347493,831.234,1.494653036358795,1.72,237.948,-11.56,40.061,56.98,0.1357371206959803,590.497,1072.149,0.07943422976817974,851.573,0.055663439779636635,0.2590218337124356,0.13930246635495633,0.53469303581211,1,1
138238,2022.0,321.793,-0.1410944196128481,-0.5793700281541107,-78.49905550844694,5.1664778610617415,0.6938396812383391,90.745,0.5230956847698903,-0.59,-387.859,213.757,348.485,-30.662,-0.06581579647803278,204.79899999999998,296.397,-0.054113772698152734,192.194,-0.05078274461277953,0.5421761345307347,0.08568237870153887,1.607366157962677,0,0
134521,2022.0,3363.0,0.0395778364116095,-0.16853662059999036,-40.82198857142857,1.7693741176470588,0.17254313578394598,2206.0,1.5954518252543388,-0.46,-1050.0,-71.0,48.0,-14.0,-0.043343653250773995,1302.0,2666.0,-0.008378216636744464,2560.0,-0.15384615384615385,0.04140625,0.2614403600900225,-5.723897474557106,1,1
127973,2022.0,194.106,-0.07904508086973835,-0.2728306176582039,-10.189472222222221,0.9413709353735036,0.8385095724163883,27.465,0.020141544588535003,-0.48,-2845.538,184.468,600.202,-90.0,-0.09238662364871732,7841.7519999999995,170.072,-0.010658656410038986,283.401,-0.1939512219080348,-0.3998892029315352,0.14131661884378377,6.416045496624581,1,1
128260,2022.0,687.373,0.012149843710273245,0.13064374196168685,56.87222279792746,1.093898237518873,0.32507446860356415,457.013,1.204441519401631,0.13,-38.299,-1.65,24.11,3.86,0.019234314814907092,525.215,677.131,0.0068659450902267,592.571,-0.17051051493794928,0.14270019963852423,0.015125581312921837,0.7695806696106392,0,0
129351,2022.0,54.129,-0.4250269940378386,-0.6304253785147801,-8.137362763037512,-1.62955982044705,0.8809059953582138,7.03,1.008697881066302,-0.66,-399.13,5.302,16.544,-4.372,0.2002565042139978,33.27000000000001,59.029,-0.07470950102529049,50.82,-0.10498476059384526,0.16153089334907522,-0.08301004590963773,4.689062143434199,0,0
126122,2022.0,7528.0,0.05525325932147683,3.464462623210488,19.203555424231197,2.9450762026251494,0.7879132114052028,1867.0,0.3513330140485313,3.47,11447.0,1786.0,10618.0,2699.0,0.15336098641968293,14153.0,8803.0,0.10771871008939975,8086.0,0.09507118438703535,0.08867177838238932,-0.14483698739066228,-0.4870597756358194,0,0
126448,2022.0,984.992,-0.15671638679810856,5.277968690339824,23.22863343702525,3.583651047340131,0.9478406443701815,57.297,0.8454180378587547,5.54,-571.794,81.293,251.342,69.115,0.15427730852336646,1046.322,1098.499,0.053191734982560586,909.99,-0.04058486614689779,0.20715502368157893,-0.1033291791799538,-3.9462544669672743,0,0
134381,2022.0,1281.8,0.021543296089385475,0.9616608335984729,37.85118279569892,36.20417721518987,0.458118344494456,493.6,0.8452259441402987,0.41,-1311.8,-159.0,96.6,120.9,0.9564873417721519,876.0,910.9,0.11218335343787696,1433.1,0.034753462115198024,-0.36438489986742023,0.40717971237237893,-0.8079635219559079,1,1
135203,2022.0,14495.0,0.04517574899740505,5.409594095940959,11.254079126875853,2.5941006289308177,0.2212274368231047,10786.0,0.7745218655631361,5.45,2045.0,341.0,1091.0,733.0,0.23050314465408805,14750.0,13850.0,0.04099094061066995,11709.0,0.03347104963774624,0.1828507985310445,0.04657039711191336,0.10209105535006421,0,0
122620,2022.0,3008.542,0.059606478999298,5.038824017544901,21.939642983178445,3.5929143983263403,0.14765105238024903,2129.414,2.2284424471854227,5.05,355.18,59.424,82.092,85.01,0.1637635763298928,838.2560000000001,2498.289,0.07582785355706757,2247.392,0.059003332801129474,0.11163917999174172,0.20424098252844233,-0.21392369422090346,1,1
128065,2022.0,33203.0,0.15693047004054664,16.309927360774818,32.597937945368166,8.796559169938305,0.7591621129326047,6611.0,0.3632393807066296,15.7,632.0,4545.0,12163.0,6736.0,0.269850172261838,62321.0,27450.0,0.08913590048961229,23888.0,0.038981733896988134,0.14911252511721365,0.20958105646630237,0.7605753594067858,1,1
98003,2022.0,588.017,-0.05746044784352193,1.157810427683139,15.93525119385888,1.521373118259716,0.5090446875226625,737.924,0.6197505472679076,1.03,764.791,-346.945,190.52,134.438,0.09547217673267819,2217.873,1503.037,0.05543311580061099,1502.7,0.24006124173898025,0.0002242629932787576,-0.6087807552309091,-2.0365725796508194,0,0
113619,2022.0,3662.849,-0.05991999551605624,-1.2312859168594672,-28.230648563462236,1.9600178432403996,0.06331353495795086,2648.17,1.3090225511689983,-1.41,-27.509,286.149,685.818,-65.992,-0.06942872172540769,1327.874,2827.168,-0.030555317617044525,1923.719,-0.06889215835917911,0.4696366777060475,0.295589437911012,0.9610333057913089,1,1
132275,2022.0,353.398,-0.030585421156888882,-0.35809583508444515,-3.323132757797581,144.14195858498704,0.443993674610663,169.121,0.42107893421710196,-0.8,,-9.979,6.598,-50.272,-43.37532355478861,686.8050000000001,304.171,-0.06959401185833676,301.587,-0.10400498052019393,0.00856800856800858,0.16183988611669106,-0.5605164820911958,1,1
127330,2022.0,2080.1,0.027003228646903434,-1.683441169422478,-21.782762989323842,1.196200195427008,0.1622475459776599,1485.0,1.0488136796639251,-1.67,488.1,-10.7,25.2,-28.1,-0.054914989251514564,1496.4999999999998,1772.6,-0.01662623513401574,1868.6,0.0428238169295712,-0.05137536123300867,0.173473993004626,-2.6241336916772773,1,1
134157,2022.0,1525.147,0.03530059875913266,-0.4499486892433996,-20.891270993157786,1.1673166008788263,0.24910069299957632,792.183,0.4753014056586773,-0.45,-428.911,88.505,239.425,-33.761,-0.055875805797605156,1845.6809999999998,1054.979,-0.015210398269958554,845.885,-0.05077734365786108,0.24718962979601253,0.44566574310957835,-3.3208201476784116,1,1
128044,2022.0,714.191,-0.0052642792146054855,0.5991127222146115,28.926109156787565,0.900620256117623,0.4819056761476013,375.636,0.05264280633844847,0.26,-256.67,1.279,226.982,56.854,0.03113520215373629,13449.57,725.034,0.004128018977821936,738.383,0.0045573398772416765,-0.018078693577723275,-0.01495516072349705,-2.2752555748624665,0,0
128362,2022.0,5891.0,0.03695581546458739,-2.018640600136395,-47.507218468468466,2.960034381139489,0.1403566710700132,2603.0,0.2402602554947235,-2.13,2922.0,-172.0,1244.0,-222.0,-0.06230704462531574,10836.0,3028.0,-0.017614853606284217,2066.0,-0.07700733924854858,0.46563407550822844,0.9455085865257595,-3.09799163198286,1,1
128415,2022.0,4417.4,0.13765253692999357,3.7456790123456787,95.95056031641398,74.48228220544965,0.7909760038298127,698.6,0.5646466523626902,3.72,-472.7,257.3,2551.7,606.8,0.7762568760394012,3219.000000000001,3342.2,0.1025155851396327,2594.4,0.12078130794906664,0.28823620104841186,0.32170426665070906,0.3427474148686966,1,1
128504,2022.0,1519.4,0.03738427282315716,0.5488474204171241,28.459639999999997,1.2508698347653666,0.42103393142654116,1303.6,0.3035646874831473,0.16,601.0,-596.5,215.8,66.5,0.04395241242564441,6177.9,2251.6,0.008965647414118535,2187.7,7.354888058603749e-05,0.029208758056406315,-0.3251909753064487,3.1697237350965604,0,0
124121,2022.0,721.034,0.0029525956403005944,-0.07095217066894063,-581.9413220302607,4.21066331145614,0.7552546786004882,150.396,0.19319069603668265,-0.07,133.758,83.735,320.913,-9.319,-0.007235546183189216,2843.686,614.5,-0.0029297707019785937,583.439,-0.016678027545196313,0.053237784926959006,0.17336696501220503,-2.0077906910279992,1,1
129109,2022.0,4564.737,0.07728115614352131,8.639401120544893,40.73430496971811,10.129304292127381,0.3752121918535453,2334.947,0.7661649356879565,8.51,1709.086,-507.789,147.339,550.494,0.24866765984242298,4056.233,3737.184,0.11285748844761348,2485.2,0.1083555380548386,0.503775953645582,0.2214375850908063,-0.31523235891082313,1,1
128493,2022.0,1391.891,-0.014212184154664355,-1.4131362086626815,-15.830038083285547,0.9272546940081784,-0.19052608028985982,872.708,0.11707742457903371,-1.8,-1113.465,-44.053,92.247,-184.858,-0.058575645183522214,5938.558999999999,733.044,-0.02952441947936415,442.888,-0.06446764398326237,0.6551453189068117,0.8987823377587159,-0.5186295139656227,1,1
128641,2022.0,277.021,0.06257471698792931,1.1623173347187254,73.37927212506017,3.111151663076547,0.5199369702628933,106.935,0.07617497345441426,1.23,2.804,96.965,204.801,87.254,0.04239823553679051,2677.931,222.752,0.029838435272372243,187.757,0.037290519763344576,0.18638452893900095,0.24362968682660538,1.0971179090569796,1,1
129244,2022.0,867.827,0.04634762413331299,3.7087780439991285,21.562358019615907,9.042467612432885,0.5469565524570426,307.795,0.9155858507449813,3.77,-431.034,-29.474,204.335,238.378,0.41936357814885966,508.63599999999997,679.394,0.3212502964831705,541.239,0.07835227166364028,0.2552569197711177,0.2773545247676606,-0.8557273732018453,1,1
129356,2022.0,450.875,0.0819332039458237,1.2384615384615385,114.94099378881987,10.585293200539379,0.6966071076319315,116.89,0.6256044530613173,1.24,136.64,57.86,257.31,44.597,0.09209328066179462,350.20599999999996,385.276,0.07241583123053491,312.63,0.08659000338108644,0.23237053385791515,0.17026495291686997,0.13142668603761992,1,1
128590,2022.0,11.836,-0.308087640670229,-0.6341405955522051,-13.672046957426256,3.8408399198486025,0.2175465248765666,10.301,0.08867290374291929,-0.66,-203.072,84.134,120.204,-40.377,-0.28092647222531447,26.208000000000013,13.165,-0.2719594253268403,11.581,-0.34213184425682763,0.1367757533891719,-0.1009494872768704,0.13284413768697242,0,0
129075,2022.0,410.596,0.15907494554841853,3.261299958034017,3.5752614448346858,3.1181803268136745,0.5649215836501488,180.015,0.3671515546259873,3.26,-937.608,257.08,621.379,528.448,0.8721544913361864,504.61299999999994,413.753,0.46892833342354917,389.523,0.18985834295952705,0.06220428575462799,-0.0076301561559674064,-0.6607691747115275,0,0
129390,2022.0,71.354,-0.2720348611235686,-0.5216882551431371,-6.9773470345834845,1.7973062452972155,0.1627265047769754,70.372,0.5548850935162507,-0.55,-75.163,-0.595,3.528,-19.171,-0.2575916371063098,131.995,84.049,-0.1265654811812162,79.582,-0.12615096565698017,0.05613078334296717,-0.15104284405525356,1.1493606201683828,0,0
129105,2022.0,582.099,-0.012497945983534528,0.43793924069460455,42.42597665039269,3.3859076802146717,0.1499290390276704,491.755,1.2869136736260192,0.44,-25.221,2.81,110.318,23.555,0.07980741865098187,293.966,578.487,0.05240092099262539,490.339,0.050506826038553936,0.17976950640271316,0.006243874106073396,-1.2385062275011047,0,0
129429,2022.0,1864.182,0.21013283750201134,-0.215231393129771,-14.031410362981436,154.8604281345566,0.3341540590366445,1245.329,1.4850054071049836,-0.22,77.093,-14.698,41.176,-14.436,-11.036697247706421,986.304,1870.296,-0.011462109771377122,1208.374,-0.27799859714753333,0.547779081641942,-0.0032690012703871646,-19.332823685457065,0,0
129707,2022.0,1407.409,0.013407734441164826,0.8653495662316832,41.87902948609942,1.857164904690788,0.5811681195692904,592.4,0.2993158151018405,0.87,669.563,-171.061,1325.64,47.48,0.044345939423147865,3179.8289999999997,1414.41,0.010047662913183155,1238.974,0.005620777461097907,0.14159780592651675,-0.004949767040674186,0.33441324186672805,0,0
129580,2022.0,3646.794,0.27991801035155506,16.580307117659263,7.598773599664583,2.351227843934553,0.5041514602582653,783.404,0.5219812296008937,9.55,269.69,154.557,172.114,319.602,0.30942201568399647,2599.02,1579.926,0.10559117638604897,1083.334,-1.7092064656603847,0.4583923332970255,1.3082055741851202,1.650960240542776,1,1
129245,2022.0,1120.252,0.10596385669795132,0.5466279402953971,137.91830684552886,11.83220990273877,0.6237239438008602,335.788,0.8495921491568798,0.55,-168.295,-18.296,130.677,41.969,0.08579143823155451,866.731,892.398,0.039955863760301,478.596,-0.09642894169058,0.8646165032720708,0.2553277797574624,1.652022675160735,1,1
129325,2022.0,294.861,0.007296809348250923,-0.3774938998134061,-36.34495817490494,0.8390586541668863,0.1920664870164099,164.0,0.1438910781109223,-0.46,-251.103,-1.584,29.869,-18.41,-0.02308597110303541,1353.112,202.987,-0.013050267987713892,137.671,-0.05548083315757554,0.4744354293932637,0.4526102656820387,-1.5591309967826306,1,1
130780,2022.0,3427.129,0.06773435936308933,10.642710446247465,21.032236208110334,6.159430122306023,0.5373976263138133,1310.893,0.212003651830041,10.23,4791.826,774.076,2250.695,839.497,0.2928566445032059,9709.404,2833.736,0.06280628460109337,2388.855,0.06290687662305121,0.18623189770831627,0.2094030636587177,0.07846467584089771,1,1
129751,2022.0,13205.0,0.11994319159924255,7.061709756557842,32.25564457509353,9.244839307598038,0.6089668263581307,4326.0,0.530243481595092,6.91,-5323.0,555.0,2830.0,1871.0,0.28661151960784315,16782.0,11063.0,0.08967599693251534,8612.0,0.002620043331485867,0.28460287970274034,0.193618367531411,0.3375172365187582,1,1
129467,2022.0,7594.0,0.017586091608157807,11.3126709206928,6.915254633360194,1.4880927692040924,0.20240937703494682,7349.0,0.5600875326727859,11.18,3588.0,-47.0,1464.0,1241.0,0.21518987341772153,14900.0,9214.0,0.07543614369947116,7080.949,0.054425574641051556,0.3012380120235297,-0.17581940525287607,-0.7668744616875068,0,0
129614,2022.0,81462.0,0.1524933809419709,5.342691190706679,197.79919188258742,36.16064593063698,0.3068762424985601,37306.0,0.8662825320693374,5.6,385.0,-1757.0,18052.0,5519.0,0.1828149325913412,34054.0,53823.0,0.08882844312822906,31536.0,0.013826033596686355,0.7067161339421614,0.5135165263920629,0.7167179292092036,1,1
129601,2022.0,1041.642,-0.0037421908030140123,0.0624317617866005,395.7921303656598,1.1258664920818784,0.24641377850119758,683.355,0.10086595509838558,0.04,-1.761,47.336,196.876,9.435,0.0028445903940579266,8492.354,906.804,0.0010494773802864434,812.605,0.0001705347966432429,0.11592225004768608,0.14869585930366438,-4.565766040610253,1,1
129597,2022.0,362.58,0.07564468832198548,1.484001174225745,25.013457296869586,1.8253300084085469,0.45930252674423355,171.898,0.6883017348323948,1.49,85.288,-14.103,84.335,20.221,0.07297391906863612,362.67800000000005,317.919,0.04377891657952452,269.812,0.026840878157292972,0.17829822246601326,0.14047917865871495,0.7278794047946961,1,1
130199,2022.0,499.961,-0.1476757783046272,0.5377750979801025,15.229414732593339,0.829655204006841,0.5500163751519559,243.195,1.0442608000061828,0.53,334.335,24.261,88.436,17.838,0.05447715612020523,398.61800000000005,540.453,0.03446650152836656,468.272,0.01689610675240907,0.1541433184132299,-0.07492233367193811,-5.28461757811675,0,0
129657,2022.0,2232.834,0.090949426466214,3.3466563088100134,14.306817187637927,6.867878494918979,0.29363477920260783,1500.372,0.8491608632035117,3.24,1787.894,-8.523,40.598,305.871,0.4800423745438851,2270.94,2124.074,0.12228090094267963,2123.516,0.12150409221178259,0.00026277174271349625,0.051203489143975094,-0.2562254140665235,0,0
12177,2022.0,21.644,-0.28102631313640486,-0.7043386983904828,-1.2110650769995033,1.8254391613627856,-0.1305340027384755,17.339,0.6098695721329728,-0.74,-35.581,-1.318,0.149,-8.052,-1.5073006364657433,22.142,15.337,-0.32018450771433116,15.683,-0.083126263128251,-0.022062105464515723,0.4112277498858968,-0.12229884218153136,1,1
131837,2022.0,657.448,0.028832068873860382,1.0819321704009135,44.32810236359666,2.5620702707575806,0.3788450594010102,349.263,0.09639225069939582,1.15,-804.115,2.857,23.196,192.334,0.05779787841452055,5733.5779999999995,562.28,0.032972019538339614,483.857,0.04307740238662793,0.16207887867696436,0.1692537525787864,-0.1255595114416734,1,1
136512,2022.0,618.409,0.21118663866266457,2.238849520633597,22.323965741947497,7.7155041054284315,0.577711615541645,249.064,0.51521546949743,2.24,457.928,64.812,285.917,161.13,0.3456152994774909,830.3550000000002,589.796,0.1407548857573142,510.588,0.09736905160365811,0.15513094706495262,0.04851338428880484,0.50038584825245,0,0
130583,2022.0,20929.8,0.05839979550102249,0.3119783017338457,167.4475426966292,5.926168128044538,0.12991303732197432,14747.8,1.1145171683696953,-0.07,-2053.2,-84.3,158.5,71.2,0.035391191967392384,13647.400000000001,16949.8,0.0046816848805249795,8260.3,-0.09787914863596565,1.0519593719356441,0.23481103021864566,11.474097892396776,1,1
131018,2022.0,422.873,0.014777696969859243,0.4781416250867396,78.49138838977194,1.833419518242661,0.345796380186733,246.08,0.12463919770093841,0.47,-214.913,0.475,139.524,28.94,0.023358225097742956,2813.8720000000003,376.152,0.00958936382490365,345.009,0.0099538247313305,0.09026721042059764,0.12420776707288544,0.541050818353711,1,1
132182,2022.0,5068.447,-0.06033354767357368,-4.3582864520889055,-5.013438249229213,1.1206983328090596,0.12280892355549365,2834.007,0.378309782465508,-4.5,1057.837,-432.217,1535.22,-472.569,-0.22353887234601133,6965.452999999999,3230.775,-0.05533578648774448,1810.022,-0.05104285420877325,0.7849368681706632,0.5688022223769839,0.09031698116256244,1,1
130288,2022.0,1608.488,0.01921525599671702,1.0376206858284318,98.08979465240643,1.483246602758225,0.341265956113204,940.607,0.14902385736801865,1.03,-30.913,-26.36,1216.637,56.1,0.015121314179668707,8292.229,1427.901,0.005854914590259301,699.489,-0.0028613840285013716,1.0413487560204664,0.1264702524894933,2.2819020159038765,1,1
131096,2022.0,666.823,0.009462883654532477,0.9384360888809405,64.1173125297761,3.685124998630902,0.7697665700889882,124.679,0.2609353685854888,0.95,-211.728,485.621,656.409,41.98,0.0574747264542557,1408.4009999999998,541.533,0.020227884123809298,429.647,0.1141792982888366,0.26041378154624617,0.2313617083354107,-0.532186184347667,1,1
130440,2022.0,9258.911,0.041490679095760236,3.5203342786459904,24.952175858079446,11.133268863460382,0.23792280928297294,6373.785,1.388033507175664,3.46,2023.656,-295.045,695.91,466.74,0.44618428977028307,4790.141,8363.7,0.07745982748534373,7858.938,0.1107276691527258,0.0642277620716693,0.10703528342719122,-0.4643587464274854,0,0
131129,2022.0,1.771,1.005643649841009,-0.25653413243677825,-2.183725006410439,-2.135418159529713,-12.440028388928319,37.874,0.036177833694940494,-0.29,-473.584,-14.611,51.63,-35.099,0.977878695010169,24.142000000000003,2.818,-0.4506053175509994,5.416,-0.6090806244814843,-0.47968980797636634,-0.37154009936124915,-3.231761611928138,0,0
131719,2022.0,835.584,0.26063293232836726,7.3171987641606595,11.30077269528501,2.5809966452170965,0.442227567262069,297.059,0.4725408985163142,7.31,,81.957,112.516,78.155,0.22839116534871626,964.1430000000001,532.581,0.06934425734966612,349.953,-0.09505557276740763,0.5218643646432523,0.5689331763619053,2.7585366444136006,1,1
131907,2022.0,2214.508,-0.003416734441548764,3.8305420793599274,11.5466686133861,0.7193653914368087,0.9242289240402388,151.795,0.0742837202296794,3.58,3608.077,-649.475,1108.292,436.632,0.06230068736906899,25860.43,2003.337,0.016190311131539716,1946.62,0.020474337378185953,0.029136143674677185,0.10540962404228536,-1.211035749331139,0,0
131300,2022.0,10676.0,0.053329649074329924,13.6,13.730882352941178,2.6601139601139603,0.17440151196976061,7863.0,0.8962077726545591,13.5,2968.0,115.0,627.0,544.0,0.19373219373219372,9397.0,9524.0,0.051190364166745085,9361.0,0.08532548731151159,0.01741266958658263,0.12095758084838303,0.041790773369308976,1,1
132067,2022.0,1198.678,0.008421676400725157,-1.8328078172765658,-7.6003604244219565,1.1421634700614962,-0.01006763056438509,794.098,0.1526872527663753,-2.01,-1063.852,-220.921,713.869,-305.168,-0.15027754031130214,4279.971,786.183,-0.059267706821705915,468.87,-0.07200082176582807,0.6767611491458186,0.5246806405124508,-1.1420955331722205,1,1
136534,2022.0,1731.237,0.1252006310122122,3.393522867083835,19.112881374433265,-144.5542676023116,0.5100809320822222,736.706,0.5760720158019182,3.28,-115.287,9.261,444.486,256.513,-7.563185517160043,2031.5189999999998,1503.73,0.09826894521582827,431.779,-0.12169814188043913,2.4826381088473504,0.15129511281945565,0.2740610040866301,1,1
132448,2022.0,1972.5,0.060860630968209845,0.522312617339816,12.616964976958526,1.0993300140534028,0.23221153846153839,1117.9,0.9013247492881019,0.52,-40.1,15.4,63.8,43.4,0.08713109817305761,1425.6000000000001,1456.0,0.026866410796087654,1333.0,0.00229329366555101,0.09227306826706677,0.354739010989011,1.2653056052084375,1,1
132500,2022.0,2613.399,0.01838605548547137,-0.12993559966216217,-256.28080438756854,3.6026007178529507,0.24370516629748587,1320.307,1.625782388630977,-0.13,35.589,-78.126,115.155,-4.923,-0.01405723977830508,840.3560000000001,1745.757,-0.004584673983395341,1111.631,-0.08508762476586355,0.5704464880882234,0.49700044164222157,-5.0103299715664695,1,1
132318,2022.0,177453.0,0.16146111407723795,16.818652849740932,3.804704251386322,1.4138063802182705,0.07712759307568572,110729.0,1.4053974910100384,2.03,12838.0,4738.0,10839.0,9738.0,0.3715942913836526,60834.0,119983.0,0.11406416548557506,69779.0,-0.11538551868291881,0.71947147422577,0.47898452280739773,0.41552882441117645,1,1
133086,2022.0,599.085,-0.2995888374602991,3.993807424359708,5.798977651936495,3.2789180071662725,0.8052275443900785,188.366,0.8352395453418787,4.04,-1161.681,-351.602,499.483,118.668,0.5654303575512694,366.7240000000001,967.108,0.10248721587106101,1416.868,-0.20398836137546605,-0.31743253429394974,-0.3805397122141477,-3.9231825151461943,0,0
132286,2022.0,3096.545,0.0013479270607096123,5.913630356805739,5.823833740362974,1.7147808922226608,0.5346766059875072,1432.083,0.5353343030183272,5.92,1922.229,3.695,892.221,250.596,0.2944419378489651,4683.518,3077.608,0.043589903262267554,2814.956,0.04574219198229318,0.09330589891991208,0.006153155307628488,-0.9690770807037692,0,0
134480,2022.0,2330.853,0.12883460645596378,1.086299610139364,168.40657797578532,56.94186541072325,0.4201167975954543,801.427,0.6646843871076963,1.09,-407.757,-560.063,1016.651,145.449,0.3381213851332503,948.8379999999999,1382.049,0.06995242529058472,774.425,0.11165300949419299,0.7846131000419667,0.6865197977785159,0.8417460998783174,1,1
132796,2022.0,1691.692,0.44826757522090366,9.852260198456449,31.68714525514772,7238.898395702112,0.48700222433662405,973.718,2.130332160474082,9.79,2.636,106.801,250.738,616.584,228.4490552056317,528.1759999999999,1898.094,0.6920251182679842,1284.5,0.5156912120262905,0.47769093032308296,-0.10874171669053273,-0.3522379991887611,0,0
138077,2022.0,4965.5,-0.1145949683527472,11.609498680738787,4.518713636363636,1.962524923502122,0.18059036768513728,3955.7,1.0244684011714273,7.22,594.6,-15.7,573.0,440.0,0.4343105320304017,3622.3999999999996,4827.5,0.09337464453970545,3035.5,0.0027766062139744133,0.5903475539449844,0.028586224754013463,-2.2272600224359436,0,0
134264,2022.0,488.398,-0.1289779697021073,1.2150294910070631,42.26234867553639,1.7023428079657885,0.5391929489569717,224.919,0.5256380158133585,1.21,359.917,-61.674,77.509,33.372,0.04028036446898163,825.709,488.098,0.03593866777516687,434.395,0.06835088228496487,0.1236271135717493,0.0006146306684313629,-4.58883558258187,0,0
134194,2022.0,4824.698,0.10461466779375483,8.472479726996077,78.89661840914188,15.279021473457016,0.3390498075645851,2483.946,1.0666766575074498,8.52,1775.325,125.814,1447.12,481.652,0.19365876233405985,2051.2599999999998,3758.144,0.13670762627557068,2659.478,0.1202205390595488,0.413113400449261,0.28379806627952536,-0.23475616800721802,1,1
133794,2022.0,3791.398,0.15656975645053017,2.1155806226573493,23.147309762409108,0.8896974413308019,0.7774275908163857,207.129,0.1380521353329675,4.82,450.978,229.711,254.454,178.921,0.03843632156232935,6000.723000000001,930.614,0.02654207448621005,218.09,0.08752701190045419,3.267109908753267,3.074082272564135,4.89892687294944,1,1
134343,2022.0,675.17,0.27990217690736263,0.551500275946205,117.62460116398495,9.468344540166534,0.627580241217953,226.029,0.5351343963955226,0.55,-797.604,27.096,344.902,37.973,0.08049629453762273,760.531,606.92,0.03348160949437682,530.037,-0.040192668008806484,0.14505213786962026,0.1124530415870296,7.359878187886151,1,1
134962,2022.0,422.215,0.04392551513223992,1.5444774286006755,19.50174178154825,2.239337884426585,0.24584896094756942,298.996,0.8004195233826747,1.52,126.94,19.804,106.621,30.176,0.114827583582578,384.576,396.467,0.06092174011354184,320.952,-0.006672405935078746,0.23528440389840222,0.06494361447484909,-0.27898456199093297,0,0
134596,2022.0,387.351,-0.04175330019989045,0.4037617302348061,27.268557605985034,1.7651289783109814,0.280132782127033,257.192,0.9732071596483916,-0.31,2.043,-12.985,40.634,10.025,0.06473129249504427,314.137,357.277,0.027307668211150247,554.803,-0.017953627561130423,-0.35602907698768754,0.0841755836507808,-2.5289954410256743,0,0
134260,2022.0,211.008,-0.039571929608933645,0.13083636363636364,78.11284046692607,4.379544982339497,0.6856456632858503,66.358,0.9751695400705878,0.13,-201.703,8.267,45.739,5.397,0.0560669021400374,159.69,211.093,0.02493209157935584,197.353,-0.031118343923812786,0.06962143975515944,-0.00040266612346207377,-2.587188522991782,0,0
133773,2022.0,1920.796,0.231652821562121,8.492415812591508,7.0804352173673175,1.9983645723850678,0.6592486057062927,475.033,0.5463053094570786,10.18,-2275.019,8.041,56.798,145.008,0.2822375335746818,2423.6400000000003,1394.075,0.05682523559618532,677.192,-0.6059662694699192,1.058611147207882,0.3778283090938436,3.0765835659407608,1,1
132757,2022.0,4723.0,0.11218938391413029,5.718770360717882,18.692829621957536,4.71102244844688,0.3758049137289221,4778.9,0.9647060305939871,5.62,2783.3,51.1,472.8,772.4,0.2520229705037849,6698.5,7656.1,0.09732617625563872,6090.3,0.07516273254786851,0.2570973515261974,-0.3831062812659187,0.1527154176842579,0,0
134655,2022.0,4438.7,0.05723496706069243,8.370759325544224,6.558544794433052,3.6957194923280925,0.5006889012878469,4385.0,0.4132675149644242,8.37,2557.8,1485.5,2622.9,2974.7,0.5634968744080318,18341.1,8782.1,0.13998324737416706,2934.6,0.022256596440989977,1.992605465821577,-0.4945741906833218,-0.5911298806513133,0,0
138860,2022.0,1117.564,0.05486117153928613,7.50629686035614,5.456751945999726,1.2794800613328552,0.43920684201277016,574.398,0.3709093990439195,7.05,1097.221,-143.317,241.945,256.295,0.23447649334157938,2482.361,1024.26,0.09281063834178954,684.193,0.17923650724001755,0.4970337317102046,0.09109405814929812,-0.40889134565316343,0,0
121538,2022.0,25.781,-0.04517906336088154,-0.6225537785498951,-1.7508527577150366,0.28718887991383957,0.7187862490772962,10.667,0.30157177952154934,-0.63,-28.779,-0.844,4.483,-12.184,-0.16402800215401184,115.065,37.932,-0.09686677638117043,29.448,-0.10512457945292311,0.2881010594947026,-0.32033639143730896,-0.5335958824199736,0,0
134113,2022.0,812.614,-0.07959382362762843,-0.7994206312955262,-144.10436194686272,6.203628727925671,0.5424605155347944,340.074,0.32011912939924936,-0.79,-72.318,17.941,1119.427,-66.507,-0.04304955550348438,1174.588,743.267,-0.02864403093229738,742.307,-0.011500931136493954,0.0012932654548590224,0.0933002541482401,1.7787228625662097,0,0
135144,2022.0,350.456,0.00744512596201726,3.1244701091491702,14.063184624917207,1.5669432904895333,0.9854559003497907,4.528,0.04315615820380645,3.04,282.913,234.655,845.695,93.606,0.1114216539341464,140.1430000000006,311.329,0.012975583208841793,358.26,0.013302051817205835,-0.13099704125495445,0.12567733812140858,-0.42622032149244604,1,1
133087,2022.0,4654.0,0.04056437389770723,1.1588581699500982,145.8159457142857,2.4008673857526883,0.38637532133676095,2387.0,0.4046603557682305,1.15,259.0,-189.0,803.0,49.0,0.01646505376344086,8545.0,3890.0,0.005097264121502133,2886.0,-0.03090582153292875,0.34788634788634787,0.19640102827763495,6.958067883237951,1,1
134154,2022.0,2.596,-0.776559705418201,-0.3842708029748605,-5.334779494382022,4.338061193024132,-29.81149537262543,63.256,0.018893449411937935,-0.41,-663.677,-46.53,100.256,-71.2,-0.8131659795109584,6.103999999999999,2.053,-0.6552428631904438,88.516,-0.4387848317773358,-0.9768064530706313,0.2644909887968827,0.18514790323247965,1,1
134556,2022.0,408.256,0.12595815251219863,-0.8434146854618135,-3.6873913314624263,-1.8237633596027207,0.5049164822614034,166.455,0.7387738958470665,-0.84,-490.289,8.435,18.799,-32.07,0.49459446954858816,382.10800000000006,336.216,-0.07046802900461437,202.144,-1.2060276692682952,0.663249960424252,0.21426701882123386,-2.7874510510851764,1,1
136112,2022.0,46830.3,0.21232406580510885,1.9198803191489362,6.755629437229437,0.8101704911224172,0.04050870717048148,26149.4,2.3410758156235505,1.92,-778.8,-268.0,1341.5,231.0,0.11992524140795348,9388.199999999999,27253.4,0.019842974212723557,15115.9,-0.13261204975332866,0.8029624435197377,0.7183287222878614,9.700213764777464,1,1
134299,2022.0,1193.506,0.03577735298576072,0.5496806196394673,65.92919361750398,3.4811851173537707,0.9243128046138981,78.097,0.9822098982606841,0.53,-771.254,-115.899,489.783,39.671,0.05280187616961127,544.618,1031.839,0.037762915410155654,872.933,-0.01681808775640787,0.18203688026457923,0.1566785128300056,-0.052579691023033434,1,1
133291,2022.0,75.743,-0.29417161341619635,-0.6378701841555267,-3.9192927684960512,2.333557250784478,-2.527932433021762,242.69,0.17349427368771483,-0.79,-547.463,72.968,305.744,-64.703,-0.5954026373181438,43.32999999999993,68.791,-0.1631841373205247,45.599,-0.14148780235620406,0.5086076449044935,0.10105973165094269,0.8026973592315981,0,0
133678,2022.0,1492.0,0.007785130400934216,-1.0677286237843766,-25.530831891891893,4.789053384030418,0.9079822616407982,83.0,0.39405854084753167,-1.08,185.0,305.0,723.0,-148.0,-0.18757921419518378,1539.0,902.0,-0.06465705548274356,604.0,-0.1467750126968004,0.49337748344370863,0.6541019955654102,-1.1204065100522866,1,1
96722,2022.0,0.073,-3.0483843964506945,-1.6987273617229564,-2.501872928972771,1.7356821589205398,-226.52542372881356,13.424,0.002759717479769867,-3.23,-131.574,9.968,19.769,-13.882,-0.6937531234382808,1.336000000000002,0.059,-0.6493287805790728,0.102,-0.7140761197894191,-0.4215686274509804,0.23728813559322032,3.69467007720209,1,1
136218,2022.0,4348.533,0.12204816162917326,4.279914997628689,6.516484559962666,1.24936465245232,0.25615414459468117,2962.169,0.918364899591188,4.16,2355.448,60.233,681.528,469.267,0.19172371866395982,3569.8409999999994,3982.235,0.1082202183789902,3260.447,0.07016618680351469,0.22137700750847966,0.0919830195857352,0.1277759688282759,0,0
64308,2022.0,2203.6,0.059700535445189,3.7049168612130163,11.320092075229063,1.51517476655622,0.3529092880375858,1790.5,0.41129691564474175,3.6,677.5,10.5,1820.9,622.1,0.13384827230087354,4811.799999999999,2767.0,0.09247120029728725,2298.6,0.024152567704908232,0.20377621160706522,-0.20361402240693896,-0.35438779584068636,0,0
108911,2022.0,30828.246,0.06860738613205258,5.517291724245665,19.667258035886384,4.235407754022453,0.0770162988327414,25609.139,1.2569844978304519,5.48,7725.972,500.534,2539.781,1836.574,0.2153532407158234,16617.379000000004,27746.036,0.08320269775179648,23826.195,0.041686514708597855,0.16451812805191934,0.11108649898673811,-0.1754187305714947,0,0
108867,2022.0,1037.418,-0.31896263181477114,-7.096104241899785,-23.897619626089323,34.64869026509556,0.8775961254881337,103.344,0.23173663246328058,-7.2,-5471.452,323.107,2435.564,-852.824,-1.449880398433874,1134.3140000000003,844.287,-0.2340798352264867,492.853,-0.2519124254012476,0.7130604865953946,0.22875041307043678,0.36262327554253054,1,1
108774,2022.0,1201.942,0.018164490527106027,-1.2379223087175724,-42.39361358174952,3.4165155990830054,0.8104914186980021,215.848,0.5287596764272369,-1.24,37.916,-610.778,246.091,-64.086,-0.08059033685568663,1891.792,1138.988,-0.02975105323630793,1050.582,-0.013795718065769999,0.08414954758410094,0.055271872925790215,-1.6105494949314347,0,0
108858,2022.0,338.752,-0.09845729831010615,-0.6777207628092211,-28.96473160809131,1.8114173276574894,0.5456092138676044,143.687,0.5720821852877698,-0.68,-157.056,-19.336,28.825,-26.547,-0.06253872302933645,495.87899999999996,316.219,-0.048027050154590405,291.01,-0.056191422739465445,0.08662588914470294,0.07125757781790473,1.0500384261200695,0,0
108747,2022.0,258.454,0.005922693830738311,2.3420790435071406,7.65559132161089,3.0868955067422688,0.23384529144451546,243.284,0.5584261877629118,2.21,102.116,21.921,134.624,42.312,0.4032210415971792,423.9319999999999,317.539,0.07441016333938294,311.678,0.05348933678616727,0.018804663787626942,-0.18607163214597255,-0.9204047731527607,0,0
108831,2022.0,2374.3,0.02060278443571829,2.6614699331848555,21.552,3.033883849687831,0.22416254282451462,1630.5,1.037622198084329,2.75,337.2,266.2,466.5,119.5,0.1407704087642832,1226.0,2101.6,0.059000691221487114,1398.6,0.07038548752834467,0.5026455026455027,0.12975827940616685,-0.6508043548443194,1,1
109046,2022.0,547.48,0.07890185339264538,2.038562215477997,8.089034455165482,3.92469273188162,0.6539419003225513,171.124,0.22831272649705636,2.03,,-7.609,14.381,214.946,0.48518679870072706,2111.206,494.495,0.0992424742608849,497.848,0.07865185127089615,-0.006734987385708105,0.1071497183995794,-0.204958824532819,0,0
109429,2022.0,802.252,-0.0017210611521521026,-0.3690614295501256,-59.014565750068066,1.2158780861116656,0.1806263207010845,305.551,0.048812663008086184,-0.73,-978.815,53.777,100.363,-80.806,-0.020603016741002848,7354.23,372.908,-0.010577289967046596,264.96,-0.006219190129033914,0.40741243961352674,1.1513402769583916,-0.8372871352195085,1,1
133634,2022.0,423.4,0.06607713092606239,1.086087904104613,17.779408026755853,8.979802364864865,0.29831595829991986,262.5,1.0143709327548807,1.08,-27.5,4.9,6.4,29.9,0.5050675675675675,330.70000000000005,374.1,0.08107375271149674,324.8,0.05773672055427252,0.1517857142857143,0.13178294573643398,-0.18497505399559153,1,1
130158,2022.0,50451.0,0.10675099683761859,17.02393668673529,5.417665825311943,2.5630886557598247,0.21685833712342711,36160.0,1.2566817266343693,16.79,6760.0,-288.0,1486.0,5610.0,0.47309833024118736,30965.0,46173.0,0.1526862990582984,27753.0,0.04010959523204248,0.6637120311317696,0.09265154960691313,-0.300847571157258,0,0
137246,2022.0,3271.9,0.11475245540188415,5.4751972431304985,24.189082898550723,15.391024950599393,0.44782729999302506,1583.3,0.9398230088495576,5.37,758.2,-82.5,397.9,483.0,0.636279805032275,2394.0,2867.4,0.1583087512291052,2719.9,0.10239786277448361,0.05422993492407809,0.14106856385575783,-0.2751351109085951,1,1
146084,2022.0,2242.8,0.07357959647967431,1.4409937888198758,36.57198275862069,1.3031331592689297,0.24784344654212054,1525.9,0.6363351212320818,1.44,260.2,-22.9,72.9,69.6,0.03563200737213945,2930.5,2028.7,0.021831184718170697,1935.6,0.04027657082404504,0.04809878073982235,0.10553556464731115,2.370389533575427,0,0
