companyid,fyear,revt,roa,eps,pe_ratio,pb_ratio,gross_margin,cogs,asset_turnover,epspx,re,chech,che,ni,roe,invested_capital_2,revt-1,roa-1,revt-2,roa-2,revenue_growth,growth_revt,growth_roa,label_revt,label_roa
2,2020.0,1651.4,0.02325128271741248,0.12536684047069552,160.88783863636363,0.7842970197208066,0.17259369166706556,1728.7,1.004954304954305,0.71,661.4,383.6,424.7,4.4,0.004874806115665854,1462.7,2089.3,0.0021164021164021165,2051.8,0.004943316635908252,0.01827663514962472,-0.20959172928732114,9.986231083977396,0,0
288,2020.0,17337.0,-0.14328796284350406,3.937384838499497,7.284022562277579,-104.07510203389829,0.3002316028666317,32027.0,0.7628635719643304,3.8,-4067.0,4.0,3984.0,1686.0,-14.288135593220339,53949.0,45768.0,0.028102341861821818,44541.0,0.02330802244965335,0.02754765272445612,-0.6211982170949135,-6.098790824908675,0,0
153,2020.0,316.011,0.019581983907048177,0.5039417138628796,15.200170554018186,1.3944337545397558,0.33992260193231916,225.66,0.8366080408773557,0.51,-60.849,-7.48,36.958,17.707,0.09173803343746924,322.91700000000003,341.869,0.04333185688031187,337.339,-0.01813888563408409,0.013428628175218489,-0.07563715926275855,-0.5480926663000821,0,0
42430,2020.0,3586.982,0.0274998712564536,4.787790387420399,18.783194902660128,1.8619084646988722,0.3638181970604477,2208.32,0.18784363886688674,4.79,2780.514,4.517,10.283,538.32,0.0991262921109967,18122.516,3471.209,0.02913105712586666,3691.247,0.028931224858049064,-0.05961074942966429,0.033352356484441056,-0.05599473655779771,1,1
44,2020.0,34608.0,0.061958978882946464,2.0919113329168804,41.52183633848657,4.924440638831703,0.6254701604814443,11949.0,0.4699574292574425,2.07,17382.0,16.0,4140.0,3687.0,0.11859881626351004,60495.0,31904.0,0.054310840072473374,30578.0,0.03525225909219478,0.043364510432336974,0.08475426278836509,0.1408215892125269,1,1
72,2020.0,1022.422,0.003359364185463913,1.937440982058546,19.649630802973068,1.0634625200308623,0.019124393304723278,1776.608,5.474658598364174,1.94,138.44,5.189,122.255,8.207,0.054121246892331235,60.730999999999995,1811.247,0.024806403056443865,1750.213,0.010560476207551905,0.03487232696820336,-0.4355148690377403,-0.864576731345528,0,0
105,2020.0,9763.0,0.2778397679089489,0.2914529914529915,157.34956011730205,18.979908029713478,0.44718466795424155,3721.0,1.1166224286662243,0.31,-7095.0,387.0,1507.0,341.0,0.12062256809338522,3320.0,6731.0,0.05656934306569343,6475.0,0.07396839332748024,0.03953667953667954,0.45045312732134896,3.9114900907775474,1,1
42976,2020.0,3566.0,-0.09426171151929374,6.252032520325203,10.836475942782835,1.9240937427845763,0.273545154310443,6379.0,0.6758254444700993,6.24,4668.0,118.0,1521.0,769.0,0.17755714615562226,11326.0,8781.0,0.05918571538520742,8264.0,0.04004765395894428,0.06256050338818973,-0.5938959116273773,-2.5926429359820333,0,0
185,2020.0,2383.3,0.06657243328966421,1.9277389277389279,21.164691656590083,2.17242149683505,0.1917752258181653,1780.6,0.7742672383496169,1.93,467.3,3.9,28.4,82.7,0.10264366389474991,2581.3,2203.1,0.02906445490967878,2222.8,0.044848584595128374,-0.008862695699118352,0.08179383595842235,1.2905102984572012,1,1
186,2020.0,209.979,0.02986814686305762,11.763266105345604,28.08318684977112,6.654822988777785,0.4650364479787939,121.089,0.17886055514333735,11.74,216.345,24.482,313.977,60.075,0.23696822673214604,919.7779999999999,226.35,0.0474709425678639,232.825,0.022173059772882087,-0.027810587351014687,-0.07232604373757447,-0.37081201157195326,0,0
192,2020.0,92.507,0.05581489702479377,5.059917079042396,6.7234303385932925,1.309128217268905,0.47607790529320826,64.05,0.2928953395881051,5.06,198.049,-8.422,18.63,37.833,0.1947113528869858,394.59499999999997,122.251,0.09064228008471734,81.281,0.03082031637468058,0.5040538379203011,-0.24330271327023908,-0.3842288943677577,0,0
50556,2020.0,8943.519,0.00351761208642027,59.71465367211974,13.389845721793284,1.3086671021361704,0.14714688563212056,7697.61,0.33513473612637407,59.44,6606.513,140.335,2692.774,857.801,0.09773578645541725,24050.430999999997,9025.716,0.03185109212210309,6873.46,0.0015600379658294908,0.313125558306879,-0.00910697832725959,-0.8895607072769972,1,1
44175,2020.0,32637.0,0.07399436410367571,8.638728730136409,20.489125834282923,6.805704552827944,0.3741316843280939,22975.0,0.6255900748138176,8.52,34496.0,-220.0,10416.0,6143.0,0.3321617821996323,42533.0,36709.0,0.1046882189539699,41802.0,0.1170962214183096,-0.12183627577627865,-0.11092647579612629,-0.29319301786755864,0,0
247,2020.0,3355.7,0.1595550942878963,5.018224573780129,15.792437910028116,3.270122261844116,0.5993248045486852,1353.0,0.6977436151748079,4.92,4304.7,118.0,1054.6,853.6,0.20706886932052496,3594.5000000000005,3376.8,0.17637821307546078,3868.0,0.19018824162852824,-0.12699069286452944,-0.006248519308220908,-0.09538093449425618,1,1
282,2020.0,4667.0,-0.1643377078794963,-1.3379023134560837,-49.936381250000004,2.3332619732020152,0.5217859892224789,3106.0,0.29818198512533284,-1.37,2836.0,-1149.0,1545.0,-408.0,-0.0467246907924874,19826.0,6495.0,-0.01873106234505555,6323.0,-0.01315728082862875,0.027202277399968368,-0.28144726712856044,7.773539100566638,0,0
82116,2020.0,4541.985,0.04169208481309148,22.54426764585883,12.887976871289997,1.3497944426543338,0.29567027606846974,2802.435,0.296090258508245,22.55,4434.054,-179.349,630.767,442.048,0.10473284179002634,12252.904,3978.868,0.03289531258464786,3768.707,0.03118617141197404,0.05576474902400215,0.14152693680715211,0.26741719525562574,1,1
129270,2020.0,2217.541,0.02590785751496868,8.891474749435776,14.683728366690229,3.255682433368775,0.25540607959838324,1528.282,0.14994333577503677,8.65,1652.079,-5.262,464.359,366.391,0.2217204208676477,12855.495,2052.504,0.02676627608908509,1899.843,0.025731859060799132,0.0803545345589082,0.08040763866964462,-0.032070900384475146,1,1
345,2020.0,38185.0,0.016382134850836352,8.344444444444445,14.918908122503327,4.370720818343375,0.22905146746065505,36250.0,0.23709037368710323,8.0,11134.0,-3362.0,30539.0,6759.0,0.292965194399896,82576.0,47020.0,0.03408111092622566,43281.0,0.036696323474830594,0.08638894665095538,-0.18789876648234793,-0.5193192238862677,0,0
346,2020.0,22715.0,0.028942490580667047,4.545998654362384,11.63660705205811,1.327647698470251,0.21346506325718628,17594.0,0.14642464390448262,4.45,40906.0,559.0,6401.0,3304.0,0.11409233744259124,139832.0,22369.0,0.021627565982404694,21768.0,0.020796832044214633,0.02760933480338111,0.015467834950154231,0.3382222763399949,1,1
372,2020.0,43358.0,-0.010135025687106659,3.848280285379638,13.338425528673836,0.6850291251725724,0.23571283715270736,37687.0,0.09391236115978242,3.74,28066.0,-71.0,26770.0,3348.0,0.05135757017947538,,49310.0,0.006376365547818933,47560.0,-1.2195518553448893e-05,0.036795626576955426,-0.12070573920097344,-2.589467481294794,0,0
10915,2020.0,3792.399,0.015864936032753022,23.07297206828579,5.100339897769532,0.5282462019693981,0.18366357152561957,3322.606,0.14232480484527948,23.08,6046.375,183.837,2114.06,620.363,0.10357078401782781,24993.527,4070.143,0.02169286015460197,3326.382,0.005907881782020324,0.2235945841457776,-0.06823937144223191,-0.26865632656616745,0,0
39382,2020.0,17.837,-0.16168419123542482,0.11328863675434073,21.537905918057664,0.5452110782468405,0.6921135646687696,6.344,0.3831136232638566,0.11,8.555,-0.013,1.779,0.659,0.025314024507356047,51.447,20.605,0.012252942379562315,19.714,0.01779068554137247,0.045196307192857964,-0.13433632613443341,-14.195539995773677,0,0
35248,2020.0,111.408,0.0456600642368069,0.20915803189179127,78.79209730050431,4.448228299643282,0.6146917707377063,44.49,0.6740847553606977,0.21,-9.013,18.526,93.975,6.742,0.05645525949992464,75.67500000000001,115.466,0.03935946010636745,108.706,0.0421734548385097,0.062186079885194846,-0.03514454471446134,0.16007852021883198,0,0
17841,2020.0,458.704,0.022405051940854896,0.4507672422364366,43.19302330710976,1.7069826183474932,0.4186306297069967,272.189,0.6986828792206513,0.47,268.42,0.413,6.581,13.601,0.039519868896663146,598.636,468.186,0.0202970311805139,454.272,0.04076066355900652,0.030629226542688053,-0.020252634636661437,0.10385857624167202,1,1
465,2020.0,4540.029,0.08423272333635498,3.759759563127775,26.52829212222961,4.466576904039728,0.39191231191203274,3136.855,0.5240008211642594,3.78,5854.473,39.055,393.03,861.297,0.168370315113385,9074.31,5158.557,0.08748964783491064,4845.872,0.08980687319562683,0.06452605434068409,-0.11990329853871913,-0.037226398541474824,0,0
35964,2020.0,25424.0,0.11539683548325602,13.26006087250592,18.18015786789084,14.738839863537681,0.9006506292269497,2321.0,0.3912774046594202,12.96,-21858.0,-908.0,8911.0,7842.0,0.81071022433578,49425.0,23362.0,0.13134138375734838,23747.0,0.12638520838352205,-0.016212574219901462,0.08826299118226179,-0.12139774850819086,1,1
484,2020.0,5603.056,0.05686261933298594,3.700797171886115,28.812711166674372,3.3539509537296697,0.7337526800326819,1595.105,0.28005261248482594,3.68,6711.454,-168.269,648.322,1363.011,0.11640525372041169,20519.049,5991.065,0.06371401268314651,6200.942,0.07312704944146341,-0.03384598662590303,-0.06476461196798901,-0.10753354029407862,0,0
94459,2020.0,8208.436,0.0018047241639457309,0.5490507752751701,46.0431004533785,0.8657584042891919,0.08127814882173501,7506.133,2.0945228098968887,0.56,635.456,32.302,54.895,18.307,0.018803216893828124,2972.765,8170.191,0.004693210854040296,3045.382,0.017342787613560683,1.6828131905948085,0.00468104111641942,-0.6154606685970484,1,1
48318,2020.0,2134.043,-0.1463889415833186,-1.93420161916136,-1.4889864487078257,0.5278311482974877,0.3660571147305482,1929.331,0.4501607683749126,-2.11,-116.563,-9.042,452.496,-702.885,-0.354490229750278,6013.003000000001,3043.383,-0.10396695114587957,3057.619,-0.08160842501550812,-0.004655910366857457,-0.2987924950622382,0.4080334180225723,0,0
525,2020.0,4212.0,-0.38129609289188765,-9.447885061811451,-2.7085426878694063,2.956513723502304,0.24203821656050956,4760.0,0.3468271939029105,-9.43,-5585.0,-467.0,247.0,-3553.0,-1.0915514592933948,17165.0,6280.0,-0.19622245540398742,7331.0,0.001853396348809193,-0.14336379757195472,-0.3292993630573248,0.9431827621709568,0,0
529,2020.0,1230.774,0.015206398587723956,2.3414136066255717,12.893920114998226,1.544791322386015,0.25590962918009363,1032.38,1.228919451085084,2.34,353.948,-14.289,15.761,61.914,0.11980773175328671,1044.174,1387.439,0.05484011830032303,1402.637,0.042777915084518545,-0.010835305214392509,-0.1129166759763854,-0.7227139718326541,0,0
12161,2020.0,274515.0,0.1772557180259843,12.435981343327251,18.0098372469958,10.997608157103704,0.4216101532051627,150482.0,0.7685722388306608,11.97,45314.0,24311.0,100580.0,55256.0,0.6106445053487756,191700.0,260174.0,0.16323009842961633,265359.0,0.16277530931710985,-0.0195395671524237,0.055120803769784836,0.0859254496033752,1,1
540,2020.0,17202.0,0.1619022055205118,2.9541484716157207,18.36739098300074,6.0509082055028,0.46200711938663747,7859.0,0.7678721614802355,2.89,24206.0,-311.0,3618.0,2706.0,0.3294375456537619,14448.0,14608.0,0.14224137931034483,17253.0,0.18640634670567716,-0.15330667130354142,0.1775739320920044,0.138221566083598,1,1
549,2020.0,64355.0,0.03564029847744323,2.4757630161579893,18.72150108774474,1.3440727821740943,0.07948218262806236,59517.0,1.4695547423687978,2.45,16553.0,-853.0,5310.0,1379.0,0.07179300291545189,29635.0,64656.0,0.03134304611678069,64341.0,0.04432689246442828,0.0048957896209260035,-0.004655407077456075,0.13710385214798398,1,1
73079,2020.0,2940.163,0.039966093463323374,1.573840825001968,17.536716268600728,0.9189594819689061,0.06587603026459762,2791.452,1.8097730932584466,1.56,533.39,11.723,318.488,39.985,0.05240202714656972,1198.345,2988.31,0.02421561924095525,3093.788,0.04369844422312181,-0.034093480225535835,-0.016111782244813938,0.6504262420731226,1,1
589,2020.0,28673.363,0.03427002756141978,-2.531468618208881,-33.47463973697492,1.4197534912786354,0.11490122003965376,25594.266,1.7631368014089075,-2.44,5869.037,-209.224,300.103,-204.087,-0.04241280869441069,9054.472,28916.847,-0.012443725292357762,29676.768,0.04027086591681664,-0.02560659570476133,-0.008420143454782618,-3.7540006514340614,1,1
142233,2020.0,2326.0,-0.0738694198051476,8.416666666666666,9.154455445544555,1.294595351442173,0.39310068190934616,1513.0,0.34381464625568886,0.39,2814.0,-62.0,256.0,505.0,0.14141697003640435,6682.0,2493.0,0.06964556612880982,3743.0,0.013814832767813864,-0.3339567192091905,-0.06698756518251103,-2.0606478475388617,0,0
627,2020.0,502.587,-0.1868203858038387,1.6780760049035421,16.655979775842514,2.228053243223087,0.26250611490587566,569.863,0.9872060875208888,1.62,412.956,15.284,31.906,52.017,0.13376896905546254,714.9680000000001,772.702,0.06645705466606024,803.256,0.06041903335743055,-0.038037686615474985,-0.34957202129669657,-3.8111445314961916,0,0
39321,2020.0,372.846,0.006260626479884008,1.1803877940241576,63.834953547865894,1.1822791123346974,0.08490218498973773,382.542,0.8352294296526287,1.18,586.985,-8.041,206.844,7.427,0.018520873700459094,274.75800000000004,418.034,0.014839101542051779,486.671,0.0671308229014856,-0.14103367572754488,-0.1080964706220068,-0.5780993571516216,0,0
43798,2020.0,3790.4,0.16596609796972445,0.9776663628076572,201.34680652680655,-310.488066139468,0.927129462785939,238.6,0.5298820254721409,0.98,-2456.1,888.7,1843.7,214.5,-1.5420560747663552,4251.900000000001,3274.3,0.034712669719871185,2569.8,-0.017085342129747102,0.2741458479259086,0.1576214763460892,3.781138970556262,1,1
689,2020.0,14589.8,0.06297634397620355,5.280515891294335,31.30944085833915,13.294002851904667,0.4583780123031774,7677.6,0.3384096047288345,5.27,17243.3,254.1,1959.7,2292.8,0.424600455563992,39802.5,14175.2,0.05473683205332354,13325.8,0.043700641974509756,0.06374101367272521,0.029248264574750164,0.15052957238835532,1,1
702,2020.0,6971.5,0.0913723105244991,3.6417287415883983,35.92249980237154,9.058198455149501,0.29401281452879036,4991.4,1.2880957586357673,3.61,2631.0,21.7,305.2,303.6,0.2521594684385382,4117.500000000001,7070.1,0.05531263664188894,7159.0,0.09027522935779816,-0.012417935465847135,-0.01394605451125166,0.6519246969923274,1,1
704,2020.0,17634.333,-0.0038347001312861364,1.694928776024145,26.70908691879753,1.1375029519574213,0.13663608522581955,16851.648,2.278996365952888,1.64,2463.43,-75.02,546.105,176.337,0.04258861246046043,6154.109,19518.592,0.02058915838719485,19036.892,-0.0162995234371296,0.02530350017219201,-0.09653662518280016,-1.1862485128907008,0,0
711,2020.0,838.917,0.03975544989071115,1.8446535107847637,19.998335613882322,1.5205728554178504,0.260705940854215,784.995,0.9888120197684739,1.84,541.515,12.682,36.687,48.234,0.0760349703483478,975.1569999999999,1061.817,0.04491768257761231,927.087,0.04704153155056634,0.14532616679987964,-0.20992317885285317,-0.1149265142515189,0,0
731,2020.0,425.544,0.10534822152952732,1.6201449225591538,40.07666172075376,5.710901295202195,0.4366134824845452,239.228,1.006475575560628,1.63,286.304,35.785,48.871,47.177,0.14249942609977406,345.99899999999997,424.625,0.11182219188277596,433.732,0.0707681102953722,-0.020996836756338077,0.0021642625846334594,-0.057895219582490026,1,1
11963,2020.0,703.644,0.07258524518309926,2.474100987516304,41.07754716270662,4.40074557564071,0.36321451596616466,409.902,0.5569914561272046,2.48,585.357,11.404,65.672,79.671,0.10713262791007266,1052.743,643.705,0.06893851422796236,643.679,0.08006582735095862,4.039280448805585e-05,0.09311563526770797,0.05289831084955032,1,1
750,2020.0,11781.0,0.03205128205128205,1.74349654227055,37.092129770318024,7.119072719565954,0.19792574516297717,9203.0,0.6609447004608295,1.71,4893.0,1078.0,1806.0,566.0,0.19192946761614108,12418.0,11474.0,0.0326036866359447,11635.0,0.027425395674761387,-0.013837559088955736,0.026756144326302946,-0.016943009875872123,1,1
853,2020.0,1124.391,0.023680735483475608,3.1157766321671714,19.885892769182195,2.4784429150715295,0.43462556283272014,843.04,0.5445345438012514,3.09,1278.681,-6.914,93.805,158.35,0.1246332233528108,2526.021,1491.118,0.05782711026956161,1495.889,0.05916261120624287,-0.003189407770228913,-0.2459409651013534,-0.5904907685497747,0,0
878,2020.0,385.863,-0.02588753170421489,-0.19058916567813364,-79.85763485477179,0.8617312363575307,0.6066199647412999,177.842,1.6393862912759367,-0.19,127.894,-13.781,37.123,-1.928,-0.010790843454413165,214.96600000000004,452.087,-0.0069914347671576615,456.855,0.028178479706214146,-0.01043657177879202,-0.14648507919935763,2.7027495165687365,0,0
903,2020.0,3245.652,0.010528339415235307,3.730678550146384,16.492978200329183,2.6474731281088566,0.2903538100617408,2464.416,1.4893611820060668,3.72,1129.262,54.069,108.219,143.993,0.1605212288497426,1986.1890000000003,3472.739,0.061754593328378425,3073.274,0.06196021334000659,0.1299802751072635,-0.06539132367851427,-0.8295132580786154,0,0
911,2020.0,17117.0,0.016181589276457083,4.559455971482137,55.48030326034064,3.2452779505669156,0.6025448235974552,6872.0,0.33400946585530766,4.01,10630.0,-646.0,620.0,1233.0,0.05849423596944826,50053.0,17290.0,0.023819182845552015,15983.0,0.005769516176907094,0.08177438528436463,-0.010005783689994217,-0.32064884923292714,1,1
20163,2020.0,465.771,0.028191140116245766,-0.7123767619978816,-28.776907240077776,1.4971437242265742,0.2582552821620918,365.244,1.0501048159908897,-0.71,132.998,18.378,72.289,-8.743,-0.05202587309804762,352.459,492.412,-0.018645090709016737,548.184,0.04669194902643374,-0.10173956189892444,-0.05410306816243301,-2.5119872869598097,0,0
36979,2020.0,128292.0,0.05624666251686515,4.658075722684792,13.181408730859072,4.1361648212395155,0.584994084994085,54726.0,0.45202535246994624,4.66,54145.0,1.0,3815.0,19265.0,0.3137877677335288,280187.0,131868.0,0.06603776818738066,130863.0,0.058634061979617035,0.0076797872584305725,-0.02711802711802712,-0.14826524183454343,0,0
1005,2020.0,2513.654,0.2934077762869453,58.76745973401056,6.296511737529674,1.9241369425185535,0.5980622574523319,929.143,0.28863774477737714,58.93,5383.431,228.487,1120.298,1758.675,0.305587763943954,6781.5470000000005,2311.659,0.21959120518915365,2289.415,0.0651594313239476,0.009716019157732497,0.08738096752159374,0.33615449687161564,1,1
1022,2020.0,1696.941,0.028138709566553004,3.2420254729411,24.225596206913853,2.0440949010699274,0.3545806674736296,1119.738,0.22953097437744238,3.29,748.121,-10.487,13.658,199.31,0.08437748584641866,7351.276,1734.9,0.02636913856889045,1754.268,0.03711472978362211,-0.011040502363378878,-0.021879647241915993,0.06710765287381226,1,1
1048,2020.0,58656.0,-0.07804201503917547,-1.129845143708841,-288.3226978616352,-21.280403370082396,0.17658987479072838,69840.0,0.6347464920486436,-1.12,34491.0,1758.0,10030.0,-636.0,0.0738075896483695,108042.0,84818.0,-0.004759588400374181,101127.0,0.08912823047231146,-0.16127245938275633,-0.30844867834657735,15.39679915032991,0,0
39391,2020.0,1081.299,0.09835653752496792,2.4767062286544523,20.88661117798534,3.2224007903391496,0.5190880932584899,558.168,1.0028834156508033,2.5,566.589,97.645,279.072,131.258,0.15428069028907795,813.426,1160.645,0.113416653129504,1173.851,0.08615510378633988,-0.011250150146824537,-0.06836371155693602,-0.13278575225932462,0,0
1129,2020.0,197.97,0.04715905797801434,0.7144116350815337,34.53191239975324,3.367801576319115,0.34863469025611143,122.968,1.5291682866770346,0.71,49.052,-4.701,3.478,6.484,0.09752722459539138,111.98500000000001,188.785,0.05252073613271125,174.257,0.06421069225767041,0.08337111278169596,0.04865322986466087,-0.10208688128720877,1,1
1138,2020.0,42518.0,-0.07608814915471679,1.5277654375832963,42.01561209653969,2.8003350905073843,0.7448842991011666,6670.0,0.2012020562703934,2.02,32954.0,5909.0,15393.0,3439.0,0.06664987015000581,112106.0,26145.0,0.026465246567752263,22561.0,0.14062767964328587,0.1588582066397766,0.6262382864792503,-3.875021359046385,1,1
1173,2020.0,3461.0,0.13845446182152715,1.7293693761514317,35.966867956469166,15.060556860759496,0.6544751709782932,1162.0,0.5832466181061394,1.73,2161.0,368.0,675.0,827.0,0.41873417721518985,4960.0,3363.0,0.14342698577870275,3324.0,0.16248297334111694,0.011732851985559567,0.029140648230746358,-0.03466937501460034,1,1
1174,2020.0,2117.07,-0.23519134463458397,1.5550412159318763,11.285874496569509,1.097557628299404,0.430832205511983,1662.859,1.2014449109206002,1.53,492.057,15.018,53.222,62.819,0.09725056118894651,2111.4669999999996,2921.562,0.02583329323804225,2834.846,-0.002959368377998529,0.030589315962842388,-0.27536365820749303,-10.104195213029978,0,0
1181,2020.0,4347.5,0.0988436853551159,-1.646369817391195,-36.431668854961835,3.668651410561918,0.3066157141466264,2848.7,1.1526203568623048,0.36,1877.9,28.5,332.7,-131.0,-0.10069951571988622,2838.2000000000003,4108.4,-0.03675232858265066,5159.2,0.061903539678465604,-0.20367498837029002,0.05819783857462769,-3.689453679998283,1,1
1183,2020.0,1176.274,0.014616300833758722,2.48284650068614,23.944291354125543,1.9863492484570402,0.24416917491125537,895.98,1.3902494517222372,2.49,547.848,54.362,125.007,50.66,0.08295711153359303,684.4569999999999,1185.424,0.059413372113478836,1207.815,0.026046397722970585,-0.018538435108025712,-0.007718757170430236,-0.7539897111740812,1,1
1232,2020.0,6320.975,0.061755417954879724,5.124195128322341,12.520990788460852,2.74863217734806,0.15493733423098496,6070.244,1.437498374026367,5.22,1435.003,44.005,71.427,392.334,0.21952193910095008,4390.550000000001,7183.188,0.07851381407186622,6909.417,0.058482375826951316,0.03962287990433921,-0.12003208046343765,-0.21344519197153,0,0
1236,2020.0,2025.3,0.2772258946046752,-0.27564102564102566,-43.026976744186044,-0.5848458985301089,0.2536503820960699,2187.7,1.1706070287539936,-0.31,-5799.8,-72.3,538.8,-17.2,0.013592539908329381,1713.2,2931.2,-0.006869009584664536,2825.0,0.030721028645833336,0.037592920353982234,-0.3090543122270742,-41.3589325633783,0,0
45686,2020.0,443.026,-0.0700663887338637,-1.8906266607953597,-17.41221610942005,1.9935526596488133,0.6930856710425359,116.803,0.2923229246118525,-1.85,1550.839,-328.847,732.626,-124.511,-0.11449161020751955,527.059,380.572,-0.09563872188796434,285.62,0.6983089949087216,0.3324417057629018,0.1641056094510369,-0.2673847229374025,1,1
16714,2020.0,160216.0,0.05440942805128304,13.700873215920286,14.925326056034484,1.680243155631038,0.16838105648052362,127819.0,0.9866794201856536,13.58,19221.0,813.0,5556.0,5104.0,0.11257664652168159,134674.0,153699.0,0.032765416565023686,48489.0,0.01720987299805516,2.169770463404071,0.04240105661064809,0.6605748913128067,1,1
1274,2020.0,10687.0,0.010776871895792335,3.684421895782442,12.162016530000002,0.9956624257060991,0.11731368659676962,9345.0,0.17466838249851516,3.68,9399.0,-68.0,3479.0,1000.0,0.08186655751125665,,10587.0,0.016498383158450473,10150.0,0.014225223964165734,0.043054187192118225,0.009445546424860679,-0.3467922406522351,1,1
12100,2020.0,10583.0,0.06948458271555298,4.306560944107795,16.802270057039927,4.723865762997974,0.5213202647231298,5714.0,0.31202132942990823,4.18,10729.0,100.0,1954.0,3331.0,0.2811444969615125,35260.0,11937.0,0.08706903311812217,12250.0,0.09009229763946745,-0.025551020408163264,-0.11342883471559018,-0.2019598676226627,0,0
42965,2020.0,16.92,-0.14840238420949775,-0.9553140096618359,-3.3706194690265483,0.7119727618666134,0.19539878861912754,15.808,0.4204995398411917,-0.96,3.172,-2.775,8.664,-6.328,-0.21122905400894587,37.524,19.647,-0.13543650878582283,24.334,-0.0990383699895268,-0.1926111613380456,-0.1387998167659183,0.09573397557211806,0,0
1290,2020.0,2614.0,-0.08558072635742539,2.750477391776598,16.477139617834396,2.5920951102204413,0.25232244531015885,2495.0,1.1108521970705725,2.64,946.0,-6.0,169.0,157.0,0.15731462925851702,2445.0,3337.0,0.05226364846870839,3242.0,-0.034833538840937116,0.02930289944478717,-0.21666167216062332,-2.6374809043165977,0,0
11055,2020.0,5720.042,0.05800299938366852,10.67540192926045,19.164618002740923,2.146557861386706,0.33664183817352245,3307.73,0.980242755673804,10.7,2367.008,5.834,72.028,265.604,0.11200629519877232,4895.897999999999,4986.341,0.05221391735502747,4467.86,0.074654343382564,0.11604683226421614,0.14714216296077623,0.11087239421777728,1,1
38268,2020.0,308.587,-0.12980256105854013,-2.3105879610745292,-4.163442449308988,2.3939967662178523,0.445140355142076,203.138,0.738409253638023,-2.36,-82.906,-149.096,107.404,-79.304,-0.5750041691137552,359.951,366.107,-0.15994998033501073,363.8,0.030479137744232356,0.0063413963716328105,-0.15711253813775763,-0.18848029373512698,0,0
1312,2020.0,794.307,0.02852796849257921,1.3005027610648645,39.64620571645858,3.208476303554531,0.28676788555706545,509.645,0.22966450123227916,1.31,417.146,-4.417,43.298,63.116,0.08092770154351935,2959.5469999999996,714.557,0.02028600190016546,698.196,0.023111642370028728,0.023433247970483916,0.1116076114291792,0.40628836736658913,1,1
1347,2020.0,8691.0,0.13158745554477852,0.7009966777408638,58.97317535545024,11.281359927470536,0.37325767854940173,5081.0,0.6165956799513234,1.57,1795.0,-47.0,31.0,211.0,0.1912964641885766,12303.0,8107.0,0.01604806814724673,8685.0,0.017964071856287425,-0.06655152561888313,0.07203651165659307,7.19958230096089,1,1
101675,2020.0,7710.0,0.10338409475465313,17.81021897810219,18.586520491803277,6.415491582967888,0.4915297741273101,3962.0,0.34837036705861313,17.58,5028.0,72.0,133.0,2440.0,0.3451690479558636,21781.0,7792.0,0.10908928331917557,7316.0,0.09179448574385998,0.06506287588846364,-0.010523613963039014,-0.0522983412388006,1,1
1402,2020.0,8614.9,0.07371388093621795,-0.06173873006571513,-2792.0885288135587,2.7157259961423694,0.5513273805956733,3743.5,0.30536320782338816,-0.06,13429.0,-12.2,81.4,-11.8,-0.0009726503898844361,26684.2,8343.5,-0.0004318674240206125,8116.0,0.11754100884319997,0.02803104977821587,0.03252831545514468,-171.68636538953137,1,1
46453,2020.0,4245.2,0.05456498022637393,8.489397231249889,19.063779864636206,3.410532435295898,0.32984869897747116,3224.5,0.8754730713245997,8.3,3597.2,-452.4,351.2,472.8,0.1789011654306039,4817.5,4811.6,0.08602620087336245,4479.5,0.11628438619218166,0.07413773858689594,-0.1177155208246738,-0.36571672731778526,0,0
1473,2020.0,2181.1,0.0004647992067426872,3.5180113756056457,13.638386826347304,1.498329452009736,0.23313166960759596,1825.3,0.7466591379634857,3.46,1253.5,-29.2,27.0,167.0,0.10986119334254325,2922.1000000000004,2380.2,0.052387226300269776,2157.7,0.06268706351845693,0.10311906196412848,-0.08364843290479788,-0.9911276232859022,0,0
37036,2020.0,7654.189,0.07015201171935427,7.168559473998805,21.121398315684146,3.391418879567674,0.26437447548758086,5967.612,2.056926508129533,7.14,1609.919,14.979,78.275,263.846,0.16056791453287936,3680.8169999999996,8112.296,0.06689990496697172,8364.91,0.05464096890798461,-0.030199249005667676,-0.056470695842459395,0.04861153022546302,0,0
1502,2020.0,41748.0,0.0382769010775752,11.076510272086214,13.332719094042343,5.568704239100631,0.35420074349442376,34744.0,0.6857609014314303,10.85,32870.0,402.0,8372.0,6093.0,0.4176720592267617,64124.0,53800.0,0.07766433405988299,54722.0,0.07829675578596085,-0.016848799385987354,-0.22401486988847583,-0.5071495617529941,0,0
1578,2020.0,20712.0,-0.020742835976697984,-4.833687748725297,-2.7329030518124884,1.0690175337787677,0.5501540109816526,10077.0,0.34600413950758396,-4.92,-9494.0,1199.0,1693.0,-5269.0,-0.39116555308092055,61325.0,22401.0,-0.08138457261128788,23443.0,-0.024666932361648828,-0.044448236147250776,-0.07539841971340565,-0.7451256999803794,0,0
1609,2020.0,4577.531,0.11379508937141632,2.270316370872761,34.466562019247974,1.378432668017854,0.031729651956589264,6932.257,2.3153371431676044,2.31,1475.351,52.941,698.34,55.902,0.03999333229836105,2305.4179999999997,7159.423,0.018078548645240743,7314.151,0.008117000821736818,-0.02115460837491598,-0.3606285031628945,5.294481465544712,0,0
1614,2020.0,1016.048,0.006616615679274664,1.3177084580211151,70.0306653101268,5.8267759475282555,0.5147202814339626,445.562,0.8577953709291962,1.32,516.9,-49.562,44.535,55.042,0.08320320707685284,986.381,918.155,0.05142353176390132,871.922,0.09446948660797669,0.053024238406646405,0.10661925274055038,-0.8713309752886431,1,1
1635,2020.0,2079.583,0.22263819846666447,13.794329799912187,31.843518777026503,9.63810222293176,0.31849960408654904,1321.126,1.528446752665146,13.77,1425.752,1.327,6.158,219.923,0.30267076608019733,1211.058,1938.555,0.17339750235942591,1782.648,0.21070004069586862,0.0874580960458824,0.07274903213991867,0.28397580955445534,1,1
1643,2020.0,129503.0,0.008603186406900505,11.812824880245627,11.800733644423707,1.8345908985776895,0.7726474842369858,32380.0,0.05299661863845777,10.75,224780.0,-15162.0,512788.0,36431.0,0.15546413925244412,612160.0,142422.0,0.013556331280403695,131412.0,0.012382689705978802,0.08378230298602868,-0.09070930052941259,-0.3653750244849202,0,0
1656,2020.0,488.198,0.036997920296488414,3.97177517678615,24.127750372200815,2.7992516075266614,0.3132980542280714,329.345,0.26895723301618774,3.73,294.34,0.896,6.985,65.153,0.1160179280846616,1722.1450000000002,479.604,0.0365371652502975,717.489,0.03340672421031003,-0.3315521213565644,0.01791894980025186,0.012610585496562592,1,1
7846,2020.0,94471.0,-0.02311605988573335,1.5535276340900495,77.57184188782489,1.5728128925963678,0.24474314517570514,105634.0,0.5890838485772529,1.55,169955.0,-3570.0,6201.0,2924.0,0.020275564616227384,217124.0,139865.0,0.012315312431558199,158902.0,0.05839370053926724,-0.11980340083825251,-0.3245558216851964,-2.8770177382181594,0,0
37383,2020.0,3078.5,0.01035653650254669,4.1306666666666665,9.526307295029051,-1.896202775636083,0.16262158550607544,2694.6,2.557339267265358,4.04,2765.6,2.5,13.4,154.9,-0.1990490876381393,1147.3999999999999,3217.9,0.12310259874433761,3135.417,0.09343001766443512,0.02630686763515034,-0.043320177755679194,-0.9158706915354777,0,0
1698,2020.0,4895.8,0.10599500977813743,2.50961632493399,28.028188731937004,6.470710488042582,0.4906716846042637,2219.5,0.6545648451347373,2.5,4170.7,-161.0,155.7,615.9,0.2308643826373791,6028.4,4357.7,0.09251359389551476,4145.9,0.09368615303499638,0.051086615692612025,0.12348257108107497,0.14572362087509683,1,1
1703,2020.0,1559.8,-0.02083489470134153,-1.320878205509609,-7.926544594594595,-1.959568930957684,0.48942539207392466,784.6,0.5790564473585048,-1.53,-2946.1,-3.8,11.6,-66.6,0.24721603563474387,2357.6000000000004,1536.7,-0.025096088627628303,1378.2,-0.025565892608600104,0.11500507908866638,0.015032211882605524,-0.16979514176546306,1,1
44006,2020.0,5354.0,-0.007274461868701926,1.0841071666592617,7.748311475409836,6.338937133277453,0.33157445097743615,1330.1,0.5679262514983732,1.07,-3161.2,-470.6,352.6,292.8,0.8181056160938811,2958.0000000000005,1989.9,0.08356641360808265,2333.4,0.31961128739800543,-0.14721007971200822,1.6905874667068697,-1.0870500665831893,1,1
1825,2020.0,5007.357,0.05352852643175224,1.2134627693620652,234.08217142857146,7.6745045424150895,0.37977714511962896,2993.536,1.5435443627383572,1.21,266.159,-3.934,9.614,11.375,0.03278551499919297,2800.9379999999996,4826.549,0.003637757977003613,4625.364,-0.006621420844618211,0.04349603620385345,0.037461134238976956,13.71470250911062,1,1
1832,2020.0,33014.0,0.08874404325513197,2.0841121495327104,26.558071748878923,12.480796586059745,0.6438308377609617,13273.0,0.43141431564811705,2.09,52311.0,-2581.0,11175.0,8920.0,0.4699436278383647,71402.0,37266.0,0.10326344913812065,31856.0,0.07731686214189579,0.1698267202410849,-0.11409864219395696,-0.14060547080475844,0,0
1840,2020.0,785.461,0.018253148021655622,-1.4126792227848415,-5.71962825649247,2.925850999394306,-0.1271858687677618,801.995,0.5160912670204463,-1.59,-2933.883,-61.051,55.645,-341.203,-0.511545657897104,1253.815,711.502,-0.2474931744129705,625.904,-0.028265693430656935,0.1367589917942687,0.10394770499591015,-1.0737521269624923,1,1
1843,2020.0,1228.999,-0.22661554389175134,2.244391627053624,68.49072066883417,2.8694712688054196,0.41176676172901644,841.55,0.6867613717370027,2.23,1250.178,-5.384,309.978,53.825,0.04189576691242403,1721.6599999999999,1430.64,0.025838038104445682,1902.573,0.10945194380984871,-0.24804987771822684,-0.14094461220153223,-9.770617295930066,0,0
1844,2020.0,636.007,-0.012657450020452224,-1.6837782340862422,-13.570670731707319,1.9580430039414416,0.4441541565737345,324.241,0.541267131231964,-1.68,8.487,-8.991,156.098,-69.7,-0.14428490990990991,872.915,583.329,-0.06467417023132382,451.768,-0.028378256828471202,0.2912136317756016,0.09030581370033035,-0.8042889460324022,1,1
1855,2020.0,16471.0,0.16928391959798994,2.7693862890223726,24.8574928939586,502.8862023931625,0.624036194481616,5900.0,1.0438339763203406,2.76,18228.0,157.0,906.0,2367.0,20.23076923076923,12891.0,15693.0,0.15744312890780895,15544.0,0.1973521914316257,0.00958569222851261,0.04957624418530555,0.07520677956746133,1,1
1878,2020.0,261.162,0.09848340685638497,3.4795234549516008,28.802794778514873,3.4737257721392045,0.42080888285451273,162.956,0.9135721893183707,3.48,255.936,12.943,47.771,32.711,0.12060377469794674,248.09199999999998,281.351,0.10621558083956774,284.188,0.1363261488487024,-0.009982828268610881,-0.07175734225220462,-0.07279698441664365,0,0
11728,2020.0,11066.0,0.06131282306782089,6.600603188280914,31.55620691906005,14.324180444444444,0.2891128666121856,7829.0,0.3745281414725387,6.42,-2779.0,134.0,928.0,1532.0,0.4539259259259259,26538.0,11013.0,0.0520999829960891,10770.0,0.0429187798047082,0.02256267409470752,0.004812494324888767,0.17683000150735848,1,1
106139,2020.0,103564.0,0.0384636450273671,2.8677580707721493,15.681239103928924,2.475037339893141,0.3144609058030879,74684.0,0.41357710675970144,2.87,51742.0,1680.0,7251.0,13057.0,0.157834296351812,245337.0,108942.0,0.04956836007197795,94507.0,0.046610034805549816,0.15274000867660598,-0.04936571753777239,-0.22402829200897012,0,0
2437,2020.0,3094.0,0.005378479274699588,8.430919941448035,8.510340567612687,1.3914819162003549,0.8580036678019387,542.0,0.05200130786627068,7.95,9303.0,1257.0,5818.0,1198.0,0.16350484509348984,10289.0,3817.0,0.016321081169450424,3595.0,0.017439069163207095,0.061752433936022255,-0.1894157715483364,-0.6704581504828888,0,0
1921,2020.0,5476.486,0.06847663538579739,1.679821920712317,9.328369755619836,1.1379574668028851,0.1668337049807154,4856.528,1.55077337778758,1.69,1461.253,-438.886,192.461,198.093,0.1219888894431235,3278.3050000000003,5829.002,0.05270153462395022,4643.723,0.04161458809051096,0.2552432606337631,-0.06047621874207634,0.2993290589052064,0,0
36690,2020.0,5402.0,-0.03900102634279849,4.086603518267929,7.889192052980134,3.6319146341463417,0.4551897078063672,4997.0,0.3966098763296722,4.01,-942.0,165.0,900.0,302.0,0.4603658536585366,21848.0,9172.0,0.013058894750497275,9124.0,0.008616637944540186,0.00526085050416484,-0.4110335804622765,-3.9865487920647618,0,0
1999,2020.0,366.091,0.04334110625067375,0.28047868362004486,18.468426666666666,1.1501639591762787,0.19865286551487935,315.867,2.483649011379532,0.31,68.131,-1.65,10.781,4.125,0.062277311431849745,129.313,394.17,0.025991455899587918,358.769,-0.02269559542704297,0.09867351972996555,-0.07123576121977829,0.6675136020895582,0,0
11598,2020.0,616.715,0.007551253325186871,1.0329167182279422,28.811616149514794,1.3483385350282762,0.38607942577891835,412.43,0.7567744457374078,1.04,420.333,2.092,45.576,25.041,0.04679843463244886,817.805,671.797,0.028208504794916364,570.589,0.03522304139940863,0.17737460764227836,-0.08199203033059092,-0.7323057928774824,0,0
2009,2020.0,11184.7,0.058516102290544075,1.7244776891465263,20.17422447327699,2.151872878709005,0.31586517585757706,7562.7,0.4956241032998565,1.72,5361.6,316.7,553.3,840.1,0.10666446591587207,20225.100000000002,11054.4,0.037665889526542325,9538.4,0.03053507279258839,0.15893650926780173,0.011787161673180009,0.5535568926178968,1,1
2054,2020.0,12246.0,0.017505366086334368,4.033033033033033,22.432248696947134,1.671651869936744,0.3467472562430412,8214.0,0.21649821794452384,4.09,11081.0,211.0,1217.0,1343.0,0.07452003107313283,55698.0,12574.0,0.023123676371838358,12337.0,0.025630563798219586,0.01921050498500446,-0.026085573405439797,-0.24296786528055564,0,0
119057,2020.0,2586.47,-0.04078897031920377,2.0902596247648715,16.409444833370078,1.887936351647152,0.7700187415788652,1065.261,0.2945049840388807,2.09,5463.224,-243.349,39.4,775.641,0.11505181136950252,14588.979,4631.947,0.049316224975134965,4709.586,0.0646045511858552,-0.016485313146420964,-0.44160198724208205,-1.827090279918412,0,0
2140,2020.0,2521.074,0.04805165479697116,1.9202836483875463,14.97174650429443,1.1413156073934962,0.2160690159516014,2157.879,0.982265165729473,1.92,2077.383,34.879,411.637,96.404,0.07623129386181673,2113.969,2752.639,0.03440127493542891,2808.062,0.0290736673873142,-0.01973709982186995,-0.08412472539987992,0.3967986618857578,0,0
2141,2020.0,9684.3,-0.03472234926512288,1.1174294960702726,48.23570541994208,0.8687847444744177,0.4546571639223397,5769.4,0.3665791169723976,1.12,6454.8,-534.5,523.4,241.7,0.01801123746218162,26768.3,10579.4,0.00837497141352331,10769.6,0.03708095038824569,-0.017660823057495237,-0.08460782274987243,-5.145966302530382,0,0
2159,2020.0,11408.0,0.016636880584890334,1.2598425196850394,23.1060625,2.0912435184312246,0.5053464313657307,5690.0,0.39805522873555266,1.11,15237.0,79.0,2434.0,960.0,0.09050626944470633,24877.0,11503.0,0.03322029206173437,11290.0,0.038756589710961645,0.01886625332152347,-0.008258715117795358,-0.4991952342269157,1,1
13727,2020.0,2522.792,-0.012764035722792265,9.28940912304046,18.699790018845036,6.908355724231449,0.17674891298721884,2528.987,1.9427665259529796,9.29,554.737,-77.772,36.884,223.401,0.3694349357543285,1412.12,3071.951,0.14128349855333683,3030.445,0.16212340942348047,0.013696338326549354,-0.17876554671607722,-1.0903434290167555,0,0
2226,2020.0,11575.0,0.03473305338932214,3.7616722477098055,19.283976705882356,5.741289036777584,0.19854264894984996,9349.0,0.7523379554982264,3.81,828.0,4.0,657.0,510.0,0.29772329246935203,12202.0,11665.0,0.03289261528539181,11151.0,0.0287642510811165,0.04609452067079186,-0.007715387912558937,0.05595292706164658,1,1
2228,2020.0,79.164,0.10469680796115836,0.6453231041605193,7.407142203932328,1.145213026675464,0.3039947681072538,51.084,1.2837528203872457,0.65,1.108,0.139,0.282,6.561,0.15460929399566406,53.919000000000004,73.396,0.11475696570059293,76.381,0.09162270213037843,-0.03908039957581073,0.07858738895852636,-0.08766489840522675,1,1
2242,2020.0,1476.235,-0.0013858406752197832,1.5938803002116877,44.187759890530046,2.283438697487337,0.3034136888354299,1042.424,0.8101447078503873,1.68,723.255,-43.987,95.621,49.694,0.05167581934780778,1570.751,1496.475,0.026902775597265005,1202.898,0.009433795980176001,0.2440580996892505,-0.01352511735912729,-1.051512925505005,1,1
2244,2020.0,1485.731,0.007811764847975825,7.078443887727585,13.813770590105028,1.6266203278737263,0.8903149390303202,163.539,0.04381721122148874,6.89,2934.904,-167.598,3788.181,443.599,0.11775353566671322,2599.6830000000014,1490.987,0.013036512780219533,1397.287,0.014087216392572922,0.06705852126299039,-0.0035251816414228194,-0.4007780316965811,1,1
36956,2020.0,299.72,0.015031763826606875,-2.3334961334961335,-3.046930268252695,0.6734594982189394,0.19011500355238398,207.465,1.1910044447750645,-0.9,86.501,29.782,74.984,-28.667,-0.2210288516399636,117.098,256.166,-0.13328281043685258,296.669,0.025832172797029027,-0.13652589249298036,0.17002256349398448,-1.112780963856766,1,1
2249,2020.0,19811.0,0.07907531824611033,15.016611295681063,11.917469026548673,3.587782070067937,0.28123541640151034,16942.0,1.1942544459644322,14.54,12388.0,-174.0,1470.0,2260.0,0.30105235113893697,15733.0,23571.0,0.1145057506206617,23771.0,0.11231770013639703,-0.008413613226199991,-0.15951805184336684,-0.3094205503435931,0,0
2260,2020.0,2391.336,0.050080893554228526,7.206724461105905,19.549796965371947,3.3889089773734025,0.40240060033095365,1486.804,0.6609427454684996,7.2,2171.837,114.967,391.033,307.583,0.17334752802681738,3151.228,2487.961,0.08171139036320808,2411.835,0.08470549566333936,0.031563519063285736,-0.0388370235707071,-0.38710021538468053,0,0
2280,2020.0,1733.825,0.023379337246820734,0.6089226240500869,36.474256535709074,9.673085372773594,0.6503631944257526,597.53,0.34217480767455744,0.6,131.897,-127.805,334.734,136.94,0.2652030854502391,4637.094,1709.002,0.027418000776449587,1589.936,0.10720206149297479,0.07488729106077228,0.014524851345990287,-0.14729970877737453,1,1
2298,2020.0,7106.0,-0.004202819956616052,1.570065928874624,11.591869911504425,1.3986986652429259,0.17064965197215778,7149.0,1.1939058171745152,1.57,-365.0,-2.0,533.0,226.0,0.1206620395088094,5432.0,8620.0,0.031301939058171746,8143.0,0.07215275430888814,0.05857791968561955,-0.17563805104408353,-1.1342670800299466,0,0
10880,2020.0,22284.0,0.04787227058468245,4.3252336448598125,35.484788245462404,3.723111855184681,0.6238142827632027,6737.9,0.28850899461354085,3.31,21098.0,19124.5,19912.3,3008.2,0.1049213490983921,40654.899999999994,17911.1,0.048455581041725725,19893.0,0.05542047770867088,-0.09962800985271208,0.24414469239745196,-0.012038044834112683,1,1
12052,2020.0,20.328,-0.1548921537980619,-0.14452696943869478,-29.385518955349614,1.620093404551788,0.6220790059347181,8.151,0.7626321558643613,-0.14,2.782,-4.407,13.936,-1.187,-0.055132373432419876,13.193999999999999,21.568,-0.04197164173826951,29.224,0.052273540995345515,-0.26197645770599504,-0.05749258160237398,2.690400169808752,0,0
2355,2020.0,93561.0,0.08523259444270996,6.50735126408422,17.017676702224932,4.7185833905180425,0.30078605079885296,54617.0,1.8259426354052222,6.39,5565.0,1021.0,2577.0,3281.0,0.2772754162089073,30282.0,78112.0,0.07669650996984502,75356.0,0.07113102446112861,0.0365730665109613,0.19778011061040557,0.11129690876704947,1,1
2383,2020.0,35540.0,0.03663554886737425,10.388324710991888,16.76304936981248,4.777902356961359,0.327194457180702,26413.0,0.5376997986604758,10.28,24245.0,-59.0,3982.0,3253.0,0.2850258477175151,66869.0,39258.0,0.044554930079029186,36577.7,0.03378216466023849,0.07327688728378227,-0.09470681135055276,-0.1777442181506727,0,0
2398,2020.0,17095.0,-0.17202344574698594,7.41632712116757,7.885304820641912,2.447535361375179,0.2757674388920799,34044.0,0.7284293063906279,7.32,4465.0,982.0,3094.0,4767.0,0.3103919781221513,58172.0,47007.0,0.07387032789933676,44438.0,0.06529386387017555,0.05781088257797381,-0.6363307592486226,-3.3287218378318646,0,0
66496,2020.0,1052.001,-0.03828891181220154,1.7208469703271072,26.178969296402148,1.7904034767486146,0.5317277667669339,580.511,0.5527664025797522,2.32,1875.612,-143.938,309.147,95.168,0.06839090784963314,1875.922,1239.687,0.042434641164027585,1231.211,0.014400665938580642,0.006884278974115635,-0.1513978931778747,-1.9023031834816024,0,0
2467,2020.0,3902.3,-0.07357685787718052,-4.443258302631065,-2.3766342806914738,-1.529596982839902,0.2934651938213078,3114.9,1.1630612567931198,-4.45,-847.6,-87.6,290.9,-341.3,0.6435979634169339,3028.2,4408.7,-0.09003851632986863,4578.6,-0.131890813794383,-0.03710741274625443,-0.11486379204754228,-0.1828290727534707,0,0
2476,2020.0,4433.185,-0.023170138220833206,4.59069306112328,13.226761012234315,0.90511855471,0.3322028858885508,4235.978,1.849194098284764,4.38,4525.435,153.568,277.077,111.081,0.0684308542259738,2439.7169999999996,6343.211,0.032382704852726776,6503.349,0.04961955417793889,-0.024623928379055148,-0.3011134266225733,-1.7155096625253703,0,0
2488,2020.0,65388.0,-0.01420994398384512,6.134295227524972,21.244494300705625,2.6422656030244043,0.39603277274687365,42018.0,0.358637825800066,6.3,35877.0,1300.0,5444.0,11054.0,0.12437413504056168,174762.0,69570.0,0.05698408116133289,59434.0,0.12777135438852716,0.17054211394151494,-0.060112117291936176,-1.2493669055330388,0,0
2505,2020.0,315.939,-0.03954171461944106,0.9627411423527928,1.1841189182109881,0.24699403095163294,0.26161427938341936,276.586,1.5124909654000056,0.96,-131.921,0.751,0.769,15.271,0.20858887325675105,230.80599999999998,374.582,0.06166139732454706,405.033,-0.08459596958596081,-0.07518152841867211,-0.15655584091066835,-1.6412717897279911,0,0
2516,2020.0,33746.839,0.10265973011864535,6.797579544011177,22.568327300437065,5.766430698992913,0.3238981676605365,18764.512,1.2159417682756393,6.68,3159.525,4.833,240.32,1712.555,0.2555098843715032,19724.082,27753.973,0.07502951577308545,25625.043,0.1203777208154051,0.08308005570956506,0.2159282204389259,0.3682579323732141,1,1
99014,2020.0,14172.0,-0.004181220999947865,1.6205250596658711,51.10689248895434,2.344146992265342,0.49770697562153027,8324.0,0.15961781108232279,1.66,5783.0,-122.0,269.0,1358.0,0.045867531327051035,102439.0,16572.0,0.013079953382198549,13581.0,0.03140642246579562,0.22023415065164567,-0.14482259232440262,-1.3196663533708302,0,0
2566,2020.0,6683.76,0.07467717153510778,4.697911324860363,24.534307276101238,5.484376263742061,0.40666669749454804,4234.262,0.8231634964831211,4.67,7995.231,1.032,397.253,677.918,0.22353907131033485,7288.931000000001,7136.397,0.07819595115137856,6992.118,0.06816669975785854,0.020634520184012847,-0.0634265442351371,-0.04499951166856226,0,0
35709,2020.0,3718.1,-0.4891821258729275,-3.331989924433249,-0.13331372845479286,0.5839317880794702,0.5572687224669604,2432.1,2.034743314319579,-3.96,-951.6,89.1,329.2,-661.4,-4.380132450331126,2034.6000000000001,5493.4,-0.24498110971183049,6578.3,-0.011118890911637026,-0.16492102822917784,-0.3231696217278916,0.9968156991710458,0,0
2599,2020.0,628.941,0.034840991846868744,2.8048906938563896,18.0149622624072,1.997212056010929,0.24630558267506872,543.48,0.9122742207079952,2.82,204.285,29.321,39.584,32.461,0.11086407103825136,668.248,721.088,0.04106757216650705,629.307,0.013939825007752918,0.14584455599572219,-0.12778884130647014,-0.151617930916219,0,0
2602,2020.0,24020.0,0.008479690617533316,5.113233287858117,17.838028281750265,1.4903461881408826,0.4104230631205391,14786.0,0.15789042924237273,5.07,3978.0,-18.0,533.0,3748.0,0.0835488185465894,154818.0,25079.0,0.02359636862715471,24521.0,0.018336634752943767,0.022756005056890013,-0.042226564057578055,-0.6406357795336828,0,0
2618,2020.0,3728.134,0.021887689505872134,1.9433544521990944,25.61035633189839,3.628621481637462,0.35920123705590834,2527.855,0.8018571270023307,1.94,3111.57,51.297,670.98,253.668,0.14168570849277548,3801.0799999999995,3944.85,0.051562288475462244,3832.666,0.0259237043184367,0.029270486914330582,-0.054936436112906675,-0.575509734865857,0,0
5623,2020.0,3199.165,0.01766156679088452,1.8115184903748736,22.31277252468758,1.4697437267155113,0.170121586426492,2771.53,1.5059683058182358,1.82,827.918,-74.282,56.116,57.215,0.06587006276738307,2041.9029999999998,3339.682,0.025800054201984012,3127.7,0.029991375459296123,0.06777568181091537,-0.042074964023520754,-0.3154445857898099,0,0
2647,2020.0,3782.745,0.09143947193044497,2.0474896526903006,47.423927086720745,3.835241294409316,0.5301152384476325,1354.994,0.44102543004855493,2.06,2612.327,25.579,191.894,227.558,0.08087144043124232,6110.8150000000005,2883.673,0.03480244286054247,2777.996,0.03981693984224307,0.03804073152013166,0.31178014982974844,1.627386597453915,1,1
4269,2020.0,363.124,0.03982758031360595,3.1254688383085854,42.44803159573244,4.3015719445194085,0.401510032698271,198.409,0.13020653727026432,3.25,-313.495,-0.15,0.224,121.662,0.10133737143542534,2505.3759999999997,331.516,0.047784082027337735,300.548,0.041518878081160386,0.10303844976509581,0.09534381447652603,-0.16650946039268463,1,1
2686,2020.0,1029.0,-0.43349358974358976,2.685185185185185,1.7317241379310346,2.0290909090909093,0.19082125603864733,1005.0,0.8777385159010601,-2.58,-496.0,23.0,245.0,116.0,1.1717171717171717,1017.0,1242.0,0.08197879858657244,1325.0,-0.010589013898080741,-0.06264150943396227,-0.17149758454106281,-6.287874392130858,0,0
11171,2020.0,1730.365,0.027986999368395275,3.522458108429386,12.945505268289024,4.373424630463661,0.32891628823254027,1129.603,0.39572139460211503,3.63,1192.122,-212.73,999.894,400.035,0.33783344410485777,3163.7509999999993,1683.252,0.09404557849309379,1702.249,0.1061136967789543,-0.011159941935639305,0.02798927314507873,-0.7024102587613889,1,1
2789,2020.0,16785.0,0.08587536054540687,3.7741407528641573,17.71529054640069,4.961916676788533,0.4571630742434139,9973.0,0.8963262916524369,3.74,22477.0,401.0,1494.0,2306.0,0.28009231142961255,17129.0,18372.0,0.11250426891740255,17408.0,0.10804315841098577,0.055376838235294115,-0.08638145003265839,-0.23669242623625125,0,0
37309,2020.0,2821.137,0.0391589131398385,4.2853216467374455,26.57676818418243,2.3636507158070215,0.39199641056319967,1764.334,0.2170803940477358,4.36,2037.432,10.779,24.55,511.406,0.08893672471485019,13166.488000000001,2901.848,0.03825707480142874,3115.546,0.05078674466839986,-0.06859086657683754,-0.027813655298278818,0.023573112766480536,0,0
2839,2020.0,4127.5,0.0541105724213987,-3.2904290429042904,-42.584112337011035,6.5859551694718075,0.5686302301848282,1521.7,0.4460235175116955,-3.3,3500.2,177.7,430.6,-398.8,-0.15465756612115103,7330.099999999999,3527.6,-0.05042356808698951,3412.1,0.041911312419616396,0.033850121625978134,0.17005896360131537,-2.073120655167609,1,1
2844,2020.0,3058.843,-0.05339485219534701,-4.787750175372593,-2.276643433917631,0.28370877070721456,0.4020594210236016,2640.795,0.23480412033944834,-4.79,2017.89,1.109,4.596,-1221.695,-0.12461712997323021,18008.193,4416.484,-0.06495189834223385,4557.868,-0.10832154516618228,-0.03101976625913695,-0.30740312882374315,-0.177932384454606,0,0
2873,2020.0,2010.931,0.13990976666020294,22.72642774153186,21.407675923959637,7.969094156328961,0.31871277613289534,1492.22,1.1618788498630335,22.73,681.133,71.357,144.397,254.286,0.3722540543230986,1561.9620000000002,2190.295,0.13489028884979937,2289.675,0.13830059259730604,-0.04340353980368397,-0.08189033897260416,0.03721155802396399,0,0
10932,2020.0,131.37,0.0030606268617239013,-0.5525608965453367,-14.025603419376466,0.9484794042302376,-0.028221457375844167,149.671,0.4531806988104096,-0.55,21.682,11.253,44.918,-5.966,-0.06762485547822539,255.765,145.563,-0.018573923655756643,113.772,0.011595039587332052,0.27942727560383906,-0.09750417345067074,-1.164780846440882,0,0
40881,2020.0,10116.481,0.1412764233730553,3.4806510947872322,22.415346403678896,6.029038554405685,0.12818549149610067,7127.455,2.214431981069828,3.45,2190.129,306.756,1230.491,590.395,0.26896923410544193,1725.6979999999999,8175.426,0.15991699630865974,8138.365,0.18651018129410274,0.004553863091665292,0.23742554822219653,-0.11656405113829063,1,1
2901,2020.0,229.161,-0.005049258881796564,2.323142018699242,19.344491054904385,3.8253862821756583,0.38704313922777006,243.681,1.4330205716221915,2.29,93.199,6.978,20.353,34.041,0.1977506811276802,222.30999999999997,397.55,0.12270520256217085,326.429,0.12675007694931328,0.21787586274503812,-0.42356684693749214,-1.041149509363617,0,0
42958,2020.0,472.618,0.05625595586886139,0.29063911531073156,70.63742943908538,1.6073211607327949,0.09428960771362677,412.744,1.5552866976782282,0.29,152.124,-5.76,38.181,5.598,0.02275452509379433,233.233,455.713,0.019105215198167973,453.217,0.11005237699296583,0.0055072956221854825,0.037095715944026116,1.9445340073560573,1,1
2916,2020.0,4642.1,0.05414081520458651,3.6972212756729963,26.998654545454546,5.089901544050862,0.480693305566402,2393.9,0.46692394177884466,4.12,3776.8,177.4,339.1,477.4,0.18852426647711565,8633.5,4609.8,0.04835556635975974,4727.8,0.05033937218651936,-0.02495875460044841,0.007006811575339533,0.11963977015148987,1,1
41481,2020.0,17997.0,0.022861125904576923,7.707566462167689,31.418477049615284,3.2000064856100523,0.5122891064361591,9366.0,0.1631730548640083,7.82,25030.0,-4145.0,1011.0,3769.0,0.10185110120254019,113049.0,19204.0,0.03202453883474522,16727.0,0.06401033731268442,0.1480839361511329,-0.0628514892730681,-0.2861372329966668,0,0
95544,2020.0,83959.0,0.06319388235862619,4.91642836389216,26.555863390357697,1.866676158513255,0.2450120635104093,52258.0,0.9412540625807416,4.92,24069.0,2562.0,4881.0,1286.0,0.07029242962558076,65387.0,69217.0,0.017487795259529218,69693.0,0.009925923202764553,-0.0068299542278277585,0.21298235982489852,2.613599165634754,1,1
2997,2020.0,842.026,0.01731236980166212,4.68442302855403,27.480438725393228,4.093888266289008,0.42407292934435037,538.516,0.13760752036205487,4.61,-791.937,45.282,153.614,353.866,0.1489746327268808,6385.875000000001,935.042,0.05207747117288732,912.98,0.03846115932793653,0.02416482288768649,-0.09947788441588729,-0.6675650831011295,0,0
72025,2020.0,18097.0,-0.22274935050265446,1.825059621850235,8.739440514184396,0.7729409518582405,0.43981682523390314,14190.0,1.196438692612885,1.82,6994.0,-517.0,722.0,564.0,0.08844284146150228,17791.0,25331.0,0.026638957113168337,25739.0,0.057726372824841096,-0.01585143167955243,-0.28557893490189884,-9.361789448301773,0,0
3043,2020.0,8391.0,0.006971858510846199,3.5434381506412604,8.675190222929936,1.1213954530952503,0.7833707865168539,1928.0,0.052547986939758755,3.38,19507.0,597.0,5228.0,2512.0,0.12926465290999845,37079.0,8900.0,0.01483152170704202,7392.0,0.015013452546399304,0.204004329004329,-0.057191011235955054,-0.5299296560017875,0,0
109025,2020.0,6630.0,0.007422534924587316,1.6526577285253738,10.383275195954488,1.0961856096096096,0.8103626943005181,1281.0,0.05350918884664132,1.51,3661.0,576.0,4114.0,1582.0,0.10557223890557224,24651.0,6755.0,0.012531685678073511,6412.0,0.013994971675895869,0.05349344978165939,-0.018504811250925242,-0.4076986037421601,1,1
3094,2020.0,742.928,0.009668109406567487,2.343613707165109,14.725122956267445,1.334099675920183,0.8641763806077671,94.742,0.05167753417815261,2.33,1390.926,9.355,358.916,150.46,0.09060024013941093,1893.4039999999998,697.537,0.011146938144420786,670.448,0.011258378830779606,0.040404326659189166,0.06507325059459206,-0.13266681116316012,1,1
3118,2020.0,6281.156,0.009489070929709836,14.775052080142146,11.488961194806624,1.5320699354771103,0.8666917245138932,925.329,0.057905333736505284,13.76,12614.236,-169.134,8626.459,1929.149,0.13335147621263224,16476.228999999992,6941.272,0.016093306338153212,6454.711,0.01597103644281134,0.07538075678368863,-0.09510014879117257,-0.4103715712405463,0,0
3089,2020.0,25241.0,0.008952798765131205,4.506715423148248,13.155922758171824,1.9830397425276332,0.7823970722781336,5946.0,0.055154553858699384,4.16,61813.0,952.0,23441.0,6914.0,0.1507336109354902,110069.0,27325.0,0.013955666436561666,25775.0,0.01518270164793078,0.06013579049466537,-0.07626715462031107,-0.35848289253487237,0,0
3322,2020.0,2857.0,0.010034556876343383,1.415575867903387,11.698419262068276,1.1009558985970616,0.7975944999082675,461.153,0.05260481772486834,1.39,1558.834,-138.432,1749.298,440.908,0.0941115097632783,9132.067000000001,2278.362,0.01018007014400532,2268.824,0.013348318870830019,0.004203940014738918,0.25397105464364306,-0.014293935660907356,1,1
3372,2020.0,366.926,-0.11314217795742207,-4.125648487915981,-4.1351074988498695,0.6563167451211378,0.19179959782500888,358.508,1.7444383708172262,-4.13,170.012,-5.503,22.247,-32.605,-0.15871818212795785,214.726,443.588,-0.12822126180260884,489.18,0.0621401160070772,-0.09320086675661307,-0.17282252901340892,-0.11760205470759116,0,0
104083,2020.0,4387.991,0.045837178978297775,0.7779059542157966,27.94682298314067,3.6395481823290567,0.4772738625413255,2155.709,1.2977547819607174,0.78,841.026,-14.262,18.056,164.538,0.13023119602985525,2926.709,4123.974,0.05177772127424967,3951.852,0.055230348436867985,0.043554768751461415,0.06402004474325003,-0.11473162877305441,1,1
103553,2020.0,15668.477,-0.059515347316729895,-10.85910368541955,-1.7386333667068725,1.7788483026741015,-0.021271160936653447,14653.217,1.8010084027706472,-11.97,1321.039,232.453,2004.461,-1522.164,-1.023130199119208,4604.448,14348.018,-0.1910668187337777,19166.599,0.025223486215559372,-0.25140511365631424,0.09203075992795665,-0.6885102933562975,1,1
3424,2020.0,127144.0,-0.0047855841293716625,0.011853929325360096,784.5499787234043,1.1111601325900256,0.17982039769082744,127866.0,0.6030084668732135,0.01,12592.0,834.0,34651.0,47.0,0.0014163025463311738,203213.0,155900.0,0.00018179216127672248,160338.0,0.014333047477976145,-0.027679028053237537,-0.18445157152020525,-27.324480086284286,0,0
10580,2020.0,497.411,0.02047003874242363,4.084436768374592,4.744840255591055,1.189073247695188,0.20215950672994876,522.631,1.6167420669297656,4.09,137.342,3.896,14.178,42.568,0.25060343102047544,324.632,655.057,0.1050618134071787,626.969,-0.08132571774486039,0.04479966314123978,-0.24065997310157744,-0.805161951059328,0,0
3461,2020.0,1247.331,0.07895893050969616,2.05822250005389,27.84927285485374,3.3383325738031124,0.3537865383415818,849.498,1.1003019059329078,2.04,522.25,5.232,64.405,95.483,0.11987144480223969,1047.745,1314.578,0.0799192797112015,1298.129,0.08954679815454618,0.012671313867882214,-0.051154819265193906,-0.012016489700303652,0,0
10923,2020.0,5566.5,0.03950862721243861,2.3947382651416076,12.051421410052688,1.4545888638772522,0.2921984587410166,4087.2,0.39735896835991796,2.35,9856.6,-953.0,5957.6,1195.7,0.12069853126734972,8270.2,5774.5,0.08227935205956427,6319.1,0.05314422776097612,-0.08618315899416061,-0.036020434669668366,-0.5198233065345819,0,0
11807,2020.0,54.254,0.007905505952380952,-1.0992215765815152,-9.13373628565729,1.688451213216314,0.21844508155250922,32.44,0.4547416626495464,-1.1,-11.647,0.125,14.378,-10.026,-0.18485876539567817,75.47399999999999,41.507,-0.10984267496384592,49.509,-0.029145682313215245,-0.16162717889676628,0.30710482569205194,-1.0719711710861286,1,1
3508,2020.0,2790.269,0.030648519187931537,2.552975156612869,19.53798879350543,2.090978322849404,0.32959095616154643,1942.175,0.7268422830023278,2.57,1040.811,-38.602,112.191,130.817,0.10702116502106195,3574.674,2897.0,0.03282130719210063,3041.002,0.04100524253395768,-0.04735347099409996,-0.036841905419399454,-0.06620053221682874,0,0
3524,2020.0,1209.2,0.016928481919083423,6.063215915941779,13.664365767045455,1.5726195030243582,0.5997991103458172,557.8,0.16822971358221384,5.92,2437.7,44.3,151.0,211.2,0.11508909596207291,7985.0,1393.8,0.025491545062823622,1360.9,0.027741672902963227,0.024175178190902976,-0.13244367915052369,-0.33591777676231976,0,0
40875,2020.0,7003.6,0.03666586062674082,3.555139749736872,26.78657006578948,3.4749021549801187,0.19127171646977065,5818.8,0.3664412166153972,3.6,1141.7,387.1,2623.9,668.8,0.12972553583551547,10662.4,7195.0,0.03406197160144234,6923.8,0.038784131259948576,0.03916924232357951,-0.02660180681028487,0.07644563432106859,0,0
3551,2020.0,13800.0,-0.04829689883070666,0.9460916442048517,18.402022792022795,1.9478618817852835,0.4095708966611732,9673.0,1.1976752686599899,0.93,3297.0,-39.0,1654.0,351.0,0.10585042219541617,10851.0,16383.0,0.025659770451056364,16580.0,0.12461175301279662,-0.011881785283474064,-0.157663431605933,-2.8822030743738933,0,0
3634,2020.0,2072.7,0.04748439601365564,1.8240620957309186,25.032042553191488,6.120197676434887,0.1856674236689377,1613.6,0.7317748725902946,1.79,8.4,195.3,935.6,141.0,0.24449453788798334,1644.9,1981.5,0.052071792599157986,1895.9,0.05513834785751577,0.04515006065720761,0.04602573807721414,-0.08809753527817915,1,1
3596,2020.0,37925.0,0.061725267014890464,12.02997134076862,14.659220292766934,3.761709029977167,0.19827191867852606,31548.0,0.8056755594684794,12.09,27414.0,-61.0,902.0,3484.0,0.256610444133461,44777.0,39350.0,0.07133351077987757,36193.0,0.07366543340380549,0.08722681181443925,-0.03621346886912325,-0.13469467098901697,0,0
3597,2020.0,79619.0,0.02250919306219718,-0.5697817251924087,-19.586447768628236,3.444751799364182,0.29287709790577016,67328.0,0.3578827880683185,-0.01,76000.0,1529.0,36921.0,-4979.0,-0.17587424938184387,178906.0,95214.0,-0.018714668029829205,121615.0,-0.07231608810561287,-0.21708670805410515,-0.16378893860146618,-2.2027567374596173,0,0
3614,2020.0,18127.0,0.07348179599835437,3.576910462446704,17.62414817531634,4.770340882298194,0.3841466873929175,10855.4,0.5721677427312889,3.59,13067.7,1227.8,1677.8,2181.2,0.2706707203573866,25881.2,17626.6,0.07080277991475879,16865.2,0.058207577247004434,0.04514621824822699,0.028388912212224792,0.03783772454726939,1,1
131472,2020.0,10721.0,0.005956138665495567,4.581494502206597,6.670312489795918,0.7935339844617092,0.4067151263412946,6856.0,0.06397112552866412,4.38,-3934.0,-1246.0,4627.0,1715.0,0.11896503884572697,54730.0,11556.0,0.009493811031642346,10420.0,0.007061033493785955,0.109021113243762,-0.07225683627552787,-0.37262932181353864,0,0
130246,2020.0,122485.0,0.027326377373572457,4.808571428571429,7.611408199643494,1.226071975497703,0.22477903189373127,106389.0,0.6018190030565216,4.62,15704.0,-553.0,26595.0,6732.0,0.16108346094946402,180424.0,137237.0,0.02952152501567728,147049.0,0.03525132071487954,-0.06672605730062768,-0.1074928772852802,-0.07435752864864191,0,0
7448,2020.0,1559.5,0.04230317273795535,1.603963531886976,31.72141946403385,4.476609554140127,0.3073947816966042,1056.5,0.7146404310142891,1.71,-340.5,-14.1,54.7,70.9,0.14112261146496818,1938.2,1525.4,0.03321620988521903,1538.6,0.03946537059538275,-0.008579227869491628,0.02235479218565616,0.2735701298895018,1,1
3637,2020.0,1786.53,-0.03554878263893439,4.17663468735116,9.414277987749252,0.9345855799616388,0.5064431382580222,1084.377,1.3074053929893754,3.97,346.904,-85.937,81.418,61.384,0.0992732083307727,1463.2759999999998,2197.066,0.036527702237101584,2188.553,-0.04396819523809121,0.003889784711633632,-0.18685647131219538,-1.9732006247802554,0,0
16221,2020.0,1688.189,0.15813163319670548,1.6900962280820448,17.146952651854082,3.757330131552334,0.4266024422009396,1065.887,0.8571073536877255,1.67,1115.083,79.296,436.706,424.684,0.21912524095913088,1634.5429999999997,1858.897,0.1958149264824883,1834.064,0.20997212091104295,0.013539876471050004,-0.09183295255197026,-0.1924434156410075,0,0
3651,2020.0,16537.433,-0.002165292742712821,4.272207624262268,24.8653645475257,4.202649337756724,0.32620552327327773,13066.428,1.3241018873276116,4.26,3430.552,-56.555,276.992,621.085,0.16901619639334511,10262.474,19392.305,0.04240753333298283,18735.073,0.06390218748817318,0.03508030099482398,-0.14721674396107112,-1.051059153233719,0,0
3743,2020.0,12287.0,-0.07597237368229735,-1.3367719750698475,-11.63624035369775,0.8317331073316478,0.26632756866734486,10818.0,0.8580157113762001,-1.33,1977.0,101.0,974.0,-311.0,-0.07147782119053091,13303.0,14745.0,-0.01809717777131219,15475.0,0.04107396870554765,-0.04717285945072698,-0.16670057646659886,3.198023285306367,0,0
94571,2020.0,1729.8,-0.00047802416677732043,1.892531766962359,36.90823119556612,11.780413444528683,0.458403554466064,1060.5,0.4979148654833952,1.89,809.3,81.9,282.9,126.3,0.3191811978771797,3347.3999999999996,1958.1,0.03211615724965672,1932.1,0.04700866687235295,0.013456860410951815,-0.11659261529033245,-1.0148842267479692,0,0
3756,2020.0,1650.115,0.16621465016336978,2.0554675497797197,25.29838041256002,8.487326463927815,0.5512947701915805,738.589,0.9727191069666294,2.06,279.204,88.855,220.973,343.853,0.33548892559596694,1417.1200000000001,1646.045,0.20319759367927148,1653.292,0.23157771801015928,-0.004383375713424999,0.0024725933981148366,-0.18200483010776122,1,1
3760,2020.0,11797.0,0.11040508339952343,15.813589628967366,21.406904310954065,9.797553509433962,0.3958732369841546,6939.0,1.9127393838467943,15.39,8251.0,-178.0,360.0,849.0,0.45768194070080864,4926.0,11486.0,0.14138218151540383,11221.0,0.13315171122084113,0.0236164334729525,0.02707644088455511,-0.2191018541647371,1,1
3783,2020.0,2381.0,0.0536438571241659,1.7982720514366082,11.922556424581007,1.4577442622950822,0.3407163053722903,1399.0,0.30436029833620193,1.28,473.0,-1207.0,212.0,179.0,0.12226775956284153,6749.0,2122.0,0.025674125071715435,1084.132,0.050031031614272886,0.9573262296473122,0.12205466540999058,1.0894132506686294,1,1
3829,2020.0,4515.0,0.01974269175633744,3.542866614179754,11.056018830409357,1.668501650339776,0.2537105549510338,3429.2,0.8467392706433008,3.55,1105.3,-16.9,77.3,171.0,0.15091342335186658,4914.2,4595.0,0.031510862955387256,3873.8,0.0655440090146488,0.18617378284888217,-0.017410228509249184,-0.37346394529756505,1,1
3835,2020.0,1217.2,-0.001690164951541473,-0.8416967937354307,-2.4949601990049755,-0.6258157237936772,0.6020543148393122,511.4,0.30707287933094385,-0.85,-1523.6,1.3,146.8,-60.3,0.25083194675540765,3872.2,1285.1,-0.014408602150537634,1447.6,-0.005586462140080538,-0.11225476651008566,-0.05283635514745924,-0.8826975070945097,0,0
3921,2020.0,14445.0,-0.14240812379110251,-1.2881548974943053,-18.996162687886823,2.681560159760359,0.17449125312388433,18498.0,0.8830042952279623,-1.29,11627.0,260.0,2268.0,-1131.0,-0.14116325511732403,20677.0,22408.0,-0.044567915829294244,23995.0,0.06373643291509506,-0.06613877891227339,-0.35536415565869334,2.1953058863367008,0,0
3979,2020.0,1863.864,-0.00880002485561859,6.41812392536458,3.5851598173515984,2.4361904986650127,0.32901588171375146,1008.987,0.6351691491370313,0.35,1236.478,-7.414,59.732,503.919,0.6795207529868659,2130.98,1503.742,0.21285154133088233,1722.38,0.08393641368219211,-0.12693946748104376,0.23948390082873264,-1.0413434866414182,1,1
3997,2020.0,5465.443,0.020568596883915668,3.8027370436129555,27.7721017227267,4.825223392855355,0.5393325363377651,2174.455,0.5330200184560597,4.07,4170.399,3397.998,4605.887,520.454,0.17374354454804322,3905.814000000001,4720.227,0.058770987218523627,4579.646,0.04188381200945166,0.030696914128297285,0.15787715294200902,-0.6500212459008551,1,1
4005,2020.0,748.252,0.0869347944947764,1.1439857688484276,17.62259684427167,1.4791310656691095,0.5672732031357105,347.207,1.432619377508606,1.1,293.912,2.593,82.402,21.865,0.0839337742751523,449.84,802.37,0.039039623476981526,817.836,0.0688515353980994,-0.018910881888300354,-0.06744768622954504,1.2268348603831882,0,0
4030,2020.0,4597.884,0.030133443780718926,3.00404868168002,27.223260561231776,2.158935578674586,0.2710829747431125,3763.938,0.15469214578186094,3.07,-4981.725,69.637,385.766,1232.432,0.07930481265528835,32994.98499999999,5163.74,0.036920439567102614,4699.858,0.02652930228364101,0.09870127991100999,-0.1095825893635233,-0.18382759972422255,0,0
66310,2020.0,1427.412,0.04440670351655411,1.4367348408468963,9.799998997518859,1.7780707354559424,0.10982546049909532,1002.584,1.1708401771420254,1.5,-25.242,-48.362,50.533,39.901,0.1814358078920325,773.8140000000001,1126.278,0.04147971806973408,1037.667,0.05219313969078254,0.08539444735160713,0.2673709332864533,0.0705642560515792,1,1
4039,2020.0,691.873,-0.0062937545263303096,-0.19039541323704906,-17.80505077493295,1.0474085313971297,0.334401261908369,448.125,0.25528531366074797,-0.2,-390.641,35.063,62.452,-99.557,-0.058826483824002115,2517.1400000000003,673.266,-0.03774947787668335,567.137,-0.009823798125996692,0.18713115173229755,0.027636922108052516,-0.8332757198155113,1,1
4046,2020.0,1787.009,0.0885032630899191,2.4379609802522006,50.59145777929588,9.953986542193357,0.4360661144642052,1159.249,0.6923209566447114,2.45,1380.588,-2.598,57.001,327.896,0.1967523170733171,2805.9849999999997,2055.647,0.11043203059668041,1777.721,0.0976985719432757,0.15633836805662976,-0.1306829431317731,-0.19857252817209806,0,0
140266,2020.0,26185.0,0.003566062305920064,1.5847665847665848,20.27427906976744,0.759946729171106,0.3678984665892621,15788.0,0.2462000985707245,1.59,-4946.0,1144.0,2280.0,1935.0,0.03748329233093776,95167.0,24977.0,0.019073435189748644,26268.0,-0.09851054986903278,-0.04914725140855794,0.04836449533570885,-0.8130351312994365,1,1
4055,2020.0,1773.927,-0.10238836546387388,-0.310370903188919,-129.10359698122178,1.0829683843594935,0.2771171694776004,2014.913,0.4773221748723995,-0.33,3685.672,56.786,432.194,-33.656,-0.008388367246785634,5284.175,2787.33,-0.005763492344826582,2494.168,0.07766409160485654,0.11753899496746001,-0.3635748189127229,16.764986806268528,0,0
4080,2020.0,8149.719,0.14002734387191199,5.505423097366745,26.69731234104438,17.64794052743123,0.48699214600290597,4097.01,0.981064432377053,5.49,966.495,-94.736,493.262,1149.692,0.6610380963442275,7096.305000000001,7986.252,0.14123294999812663,7791.069,0.15287017299708425,0.025052146245913107,0.020468550203524713,-0.008536295009278213,1,1
4086,2020.0,56639.0,0.08200455580865604,2.1622823054374676,8.033178626269036,-21.224290888516347,0.20071141670637893,46963.0,1.7556398840648997,2.08,-2043.0,-629.0,4537.0,3152.0,-2.642078792958927,14137.0,58756.0,0.09418232886126632,58472.0,0.15386170642943792,0.0048570255848953345,-0.03603036285655933,-0.1292999780303643,0,0
4087,2020.0,1502.4,0.010864349852628692,3.667464114832536,19.989288975864316,4.238099716478805,0.3319607759901515,1573.7,0.7529565940037077,3.61,1860.2,31.7,64.4,306.6,0.21201853260493744,2906.6,2355.7,0.0979991050310043,2189.1,0.09794270741121067,0.07610433511488736,-0.3622277879186653,-0.8891382747914738,0,0
137314,2020.0,4307.0,-0.0426738287078484,3.157875871462623,35.1217098183882,-64.19549035269709,0.257617435463394,7017.0,0.6319449087383834,3.07,-6805.0,146.0,630.0,881.0,-1.8278008298755186,14024.0,9452.0,0.058902186267299594,8906.0,0.05459092533047517,0.06130698405569279,-0.5443292424883622,-1.7244863291524273,0,0
4127,2020.0,11183.643,-0.0522686285333693,4.772334365172045,10.625827136102581,1.3728665785798484,0.13171559352550286,15183.323,1.4374686853695828,4.64,4758.894,-269.59,885.162,772.388,0.12920091405546794,10064.124,17486.578,0.06349347270547967,17714.666,0.09986356030564456,-0.012875659072544733,-0.36044416466160506,-1.8232126281046583,0,0
13391,2020.0,132110.0,0.182287017752653,10.438254410399256,21.852312755737415,-78.83944159178434,0.3429893399863915,72419.0,2.1513193848075574,10.29,50990.0,355.0,2133.0,11242.0,-3.6078305519897302,41316.0,110225.0,0.21941603559996878,108203.0,0.2527327682203486,0.018687097400256925,0.19854842367883874,-0.16921743092199534,1,1
4155,2020.0,1955.363,0.02955998172114593,2.5943185819931918,14.43924437808244,2.732000842402285,0.3946617343444238,1360.163,1.5469386827785245,2.56,521.65,-24.746,53.169,110.505,0.18920663511653232,1171.7859999999998,2246.947,0.07607854530633826,2257.895,0.06661012209632455,-0.0048487640036404996,-0.12976897096371212,-0.6114544303900717,0,0
4171,2020.0,9608.462,0.09164878432002642,1.8312930668358,22.328485123711953,3.6908570845220896,0.21578894334052443,7447.901,1.1712063528393868,1.83,5728.707,213.765,687.637,978.806,0.16529814109970892,6831.334,9497.317,0.1207060694506995,9545.7,0.1243065220456353,-0.005068564903569317,0.011702778795316662,-0.24072762258687477,1,1
38042,2020.0,9636.573,0.08535851808969379,4.861175185711731,24.022997637124263,5.47128163777349,0.166269187403126,7641.358,1.6752883553463498,4.81,4592.938,27.4,35.0,516.32,0.2277518284944745,4833.253000000001,9165.258,0.09437649039802562,8614.874,0.09615454488498515,0.0638876436265928,0.05142408429746337,-0.09555316446181908,1,1
4236,2020.0,5233.0,0.0066402249711471255,1.3833292647178488,10.901236881644225,1.4521946034743203,0.773936170212766,1275.0,0.05174216986844278,1.29,1832.0,-1502.0,1272.0,1411.0,0.13321374622356497,25383.0,5640.0,0.01294471661070439,5270.0,0.012805545085998474,0.07020872865275142,-0.07216312056737588,-0.4870320323848483,0,0
75931,2020.0,182.714,0.054918512735434764,0.45913531289292964,15.050029492310935,2.286891485275288,0.15555385683617753,132.562,1.416386964053703,0.46,-15.275,0.0,0.0,4.747,0.15195262483994879,87.142,156.981,0.0428305904431933,116.922,0.11509375552803822,0.3426130240673269,0.16392429657092264,0.28222637528833067,1,1
4465,2020.0,2477.8,0.016948756311950624,3.7027334851936224,19.960928944940015,3.127523254132729,0.35659078133783023,1831.4,0.6929425225795458,3.69,1987.1,50.7,612.1,325.1,0.15668224974697575,3163.2,2846.4,0.07914404654672932,2745.1,0.08674742643235936,0.036902116498488284,-0.12949690837549183,-0.7858492577588447,0,0
12960,2020.0,859.154,0.009945469412800542,0.45700566762802425,71.68401252009136,2.9423190722655366,0.3955289534484988,430.115,0.24870919078530693,0.46,551.804,-86.486,68.735,59.105,0.041045680463839454,2774.101,711.556,0.02065888942172586,816.138,0.03675953890183143,-0.12814254452065704,0.2074299141599536,-0.5185864443254428,1,1
100226,2020.0,1350.729,0.03346142852874404,4.620302392952102,23.11537014610013,2.1839021548079467,0.34725334470206476,878.847,0.2027318552773813,4.61,1598.241,-50.238,217.254,232.854,0.09447835535423602,6313.202,1346.383,0.03506203170179611,1370.752,0.03553340767950637,-0.017777832897562736,0.003227907660747353,-0.04565061108452741,1,1
11443,2020.0,45.309,-1.389962181619356,-0.46655524605385323,-0.9128608103805128,-4.321596947427925,0.45858625713245116,35.677,0.31848432855658393,-0.47,-123.832,3.113,15.714,-25.124,4.734124740908234,184.316,65.896,-0.12142770836857494,65.865,-0.18992938415439098,0.00047065968268436825,-0.3124165351462912,10.446828736982681,0,0
4319,2020.0,20548.0,-0.048828587205174724,2.9573787945186325,11.61501531818182,1.052604782501236,0.14685966329129652,27466.0,0.7631260814942992,2.88,22901.0,730.0,1718.0,2200.0,0.0906244850881529,36736.0,32194.0,0.0521487662075995,33297.0,0.05581821690467001,-0.03312610745712827,-0.36174442442691185,-1.9363325492839574,0,0
4370,2020.0,12454.7,0.047084547302097844,5.920563983130862,22.450563895385923,4.358454042600032,0.33923934718565696,10967.9,0.8100066854379451,5.67,8724.2,400.2,1303.6,1410.9,0.19413561560900436,17379.5,16598.9,0.06885025106991408,15668.2,0.07466410641421385,0.059400569305982864,-0.24966714661814943,-0.31613107330159507,0,0
129397,2020.0,3466.6,-0.03651295710559902,2.1808172771543513,5.424571844660194,2.5897144843568944,0.19521947751910435,3622.8,2.2268612416522386,2.19,-202.4,35.5,59.8,82.4,0.477404403244496,1650.2,4501.6,0.040761810536730156,4408.4,0.050807649906533095,0.021141457218038458,-0.22991825128843085,-1.8957638687981606,0,0
13358,2020.0,807.764,-0.03534428535454664,-0.6801666883708816,-32.88899674516562,1.6063178565500669,0.23798803066062016,925.033,1.2194064768616784,-0.67,326.304,-18.664,66.222,-20.892,-0.04884058546985569,868.677,1213.935,-0.020986164922005036,1333.568,0.002950372676002124,-0.08970896122282482,-0.3345904022867781,0.6841707613517513,0,0
4388,2020.0,2407.522,0.02175432824772793,0.7966286373541854,26.323432295438085,2.0544115387755015,0.2888218788940696,1571.198,1.0647488914131935,1.11,502.6,2.619,75.131,37.287,0.07804497208867159,1775.4909999999998,2209.289,0.017970166833820175,1977.918,0.06028039848625107,0.11697704353769992,0.08972705698530146,0.21058020489748006,1,1
4396,2020.0,77867.0,0.13651357689217525,4.906293706293706,12.198617445838085,3.312816112716763,0.7332175363023692,19199.0,0.5271234361723945,4.77,52243.0,1175.0,13123.0,21048.0,0.27157308009909165,119273.0,71965.0,0.15417069526237145,70848.0,0.1645241202535108,0.01576614724480578,0.08201208921003265,-0.11452966687441404,1,1
35316,2020.0,1103.262,-0.055075340100504515,1.3557929334428924,12.236381818181817,2.632037414245441,0.41522334960749174,785.372,0.9437686263789933,1.34,112.054,0.312,81.301,79.2,0.2150993204816921,1266.0610000000001,1343.029,0.055655146098272094,1179.573,0.03911823042025651,0.13857217823737902,-0.17852704595358704,-1.9895821673571066,0,0
15833,2020.0,358.991,0.027718674111769346,0.6816716067880525,79.93585101299695,2.196680603027745,0.3971007077158286,195.595,0.20124534608041028,0.66,1412.705,268.365,935.221,20.928,0.02748054315041422,663.4680000000001,324.424,0.01298196989979418,307.404,0.039265737834125805,0.055366878765403124,0.10654883732399578,1.1351670297902021,1,1
4454,2020.0,20580.0,0.015196418437480295,3.1240755286700876,14.740360653061222,2.341104861921431,0.2453521630318198,16886.0,0.6685190164620118,3.1,3669.0,-78.0,511.0,1225.0,0.15882276675742255,30537.0,22376.0,0.03659884676286935,23306.0,0.059923755063140335,-0.039903887410967134,-0.08026456918126564,-0.5847842273298751,0,0
4471,2020.0,39087.0,0.020982555092465497,2.8172839506172838,18.326161262050835,1.7934463771099218,0.23968922886416744,38068.0,0.30666568668883865,2.64,-6586.0,39.0,676.0,5705.0,0.0978626320845341,158036.0,50069.0,0.03494233442968353,46378.0,0.017267307749917617,0.07958514813057915,-0.21933731450598173,-0.39950906443615264,0,0
38908,2020.0,850.689,-0.029894892180709762,-1.584189887707207,-5.693761884223751,0.984166915168095,0.29918186481372133,650.334,1.088998575328062,-1.59,90.603,-36.844,80.063,-53.327,-0.17285003046843597,684.06,927.964,-0.06258112063239474,972.347,-0.049581477781352475,-0.04564522747537651,-0.08327370458336755,-0.5223017440624921,0,0
4541,2020.0,13566.975,0.039809207329594684,6.375604873606815,14.35157946797862,2.127574089307716,0.2081404831640585,10086.602,1.1112439282469915,2.11,3022.362,-162.29,631.068,847.184,0.14824668560382354,9758.998,12737.868,0.07390782163137499,14984.646,0.012923742635397775,-0.14993867723001264,0.0650899349875505,-0.461366788373924,1,1
4548,2020.0,8797.061,0.026253396631805113,5.7833511205976516,14.922144307067725,2.35851723806033,0.15782195016224673,7726.656,1.8993646019611798,5.78,2278.193,-6.294,359.92,325.14,0.158054847180592,3805.036,9174.611,0.06731178103155086,8130.631,0.06934320940068828,0.12840085843275884,-0.041151608498714666,-0.6099732286165562,0,0
4593,2020.0,82584.0,0.08413095932393336,5.743194604990604,25.398756272901647,6.456992417985237,0.751447129504381,20396.0,0.5202563907486305,5.72,94768.0,-802.0,19287.0,15119.0,0.2542247481966,129897.0,82059.0,0.09585488942990465,81581.0,0.10001046066137531,0.0058592074134908865,0.006397835703579132,-0.12230915058897018,1,1
48345,2020.0,22317.0,0.015460002450079627,7.2965198146678825,6.015196438138879,1.7267137807345947,0.355390520694259,15450.0,0.5667935772223142,1.26,4032.0,2621.0,2821.0,5674.0,0.2870585854497622,35884.0,23968.0,0.1341783526852224,31400.0,0.044306002418181445,-0.23668789808917198,-0.06888351134846461,-0.8847802038056896,0,0
12094,2020.0,5806.424,0.13111963844671745,7.371794952186863,16.03408678166444,7.088822642780962,0.6182038405709552,1744.39,0.5071760987048256,7.53,641.796,-388.388,1739.385,1175.617,0.4421095344754707,7066.715,4568.904,0.13050062851639493,4036.701,0.14276813926720427,0.13184107517500068,0.2708570808228843,0.004743348268585161,1,1
131150,2020.0,11700.0,0.0016533978019535104,0.9669147384296951,21.894381333333335,1.4210389164839075,0.47990006813536223,6870.0,0.1781220923176504,0.96,-8026.0,-3122.0,1134.0,2190.0,0.0649042736055954,72109.0,13209.0,0.029531938994295886,14144.0,0.020401694012629017,-0.06610576923076923,-0.11424029071087895,-0.9440132325116591,0,0
4641,2020.0,784.459,-0.05338516051448531,7.537231940802472,8.745916341401808,2.2292789376119106,0.35012631169840647,494.949,0.5367431954631017,2.02,669.773,465.663,471.54,209.829,0.25489369559354813,876.519,761.608,0.14787697603074965,1875.425,0.03709410242872589,-0.5939011157470974,0.030003623911513535,-1.3610106315900343,1,1
4651,2020.0,2632.6,0.061922922521075875,5.606766823421698,27.31699120430507,3.3329091806470603,0.48876482903000695,1465.2,0.29284342175174727,5.42,3572.2,48.3,148.8,538.9,0.12200864859969662,9480.9,2866.0,0.05506396370621654,2714.0,0.06625271917041543,0.05600589535740604,-0.08143754361479418,0.12456347769394205,0,0
4686,2020.0,13770.0,0.06951544787730607,2.8107734604427552,24.605326958333332,8.598876548962503,0.3725143614670791,8520.0,0.7730585288089273,2.81,6411.0,76.0,397.0,960.0,0.3494721514379323,14780.0,13578.0,0.05465725347301298,13547.0,0.075140607424072,0.002288329519450801,0.014140521431727796,0.27184304845521234,1,1
4690,2020.0,4516.0,-0.028104141457512003,2.874680306905371,7.854786476868326,0.6982032423882958,0.1855441033684369,4361.9,2.158993791824559,2.85,1222.8,-9.1,26.0,112.4,0.08888888888888889,1952.3,5355.6,0.04531161815689753,5513.9,0.009894573107500863,-0.02870926204682698,-0.15677048323250437,-1.620241399461782,0,0
4697,2020.0,1885.305,-0.0018636478709609028,2.935234952257313,12.602057621163585,2.283415762163976,0.3922152512131436,1443.631,0.8941993450211556,2.94,703.319,-374.138,182.015,241.925,0.18119388363446806,2261.346,2375.234,0.09107699559043156,2367.853,0.06842036724421915,0.003117169858095016,-0.2062655721499439,-1.0204623336428622,0,0
4737,2020.0,727.859,0.10628399526752222,1.0687819189394763,16.308284871899147,2.9638004526767974,0.35300037756975283,496.941,2.1062287133980138,1.07,279.328,20.516,106.267,39.344,0.18173587694581736,210.483,768.07,0.1078905080265229,685.6,0.10430750405853989,0.1202887981330222,-0.05235330113140731,-0.01489021405484303,0,0
4738,2020.0,19140.0,0.1342235918507105,6.3172137485063615,21.77383977746871,-1423.2173454545455,0.39934959349593496,11082.0,1.2072237126218675,6.28,3392.0,-97.0,442.0,2157.0,-65.36363636363636,11786.0,18450.0,0.14113721128050774,18486.0,0.09712081553933048,-0.0019474196689386564,0.03739837398373984,-0.048985093067033456,1,1
4753,2020.0,2171.408,-0.046005738521522156,2.3740722827265297,37.711572916886205,1.5935678376594828,0.2700184153108848,2071.979,0.46691128633084816,2.38,2828.14,16.937,24.737,142.347,0.042256732201852214,5847.581999999999,2838.399,0.023415813236735656,2970.697,0.013361278044769444,-0.044534329822260646,-0.2349884565207358,-2.964729478169331,0,0
4788,2020.0,132498.0,0.053121532201717975,2.1053299492385786,12.758095238095239,2.4605533596837943,0.22072845624192466,95294.0,2.702094749867421,2.05,20338.0,-30.0,1578.0,1659.0,0.19286212508718903,37329.0,122286.0,0.03665812267986565,121162.0,0.08158875072144393,0.009276835971674287,0.08350915067955449,0.44910672774017407,1,1
61370,2020.0,305.558,0.055682299739352036,-0.6292217044710594,-5.800817063467776,0.790244461675713,0.2637052534270735,242.132,1.635266036797613,-0.63,-5.792,-2.212,0.966,-16.339,-0.13622985400668683,181.46999999999997,328.852,-0.0812481352560915,342.023,-0.08513966285721755,-0.038509106112746945,-0.07083429627917721,-1.6853363411214697,0,0
4805,2020.0,351.316,-0.05877801428270335,-2.1663250666120106,-1.9387672075311038,0.503222320905999,0.20081080340756569,291.76,0.33539153817815337,-3.44,57.632,-3.257,22.791,-63.417,-0.25955788758508064,1007.2209999999999,365.07,-0.058261498278806674,378.16,-0.0628963898102728,-0.03461497778718011,-0.037674966444791465,0.008865477530717146,0,0
4820,2020.0,1734.244,0.05959787765027806,1.6893604029919096,13.880993042378241,1.5345587532268858,0.4447517638097116,946.133,1.1875357606058727,1.67,336.681,131.741,285.499,77.469,0.11055107862542149,1093.879,1703.982,0.053989542048200244,1745.401,0.06470527179913002,-0.02373036339500212,0.01775957727252984,0.10387818435412664,1,1
4825,2020.0,1855.4,0.010750861525020626,3.62145407462628,24.08977118093174,1.9326257105606255,0.2469268592501537,1470.3,0.25624737505249895,3.53,744.2,-15.6,5.8,184.6,0.08022598870056497,7311.9,1952.4,0.024228265434691306,1965.0,0.03129931614939505,-0.006412213740457969,-0.04968244212251587,-0.5562677999380435,0,0
39147,2020.0,10044.736,0.15466348861982518,15.172640601524582,12.380178568332093,5.804680862626541,0.47872800073009336,5032.13,0.804373897466223,14.37,9866.889,-855.162,5431.203,2191.43,0.4688689125595198,6193.569,9653.559,0.18259888297408294,11076.998,0.19076767473767733,-0.1285040405351703,0.040521532007004,-0.15298776147619017,1,1
4908,2020.0,618.004,-0.003594670259022263,0.24751066856330015,8.242068965517241,-3.0557592765824757,0.5977162089539358,205.106,0.9183216198788909,0.26,-294.537,3.265,8.645,14.268,-0.37075148113501716,529.807,509.854,0.025698754687483116,543.955,0.07953619239117779,-0.06269084758849547,0.21211954794902077,-1.1398772159482533,1,1
4915,2020.0,4280.2,0.05208245687841817,2.5326251896813354,20.070083882564408,5.106245426829268,0.24673329826407153,3579.9,0.9867328294992112,2.48,2657.7,-20.5,247.6,333.8,0.2544207317073171,4094.9999999999995,4752.5,0.06930487501038121,4269.5,0.09044943820224718,0.11312800093687786,-0.09937927406628094,-0.2485022609070904,0,0
4930,2020.0,22488.854,0.08234579671935796,5.8534123896382635,10.19063685066726,1.1814161801890302,0.21094373783921447,17564.046,0.758172062198175,5.76,8295.499,-127.285,1468.691,1849.052,0.11593153573239866,26625.611,22259.561,0.06297965930018384,20571.631,0.05936498827057071,0.08205134536974731,0.010300877002920131,0.3074982880880333,1,1
4978,2020.0,24539.8,0.13281767671460828,9.166018384046298,14.33883224899019,45.75401518278415,0.8388807993010596,3596.1,0.5681271492970796,4.98,-1603.2,-5660.7,2438.5,8318.4,3.190916414131727,35442.299999999996,22319.5,0.21173901201697293,24555.7,0.07360778347651019,-0.091066432640894,0.09947803490221552,-0.37272930741755955,1,1
4980,2020.0,11847.0,0.07294097312246133,-1.3212996389891696,-17.528196721311478,-4.279733155436959,0.3901192504258944,7876.0,1.2754567901234568,-1.33,-2130.0,86.0,1499.0,-366.0,0.24416277518345564,7979.0,12914.0,-0.03614814814814815,13237.0,0.0796044499381953,-0.02440129938807887,-0.08262350936967632,-3.017834297445139,0,0
4984,2020.0,2655.4,0.08905559974646278,4.8374207816213355,19.99619308857797,7.1636088255281285,0.3636307334134237,1911.19,1.2665551344396306,4.73,2460.631,-159.286,199.563,293.109,0.3582486323169211,1898.6480000000001,3003.272,0.12361141744752578,3028.674,0.1221648420627068,-0.008387168774189643,-0.11583100032231508,-0.27955198973211576,0,0
4990,2020.0,17242.0,0.001363581711062774,4.505031296238858,13.098688137697517,0.5894376397988725,0.08621489904850313,15750.0,0.05148747912689949,4.41,14527.0,218.0,10047.0,886.0,0.04499974605109452,319632.0,17236.0,0.0026466643366461445,16202.0,0.005503996350793401,0.06381928157017652,0.0003481086098862845,-0.4847923508159308,1,1
5271,2020.0,65398.0,0.13474659830408203,22.25,17.500224719101123,34.866133674448356,0.1607704139637531,50196.0,1.2584581720249117,22.09,2847.0,742.0,1514.0,6230.0,1.992324912056284,44733.0,59812.0,0.13108062615721258,53762.0,0.11244317675372137,0.11253301588482571,0.09339263024142312,0.027967307254640653,1,1
5027,2020.0,13633.0,-0.011603270352460242,3.2030793552599923,16.387355472103007,0.7988396516554214,0.1668593973199102,12248.0,0.17875077514195736,3.08,15755.0,-69.0,6373.0,932.0,0.04874731942047178,75762.0,14701.0,0.011332271439514608,14044.0,0.008120945911435721,0.046781543719737965,-0.0726481191755663,-2.023913909439257,0,0
13027,2020.0,1967.046,-0.11598247073132262,-6.8753359959299924,-0.7054200700694576,0.5157471944478523,-0.000915627151529125,2829.066,0.4274509584488423,-6.92,-3307.622,0.001,0.546,-1716.297,-0.7311206702654072,6456.516,2826.478,-0.25955722904366235,3281.929,-0.17989836172767756,-0.13877539703022218,-0.3040646345027274,-0.553152608545485,0,0
5057,2020.0,2788.0,0.2392138063279003,-0.04466479074545536,-664.28163,3.3515723007063576,0.18311688311688312,1887.0,1.2588555858310626,-0.04,813.0,-697.0,181.0,-5.0,-0.005045408678102927,1527.0,2310.0,-0.0027247956403269754,2828.0,0.15695477506861305,-0.18316831683168316,0.20692640692640693,-88.79146692233941,1,1
5067,2020.0,89597.0,0.12485289397667701,5.610747051114023,20.717383788834386,44.97521298174442,0.3200504518489771,49057.0,1.8278736287400876,5.49,1591.0,205.0,876.0,4281.0,2.170892494929006,30936.0,72148.0,0.10845937523751616,71309.0,0.06705691433870407,0.011765695774726893,0.24185008593446805,0.1511489320610647,1,1
1297,2020.0,214.022,-0.16600621184534647,-0.507888855532206,-2.8746446867200834,0.43323111946946447,0.11214641234117541,287.194,1.7390860215053765,-0.51,61.182,9.034,12.756,-15.226,-0.15070771058101554,164.779,323.47,-0.08186021505376345,365.196,-0.1678492317077439,-0.11425645406850019,-0.33835595263857554,1.0279229872083568,0,0
5081,2020.0,764.041,-0.0950723568659715,-4.001191624581513,-5.128472196616226,1.1356823063877899,0.24123176792875078,635.391,1.0654772583553134,-4.08,314.65,2.094,51.331,-70.513,-0.2214465171785692,661.18,837.398,-0.08971838709718465,785.897,0.0400418936478871,0.06553148822301137,-0.08760111679273173,0.05967527885880664,0,0
5671,2020.0,5532.75,0.0484523749803188,1.6740508224209518,17.74737039167931,2.090935816575034,0.13826549961999526,4598.884,0.6946160377006085,1.69,1294.545,12.511,66.459,335.453,0.1178166551116412,7213.209000000001,5336.776,0.04366138539350016,4531.552,0.03896876265542471,0.17769276398019931,0.036721421322536335,0.10973059016885592,1,1
5197,2020.0,1443.4,-0.01191144371686935,1.317314487632509,13.284603004291844,0.9584494503793156,0.20669538193119238,1455.0,1.1337701675217902,1.31,115.2,59.0,199.3,46.6,0.0721473912370336,1231.3000000000002,1834.1,0.028806329974655376,1846.8,-0.04351773785589207,-0.006876759800736433,-0.21302000981407765,-1.413500912033896,0,0
70118,2020.0,3213.0,-0.08080864335041212,0.6030150753768844,22.520166666666668,0.8894659754793055,0.6690042075736325,1652.0,0.24653000740923686,0.59,8098.0,-604.0,858.0,480.0,0.03949642063687978,18080.0,4991.0,0.0237095579155347,5888.0,0.05140471835279771,-0.15234375,-0.35624123422159887,-4.408272884643944,0,0
5262,2020.0,1598.0,-0.05678820791311094,1.2895991028875806,14.384315217391304,1.8081117639021724,0.171713508612874,4568.0,0.44819179195449005,1.26,-363.0,-6.0,1574.0,920.0,0.12570023227216834,10468.0,5515.0,0.07476635514018691,5569.0,0.08990901571546733,-0.009696534386783983,-0.7102447869446963,-1.759542280837859,0,0
5264,2020.0,17224.0,0.061000332839117676,3.458895337639413,32.209705447761195,7.199962388040549,0.23955080470814316,12663.0,0.5310456995248269,3.44,10144.0,89.0,1155.0,1742.0,0.2235339407160272,28049.0,16652.0,0.05555378384411774,14950.0,0.07646677171192881,0.11384615384615385,0.03435022820081672,0.09804100851676972,1,1
5281,2020.0,7188.0,0.21135537476198718,3.385341074020319,14.175824222936765,-56.28103829787235,0.37423587296854033,4197.0,1.3341953451362643,2.21,-511.0,138.0,697.0,933.0,-3.970212765957447,3633.0,6707.0,0.18559777203103242,8359.0,0.13610235490450584,-0.19763129560952267,0.07171611748919039,0.13878185308521926,1,1
5302,2020.0,4583.66,0.02293533033066484,-0.6156632064590541,-22.00878639139721,9.556652851047561,0.49469633429267795,2279.107,0.8469820811360871,-0.62,543.697,35.547,630.028,-213.512,-0.43421989205107037,4235.840999999999,4510.371,-0.040094448573638,4544.31,-0.10180910518353067,-0.0074684605583686635,0.01624899592516885,-1.5720325667664814,1,1
5324,2020.0,5601.3,0.061821219715956555,5.2874341610233255,32.00985484559556,6.530783636258057,0.42878782211916067,3054.5,0.5160536956794471,5.3,1555.6,58.8,155.4,702.7,0.20402415655304573,9359.800000000001,5347.4,0.06781443915808572,5408.9,0.091006591006591,-0.011370149198543143,0.04748101881288113,-0.088376745668545,1,1
40803,2020.0,572.554,0.07994080317054206,3.984441883437603,19.20971675309382,2.9329814710836613,0.623679918629325,214.589,0.43533161561217676,3.99,527.676,0.834,2.342,96.806,0.15268218208429807,1208.3039999999999,570.23,0.0739047619047619,498.33,0.06523039210854042,0.144281901551181,0.0040755484629008566,0.08167323877666445,1,1
81939,2020.0,238228.0,-0.0698146581558102,5.555555555555555,24.346799999999998,4.30324430479183,0.05341245006513713,218710.0,3.7724459973549727,5.01,11319.0,1042.0,4015.0,900.0,0.1767478397486253,20037.0,231051.0,0.014694597286397701,214319.0,0.0005697814720471913,0.07807053970949845,0.031062406135441957,-5.751042631187675,1,1
5384,2020.0,30117.0,0.038739619479389364,3.5710157895717987,27.339559876801,2.5805457999093364,0.71165219797323,8337.0,0.31881485075367466,3.57,24572.0,-253.0,10948.0,4789.0,0.09438871040857756,77745.0,28913.0,0.05280684537264718,30557.0,0.051631101299975474,-0.05380109303923814,0.04164216788295922,-0.2663901960813652,1,1
5395,2020.0,268399.0,0.031116312333398347,5.095238095238095,14.580280373831778,1.514555618188651,0.18484204131227217,209313.0,1.154314022539998,5.1,46127.0,1659.0,8056.0,6634.0,0.10387698860077665,183421.0,256776.0,0.029822566071324212,194579.0,-0.003023577798591033,0.31964908854501256,0.04526513381312895,0.043381453459772276,1,1
5431,2020.0,47994.0,0.07716076341878848,3.8766971627208484,23.460692487046632,8.913559893079091,0.7934457728437233,9675.0,0.5549960306645971,3.84,40409.0,1967.0,10706.0,9843.0,0.3799359246535685,69953.0,46840.0,0.11662736827138405,42294.0,0.07526894732383799,0.10748569537050173,0.024637062339880444,-0.3383991719744497,1,1
5434,2020.0,2848.6,-0.04252191430282572,1.0243362831858407,53.75187904967603,2.5535727477939667,0.6358162145209346,1161.2,0.5195619938405384,1.12,712.7,-392.6,45.0,46.3,0.04750666940283193,5849.299999999999,3188.5,0.00754452573775033,2247.4,0.014775835414436915,0.4187505561982735,-0.10660185039987458,-6.636128204859851,0,0
5457,2020.0,1088.0,0.08336741649625085,3.326952630018064,9.02327244732577,1.4213324227725301,0.3049125891200312,711.7,0.747045089741719,3.28,625.0,134.1,217.3,123.4,0.15751850906305848,1079.5,1023.9,0.09003356194367432,1000.3,0.07436875862628886,0.023592922123363017,0.06260376989940426,-0.07404067220614756,1,1
138170,2020.0,5271.112,0.06512999610238042,1.856876221875575,2.6549965700031177,-0.5003503647515597,0.39387646422926337,3074.281,1.3214985559242283,1.78,-1461.188,164.077,409.964,272.595,-0.1884561247289943,2951.8329999999996,5072.037,0.0710235155721784,5271.944,0.1501384179941513,-0.03791902948893238,0.03924951651575093,-0.08297983312032234,1,1
39426,2020.0,21435.0,0.05005775177912739,5.707956600361664,7.9310343735149695,1.3954075973356375,0.685379817140904,7364.0,0.47877758913412566,5.67,30770.0,692.0,7955.0,6313.0,0.17594269947883281,39255.0,23406.0,0.12913453474338782,30391.0,0.3258714496495758,-0.22983778092198348,-0.08420917713406818,-0.6123596845832092,0,0
5551,2020.0,2465.1,0.08395169503855666,-0.15478033099178473,-148.7269076923077,2.104844261275272,0.39841550711815327,1495.9,1.2106723793758216,-0.15,549.9,294.8,461.0,-9.1,-0.014152410575427682,1464.1000000000001,2486.6,-0.004430595452553678,2567.2,0.10227489963678073,-0.03139607354315983,-0.008646344406016247,-19.94817433403204,1,1
5584,2020.0,1169.1,0.028629655195082666,3.591400762398653,22.601209213362072,1.8794679107486896,0.30777912132204754,858.7,0.2262530094112497,3.59,795.2,13.5,72.1,185.6,0.08315784757381603,5245.5,1240.5,0.03385131684540745,1498.6,0.03370764762826718,-0.17222741225143462,-0.057557436517533325,-0.15425283672629708,0,0
5634,2020.0,1808.4,-0.16503485548680188,-0.04322200392927309,-75.19318181818181,0.3390551342488215,0.1962541128828145,1587.8,1.2860490853460063,-0.04,246.6,29.1,74.1,-2.2,-0.004509120721459316,1234.6,1975.5,-0.0014321984245817332,2212.7,0.055136540962288684,-0.10719934921137066,-0.08458618071374331,114.23183705148924,0,0
5666,2020.0,178.262,-0.011415194379989928,0.30913183746719364,46.614415771812084,2.094035093802055,0.5894006563417583,71.317,0.09278569703859295,0.12,0.0,10.855,20.179,29.8,0.0449224785751434,1848.199,173.69,0.015919245620070643,152.604,0.03259236326349616,0.13817462189719787,0.026322758938338436,-1.7170688016521272,1,1
5683,2020.0,2884.554,0.0028535282846497536,5.180804150453955,15.657800921289809,2.1281654708082764,0.31357751312286486,1993.826,0.932704543681165,5.16,1713.262,-35.158,92.548,179.748,0.13591726459586187,2764.0119999999997,2904.663,0.05771815054538238,2709.468,0.03255918932486924,0.07204181780334744,-0.00692300621449026,-0.9505609889144647,1,1
5718,2020.0,7414.0,0.08725634424420743,5.090909090909091,31.652499999999996,-39.2491,0.5241536705971852,3753.0,0.7411200902086074,5.21,-1201.0,-256.0,1001.0,868.0,-1.24,8862.0,7887.0,0.08156361586168014,7343.0,0.102667658624721,0.07408416178673567,-0.0599721059972106,0.06979494867149248,0,0
5750,2020.0,1954.37,-0.10816241484204844,7.517782064275672,3.564881207098698,0.749645722145201,0.7054762441611289,829.454,0.24032547157896605,0.52,6040.143,-53.163,306.76,1149.732,0.21028631210836476,10809.648000000001,2816.255,0.09811252357809494,2544.652,0.03719436906490761,0.10673483053871416,-0.30603940339209346,-2.1024322981148686,0,0
5764,2020.0,510.369,0.09191905303551116,0.6813866875752569,24.479492047836274,3.5736281062142283,0.3771761767546121,321.189,1.4603258207108247,0.68,-151.466,16.633,75.527,24.333,0.1459845694196134,230.745,515.698,0.06890487881542395,566.735,-0.009605759440118173,-0.09005443461229681,-0.010333567320408361,0.3339991973824591,1,1
5771,2020.0,93753.0,0.006346229483545164,3.104293510668505,11.345576659861464,1.2891365598631368,0.7716768349047883,25935.0,0.04666611067266099,2.77,149686.0,-15844.0,443264.0,27430.0,0.11362459560331221,556012.0,113589.0,0.011269149440096233,111313.0,0.011954519566091755,0.02044684807704401,-0.17462958561128278,-0.43684929219547464,0,0
90883,2020.0,6207.0,-0.009389113382457808,4.416601409553642,7.960872340425531,4.066967391304347,0.32610267534345627,4660.0,0.7694447535328808,4.13,791.0,40.0,509.0,564.0,0.5108695652173914,7638.0,6915.0,0.06275731612328919,6405.0,-0.011338745007086716,0.07962529274004684,-0.10238611713665943,-1.149609861645653,0,0
5864,2020.0,1546.291,-0.01777073296448567,3.5253432196026186,13.309342403628117,1.8933391615338764,0.46504111420560174,905.863,0.2620382017954686,3.53,1220.446,-205.787,20.428,304.29,0.14225640186533584,6309.521000000001,1693.332,0.047087992445865985,1592.668,0.06485909186238484,0.06320463524099199,-0.08683530459472812,-1.3773941517025923,0,0
5881,2020.0,17640.0,0.014719988194495683,-2.226551628165878,-17.080223750000002,-10.680894636118598,0.13685805508956111,15950.0,0.7913579718213353,-2.35,-2724.0,-149.0,262.0,-232.0,0.6253369272237197,21770.0,18479.0,-0.00993533467517451,18313.0,0.004953366950778705,0.009064598918800851,-0.045402889766762274,-2.4815795014209856,0,0
5893,2020.0,473.107,0.018513473869494153,0.8917395643750367,14.836170254789652,1.073518631439542,0.16563458999811406,486.677,1.299370463931994,0.9,111.493,-5.258,8.159,15.189,0.07235820383585659,399.25,583.29,0.03383589291203871,515.16,0.022625121337449223,0.1322501747030049,-0.1888991753673129,-0.4528451216693881,0,0
6012,2020.0,1783.639,0.04337802884184134,0.8422807281480367,38.19391673692183,4.561293571774135,0.610218940240064,706.355,0.8674314478028737,0.84,1117.682,-12.281,432.744,139.966,0.11942460898137634,1539.8229999999999,1812.184,0.0669970102501606,1748.598,0.05720389800662047,0.03636398989361764,-0.015751711746710088,-0.3525378419145598,1,1
6021,2020.0,9385.0,-0.05238095238095238,0.25171192443919715,76.35712945590994,1.6399713900026192,0.38097149739060615,6013.8,0.6210778672803989,0.44,-3324.1,-124.8,370.9,106.6,0.021477645921060582,14169.7,9714.9,0.0068149852959979535,8630.9,-0.3904800072249441,0.12559524499183167,-0.033958146764248694,-8.686143125167517,0,0
6025,2020.0,11497.0,0.06838453914767097,3.4715346534653464,12.51607843137255,1.6390102707749767,0.46293634496919916,5231.0,0.2436583779456647,3.92,2026.0,-1140.0,2482.0,2805.0,0.13095238095238096,36878.0,9740.0,0.07017061089708311,7253.0,0.01646150132754043,0.34289259616710327,0.18039014373716633,-0.025453273479857763,1,1
6027,2020.0,492.625,-0.11378582950738304,-0.144264414183512,-43.461861578866056,1.025539757037793,0.2257294368256314,634.994,0.911163353438976,-0.14,66.172,-7.403,56.863,-12.946,-0.023596314556771684,763.4389999999999,820.119,-0.014383181920698072,946.548,0.03524688432872488,-0.1335685036575007,-0.3993249760095791,6.911033186866664,0,0
16861,2020.0,44538.0,0.15174880763116058,1.6296534017971758,60.49139031114612,19.06736685288641,0.4534930353180226,20441.0,1.1933826813859996,1.63,-247.0,3882.0,8787.0,2539.0,0.31520794537554314,20307.0,37403.0,0.0810095080084232,39117.0,0.16987814647721045,-0.043817266150267146,0.1907600994572628,0.873222185417816,1,1
11565,2020.0,2121.1,0.067908125277577,5.8522743055555555,26.794711220412292,5.71283929299925,0.5937752082055358,891.349,0.6239894984909484,5.87,2515.769,55.486,151.164,337.091,0.21320772021036719,3280.1440000000002,2194.226,0.09586124858415326,2254.668,0.11031092553899255,-0.026807494495863695,-0.03332655797534083,-0.2915998249494652,0,0
6068,2020.0,10715.0,-0.07234221010694065,3.1876606683804627,11.563338709677419,5.8584433094994885,0.40279567121875803,9271.0,1.5943309027421178,3.2,-2150.0,-104.0,853.0,496.0,0.5066394279877426,7308.0,15524.0,0.05093971449111636,15860.0,0.0715191478569617,-0.021185372005044136,-0.3097784076269003,-2.420153427038873,0,0
17583,2020.0,9789.0,0.05302671092144776,10.554273860530042,18.393496565025714,3.2973589074025287,0.45104461756373937,6201.0,0.2978667299527991,10.32,12716.0,134.0,580.0,2722.0,0.17926765015806112,36633.0,11296.0,0.0717770218600849,11458.0,0.07356715141146279,-0.014138593122709025,-0.1334100566572238,-0.2612299932865306,0,0
46542,2020.0,128.432,0.03106604869177347,5.689348262991674,8.231171275736779,1.1272522391773097,0.3359458117596993,93.625,0.3169931628043969,5.68,273.515,37.635,122.892,39.632,0.13694919002598552,311.93,140.99,0.08910612829465817,135.375,0.09227010724393951,0.04147737765466304,-0.08907014681892347,-0.6513590110318388,0,0
12628,2020.0,506.397,-0.15504611008304403,1.8548653344917463,9.283692826529895,0.75285193633116,0.5579157904948314,309.886,0.8272859456065563,1.85,540.529,-4.021,186.212,42.699,0.08109401618499744,625.608,700.966,0.0503937175147644,679.567,0.08111612331693653,0.03148916883839269,-0.27757266400938135,-4.076695225701864,0,0
6129,2020.0,11526.0,0.027299516281483402,2.615630105673744,24.273309846938776,2.515520893572022,0.3355885159163848,7660.0,0.22853235014272122,2.64,5272.0,101.0,248.0,1372.0,0.10363320492484326,48906.0,11529.0,0.027196320964161115,11537.0,0.027420792832757085,-0.000693421166681113,-0.00026021337496747333,0.0037944587232323092,1,1
6160,2020.0,6301.1,0.007113366222774889,7.115574438865285,14.930628709288298,2.2693411994784873,0.8828878478919813,807.5,0.05039231621505477,6.66,11462.0,-122.4,43935.1,1492.2,0.1519923402868318,-16227.30000000001,6895.1,0.01090563070239804,6667.0,0.011771958022123476,0.034213289335533276,-0.08614813418224536,-0.34773454035897894,0,0
6136,2020.0,36799.0,0.0717128786345544,13.393069920404175,25.682685302491105,6.546623943757797,0.24458497089329512,25564.0,0.823602424006425,13.28,8651.0,666.0,2245.0,2248.0,0.2549041841478626,36618.0,33841.0,0.054710506461583396,30095.0,0.08575677900831274,0.12447250373816249,0.087408764516415,0.3107697821242018,1,1
55952,2020.0,3076.4,-0.003496272841216439,0.7727272727272726,38.53882352941177,2.2487525474632633,0.2144678504973468,3419.5,1.362216798097384,2.95,513.9,168.0,535.1,54.4,0.05835031642175265,2152.4,4353.1,0.01702340718487921,5125.0,0.03261711466192375,-0.15061463414634138,-0.29328524499781766,-1.2053803215329273,0,0
6145,2020.0,773.679,0.020440163252962495,2.0259582567603043,36.39265505790881,2.59434544381691,0.31481620425203516,511.402,0.21769928953399986,2.19,307.717,-2.985,9.648,61.735,0.071287611186618,3305.436,746.372,0.018006658394716685,706.143,0.01991234362384979,0.05697004714342552,0.036586313527302766,0.13514472285206583,1,1
6155,2020.0,1198.67,0.024292392035682578,4.006184095774201,17.889841876113202,1.7732850177578865,0.3575557869799907,808.137,0.21281905262691303,4.01,625.598,-3.241,12.07,202.12,0.0991224534033252,5801.942000000001,1257.91,0.034195599778165095,1192.009,0.03489491132412157,0.05528565640024535,-0.047093989236113874,-0.28960473881806303,0,0
6139,2020.0,80303.0,0.0016883502807694295,4.728346812834478,11.378183988950841,1.3340057502698812,0.7897670151191278,21539.0,0.053151790740082645,4.08,165386.0,-32037.0,243390.0,19549.0,0.11724241333813122,361539.0,102453.0,0.010141863656289963,100858.0,0.011811382875420055,0.015814313192805726,-0.2161966950699345,-0.8335266241010528,0,0
6178,2020.0,20139.658,0.035848739160087996,4.211704637323897,13.362760413265857,1.6399110936557781,0.15112485987560775,19175.12,1.2313583686942025,4.14,10812.09,135.719,1834.645,1271.143,0.12272247970769269,15308.323,22588.858,0.06929224004405422,25067.279,0.13173490735906657,-0.09887076295755907,-0.10842513596747567,-0.4826442450511588,0,0
11466,2020.0,1827.889,-0.24281005082503926,-3.5220911544409743,-4.233280555842545,1.3794049914620712,0.16940282912558025,1701.166,0.7473096838246803,-3.52,1516.147,19.396,383.834,-348.444,-0.3258477611549489,2210.896,2048.124,-0.12713857924159228,1909.482,-0.07516005321065714,0.07260712591163458,-0.1075301104815919,0.9098062309131584,0,0
11007,2020.0,117.138,0.07987766909174031,-0.13779382506816004,-23.223101604278078,2.0638015429214125,0.42752613545746915,65.329,1.1192659650637033,-0.14,-117.153,7.292,25.919,-5.61,-0.08886847149397246,67.68299999999999,114.117,-0.05502319605323814,99.123,-0.13486325597446294,0.15126660815350623,0.026472830516049324,-2.45170900313486,1,1
136196,2020.0,1178.062,-0.028155822253007876,-62.049305802776786,-0.00013859945552549823,0.00022657209514988805,0.22017142590503838,969.316,0.6389816070953975,-64.34,130.587,21.066,199.121,-697.186,-1.6347257230617724,1694.03,1242.986,-0.35840229151769354,1362.062,-0.1269875318508376,-0.08742333315223522,-0.05223228580209286,-0.9214407303765303,0,0
6247,2020.0,2122.3,-0.01620517222077098,2.1669165417291354,20.522248616236162,2.1496429520473486,0.3850600466033339,1372.3,0.20242555082862404,2.17,3008.2,-94.3,0.0,433.6,0.10474695011474816,10829.4,2231.6,0.03933129541104651,2270.3,0.039586550806616674,-0.017046205347311046,-0.04897831152536285,-1.4120172511841456,0,0
6266,2020.0,5758.0,-0.11726656107557823,-0.07165504121750159,-240.7367256637168,1.125263702171665,0.20001636661211136,4887.9,0.6650122989181306,-0.07,137.7,42.1,220.9,-11.3,-0.004674250258531541,8315.0,6110.0,-0.0012298918130564445,6946.1,0.03644386156000622,-0.12036970386259921,-0.05761047463175123,94.34705396904404,0,0
35707,2020.0,82.128,0.035312064751454965,0.9355877616747181,29.061944922547337,1.8002107902312197,0.5699858423784805,36.448,0.10942012240698451,0.88,-30.005,-4.765,11.968,18.011,0.061943919962306075,762.6610000000001,84.76,0.023251130541201013,82.403,0.026462648800376992,0.028603327548754283,-0.03105238319962252,0.5187246352981405,0,0
6248,2020.0,8542.242,0.026552949955617185,3.0940375908372637,24.45671643553732,5.022492970150262,0.23547585403006402,7770.904,0.4659962687718448,3.09,-374.0,8.983,20.958,1278.577,0.2053625221271417,20581.263,10164.367,0.0586177291057573,12593.196,0.06317045760643662,-0.1928683552610473,-0.159589377282422,-0.5470150352001742,0,0
6331,2020.0,890.107,0.03717526763198537,2.16263260122516,23.716464817437565,2.635638210477017,0.2316099023059196,706.537,0.4044269098058362,2.19,215.904,20.338,21.199,86.847,0.11113115849117446,2131.6209999999996,919.503,0.03819809596695981,916.447,0.04011903433686542,0.003334617277376695,-0.03196944436287872,-0.026776945527838766,0,0
6342,2020.0,418.692,0.024359096138217816,0.10120867069556899,22.725325648414984,0.5772071030171718,0.26590296078999415,261.006,0.30247297457095773,0.1,-249.748,-38.964,41.563,8.675,0.025399288527134054,1127.96,355.547,0.007380045547854598,366.163,0.016296376837857757,-0.0289925524971119,0.17759958599003783,2.300670162570891,1,1
6343,2020.0,7055.0,-0.040396582638962134,3.7155963302752295,17.526123456790124,1.5327315914489312,0.28938547486033517,5088.0,0.7155706576054367,3.71,1709.0,94.0,179.0,405.0,0.08745411358237962,9012.0,7160.0,0.040475714571257246,7057.0,0.05577730017398424,0.014595437154598271,-0.014664804469273743,-1.9980449528035928,1,1
6344,2020.0,6103.0,0.02803422652555731,-2.5661752441074204,-4.64894205,3.9819632119914345,0.2422795763091153,5079.0,0.6975026014568159,-2.56,-1932.0,39.0,551.0,-400.0,-0.8565310492505354,7783.0,6703.0,-0.04162330905306972,6890.0,0.02649757706980101,-0.02714078374455733,-0.08951215873489482,-1.6735222922765143,0,0
6347,2020.0,762.857,-0.11054556544682856,4.019542253521126,17.265647584424688,2.237193481624978,0.6145131134701713,438.548,1.1009107105012828,4.09,362.132,44.133,52.46,68.493,0.1295748375892455,915.4179999999999,1137.647,0.06628126061455299,1121.442,0.09115247217615853,0.014450145437748833,-0.32944314009530196,-2.667825331350996,0,0
16367,2020.0,18262.0,0.016060289835197212,12.399538106235566,12.873866641832743,1.5251161713113126,0.788660747317795,4570.0,0.05270354257302672,11.43,43014.0,-547.0,28474.0,5369.0,0.11846605326449107,93281.0,21624.0,0.013085706625720518,19993.0,0.013865529733335076,0.08157855249337267,-0.15547539770625232,0.22731544383167074,0,0
6360,2020.0,13841.0,0.054152178359582734,5.274100475220638,25.310477232502016,5.953997577592734,0.4289956447142669,8653.0,0.8557714027558165,5.25,16556.0,314.0,1278.0,1243.0,0.23523845571536714,14332.0,15154.0,0.07019426248023493,15384.0,0.08373399937558539,-0.014950598023920956,-0.08664379041837139,-0.22853839550161628,0,0
6365,2020.0,18728.5,0.045944798301486206,6.89546635864857,11.471305331044013,2.822176775429884,0.20793993679613434,20276.5,0.902634241972279,6.88,9298.4,739.2,5337.2,2387.9,0.2460205437817455,21280.699999999997,25599.7,0.08419631114449017,23495.7,0.08614180767902552,0.08954830032729393,-0.2684093954226026,-0.4543134054573975,0,0
6379,2020.0,18469.0,-0.013325703073904512,-14.439655579636346,-0.7527880384716041,1.1200946631619937,0.35688014478370017,11016.0,0.20105404009577915,-14.5,-7902.0,-98.0,1570.0,-7642.0,-1.4879283489096573,81672.0,17129.0,-0.0896990469036105,16759.0,-0.08879797389440873,0.022077689599618117,0.0782299025045245,-0.851439858795555,1,1
94982,2020.0,11370.0,0.05903366705191901,7.534803042716642,20.104042420382168,2.5006329715352837,0.3874780681503371,6633.0,0.16491281504606717,6.22,10191.0,-29.0,139.0,2198.0,0.12438458491313452,64292.0,10829.0,0.033472930785045305,11687.0,0.017315874534120517,-0.07341490545050056,0.04995844491642811,0.763624088700756,1,1
27231,2020.0,213.786,-0.10636249123633813,-0.9363762102351313,-32.828685376661745,7.017110656581604,0.23760361476670652,142.745,0.9874480518110669,-0.96,-15.512,24.551,28.036,-15.571,-0.21374936510769146,145.191,187.232,-0.08212032993692382,201.246,-0.25477128462943993,-0.06963616668157384,0.1418240471714237,0.2952029213476685,1,1
6443,2020.0,46.276,0.029747052204119575,0.4655197621716458,29.880578936348407,2.0146058937709546,0.3368713966741095,39.797,0.34935326510891457,0.5,-21.106,-65.597,122.355,9.552,0.0674219163578613,44.695999999999984,60.014,0.05560406552338374,51.116,0.6012411901446114,0.17407465372877384,-0.228913253574166,-0.46502019368332437,0,0
6450,2020.0,13695.52,0.06111710653900416,11.771201743462019,14.44287539243198,3.6637031826230557,0.2836757743749373,10257.995,0.8147338321379055,11.63,10718.49,2397.63,3370.698,1512.364,0.25366854473748524,12792.836999999998,14320.324,0.08604373178340177,14302.392,0.069242491899687,0.0012537762914064095,-0.043630577073535494,-0.28969716593819417,0,0
6475,2020.0,2486.597,0.05535477505581901,3.770564957480845,13.905078043007393,2.5034568556387082,0.19244425313275265,1887.324,1.5887784646153993,3.88,299.805,132.495,139.39,89.566,0.18003903666672696,1235.395,2337.082,0.0608881211535337,2263.061,0.09732698413214091,0.03270835386231291,0.06397507661263077,-0.09087726789535792,1,1
6476,2020.0,93.826,-0.21524110456072595,1.0602409638554218,9.469545454545454,1.4950551892116672,0.6988001689902831,35.647,0.494530290241436,1.09,2.735,-2.616,1.452,13.288,0.15788035406641715,211.92200000000003,118.35,0.05552444864155642,87.996,0.009320210476981743,0.3449474976135279,-0.20721588508660754,-4.876510435074037,0,0
36808,2020.0,4056.8,0.11894182417201317,3.0604793756967665,23.61721518987342,9.324104407852161,0.7349090459101597,1071.1,0.4725344123872899,3.06,1487.9,724.6,982.2,1098.1,0.394801179262242,7489.100000000001,4040.5,0.12842223443694667,3772.5,0.11922544951590595,0.07104042412193505,0.0040341541888380605,-0.07382218746231389,1,1
10917,2020.0,7811.0,0.009950248756218905,9.933114812189936,11.038833444816055,1.5794917211676505,0.1718421378201163,6694.0,0.11525737915300156,9.98,4872.0,799.0,4220.0,897.0,0.143085021534535,64519.0,8083.0,0.012790531869385427,6989.0,0.008352244074634392,0.1565316926598941,-0.033650872200915505,-0.222061376506542,0,0
6531,2020.0,273.25,-0.34227719695015907,4.6636495771670194,6.507778832395982,0.8821546054210794,0.7997882052838325,94.342,0.3867971611458516,4.67,319.928,-10.066,7.798,70.589,0.1355538699363412,1135.805,471.211,0.05794352170922266,441.009,0.21028500758685595,0.06848386314111503,-0.4201111603931148,-6.90708308459063,0,0
6544,2020.0,256.279,-0.11919835971754364,-0.14019342359767892,-38.01890176600442,0.9759553745351515,0.19045383547630856,279.359,0.14676385114918894,-0.52,-1420.908,-12.817,19.628,-10.872,-0.025670267398618735,2331.6389999999997,345.081,-0.004623890013341743,373.775,-0.04587266965308089,-0.07676810915657806,-0.25733668327146386,24.778805156180066,0,0
135126,2020.0,3017.8,0.08543791098827791,2.1135757280457295,21.702558082653923,3.950867449715952,0.3833694034897876,1823.5,0.7143857953859162,2.14,174.5,8.2,82.5,355.7,0.1820461640820922,3731.9,2957.2,0.0859282522043725,2965.1,0.0912649415473532,-0.002664328353175303,0.02049235763560137,-0.0057064027664424045,1,1
6581,2020.0,70372.0,0.07662670311457415,5.258087706685838,25.992339349193326,12.85729541458136,0.5897768049909918,27551.0,0.8550422040307077,5.23,47646.0,-5199.0,5738.0,7314.0,0.4946571080752063,64796.0,67161.0,0.09311622340764128,64661.0,0.16117607665361633,0.03866318182521149,0.04781048525185748,-0.17708536374891226,1,1
6610,2020.0,41908.0,0.062348844899467674,2.9405493314058546,13.324041049591347,3.434751449481988,0.8313236714975846,8729.0,0.3089755148099278,2.92,86030.0,125.0,9830.0,16273.0,0.2577860152710452,153439.0,51750.0,0.09715861937201846,53647.0,0.06995897680370337,-0.03536078438682499,-0.19018357487922705,-0.35827778016549244,0,0
6615,2020.0,33039.0,0.015179752082092842,3.0187623896753393,15.10221544959128,1.3759962934458787,0.25965503223183695,25496.0,0.27555470206518,3.02,13073.0,-659.0,945.0,2936.0,0.09111221449851042,120472.0,34438.0,0.023492322587356073,35985.0,0.016796750956829844,-0.04299013477837988,-0.040623729601022125,-0.35384200409955135,0,0
6619,2020.0,1485.702,0.020783892219033588,1.0171408640191342,46.148966834860126,2.6701368923382955,0.6076956969378167,349.03,0.09503241032751067,1.04,1210.072,1865.295,1868.922,224.543,0.05785908278062079,7418.144,889.692,0.023984550285009,838.091,0.027566675320080593,0.06156968634670937,0.6699059899380909,-0.1334466574499798,1,1
17810,2020.0,20841.0,0.09421267979921542,-0.6959163221172218,-71.71839259087393,14.903870398585662,0.6513942210547585,6901.0,0.4017779221042804,-0.7,33675.0,727.0,2117.0,-1293.0,-0.2078109932497589,46829.0,19796.0,-0.026242617361125205,19627.0,0.12514827995255043,0.008610587456055434,0.052788442109517074,-4.590064150338084,1,1
6630,2020.0,18784.0,-0.04313456194704398,6.6266126385882895,9.81346029211295,2.0167795671936193,0.44370067860103785,18117.0,0.46185154721048305,6.43,34385.0,-789.0,10317.0,7189.0,0.20551156342014237,56997.0,32567.0,0.10195138554046006,36417.0,0.08941126036010288,-0.10571985611115688,-0.42321982374796574,-1.4230895119117901,0,0
6632,2020.0,7132.6,-0.08546282017527362,5.772343103758317,15.101319937694704,1.084363900886174,0.5785144817842366,4176.5,0.7269459320666128,5.63,4112.9,51.4,503.4,417.3,0.07180590209068227,12244.800000000001,9909.0,0.03061404152299905,9656.8,0.06291460505575831,0.02611631182172156,-0.28018972651125235,-3.791621619480361,0,0
6660,2020.0,1467.644,0.13867078390231244,5.736674709366089,6.934330777907355,0.9213352875282905,0.12900658721680178,1163.446,1.468993488462118,5.5,380.577,-0.778,10.702,52.307,0.13286578287607034,827.413,1335.769,0.057523900016386076,1199.581,0.006547435332590395,0.1135296407662343,0.09872590245768542,1.4106638086571168,1,1
107889,2020.0,1252.658,0.020281001832620646,8.14398192024495,9.815837115413881,1.4994700820339049,0.187646446468683,687.494,0.5196101967251564,6.21,257.797,199.654,250.018,111.711,0.15276028568967143,1371.1870000000001,846.299,0.06858825862533684,800.993,0.04239746846169799,0.056562292054986654,0.480160085265373,-0.7043079640874751,1,1
6684,2020.0,3554.075,-0.034777631315040206,1.141743278047979,3.5296901479376603,2.4009754418097424,0.4499443859443859,1762.997,0.5862783295834935,0.23,4598.787,57.18,1040.321,194.609,0.6802227224428165,4144.454,3205.125,0.035597687903565094,3522.38,0.03744661515514315,-0.09006836286828794,0.10887250887250882,-1.9769632064097409,1,1
79086,2020.0,1727.607,-0.021518472796853472,-20.470748366660068,-0.49143293737049404,-4.908525888717156,0.5703598724800971,729.095,0.751820639436747,-20.86,-721.486,11.37,225.72,-827.182,9.9881906877898,1929.2949999999998,1696.99,-0.3664679816443039,1674.535,-0.043497345609787796,0.013409692840101834,0.0180419448553026,-0.9412814382847245,1,1
6755,2020.0,1040.93,0.07006528591197636,0.8280299311227146,52.25656509944127,2.3708666230312083,0.2604878744719489,611.649,0.37005645041137614,0.82,-506.689,4.813,83.31,55.661,0.045369737152060885,2139.0150000000003,827.098,0.024903593148995172,974.579,0.052832252439106185,-0.1513279067166438,0.25853284616816885,1.813460912760029,1,1
11579,2020.0,518.499,0.03527583330157238,0.8550185873605949,45.78847826086956,1.5137673698742784,0.19109594338528166,418.349,1.106478024693471,0.85,264.875,56.914,124.681,9.89,0.033060006083843387,291.55,517.18,0.021159108365014945,448.716,-0.01663445369356043,0.15257757690833387,0.0025503693104916543,0.6671701232882958,1,1
46077,2020.0,9603.0,0.03806193806193806,3.359126984126984,17.57897223862965,1.9723772284445622,0.3182810639142517,6869.0,0.21110412738319714,3.35,10917.0,-23.0,158.0,1693.0,0.11220094108290808,46214.0,10076.0,0.03547035407500524,9696.0,0.03172572033711336,0.039191419141914194,-0.04694323144104803,0.07306338080112437,0,0
53780,2020.0,11036.082,0.11526272832128603,3.7622809776675856,10.312892692042883,1.9209916125888116,0.23735261002273877,7788.885,0.9530926741645847,3.67,2220.329,117.756,1251.456,1016.7,0.1862708815026254,9028.225,10212.957,0.0948803879055922,10188.331,0.10046450517528008,0.002417078911158285,0.08059614859829528,0.21482142796438247,1,1
27233,2020.0,556.821,0.014763703168106058,0.11337587322708441,92.08308348893037,1.7239682991505487,0.5857592658064301,223.789,0.7502110771042444,0.11,116.976,105.797,140.319,7.498,0.018721878480077104,569.2760000000001,540.239,0.010412211365946599,529.173,0.04596402668443127,0.020911875700385378,0.030693822548908897,0.41792196193703135,1,1
36972,2020.0,65.463,-0.15399909890497365,-0.36176326301773076,-14.65046493607129,0.8647681013584594,0.4055388957488093,50.55,0.6723356815863754,0.22,-37.789,-3.362,53.083,-5.162,-0.059026666056808307,69.02300000000001,85.035,-0.04081374479154312,176.426,0.03550727547755779,-0.5180132180064163,-0.23016405009701893,2.773216588958612,0,0
22361,2020.0,150.409,-0.12977948170151743,0.31205782836050444,9.613602759980287,1.2039625960559208,0.2542752485609628,142.508,1.9870441807991848,0.31,-61.853,1.365,1.847,4.058,0.1252353177174953,83.95400000000001,191.1,0.04219479479687646,200.352,0.0333087964666912,-0.04617872544321998,-0.21293040293040294,-4.07572254649582,0,0
36579,2020.0,8168.0,0.01722758097805484,7.501342116336094,10.992699535783366,1.7271617261814314,0.20640658107939674,6367.0,0.20661859387071851,7.32,5851.0,30.0,6314.0,1034.0,0.1571189788785899,5322.0,8023.0,0.026628895184135977,7475.821,0.02289837062721962,0.0731931650048871,0.01807304000997133,-0.3530493526326214,1,1
39804,2020.0,598.302,-0.2684258796592052,-0.40625772421801765,-12.89821629874528,1.3531637547827198,0.24951141557367468,917.404,1.1606419563661086,-0.41,808.89,-66.239,50.023,-87.111,-0.10491092128098005,950.048,1222.409,-0.0827093726085198,1721.005,0.14621951016189,-0.289712115885776,-0.5105549779165566,2.2454106613735214,0,0
6923,2020.0,6106.288,0.08038469405493613,2.3502636841658235,31.81770645728272,7.671488722280971,0.4118715219228493,3238.82,0.9779859682746476,2.35,826.839,10.248,241.016,304.385,0.24110753339749455,4854.627,5506.994,0.05405567156115997,5564.551,0.04898743052052292,-0.010343511992252509,0.10882416069456402,0.48707234103986347,1,1
7027,2020.0,2907.0,0.04125081717149706,5.855392156862746,14.620711594809542,1.485639913232104,0.3106547251389747,2232.1,0.7308100300178302,5.69,1648.9,82.8,331.4,238.9,0.10161201139891966,3762.2999999999997,3238.0,0.053919245265985065,3645.6,0.05000216272330118,-0.1118060127276717,-0.10222359481161211,-0.23495188094704056,0,0
35816,2020.0,669.729,-0.12761600066726542,-0.38585261330657195,-43.02160832278926,1.8875399774861605,0.20069333298411002,854.49,1.5655844659852938,-0.48,275.25,-56.396,92.379,-14.226,-0.04387423090564234,542.9259999999999,1069.039,-0.020833668942954176,1212.013,0.010155999229633434,-0.11796408124335295,-0.37352238786424063,5.125469355239246,0,0
12977,2020.0,20390.0,0.038595355611295415,5.036430178289628,9.655648600000001,1.3741000822238387,0.16512230674409556,17812.7,2.0236263788377453,5.0,3688.3,-6.9,42.5,450.0,0.14231048986433067,10210.5,21335.7,0.042681133990306645,21412.8,0.037130453535363005,-0.003600650078457677,-0.04432477022080366,-0.09572797151873133,0,0
7142,2020.0,63.075,0.0375071002556092,1.0774185556794253,27.13894228558289,2.840744680851064,0.2800358681111912,48.977,0.26330925784001796,1.08,28.333,1.384,1.631,8.698,0.10467411187060749,252.23999999999998,68.027,0.03366698406062999,65.535,0.03323465112042266,0.038025482566567556,-0.07279462566333952,0.11406178195420315,0,0
7187,2020.0,2161.22,0.14129909529226936,0.6210377148162515,53.39450279571371,13.309974820717128,0.5070184378189382,993.593,1.1554143143450724,0.62,398.906,-21.209,94.276,203.347,0.24927612626417409,1614.866,2015.477,0.1165729177654359,1821.565,0.21173377057810633,0.1064535166189513,0.07231191425156412,0.21210910733646257,1,1
43903,2020.0,12531.565,0.006713547169505704,4.655393455258917,24.098929785035835,11.915337996677234,0.3026221029108104,11185.295,1.7157085296287575,4.63,2330.702,-66.669,1361.44,1660.928,0.4944343214807834,6690.445,16039.073,0.17767038884973174,14983.541,0.26136611164446794,0.07044609815530262,-0.21868520705654246,-0.9622134717384796,0,0
13106,2020.0,498.819,0.0720615756788793,1.4337561124694378,71.4835662136957,3.1389550428912876,0.8070066374191597,81.647,0.16628572753739854,1.43,-65.747,30.725,119.475,93.825,0.0439115619037189,2421.786,423.056,0.036878707277987824,459.042,-0.042182447830288856,-0.07839369818012293,0.17908503838735307,0.9540157721822164,1,1
7252,2020.0,8420.091,-0.009453327780163771,-0.45816284395059875,-118.53863908234331,1.1684838247230758,0.35128791242377017,5790.275,0.6166214195817519,-0.45,1341.022,5.473,73.584,-24.41,-0.00985740880584418,13807.038,8925.801,-0.0016863168753135506,8409.215,0.020940636042186225,0.061430942127178256,-0.05665710001825037,4.605902377277721,0,0
7383,2020.0,23601.0,-0.24786727624075033,-7.321697489734672,-5.490530038472921,2.3424875000000003,0.2150560500653158,25838.0,0.5845468106265095,-7.32,14313.0,-296.0,2167.0,-10137.0,-0.42664141414141415,49355.0,32917.0,-0.18001491689160393,32815.0,0.030323230317557123,0.0031083346030778606,-0.2830148555457666,0.37692631544531247,0,0
7447,2020.0,4903.2,0.08266215194450836,1.7021221515341751,23.40020072243346,-31.36724153924567,0.35206946212769513,3104.3,0.8310379518490253,1.9,1089.5,-9.3,275.6,263.0,-1.3404689092762487,4751.099999999999,4791.1,0.045618538819121625,4732.7,0.03823610946101145,0.012339679252857892,0.02339754962325968,0.8120298037660822,1,1
7504,2020.0,595.117,0.05535799767489571,0.48467106663827975,99.42825829123655,4.681083234606783,0.6576732564765704,187.428,0.5202345422463948,0.48,605.441,-18.796,303.524,31.871,0.0470800083905258,700.9,547.512,0.03028316291868461,627.196,0.05932555008509889,-0.12704800413267955,0.08694786598284608,0.8280124115021027,1,1
7513,2020.0,3511.509,0.035541983786213635,2.0398818886773187,22.565031953809026,4.574061365218149,0.2900932745447313,2293.556,0.2362128704003603,2.03,631.767,35.036,240.569,369.596,0.20270573401275588,13262.367,3230.785,0.027022328025074885,3190.174,0.035231973420819254,0.01273002663804541,0.08689033779716081,0.31528207907302025,1,1
7558,2020.0,18361.7,0.09952160614853738,16.72689782408161,34.88632537468371,13.040596924793247,0.4635658741508759,9602.6,0.8733716493789092,16.79,6687.4,6.3,161.8,1541.3,0.3738025368030461,18458.100000000002,17900.8,0.07519930523706833,17534.493,0.05794553324951519,0.020890652498478327,0.0257474526278156,0.32343784074589754,1,1
7638,2020.0,2895.3,0.10912139715885721,2.278718005567462,20.90649210810811,4.640869978401728,0.42069034650984055,1733.7,0.9786461739699149,2.24,1975.1,114.3,551.4,370.0,0.22198224142068634,1997.0,2992.7,0.1209941137998692,3187.9,0.14461989256063812,-0.061231531729351696,-0.03254586159655149,-0.09812639861679635,0,0
7644,2020.0,8002.7,0.05381289839230665,6.833343560702358,16.81607239255933,1.600328221562954,0.4116395333931547,4589.8,0.4596827417149861,6.84,2367.8,289.8,434.3,779.5,0.09516658731030779,15754.100000000002,7801.0,0.0459329184933767,7838.0,0.03078156696367129,-0.004720591987751978,0.02585565953082936,0.17155408707735845,1,1
7652,2020.0,7337.0,0.007884416682322,1.757080769431502,11.519106208503201,1.3065335817148895,0.769820639459319,1771.0,0.05306646067260739,1.62,12495.0,54.0,2004.0,1717.0,0.1134231734707359,31114.0,7694.0,0.011842359367671808,7315.0,0.013365517537765107,0.051811346548188655,-0.046399792045749934,-0.33421909962929414,0,0
7674,2020.0,5237.443,0.03931264317328371,2.9120840735344022,21.194443031684283,3.43056654473723,0.24114236760883986,4078.258,1.0483620802494749,2.9,1484.729,24.894,145.283,291.785,0.16186160398783592,4443.241999999999,5374.207,0.05691934262777616,5390.938,0.06841112564402695,-0.003103541535814318,-0.0254482196164011,-0.30932717494000944,0,0
7689,2020.0,1541.383,0.023483409247336134,0.8324891226703033,39.61613323452552,2.1401785522392776,0.19139016569795642,1316.923,0.25585844589605583,0.84,280.679,-3.298,6.417,76.917,0.05402290373897744,6126.681,1628.626,0.012083722157810894,1641.338,0.00296529365775008,-0.007744900806537099,-0.05356846814431302,0.9433920228095036,0,0
55052,2020.0,13578.0,0.012555497895404485,3.881376300122933,19.428675338078293,2.051964883860783,0.3138414189681704,8472.0,0.19177720480879748,3.78,8313.0,-82.0,68.0,1405.0,0.10561527475005637,62562.0,12347.0,0.021822869746202355,12657.0,-0.0053248699638543595,-0.024492375760448763,0.0997003320644691,-0.4246632985751377,1,1
7750,2020.0,9048.0,-0.08887475425002891,4.431052818149593,12.182206399999998,2.8497838405207485,0.32664526484751205,15102.0,0.8661131492566132,4.28,17884.0,694.0,4072.0,2300.0,0.2339300244100895,21228.0,22428.0,0.08882023556671172,21965.0,0.09392980985405631,0.02107898930116094,-0.5965757089352595,-2.0006138092628256,0,0
37426,2020.0,171760.0,-0.009844777379836085,1.9164511124390124,20.39185854851471,1.5389559789600535,0.5358122086448018,84141.0,0.3285756495289748,1.9,63406.0,6895.0,12253.0,13903.0,0.07546913761189007,509776.0,181265.0,0.02520170609550292,170805.0,0.03641908457801243,0.061239425075378356,-0.05243703969326676,-1.3906393218986401,0,0
569,2020.0,2308.0,-0.6031007751937985,1.6463323374038947,1.469934074074074,0.40348467652495373,0.25477287689269257,2264.0,0.4522852463897573,1.65,-1284.0,-196.0,5.0,891.0,0.2744916820702403,6187.0,3038.0,0.13264850379633766,3862.0,0.0926341210971192,-0.21336095287415846,-0.24028966425279788,-5.546608200871766,0,0
7845,2020.0,1128.588,0.060000627260752296,2.5789028408584915,20.636682839235455,2.3703855398748184,0.3142674352081398,780.304,1.24671370503873,3.09,408.848,-0.766,10.372,57.917,0.11486272083263921,809.8230000000001,1137.913,0.06345469087243763,1092.051,0.05100387602415755,0.04199620713684625,-0.008194826845286104,-0.05443354248827729,1,1
7859,2020.0,604.535,0.02168705243866543,5.505796513984596,13.284181464793711,1.9430468240174192,0.3759068898998078,494.019,0.8586489262807127,3.75,681.004,-16.457,93.145,67.914,0.14626771165140756,756.1410000000001,791.579,0.0736683049694703,868.382,0.039919863632943156,-0.08844379547249943,-0.23629227152312024,-0.7056121700145944,0,0
7866,2020.0,14534.6,0.05235442135591926,6.226466717913306,26.61862778824022,3.3317292982203424,0.3613022946642478,9224.2,0.701193400852568,6.44,4888.2,3.2,314.6,955.8,0.12516532875869202,18194.2,14442.2,0.04640571744851092,13982.4,0.031183017312448477,0.03288419727657635,0.00639791721482874,0.12818903002649773,1,1
7890,2020.0,12078.0,0.007689716751507756,6.273276457865239,12.609040990187331,1.3167576459080534,0.8945244078897266,1385.0,0.053462806888970316,5.43,21042.0,90.0,73754.0,2242.0,0.10442964274069588,-10016.0,13131.0,0.009128292821953503,12973.0,0.010624381709221423,0.01217914129345564,-0.08019191226867718,-0.1575953027039161,0,0
7931,2020.0,2284.932,0.07829119442022668,3.315829431861318,12.301597786681931,1.2941018940032596,0.06115865519963937,1774.136,1.1864175014204679,3.33,561.693,138.542,422.653,78.615,0.10519787075174024,1043.353,1889.708,0.049356943969211156,1905.172,0.0346142920615035,-0.008116852441669278,0.20914553994585391,0.5862245131924031,1,1
11092,2020.0,14351.0,0.046577337605592774,5.562082777036048,37.744853576572254,6.139027875380652,0.679991937651169,4763.0,0.4933868134053767,5.57,11142.0,721.0,4425.0,2083.0,0.1626454282814086,25067.0,14884.0,0.0690489607849637,13601.0,0.13048587902603842,0.09433129916917873,-0.03581026605751142,-0.3254447702602413,0,0
137737,2020.0,3990.0,0.004713311673454445,2.771111740323157,4.936646834170855,0.883446690647482,0.7640058586598316,1289.0,0.057553501996775655,2.59,3573.0,-1481.0,3781.0,597.0,0.1789568345323741,91122.0,5462.0,0.00629063359430155,5629.0,0.0037916602672400553,-0.029667791792503107,-0.26949835225192237,-0.25074134380930113,0,0
7966,2020.0,569.682,0.2595719265601939,1.8503810669875649,25.416386299588126,2.875100820435931,0.315116098092431,281.627,1.178366636959431,1.85,368.205,-3.072,164.908,32.291,0.1131199686118448,175.71400000000003,411.204,0.0925346958542645,496.439,0.15179774209315355,-0.1716927960937799,0.3853999474713281,1.80513081243603,1,1
8022,2020.0,1100.76,-0.21974263628783267,-3.8612702960840495,-0.9556440541710469,0.3683989034129286,0.16319207395042723,1148.508,1.0462089525843703,-5.1,158.359,30.463,77.927,-97.026,-0.38549803329492627,1110.828,1372.487,-0.07396024139642204,1501.827,0.016842608513546284,-0.08612177035037985,-0.1979814745057695,1.9710913882774739,0,0
8053,2020.0,256.0,-0.1317348200827117,-0.33576642335766427,-38.44934782608696,1.0959639849405227,0.13004640067110568,265.482,1.1865146172000451,-0.34,70.552,-1.594,4.926,-3.036,-0.02850409816826431,231.121,305.168,-0.011804181230729752,280.841,0.057342883913169114,0.08662196759020227,-0.16111781051748547,10.160013346776417,0,0
8059,2020.0,52893.31,0.009522382315993633,3.264468868754107,21.663554729192587,14.493174282936605,0.2015936840720524,47995.335,3.345885308241628,3.24,9629.95,-183.599,525.466,1674.271,0.6690118248879267,13126.436000000002,60113.922,0.09318837557987016,58727.324,0.07917731114368003,0.023610781243838017,-0.12011547009027296,-0.8978157709398834,0,0
10482,2020.0,68.821,-0.027530920751259735,-0.5739041794087665,-5.849931261101244,1.1431833738285317,0.155376262241843,49.935,3.1320724729815637,-0.57,14.142,6.035,9.78,-1.126,-0.195418257549462,8.593000000000002,59.121,-0.059652468743377825,63.34,-0.10659007499601085,-0.06660877802336598,0.16407029651054608,-0.5384780993776387,1,1
12087,2020.0,852.539,-0.3245022059577961,-1.0621907664078116,-15.0349640620662,1.1161481897084755,0.30306520853355157,810.754,1.180769312750389,-1.07,18.483,-6.113,12.175,-32.417,-0.07423683788673369,931.4060000000001,1163.314,-0.0329034111266858,1246.929,-0.06457828171004713,-0.06705674501114338,-0.2671462734910781,8.862266398714315,0,0
89856,2020.0,2982.1,-0.38974943616942176,2.0430661855097756,10.112251940993787,1.2463117075738004,0.193668890236507,3324.1,0.7316402229084584,2.05,477.6,108.8,490.8,257.6,0.12324769149801447,4622.6,4122.5,0.045717530969367835,4046.6,0.04042313424697372,0.018756486927297013,-0.2766282595512432,-9.525163715218259,0,0
8143,2020.0,2537.156,0.04688168248594664,9.9552573672175,37.81318615022558,5.8568732999476385,0.5994527930978415,1039.565,0.41132108364422443,10.0,2480.524,-56.078,301.083,461.466,0.15488970637595156,5905.821,2595.362,0.0731345743618677,2448.383,0.031985072931770685,0.0600310490638108,-0.022426929268441215,-0.358966905940035,1,1
8147,2020.0,5225.0,0.018043912175648703,1.0521739130434782,24.16900826446281,0.628508489146787,0.5484930448222566,2337.0,0.4801038864669326,1.06,2663.0,-453.0,474.0,121.0,0.026004728132387706,9933.0,5176.0,0.011223448659679065,5109.0,0.013799448022079117,0.013114112350753573,0.00946676970633694,0.6076976625261873,1,1
90870,2020.0,15379.0,-0.12833277084036449,-4.127125345986556,-3.1741221556886225,0.7439696842105263,0.149512893982808,14841.0,1.3193709360350825,-4.12,-2078.0,-136.0,566.0,-334.0,-0.2343859649122807,10013.0,17450.0,-0.025253288976258885,11763.0,0.004156590084643289,0.4834651024398538,-0.11868194842406876,4.081824033337307,0,0
8171,2020.0,3121.469,0.21469680035790695,2.8091340664623523,24.274384342885497,7.666409869757147,0.614872122232801,883.855,0.8234493978142916,2.74,-260.772,-152.828,911.227,467.468,0.31582304051324256,1749.17,2294.965,0.1677307684855548,2100.802,0.1669171648921195,0.09242327453991381,0.360137954173593,0.28000844625234594,1,1
8194,2020.0,14461.0,0.28913234458167536,5.382862390990867,23.83304470400638,13.424316299539688,0.6901202808871585,4457.0,0.7982572982572983,5.33,39551.0,-1.0,5387.0,5017.0,0.5632648478724599,12243.0,14383.0,0.27844377844377843,15784.0,0.32561125051059114,-0.08876077040040548,0.00542306890078565,0.038386801808376884,1,1
8209,2020.0,11651.0,0.02000906559606294,3.5752513642983734,12.474647361963191,1.842485973178688,0.19156272927366105,11019.0,0.9075775735783727,3.52,3835.0,250.0,1357.0,815.0,0.14769844146429867,12283.0,13630.0,0.05426821147955786,13972.0,0.08567021873247337,-0.0244775264815345,-0.14519442406456345,-0.6312930710163518,0,0
8216,2020.0,32218.0,0.0923217285523953,9.269197973616892,35.048339772727275,4.365245620893008,0.48590556730091616,13131.0,0.4375053527688803,9.24,19413.0,305.0,2420.0,3696.0,0.12454928390901432,54041.0,25542.0,0.06330826810092324,24358.0,0.0522478304168445,0.04860826011987848,0.26137342416412185,0.4582886457298134,1,1
37274,2020.0,8167.933,0.03863389852827534,2.4204093492908125,24.62393397111236,1.5744173093299112,0.1397755658851804,6765.457,1.3894237309215562,2.47,2009.67,176.013,451.262,133.275,0.06393849622797654,4657.353,7864.758,0.023544964478064097,8328.909,0.15480491531004997,-0.055727706954176094,0.038548547838344195,0.6408560974585032,1,1
8246,2020.0,397.038,-0.15684591388748356,-3.548809494003655,-5.4328078282525425,0.7588325175724454,0.31765145956522367,331.996,0.30803442547393906,-3.71,-352.762,-170.136,224.045,-141.743,-0.13967593582571525,1327.982,486.549,-0.0897375671719653,406.52,-0.09384107905997519,0.1968636229459805,-0.18397119303502826,0.7478289063366031,0,0
8249,2020.0,356.575,-0.1526964237991179,2.1157572606753785,21.320971379108148,-5.331299785789492,0.5013151289488496,738.095,0.5134648608518876,2.12,-1784.457,129.571,174.179,179.065,-0.2500495728357617,2675.457,1480.083,0.062120560339145335,1463.707,0.10963847381032586,0.011188031484443249,-0.7590844567500606,-3.4580657831396944,0,0
8260,2020.0,3513.2,0.05643049825452237,4.793550351474074,11.747034217067107,2.276844604432074,0.34644713580833264,2476.9,0.7798308607172988,4.78,1857.3,83.1,242.0,362.1,0.19382293116368698,4316.2,3789.9,0.0745077059198749,3580.8,0.06811841986862234,0.058394772117962436,-0.07300984194833644,-0.24262198711087204,0,0
12146,2020.0,4738.555,0.025192955448239598,7.062662458225027,14.902312070347929,1.5542984412364327,0.22969313082712617,3487.589,0.1742869395237256,6.97,7396.159,-45.093,201.058,760.79,0.10429914726649152,25411.0,4527.532,0.029286543026146514,4314.829,0.030372118265018948,0.049295812186299956,0.046608836779066416,-0.13977708377025697,1,1
8295,2020.0,3379.89,0.11555368165460314,2.5667778381518054,30.04934780625075,9.577967863300366,0.37910598095985626,1949.149,1.3470065182122481,2.57,752.836,-137.296,151.828,273.983,0.31874128933034584,1859.489,3139.262,0.11756167114415629,2619.882,0.17310106277339554,0.1982455698386416,0.07665113647729935,-0.01708030746765173,1,1
8392,2020.0,1999.4,-0.016927532234710062,1.1505016722408026,19.25247093023256,1.3049307915866213,0.307144520980999,2082.1,0.3453582182177581,1.11,2029.8,-73.2,277.6,137.6,0.06777991231959017,8219.9,3005.1,0.015813547245270877,2509.1,0.01986431682771742,0.19768044318680006,-0.33466440384679375,-2.0704449781039687,0,0
8431,2020.0,246.838,-0.1353734951228551,0.8061178247734139,18.7317530216434,1.097181367168635,0.3411484059828919,199.41,0.8725545593449996,0.84,158.501,-2.809,12.362,10.673,0.058573341528735126,303.03999999999996,302.663,0.03076945253264912,240.733,0.040594257667875236,0.2572559640763834,-0.18444606707790517,-5.39960688215729,0,0
60166,2020.0,1116.663,0.07472172084713766,3.7275687501589965,80.48677840943989,7.293174505800039,0.5261789333291605,514.772,0.4957200492422479,3.79,917.29,98.403,272.081,146.527,0.09061332370267484,1904.556,1086.427,0.06685803248199727,935.282,0.08233670935692139,0.16160366606007584,0.02783067799309121,0.11761770535586466,1,1
8440,2020.0,43185.0,0.0598154167634084,5.524590163934426,15.592106824925818,2.2388325521942907,0.14599693432378258,36214.0,1.2812339486962565,5.57,13670.0,214.0,485.0,2022.0,0.1435875585854282,30686.0,42405.0,0.06109315043659546,40052.0,0.10388539626919509,0.05874862678517927,0.01839405730456314,-0.020914516014575696,1,1
8443,2020.0,15355.0,-0.11871095586753544,11.977740271320299,7.354475719508142,1.9191412227907383,0.3030583231235119,30149.0,0.8222424968162552,11.63,8998.0,1069.0,4944.0,3009.0,0.26094874685630043,44964.0,43259.0,0.05719336260477847,41303.0,0.04753080907304876,0.04735733481829407,-0.6450449617420653,-3.075607211414725,0,0
73033,2020.0,6559.0,0.03804075795495174,1.2258079950240424,41.00968520686964,2.7522413490504256,0.14362603136440627,6269.0,0.5484842581631276,1.44,2436.5,48.6,510.8,256.2,0.06711198428290766,12397.000000000002,7320.4,0.019195900079420975,7651.2,0.05998714620771395,-0.043235048097030555,-0.10401070979727879,0.9817126468444921,0,0
8478,2020.0,606.509,-0.12071190858820405,0.13303000758314376,136.58572475570034,0.8539106772391147,0.12559466368699942,619.782,1.196998738497444,0.13,331.439,-22.662,22.228,2.456,0.00625182960200588,528.127,708.804,0.004147590732769176,678.912,0.05267801803568254,0.044029270361990856,-0.14432057381166016,-30.104103168735183,0,0
94457,2020.0,5794.0,0.02719325632219794,3.3631194151096673,22.835942028985503,2.346216652190098,0.38274111675126904,3648.0,0.20426502609477068,3.37,2363.0,69.0,30.0,828.0,0.10274227571659014,28029.0,5910.0,0.028617841219368886,6291.0,0.029946720558515525,-0.06056270863137816,-0.019627749576988155,-0.049779607282423845,1,1
8524,2020.0,19533.0,0.08572390140709638,8.552219979453866,21.139540427437066,6.90230250386143,0.4935968306615073,10993.0,0.35198547176235956,8.41,47249.0,-472.0,904.0,5919.0,0.3265114739629303,60020.0,21708.0,0.09597392700209167,22832.0,0.10086733054930935,-0.049229152067274004,-0.1001934770591487,-0.1068001061868804,0,0
48237,2020.0,410.485,-1.4609013657009435,-9.990061865339177,-0.06962919843503726,0.04516587943476702,-0.401192350222491,945.292,0.3227833565863433,-10.48,199.135,-5.881,0.571,-553.879,-0.6486629237432046,2005.0000000000002,674.634,-0.26500728211546887,843.281,-0.01678543749881859,-0.19998909023208153,-0.3915441557941047,4.512683855473829,0,0
27508,2020.0,1266.283,0.0066683040151457856,0.6278768992626991,74.37763685021491,4.1533343336329205,0.32764061985338616,877.745,0.13547177846830252,0.63,-2472.58,-175.6,33.291,184.965,0.05584117094224297,9513.149000000001,1305.47,0.019194265287129978,1048.539,0.026337287829653742,0.24503714215684877,-0.030017541575065015,-0.6525887333850191,0,0
41140,2020.0,257141.0,0.07807328335588908,14.598101265822784,20.138235421634512,4.837077200777562,0.2378559187297392,184557.0,1.3925837747068532,14.55,57600.0,119.0,14245.0,13839.0,0.24019369619550124,118949.0,242155.0,0.07958525266118041,226247.0,0.07874077821062797,0.07031253453084461,0.06188598211889079,-0.0189981090055499,1,1
8593,2020.0,1368.655,0.008648463222583868,4.961505560307955,13.834510344827587,1.2929845766639554,0.8256620726981179,224.837,0.048554074142678344,4.99,1755.618,-4.951,3276.794,243.6,0.09346081244916438,1681.317000000001,1289.662,0.0091712188628931,1133.659,0.008372746505210308,0.13761016319722236,0.06125093241484973,-0.056999581857577315,1,1
98678,2020.0,84628.0,0.02151967696449173,5.183282745738968,22.584143243243247,30.692866850321394,0.14184684319917942,63584.0,1.2806401991116028,5.14,3108.0,871.0,5741.0,4440.0,1.3590449954086317,46561.0,74094.0,0.07674093022451907,71861.0,0.09578934740882918,0.031073878738119426,0.14217075606661808,-0.7195801914111265,1,1
8648,2020.0,56587.0,-0.021701726147527335,6.405851225059755,23.378625999638793,3.098756455211375,0.30309165952807415,53694.0,0.5514472215064846,6.48,51445.0,1208.0,7378.0,5537.0,0.13254656006128213,121529.0,77046.0,0.039630393083111455,66501.0,0.039259077124825834,0.15856904407452518,-0.265542662824806,-1.5476031010344824,0,0
39992,2020.0,2724.0,-0.07126753507014028,-1.3829787234042554,-19.364,-1.1380289330922242,0.6223529411764706,1284.0,0.4353950569855295,-1.4,-3246.0,155.0,364.0,-130.0,0.05877034358047016,7219.0,3400.0,-0.016647458061211422,3363.2,-0.045660680504807066,0.010941960038059046,-0.1988235294117647,3.2809860104825033,0,0
8667,2020.0,1332.001,0.06288386199924176,1.9409301665404997,34.05068412007752,3.1690010651221825,0.3551862753546284,853.046,0.7602409216211696,1.94,1373.092,-10.748,21.153,82.047,0.09306717756233346,1624.345,1322.934,0.04714935657882563,1386.815,0.0862274924107094,-0.04606310142304495,0.0068537054758589675,0.33371622779434407,1,1
8672,2020.0,1983.357,0.03732401222242908,2.935058553763001,15.062731863839284,0.8660679653315044,0.20832218574130923,1512.088,0.9005422644219186,2.87,925.163,-190.126,107.43,71.68,0.05749740307139449,1873.2339999999997,1909.979,0.0337966383472086,2227.153,0.04881013545948216,-0.14241230844939695,0.03841822344643576,0.10437055422442096,1,1
11013,2020.0,11145.897,0.07004240373457385,9.397896339353679,15.265118364762277,2.2599210516514496,0.15854191752885924,9574.328,0.9751470014783707,9.16,5503.238,-94.018,61.268,814.854,0.14804477748880157,11160.025,11378.259,0.0698351509438005,10772.278,0.06921187557032635,0.05625374688622033,-0.020421577677217504,0.0029677431490072997,1,1
8707,2020.0,9238.83,0.029654510689195144,1.7475000771581122,30.947065872493745,6.262991099485484,0.5805271643824735,4393.686,0.9408127060101312,1.59,-923.649,854.736,1371.076,679.449,0.20237754122765264,9355.153999999999,10474.304,0.061028804614213755,13848.66,0.12163929250245128,-0.24365938653992514,-0.11795284918215092,-0.5140899305393156,0,0
8737,2020.0,2895.355,0.04764150943396227,7.1374396583735615,20.985116115732037,2.9031999740886962,0.28108664477031975,1989.216,1.0012900723055673,7.1,1827.526,40.332,353.542,153.769,0.13834567119274774,2211.9120000000003,2766.976,0.05564463628464966,2757.144,0.03728884697862761,0.0035660088845560246,0.0463968606883471,-0.14382566559960008,1,1
81912,2020.0,454.163,-0.00934343209392649,-1.6069926929828142,-9.138187164213228,1.9211050380228136,0.4215200227018545,242.585,0.5125964443922904,-1.66,-697.036,-83.131,245.203,-78.733,-0.21022824368778573,551.604,419.349,-0.09624025777178007,542.082,-0.4519102680236586,-0.22641039547522332,0.08301915588209349,-0.9029155541531997,1,1
8822,2020.0,2501.898,0.038967840269991214,1.1349371733185643,18.758747621022835,2.0706569172520735,0.31000391634389624,1841.12,0.8550135783579399,1.13,45.534,8.101,802.955,163.936,0.11038353727471117,2143.905,2668.305,0.05253054129182655,3034.689,0.11131228595215115,-0.1207319761596658,-0.062364309927088434,-0.2581869649217876,0,0
8837,2020.0,980.382,-0.018308979102347443,16.48255369503524,4.034568989150672,2.1744511383340956,0.25102196323118386,1439.013,0.10506374113694784,16.23,-1994.499,890.226,1607.131,3147.937,0.5389550021777779,16239.833,1921.302,0.1721405786718695,2100.695,0.02618936004936675,-0.08539697576278338,-0.4897304015714344,-1.1063606224842988,0,0
8844,2020.0,4856.826,0.05001152999874646,4.6661428862817385,30.858463512406463,3.3903566543937353,0.33078980090292287,3298.606,0.4628790323936243,4.71,2698.133,230.102,274.506,617.662,0.10986796711478077,10109.128,4929.103,0.05800300559885051,4382.869,0.052461165586704,0.12462932385156855,-0.014663317037602996,-0.13777692237835382,1,1
8865,2020.0,556933.0,0.053505798111653256,5.253675825500716,21.792360968348902,4.343062362827947,0.2642906184194881,383618.0,2.204807712636631,5.22,71138.0,1759.0,9465.0,14881.0,0.1992928792403809,180057.0,521426.0,0.06292310619674835,511729.0,0.030415650151622245,0.018949483027149137,0.06809595225401112,-0.1496637507952801,1,1
139184,2020.0,139537.0,0.005230917475394039,4.447234048256175,11.5105252938222,1.9494263235794487,0.23542735230079057,104644.0,2.0247048729252346,4.32,31918.0,232.0,1212.0,3982.0,0.16936032664171488,52045.0,136866.0,0.05890706825645729,131537.0,0.07374787152838941,0.04051331564502764,0.019515438458053862,-0.9112005124305158,1,1
8910,2020.0,2883.421,0.046610715910118984,61.71969126506024,10.35309780238215,1.0226184013865829,0.3099806657278626,2023.205,0.4943487327093375,61.7,6837.722,-50.071,814.011,327.855,0.09877414672459561,4790.861999999999,2932.099,0.05527599980847163,2695.966,0.056927721654788446,0.0875875289228426,-0.01660175867185942,-0.15676394689155126,1,1
8911,2020.0,294.118,-0.006506715444900817,4.6494232572869345,6.276047239680073,1.6969644392750434,0.15290445695064375,261.905,0.11763371999232973,0.36,-181.582,7.111,14.751,381.713,0.2703874547893855,2546.4109999999996,309.18,0.14523035176735932,336.89,0.010603598355718249,-0.08225236724153279,-0.04871595834141928,-1.044802724538764,0,0
8915,2020.0,1321.891,0.020225872866343638,2.9322387126546285,16.4004382700694,1.665842615109494,0.32405683022423837,909.564,0.2212300426012124,2.98,728.543,-4.76,9.896,196.979,0.10157305479754383,5962.341,1345.622,0.03238478009540883,1396.893,0.023593118361090282,-0.036703598629243585,-0.01763571047441257,-0.3754512827706047,1,1
8922,2020.0,5054.928,0.10851100913036704,6.4394931141016905,27.975804431795087,4.793451077623593,0.24253002183062838,3613.406,1.8662212591460396,6.51,593.457,-8.44,74.454,245.95,0.1713427433091338,2242.0409999999997,4770.362,0.096218508928037,4546.653,0.11241475720176415,0.04920300713513871,0.05965291522949407,0.12775608704894553,1,1
55090,2020.0,515.666,0.028310445801989194,2.4508943139966743,12.746367651021606,2.367435063577722,0.4383050056231036,291.181,0.1316418710928116,2.47,-85.576,-20.846,55.291,315.435,0.18573409526501267,3770.977,518.397,0.08010164720891716,559.024,0.08560343311572813,-0.07267487621282799,-0.005268163203104945,-0.646568494051673,1,1
9004,2020.0,16736.0,-0.009742031018626763,-2.5559322033898306,-18.603779840848805,1.4073693187518812,0.3353250045265254,11013.0,0.6283276450511945,-2.58,7381.0,-1550.0,3455.0,-754.0,-0.07564964382462125,21017.0,16569.0,-0.028593098217671597,20647.0,0.023088763468445357,-0.1975105342180462,0.010079063311002475,-0.6592873236589023,1,1
9057,2020.0,7532.0,0.048862730672552264,-0.10197236012344023,-296.1586842105263,2.752606090253149,0.25205981080256334,4902.0,0.39948799219797637,-0.1,-907.0,-195.0,501.0,-76.0,-0.009294362235538705,15659.0,6554.0,-0.004632451542118737,7476.0,0.04336483274392718,-0.12332798287854467,0.14922184925236498,-11.547920518603847,1,1
9088,2020.0,1941.501,0.04301715480819478,-1.3299496929659669,-28.234150658930897,2.246547164597311,0.719184944659601,514.308,0.5779747752615033,-1.32,1204.632,109.499,203.122,-74.287,-0.07956843440185771,2871.981,1831.483,-0.023443303666947114,1800.069,0.057290733884416835,0.01745155324601445,0.06007044564432213,-2.8349442305286088,1,1
9094,2020.0,7719.0,0.004777538775048115,0.7013201320132013,33.82192941176471,2.1570108043217284,0.5690769418363614,3534.0,0.17812771503040833,0.71,-11201.0,121.0,289.0,850.0,0.06377551020408163,45199.0,8201.0,0.0184622067767159,8686.0,-0.0034214824952540726,-0.05583697904674188,-0.05877332032678942,-0.7412260174079821,0,0
36090,2020.0,6783.189,0.14603134149564598,4.615968990238148,15.182077728036127,4.3740884566213,0.3945147242933546,3571.157,1.4548462990763293,4.56,630.207,93.208,432.162,356.062,0.2881086854498083,3100.645,5898.008,0.08782888781122643,5671.593,0.11862869039306838,0.03992088289833209,0.15008134949969557,0.6626800718405548,1,1
9118,2020.0,2355.533,0.035853416583999535,3.54756616107127,9.025906366840195,1.5961074449709909,0.1624652385033999,1663.071,1.798241491137271,3.55,866.395,35.089,37.431,111.798,0.17683625113094975,985.165,1985.674,0.10124511990697599,2016.829,0.09731556704902523,-0.015447516869303235,0.18626370693275932,-0.6458751136159288,1,1
37109,2020.0,7241.7,0.0324375271753074,3.598839697560512,25.62770441331924,2.876635953289695,0.32668713695152274,5065.4,0.21524213345235438,3.6,5923.6,-63.8,37.5,1135.2,0.11224711768544704,34006.200000000004,7523.1,0.03247901395636276,7679.5,0.031679601383686126,-0.020365909238882693,-0.03740479323683063,-0.0012773411505379818,0,0
9152,2020.0,1791.1,-0.06404978010667166,1.5835263962143244,21.306875642023346,3.571062371201252,0.4206799489818357,1317.2,0.9168145161290322,1.48,1161.2,37.5,180.6,128.5,0.1676014086344072,2097.3,2273.7,0.051814516129032255,2239.2,0.0916586505428061,0.015407288317256164,-0.21225315564938205,-2.2361358339653363,0,0
9164,2020.0,2495.665,0.06158706296357783,4.2068741998735995,25.63185749724579,3.8535492410268826,0.3123798141988286,1994.234,0.7330160347739406,4.19,2121.613,15.479,112.582,259.602,0.1503421763889315,3603.484,2900.197,0.06561362164686899,2325.873,0.04758499138274211,0.2469283576532339,-0.13948431778944675,-0.06136772490569117,0,0
9179,2020.0,3171.429,0.2145693538417755,1.4427274058883846,20.738498400934056,1.990824698685828,0.17308866655138164,2520.028,1.3070981743630214,1.43,537.045,54.835,147.198,78.796,0.09599656928855378,1937.3,3047.519,0.03379605106550891,3759.556,0.061118067736287626,-0.189393907152866,0.04065930351869843,5.348947497619259,1,1
9200,2020.0,7022.0,0.013024896547045655,6.364363328472646,5.7931953436807095,1.4029341865043852,0.4595190822854622,4900.0,0.602512128663521,2.86,2666.0,1647.0,2740.0,1353.0,0.24216932163952032,11254.0,9066.0,0.08991825613079019,9830.0,0.02427053919591233,-0.07772126144455747,-0.22545775424663578,-0.855147362643462,0,0
9211,2020.0,4513.7,-0.02447616433342483,-3.0846804093133615,-0.8266658653846155,-0.19486230734360835,0.03348250944325822,4708.1,2.659532649050011,-3.13,-2681.7,-118.4,109.2,-104.0,0.2357207615593835,1558.6999999999998,4871.2,-0.05678095654072942,5092.0,0.012491497124482097,-0.04336213668499611,-0.07339054031860733,-0.5689370904509528,0,0
9229,2020.0,32136.962,0.0029360455163320166,2.728874155616713,21.635295962065804,11.901873033442653,0.3051370908299515,28987.58,1.7277685573284045,2.71,4749.112,186.523,3216.752,3272.193,0.5501137148440574,18255.694,41716.977,0.13552257583070088,38972.934,0.2135831220221598,0.07040894072794206,-0.22964307792484578,-0.9783353769780778,0,0
9245,2020.0,2942.0,0.006615201462953644,4.943746705683491,10.502156176470589,1.262672674230146,0.8613251155624037,450.0,0.046912045336263225,4.41,4052.0,91.0,1932.0,816.0,0.12022985118609106,10155.0,3245.0,0.011796680737870815,3033.0,0.012858929974107584,0.06989779096604022,-0.0933744221879815,-0.4392319661820717,0,0
20219,2020.0,6856.8,0.055795319726955415,8.522217482754057,8.894398688298239,1.9822350180783135,0.19057504175614406,6784.6,1.5058476905664444,8.3,2303.4,-6.2,449.8,579.4,0.2228632971767059,4321.0,8382.0,0.10409068860823167,7705.5,0.08913528011786483,0.08779443254817987,-0.18196134574087328,-0.46397395892966525,0,0
135183,2020.0,362.963,0.12428018278573165,1.7712154498543913,47.069372620283836,8.43737514962397,0.880559191808636,38.413,0.47602603876804306,1.77,24.356,46.533,299.49,69.336,0.17925403887767158,375.27,321.607,0.10262755917632711,278.889,0.09784182488731048,0.1531720505290636,0.12859172841387156,0.21098254487571505,1,1
36685,2020.0,3817.839,0.018924492301118458,6.562404870624048,9.24203873361939,1.2539652885764938,0.20928823961346937,2779.321,0.14282522813180293,5.99,1703.999,-795.404,1665.849,448.396,0.13568059220688994,5625.9349999999995,3514.961,0.01821990656322728,3179.657,0.016067473863152243,0.10545288375444258,0.08616823913551251,0.038671204786155426,1,1
6434,2020.0,6087.0,-0.42138364779874216,0.18013856812933027,26.03551282051282,0.6135256797583082,0.4666964020220042,3587.0,0.313026481128124,0.18,1467.0,-868.0,190.0,234.0,0.023564954682779457,20344.0,6726.0,0.010890305766277284,5939.0,0.06966892596454641,0.13251389122747936,-0.09500446030330062,-39.69346341987852,0,0
46956,2020.0,2796.166,0.06894598027615816,5.84959674199473,18.31408295736098,3.3511575026977334,0.24619373033402744,1787.638,1.2732139837162668,5.86,646.068,20.431,35.359,146.509,0.18298254466248348,1727.9740000000002,2371.482,0.07865853822221147,2475.807,0.1194242591605548,-0.04213777568283789,0.17907957977332326,-0.12347747829504795,1,1
45307,2020.0,1697.067,0.12216231262924783,3.53152439341196,37.92130113834894,7.2149329362294115,0.5089834358542684,762.397,0.7106693475782315,3.52,2066.073,62.188,93.628,271.885,0.190260690420591,2081.351,1552.691,0.12444223323655992,1536.603,0.18370943221562863,0.01046984809999718,0.09298437358109242,-0.01832111613569368,1,1
613,2020.0,1419.447,0.009179323516253831,2.079200361389824,10.600229015575751,0.9450652656035194,0.772802706777372,352.936,0.0479655120263463,1.93,2347.684,-287.954,588.744,326.79,0.08915517430942867,8018.670000000001,1553.434,0.01009032226350763,1509.705,0.009913320190743787,0.02896526142524536,-0.08625213559121281,-0.09028440553861103,0,0
134803,2020.0,433.283,0.07918433205671756,2.5155358553497758,13.190032624435181,2.437736119171987,0.6513011819806691,132.077,0.27752491540996677,2.54,222.733,15.795,180.202,171.957,0.18481653446830465,1144.712,378.771,0.1259926231922498,275.025,0.098830357412666,0.37722388873738766,0.14391809299022365,-0.3715161249092206,1,1
7722,2020.0,24433.0,0.008801558437477907,2.402087372202842,23.44627454094293,1.2334908965112104,0.8153521318621442,2711.0,0.031035051302322238,3.76,18962.0,15221.0,20482.0,3224.0,0.05260924904539669,117869.0,14682.0,0.0068149438359002106,12996.0,0.014342237601740386,0.12973222530009235,0.6641465740362349,0.291508580175302,1,1
17173,2020.0,791.971,0.005177775672717818,1.816262321318154,12.696403889094713,1.0696650108212735,0.8209368885051148,154.284,0.04826884242406485,1.83,1378.658,9.963,299.221,199.738,0.08424944733681937,4299.898000000001,861.618,0.011189555055834332,727.084,0.010181450644213602,0.1850322658729942,-0.08083280525708614,-0.5372670631779876,0,0
134957,2020.0,1036.842,0.02934766028348822,0.4191782041579486,23.832346006796943,1.4301898588964093,0.26504401371430597,664.093,2.7622847080834205,0.42,100.923,-3.184,6.214,9.416,0.06001045211782851,257.738,903.582,0.028785071870968536,849.042,0.04122989550056499,0.06423710487820386,0.14747969747073328,0.01954445050689932,1,1
37946,2020.0,6199.186,0.1558461599051039,6.211133027640444,4.356693034842285,1.2494218795832819,0.3972591571203679,3208.498,1.6690846620288398,6.18,2769.793,6.687,52.721,242.464,0.2867821693176764,2758.319,5323.18,0.07602465884943974,5238.105,0.07754181561541347,0.01624156064072804,0.16456441450411208,1.0499422458934506,1,1
76006,2020.0,52047.0,0.009854265133143704,5.6726144843015005,9.011717637690776,1.1157752520231687,0.45450829571001244,29360.0,0.06010861832708121,5.26,67801.0,-5025.0,170395.0,9042.0,0.12381382738364212,304461.0,53823.0,0.01009795304820371,50193.0,0.01024918837159986,0.07232084155161078,-0.032997045872582356,-0.024132407221219464,0,0
46064,2020.0,6206.7,0.22260061919504642,9.061110308059895,13.446475747196546,4.035211241745399,0.45885473219530426,3040.1,0.6021070907999657,8.82,6400.5,363.0,1858.3,2131.3,0.3000943382943073,7257.599999999999,5617.9,0.22842536225670929,5372.6,0.23896843665873355,0.045657595949819316,0.10480784634827965,-0.025499546127968453,1,1
46247,2020.0,143015.0,0.14696111326835065,5.134109642810415,26.092158002038737,10.005436137984951,0.7511979212192971,31310.0,0.43915674423149403,5.11,23810.0,-590.0,133819.0,39240.0,0.3834652594547054,143355.0,125843.0,0.13693658482111698,110360.0,0.06401826554580294,0.1402953968829286,0.13645574247276368,0.07320562624173017,1,1
46032,2020.0,40479.0,0.10484566041477572,3.30453211607434,16.27159250123335,13.658488487659433,0.8321900276441077,6556.0,0.33843275178017634,3.16,-14412.0,16725.0,43057.0,10135.0,0.8394069902269339,71744.0,39068.0,0.08779604636254959,39506.0,0.10195108040732598,-0.011086923505290336,0.036116514794716906,0.1941956928427114,1,1
84923,2020.0,4717.8,-0.06017765769212377,-5.01750198886237,-2.6706516568891714,2.203340019185489,0.6629935827022027,2914.6,0.48957283729776846,-5.04,-4600.0,18.2,380.4,-3784.2,-0.8250196215226301,15552.300000000001,8648.5,-0.21421535883704867,9398.0,-0.007459059133370452,-0.07975101085337306,-0.45449499913279756,-0.719078697163352,0,0
46865,2020.0,366.26,0.031492148509081205,0.4111333000499251,224.9878567091682,4.54553732515041,0.5977057854909433,108.718,0.19301656366307576,0.44,-9.184,343.585,537.407,21.411,0.020203478497180516,851.2810000000001,270.245,0.015292337118504007,194.032,0.021451780935451015,0.39278572606580353,0.35528871949527274,1.0593417647702215,1,1
47606,2020.0,1024.4,0.05529356283895307,0.9891357367744226,42.46131085806509,1.5734588810679975,0.24171873491340132,871.73,1.436122263890728,0.99,476.54,23.036,50.404,22.306,0.037056295466891716,692.932,1149.613,0.02786515394167131,1246.914,-0.07066281531391992,-0.0780334489788389,-0.1089175226793712,0.9843264801154961,0,0
47472,2020.0,2372.178,0.07839749688873063,2.410917755794642,15.093837154974125,2.26805347036205,0.18563778640346373,2006.345,1.1491871685890522,2.4,1279.88,-0.488,33.442,166.944,0.15026354445692558,2015.788,2463.701,0.07787061119548627,2457.914,0.08070442869320145,0.0023544355091349033,-0.03714858255932848,0.006766168714428893,0,0
135295,2020.0,8505.0,-0.019772614928324272,1.3549328911376617,18.790598535564854,1.7105134450580843,0.5629070963318478,3825.0,0.21644818204303734,1.0,,-70.0,15.0,1434.0,0.09103027994667683,39263.0,8751.0,0.03546871135295573,6185.0,0.07981035163966811,0.414874696847211,-0.02811107302022626,-1.5574664027560323,0,0
47741,2020.0,1744.014,0.03590742272904479,4.422579311159686,11.624438225511279,1.2422125138108138,0.25151651212209897,1235.247,1.0169625944197889,4.43,341.108,39.403,97.059,74.861,0.1068621545155295,1469.405,1650.333,0.04613059108728955,1645.319,0.05470050610125555,0.0030474333548692525,0.0567649074459517,-0.2216136432958382,1,1
35618,2020.0,4054.377,0.00010807119477201849,2.7785174594013173,13.384835813849184,3.1431752013166303,0.44275576677858824,2987.826,0.5092807773894752,2.7,1657.048,-354.382,898.422,423.635,0.23483106143628682,9335.357,5361.789,0.04023827907614237,5716.875,0.04982821510221961,-0.06211190554280096,-0.2438387635171768,-0.9973142192645089,0,0
47582,2020.0,2127.106,-0.0012362757421937498,6.758321244758857,9.563025736623748,1.4953354277259823,0.3855882458832765,1826.009,0.44643313957112746,6.68,2079.179,-241.178,520.172,340.099,0.1563663498257942,5852.484,2971.963,0.051087938959872944,3221.679,0.04441035720010669,-0.07751113627397388,-0.2842757463669635,-1.0241989746966458,0,0
47405,2020.0,7223.129,0.04036099551651933,4.186287587449801,9.500063999240687,1.105147398880401,0.21043328948525145,5873.841,0.6870361275410416,4.07,4768.591,103.233,1318.877,590.007,0.11633052145424834,9160.662,7439.322,0.05448831553495161,7461.049,0.07302888646592982,-0.002912057004316667,-0.029060847211614206,-0.2592724674957201,0,0
6749,2020.0,2145.0,0.01709118976733929,2.3940841509391744,23.303274439252338,1.9247011694326515,0.35892604804521905,1361.0,0.25291875148915893,2.39,1371.0,-89.0,30.0,214.0,0.08259359320725589,8199.0,2123.0,0.025494400762449368,1991.0,0.026140567200986436,0.06629834254143646,0.010362694300518135,-0.32961006118202807,1,1
47870,2020.0,253.667,0.11396606137772941,0.5708466004869825,16.624431137724553,2.122549340985615,0.6382092789556947,72.725,0.6175962737880901,0.57,58.133,1.634,62.397,24.382,0.12767650955400672,255.84300000000002,201.014,0.0749113611365438,213.571,0.09487343710840689,-0.05879543570990438,0.26193697951386463,0.5213454895045775,1,1
47815,2020.0,4099.403,0.036460662001345824,2.616590771439467,58.893427922328435,14.638131543704247,0.6347583610285299,1550.568,0.5936437517461874,2.6,1910.784,122.173,280.836,233.29,0.24855288714064563,6837.463,4245.321,0.032622068118021715,3975.454,0.019746273224720445,0.06788331596844026,-0.034371488045309095,0.11766862448562908,0,0
48086,2020.0,1508.6,0.06575768035899206,3.882950451780547,25.69180349809886,3.4544705112474436,0.45242111840049987,876.4,0.9288491671986536,3.86,383.1,15.6,219.7,131.5,0.13445807770961146,1380.1,1600.5,0.07631594219720272,1564.9,0.07740218903065853,0.02274905744776018,-0.05741955638862861,-0.13834936101460682,0,0
35277,2020.0,7566.04,0.15600242403638756,241.82191026699698,15.74882108819301,5.909658937727122,0.21530732823921894,5829.044,1.949816985864143,241.31,7909.872,428.556,1160.804,878.539,0.37524452812265613,2342.0389999999998,7428.442,0.2305988610995547,7189.652,0.2518047602397145,0.03321301225706056,0.01852313042223389,-0.32349004980975243,1,1
47985,2020.0,93.075,0.07652916671038963,0.33470165664858526,35.40466491458607,2.157363244498418,0.4100477456076394,50.166,1.0384183274716687,0.34,17.821,1.534,23.606,4.566,0.06093443476172046,55.108,85.034,0.055759085580304804,77.651,0.05759204623529888,0.09507926491609908,0.09456217512994798,0.37249680323705353,1,1
48067,2020.0,12868.0,0.2166035249547027,6.119053197025329,50.5846231489657,14.17817597841627,0.8860862798652654,1272.564,0.5380542230185335,6.07,14640.528,1007.446,4176.976,2951.458,0.28028628258558397,16375.925000000003,11171.297,0.14215398990482794,9030.008,0.13803707687092784,0.23713035470178995,0.1518805739387288,0.5237245546165725,1,1
4958,2020.0,1849.7,0.01910497352299865,0.14377556984219755,13.006382113821138,-23.44007326007326,0.2589723320158103,1406.1,0.6790366447180074,0.14,18.7,60.1,552.9,49.2,-1.8021978021978022,2080.4,1897.5,0.017606641855138848,1820.1,0.09676705048715678,0.04252513598153953,-0.025191040843214732,0.08510036611112658,0,0
48820,2020.0,4644.4,0.04409004173195365,3.638189323785664,19.039690855868415,5.050685630823843,0.25150922909880563,3446.8,0.7573141250185011,3.66,-526.5,26.1,152.2,358.7,0.26527140955479955,5833.9,4605.0,0.058989918923808116,4277.3,0.05648309178743961,0.07661375166577042,0.008555917480998836,-0.25258344923476295,1,1
48149,2020.0,159.0,0.2508915490441308,0.41156547917711994,33.87067357512953,1.3066086629356157,0.36677828381675004,68.267,1.0845430310346562,0.41,14.819,1.775,14.606,3.281,0.03857640031980435,77.59500000000001,107.809,0.03300638800865148,99.011,0.015402806076665648,0.08885881366716832,0.4748304872506006,6.601302783520823,1,1
48193,2020.0,486.825,0.03081100326309386,1.374152026439381,41.99680886075949,2.4763932823287926,0.17141567981453862,426.039,1.0324652767319467,1.35,207.007,0.036,29.839,7.9,0.05896622504198545,454.14500000000004,514.177,0.015863167131517704,533.261,0.05148197894718774,-0.03578735365984002,-0.053195689422125124,0.9422983448164696,0,0
45065,2020.0,3821.1,0.008539922297459812,2.7646470921909185,6.55779902296043,0.5740352619200342,0.17876886299118483,3297.9,0.11940804438775054,2.62,1908.2,-1.9,1184.6,409.4,0.08753474449433397,,4015.8,0.012173328694742037,4313.5,-0.010019147704501937,-0.06901588037556504,-0.048483490213656125,-0.29847270934625986,0,0
47969,2020.0,14852.0,0.012838553183505541,1.3134284453596117,88.03677155655095,2.3838453864580487,0.6306076371846471,3763.0,0.13137904796296057,1.74,12348.0,518.0,893.0,893.0,0.027077837411686224,76254.0,10187.0,0.011516785101690762,5823.0,0.10539868584620848,0.7494418684526876,0.45793658584470404,0.11476884131672589,1,1
47489,2020.0,4183.174,0.05530592882364824,2.9994866472485406,11.528639419588876,1.3002314023369346,0.19130801689617286,3681.77,0.9077386779575722,3.04,2141.677,-120.261,454.858,268.775,0.11278272786705842,4295.794,4552.747,0.05358906681351862,4547.002,0.033578913156039406,0.001263469864319367,-0.08117582637471406,0.03203754258502064,0,0
11879,2020.0,10.0,-0.5571105437902617,-0.9122240558704646,-3.5846456569046437,1.532499803844645,,0.0,0.0,-1.51,-486.47,111.058,129.258,-76.282,-0.42751779409292157,90.36099999999999,0.0,-0.34148678049260905,2.998,-0.32495025774230357,-1.0,inf,0.6314263849001894,1,1
48912,2020.0,13162.8,0.011228191397477974,5.421879696654626,5.378208597655186,0.5938427415955846,0.14206306876895902,10294.9,0.17906269492370186,5.25,10766.0,-9.9,2214.4,1100.3,0.11041645760160561,63053.49999999999,11999.6,0.016419104238853722,11599.2,0.008458907873216582,0.034519622042899475,0.09693656455215165,-0.31615079396914436,1,1
15834,2020.0,789.213,0.13237024324855068,-0.008604835963219435,-290.53430079155675,1.7202255879894706,0.1161608776980593,1051.788,1.2887966652190535,-0.1,-226.202,-1.782,1.498,-0.758,-0.0059209036017528385,818.965,1190.022,-0.000820915808477526,1260.852,-0.12178027472907359,-0.05617629983534955,-0.33680805901067373,-162.24703883342812,0,0
49493,2020.0,5505.788,0.10371998974617529,1.7029117657464674,43.09677193863868,5.285157460818358,0.8774095764359261,697.858,0.8256577372914715,1.66,5816.249,67.717,541.774,529.454,0.12263464809715637,6079.408,5692.598,0.07679231725829203,5366.325,0.09391760113382212,0.060800081992797704,-0.032816299341706615,0.3506558136188502,0,0
135137,2020.0,10710.0,0.04025061704955383,3.7717205311739326,8.113008306709267,3.3500944591029027,0.0735116895637503,15376.0,3.051857300478117,2.84,,-35.0,21.0,313.0,0.4129287598944591,4923.0,16596.0,0.05755792570798088,16994.0,-0.04242672678827629,-0.023420030599034955,-0.3546637744034707,-0.30069375234672935,0,0
48515,2020.0,171.721,-0.03283370592687779,0.2698158137726588,29.761042867435158,1.613895489101239,0.6566799262637042,53.079,0.4426201348430409,0.27,-94.669,-12.723,156.338,16.656,0.054228458871217175,183.39000000000001,154.605,0.04768462188121787,181.743,0.06463204793849878,-0.14932074412769683,0.11070793311988626,-1.6885596368713245,1,1
57806,2020.0,23.583,0.02370609292266388,1.6478557604156054,30.22716016566731,1.3043489522203966,0.488760734130325,12.145,0.04414399012910946,0.94,316.201,4.06,26.793,16.177,0.04315155459763983,508.924,23.756,0.030060503801928092,22.022,0.2462412559744247,0.0787394423758061,-0.00728237076948989,-0.21138737132065755,1,1
12401,2020.0,3390.394,0.05130427871194944,3.744862777547924,16.692200412462253,2.094605257077368,0.10830467628650191,2821.711,1.5815187594676952,3.59,1160.893,-71.432,226.254,108.616,0.12548407072284815,1329.6850000000002,3164.434,0.05428403359916597,2873.508,0.006747240306275036,0.10124419350842259,0.0714061345567642,-0.0548919210613397,1,1
53017,2020.0,4610.609,0.09403522036288126,4.02665350444225,9.650693797499388,1.1879829129213868,0.24666625734108757,3165.534,2.2502923964081294,4.03,649.398,31.588,42.125,81.58,0.12309818732713367,1673.873,4202.034,0.04368809336120917,4092.805,0.05335328681782289,0.02668805379195926,0.09723267351001938,1.1524221619242256,1,1
1250,2020.0,2308.608,0.006870131037415249,3.8311202924747554,10.231994040228457,1.3096911485749378,0.7745495811825952,542.555,0.049924774831722044,3.5,1133.968,43.354,1186.918,563.78,0.12799960041275546,8610.859999999999,2406.538,0.011695884110131755,1624.398,0.013115598328847558,0.48149529856599194,-0.040693311304454714,-0.41260267520401617,0,0
50201,2020.0,1021.506,0.047083284814953524,3.8706861218132635,23.541045988330843,-3.0140916288856596,0.36295911934129527,605.257,0.9912611908609751,3.55,1437.028,148.856,151.561,94.437,-0.12803558645523766,769.8559999999999,950.107,0.09852756908573235,869.69,0.14740277168850505,0.09246628108866367,0.0751483780247909,-0.5221308588869712,1,1
42573,2020.0,1578.276,0.02597743015130129,0.0901187992605231,382.4951095980672,2.861928734286509,0.11236259011905922,1765.296,0.14172118916907428,0.09,-3604.056,44.811,184.657,45.53,0.007482262289036522,13392.081,1988.758,0.0032445203201535593,1844.095,0.08342875168267963,0.07844660931242697,-0.20640118103861804,7.006554925836251,0,0
51727,2020.0,3564.267,0.01529125255336444,2.4001981624932442,64.4988411453447,2.4246750771509693,0.11647033449235483,3039.57,1.9391195929957938,2.41,1309.461,-25.776,95.417,53.294,0.03759253707655139,1545.976,3440.258,0.030039444596631368,3236.004,0.03701911488212891,0.0631192050442459,0.036046424425144864,-0.4909608763179595,1,1
6825,2020.0,42638.1,0.08899768012568196,6.791481354772494,10.658941137949274,3.2110350322096015,0.14503675857806997,33341.6,0.7104014369171859,6.75,11021.3,152.4,8738.8,3970.3,0.30125272207173376,41907.7,38997.7,0.07232495313806464,31954.7,0.05615244229736984,0.22040576190669905,0.0933490949466251,0.23052523733807245,1,1
6921,2020.0,983.626,0.039886149115713275,4.271144888453052,21.076316151991733,4.057822055319131,0.2312176972491782,771.543,0.28304285644583993,4.28,1066.519,16.063,96.373,191.642,0.19252994812073282,3423.657,1003.591,0.05404880981893386,822.518,0.02066913253023689,0.2201447263160198,-0.019893562218074926,-0.26203464517842645,1,1
51804,2020.0,563.605,0.04859499871100799,-1.1102107649676716,-3.3417078243769613,0.23336180214440397,0.30927425175175816,272.76,0.8942820067441023,-1.08,103.084,-20.811,37.425,-26.443,-0.06983309565309248,382.05,394.889,-0.059883914478079406,446.816,-0.09058569881547372,-0.11621562343335952,0.42724917635082266,-1.8114866760888897,1,1
52606,2020.0,2682.891,0.14950041574016304,3.533897911418413,19.627052546110686,9.230490362329249,0.9306147833408023,162.106,0.6959077809798271,3.62,1724.762,171.912,705.21,988.979,0.47029427065748447,2360.665,2336.319,0.29458228149736765,2138.022,0.1400670162768861,0.09274787630810162,0.1483410441810387,-0.49250031271314276,1,1
102362,2020.0,5595.0,-0.19099509264269587,4.371345029239766,10.312615384615384,1.215640449438202,0.3801200480192077,12909.0,0.46218207643481735,4.34,24587.0,-465.0,518.0,2990.0,0.11787896708062291,43784.0,20825.0,0.06635891517599539,18881.0,0.07433786938987288,0.10296064827074837,-0.7313325330132053,-3.8782130047807994,0,0
45386,2020.0,1006.863,0.03291647798350066,1.1658431852153825,29.73813325811475,2.5421550721735153,0.3534714601233763,656.295,0.12055086109454452,1.18,-511.028,95.914,121.431,428.972,0.08548468897185497,8230.291,1015.106,0.05094339308943987,986.548,0.04917065862431996,0.02894740043059232,-0.008120334231104868,-0.3538616886843376,1,1
51808,2020.0,256.0,-0.10050426012867328,-4.519532184356628,-2.0577350974930364,0.8943424939467314,-0.5874439461883408,354.0,0.030615046677649645,-4.43,605.0,-197.0,506.0,-359.0,-0.4346246973365617,6761.0,223.0,-0.04928610653487095,138.0,-0.03665180782565627,0.6159420289855072,0.14798206278026907,1.0392006428335827,1,1
47824,2020.0,518.207,0.07833812722013196,0.19539272986457593,80.60688855166778,1.6462209387219684,0.2391042102745573,435.851,0.140534189538733,0.19,-1516.047,67.959,91.17,34.267,0.020422831947753024,3871.4519999999998,572.813,0.008407080623037124,533.817,0.033261754667110406,0.07305125164616334,-0.09532954035610225,8.318112996974174,0,0
49605,2020.0,87.506,0.13768740059633808,4.0408779239526265,8.124472111715514,1.280756084028677,0.6277504219893928,74.54,0.06032517547720551,3.97,-1189.736,396.544,2800.645,492.68,0.15764176015593953,515.788,200.242,0.14842544248514103,245.954,0.07726723787319034,-0.1858558917521163,-0.5629987714865013,-0.07234636938931777,0,0
49754,2020.0,79.716,0.03936567957263936,1.378498219088464,85.13612739928286,8.88398164350094,0.3906584429893996,48.113,0.16154005102406152,1.38,-85.127,1.074,6.11,18.964,0.10435031419547248,482.679,78.959,0.038797927121927867,77.981,0.0500169506941516,0.012541516523255776,0.00958725414455592,0.014633576915778332,1,1
52338,2020.0,20.873,0.10912149981973321,-0.04830771560536079,-20.907633228840126,2.5021703245169764,0.14281721632196753,18.402,2.378989361702128,-0.05,-30.38,-0.495,0.134,-0.638,-0.11967735884449446,7.453999999999999,21.468,-0.07070035460992909,21.581,-0.43646213637969616,-0.005236087299013,-0.027715669834171737,-2.543436386165004,0,0
52493,2020.0,847.522,0.1509175506019638,4.51040902930525,32.18333394085977,6.132064692819856,0.8442054364281357,131.005,0.6912529943393217,4.49,591.293,71.32,443.116,203.009,0.1905354089196652,740.5720000000001,840.883,0.1668847855502268,769.432,0.24566508527561162,0.09286200729889063,0.007895271993844577,-0.09567819436396366,1,1
52520,2020.0,862.459,0.0054330916786409335,1.006966434452185,111.05633333333333,4.4737225796553535,0.5733407182725944,407.501,0.538054019644019,1.01,411.567,8.345,25.856,28.62,0.040283362914815185,1693.271,955.097,0.01612308073652396,859.634,0.02983921270171451,0.11105074950502186,-0.09699328968680672,-0.6630239736793457,0,0
76920,2020.0,3342.0,-0.008884607150503104,1.1879801174875733,47.63547736782047,2.4591785959744725,0.6067705748039313,1584.4,0.4683536946843506,1.18,804.5,95.3,404.9,262.9,0.05162493863524791,7890.1,4029.2,0.03055946250682909,3986.3,-0.11638079889490043,0.01076185936833646,-0.17055494887322542,-1.2907317872006967,0,0
52237,2020.0,6171.0,-0.06615440028814984,-5.1289477249052915,-11.990763661202188,2.413097232404692,0.05045871559633028,8280.0,0.3539104671455822,-5.23,,-393.0,4945.0,-1098.0,-0.20124633431085043,18695.0,8720.0,-0.0445634968951662,11693.0,0.06441272012309797,-0.2542546822885487,-0.2923165137614679,0.4844975124769799,0,0
51134,2020.0,181.555,-0.21914322799482594,3.0417710796597612,18.22622365329388,-315.2280794701987,0.4789809651338203,768.464,0.571422760054162,3.06,,76.903,182.527,172.365,-17.295304033714633,2369.274,1474.925,0.0667785033386346,1348.53,0.06256993562340955,0.09372798528768361,-0.8769056053697645,-4.281643298945291,0,0
136228,2020.0,6687.0,0.12036152546109193,3.1543883851213805,41.957420533333334,23.240816395864105,0.7361376673040153,1656.0,0.543611953226505,3.14,3701.0,332.0,1934.0,1500.0,0.5539143279172821,9310.0,6276.0,0.12992637505413598,5853.0,0.13250440753456436,0.07227063044592516,0.06548757170172084,-0.07361745903446244,1,1
52546,2020.0,1294.562,0.14718286183882856,6.637783305693754,45.72610855489163,30.31774798372485,0.7340802339142976,308.489,0.809295488919026,6.63,1866.563,16.403,106.426,192.124,0.6630292614410889,1303.9040000000002,1160.083,0.13402927765778735,1032.475,0.11347094485685762,0.12359427589045757,0.11592187800355648,0.09813963345102723,1,1
53307,2020.0,594.209,0.10115452377725603,5.117758311765877,11.442509871044289,1.8127338275804692,0.46890307759872973,298.699,1.2886395505494403,5.14,249.935,50.505,172.382,51.413,0.15842099749178823,233.67000000000002,562.419,0.11779976354354739,544.268,0.1027160955305908,0.03334937934987902,0.05652369496763083,-0.1413011305420665,1,1
80293,2020.0,1497.826,-0.04945419886223991,-0.6612971292703261,-1.2741624947468366,-0.07236450651634102,0.17694040342153133,1386.355,1.3336870001322292,-0.65,,-108.257,36.082,-64.247,0.056793781652409364,1193.513,1684.392,-0.05087021827311892,2073.142,-0.18674139814168905,-0.18751730465158672,-0.11076162793459006,-0.02783592166395851,0,0
53034,2020.0,12109.0,0.0060090089597802585,2.880864881681542,16.508931155507558,3.226523902490502,0.4672889266016122,6278.0,0.04008435230693356,2.69,20048.0,7350.0,49828.0,3704.0,0.19544111439425918,-16388.0,11785.0,0.012598425196850394,10989.0,0.011828711355158155,0.07243607243607243,0.0274925753075944,-0.5230349138174419,1,1
53573,2020.0,3144.097,0.03263617264348229,1.7516756873006198,48.95312563945161,3.7680182042552723,0.30020924977800184,2387.819,0.8304379951442038,1.75,624.843,145.484,414.412,97.74,0.07697196358833938,3396.1170000000006,3412.19,0.0237873651951956,3300.303,0.017557614768769186,0.033902038691598975,-0.07856918870285648,0.37199611540305905,0,0
3510,2020.0,972.266,0.00687234472984301,1.3782837447782825,12.64616234939626,1.222077136816362,0.7986088840154167,209.742,0.047585858382786464,1.36,1079.254,72.104,517.791,226.339,0.09663620496495567,3974.3360000000002,1041.466,0.010341706402802882,954.039,0.01007598242194526,0.09163881141127345,-0.06644479992625774,-0.33547284537294364,0,0
54419,2020.0,2191.395,0.1803911109102767,3.043884172270206,19.652521782845874,8.812874952039694,0.6950589134042741,705.734,0.6181464013448783,3.01,1845.004,213.858,1898.332,827.486,0.4484348140874319,1761.3149999999998,2314.329,0.22101762241378298,2480.066,0.10497845587199636,-0.06682765700590211,-0.05311863611439868,-0.18381571143429665,0,0
91929,2020.0,8598.9,0.09762072797774048,3.8771399798590136,27.91490649350649,7.116905502946824,0.3534904077613246,5317.8,0.7605196246128242,3.88,2917.5,-388.1,908.6,1155.0,0.254950003311039,9040.1,8225.4,0.10679117932596736,8202.0,0.11996137343328456,0.0028529626920262906,0.04540812604858123,-0.08587274160757394,1,1
54066,2020.0,539.009,0.04293570148683642,1.9118776378002729,38.03067652575146,4.8959201844428675,0.6372194518958283,258.849,0.8608668584224547,1.92,434.784,-0.719,253.131,60.249,0.12873607917881044,502.40700000000004,713.514,0.07269145013706035,675.574,0.06731133793062026,0.05615965090426816,-0.2445712347620369,-0.4093431702644426,0,0
52945,2020.0,7025.0,0.026938934098905607,5.27519051651143,19.278924558587484,5.636828553094363,0.26988841017451043,4951.995,1.530859633240184,5.27,214.536,3.16,157.064,323.96,0.29238293536366006,3823.2370000000005,6782.518,0.07311993669378983,6082.54,0.08127609902264653,0.1150798843904027,0.03575102933748203,-0.6315788098706934,1,1
135230,2020.0,312.69,-0.47353179819083563,-10.491614160046266,-11.811337903742881,78.96546978043294,-1.2252442440933007,560.766,0.3338278892442038,-10.89,-2124.61,31.532,657.347,-344.681,-6.685565210644736,78.56399999999996,252.002,-0.45660006941445463,179.804,-0.6073488658927229,0.40153722942759895,0.24082348552789257,0.0370821861636909,1,1
91762,2020.0,7024.0,-0.0104009568880337,4.566678949180595,33.14662617724868,2.0677324358445417,0.40213007961948094,5782.0,0.5072114123878954,4.5,4025.0,-120.0,705.0,756.0,0.06238138460268999,16951.0,9671.0,0.03964965647453716,9379.0,0.054627716025247165,0.03113338308988165,-0.27370489091097094,-1.2623214880742573,0,0
55199,2020.0,4037.0,0.023654581138312158,1.4767441860465116,24.533700787401575,0.7423826542768643,0.5564395822973645,1784.0,0.49265066144047037,1.47,2550.0,-292.0,291.0,127.0,0.03025970931617822,7569.0,4022.0,0.01555609995100441,3967.0,0.020621391256530106,0.013864381144441643,0.0037294878170064643,0.5205984284502398,1,1
66234,2020.0,18001.0,0.0025514032717994894,7.937076047312267,12.233724286021044,2.0770125410134885,0.16547079828408462,17411.2,2.2619202497885906,7.78,3053.1,433.9,1025.8,465.7,0.16977761574917974,5723.099999999999,20863.5,0.05048895249246515,21991.2,0.06534190943449378,-0.051279602750191014,-0.1372013324705826,-0.949466108012832,0,0
60887,2020.0,5162.082,-0.027324450018186085,4.067258540230707,8.179957008120962,2.1663206787912674,0.4105672609350068,7603.489,0.38078688274500366,3.9,4191.135,802.842,2329.604,2046.433,0.2648327707151236,31311.315000000002,12899.672,0.06040888813424915,11763.096,0.014744640525779174,0.09662218177935478,-0.5998284297461207,-1.4523249949156791,0,0
55932,2020.0,15218.0,0.05097972397341966,3.9356532477387667,28.95580297005988,6.841566349745331,0.39320608217405373,9378.0,0.5570774609811484,3.93,10584.0,3464.0,3576.0,1670.0,0.2362761743067346,23102.0,15455.0,0.06019536459647479,14914.0,0.08498896247240618,0.03627464127665281,-0.015334843092850211,-0.1530955196439631,1,1
71582,2020.0,1857.478,0.05466163832220778,-0.22699818431096455,-69.20760202415931,1.4164692433193942,0.12189044243859538,1250.284,0.3998019853690437,-0.23,-219.97,-74.146,32.968,-18.378,-0.020466960303362716,3499.2320000000004,1423.836,-0.005160398309294248,1208.425,0.00956827058004442,0.17825764941969924,0.3045589520141365,-11.592523105001069,1,1
53148,2020.0,2380.071,-0.012804711011910106,1.6875470868910094,21.664580670963666,2.0554996651103195,0.45043361595190007,748.782,0.6973665825047229,1.69,919.36,-42.166,204.872,107.517,0.09487834988956141,1644.4389999999999,1362.496,0.05503044621867535,1158.794,0.04995399228341888,0.17578793124576067,0.7468462292733334,-1.2326841210959443,1,1
58721,2020.0,1423.14,-0.008094870853110617,-0.14687104785993996,-83.74693432928728,1.4666284522431745,0.17521674009841107,1339.787,0.7863655287260617,-0.15,139.811,110.594,351.085,-9.639,-0.01751262256928105,1640.9139999999998,1624.411,-0.004666169664814205,1457.718,0.06508413324661455,0.11435202144722091,-0.12390398735295437,0.7347999396916346,0,0
55244,2020.0,14198.0,0.014213173880030372,-0.16471399035148174,-79.65322175732217,2.0474424607442456,0.2086765513454146,11528.0,0.35698007792398734,-0.17,-12956.0,-2177.0,2120.0,-239.0,-0.025704452570445256,37035.0,14568.0,-0.005856551250949546,18628.0,0.061635398900890655,-0.21795147090401545,-0.025398132894014276,-3.4268845726784916,0,0
54841,2020.0,308.404,0.17395657498943048,2.432033193328712,12.442264391376701,1.9118784338934056,1.0,0.0,0.1713299671098346,2.49,,0.0,0.0,238.563,0.15366000703364427,1554.264,266.292,0.1534893686014731,270.647,0.16260604910038967,-0.016091070656611816,0.15814218977663627,0.13334608497282555,1,1
56099,2020.0,4501.217,0.10958369194891417,6.535851723867117,9.349967315941889,1.1825495012639375,0.19269315266336215,2960.349,1.0790686615371623,6.55,1468.256,8.0,319.466,249.663,0.12647632460144176,2923.759,3666.944,0.07346813020470248,3528.581,0.06754818556288719,0.039212079870066696,0.2275117918353811,0.49158133797040654,1,1
91888,2020.0,1467.592,-0.20007001565192353,15.450634417129264,4.643175034965932,1.694783244033122,0.18364008661269057,1873.017,1.2284002835488146,14.42,737.114,-111.917,288.687,233.799,0.36500524560680436,1446.009,2294.352,0.12517641490644388,2451.787,0.16564232191875192,-0.06421234797313141,-0.3603457533979092,-2.5983044074353363,0,0
56649,2020.0,222.356,0.04933296275708726,-1.9323432343234324,-1.6818958155422716,0.30326558169284346,0.11130183967075881,252.648,1.585501879468618,-1.94,78.076,-0.035,1.856,-15.223,-0.18031175230379268,157.54000000000002,284.29,-0.08489955718157786,269.485,-0.023767631885008796,0.054938122715550056,-0.21785500721094664,-1.581074441313952,0,0
966,2020.0,8044.672,0.01855041122402826,3.718099142913222,18.584765317973325,2.086238100497799,0.1226119947371391,6872.582,0.29399377587598713,3.58,7675.073,206.108,1424.519,681.944,0.11225528355099532,24858.595,7833.002,0.025595204941346136,7582.302,0.02573704980527577,0.03306383734121916,0.027022845136513325,-0.27523880873240497,1,1
1705,2020.0,7536.0,0.044150751579406,12.257700192734996,8.578281271907862,1.7367019160583943,0.3218071680969207,5374.0,0.3118702770780856,12.24,9705.0,-17.0,1226.0,1997.0,0.20245336577453366,,7924.0,0.07859729219143577,5407.0,0.013084112149532711,0.46550767523580544,-0.048965169106511865,-0.4382662513121945,0,0
6261,2020.0,7165.9,0.024483677548301132,3.4789710623639483,6.43006210715638,1.1321007333211113,0.19257801128408444,5824.5,0.34226595749728367,3.52,4463.7,-21.4,1586.4,1056.4,0.17606373227112881,,7213.7,0.050122649611174644,6021.8,0.01916997376740432,0.1979308512404928,-0.006626280549509985,-0.5115246752070626,1,1
133890,2020.0,395.521,0.11005933301507195,2.278188865398168,21.26689351171603,3.5708388157894735,0.24288136294090887,274.641,1.124452490258744,2.27,230.538,-1.716,3.309,38.793,0.16790599030470915,289.77699999999993,362.745,0.12025220321329709,376.089,0.13416723043484519,-0.03548096328262723,0.09035548387986053,-0.08476244032007925,1,1
62357,2020.0,557.24,-0.20406927174632192,-0.5942378992482737,-14.724742415569548,1.9705970786676088,0.5219172333546338,300.759,0.7792451988822165,-0.61,-830.756,23.698,133.665,-69.88,-0.13382896780482573,623.796,629.094,-0.0865588520918802,687.66,-0.0551020062191826,-0.08516708838670262,-0.1142182249393573,1.3575783044085097,0,0
98163,2020.0,4828.0,-0.27037933817594834,-0.9293193717277487,-27.94518309859155,1.7098483281627024,0.3554662379421222,4009.0,0.4534519209739739,-0.21,3029.0,-602.0,1464.0,-355.0,-0.06118579800068942,11095.0,6220.0,-0.025880294525041918,10734.0,0.15659818051722377,-0.4205328861561394,-0.2237942122186495,9.447305300730939,0,0
57224,2020.0,474.692,0.06770769430315184,0.201353481041995,438.3336187845304,3.5496967663277523,0.2896512277288367,315.446,0.887586595617952,0.2,454.893,-33.583,127.204,2.172,0.008098162254063063,343.676,444.072,0.004341273680128879,547.705,0.0405332469775475,-0.18921317132397922,0.06895278243167775,14.59627411030714,1,1
55442,2020.0,13995.5,0.07752706547028901,8.475308641975309,19.960335032774942,2.1730307915950835,0.3093086855679025,7980.8,0.6402828264917102,8.42,7531.2,-89.3,337.5,823.8,0.10886745077309369,17076.600000000002,11554.8,0.045648993705115694,11333.4,0.05459892618610715,0.019535179204828175,0.21122823415377168,0.6983302188674725,1,1
135226,2020.0,4317.996,-0.03239477927801293,-2.0744816752119046,-89.00054515118354,17.204653369265298,0.7815789894480766,792.258,0.5321320087759386,-2.12,-2603.867,92.518,1948.032,-480.674,-0.19330952793648712,4810.777,3627.206,-0.07051764393485384,2822.18,-0.07576113807807858,0.2852497005860719,0.1904468618545514,-0.5406145544519307,1,1
57312,2020.0,193.516,-0.005247584664929951,1.1460363180964308,13.123493350526166,1.6321320770358771,0.3505323749589908,152.432,0.12233295926786719,1.06,-434.542,69.83,114.552,91.511,0.12436719655673384,1748.6470000000002,234.703,0.04769777734226573,266.175,0.009136400406546223,-0.11823800131492442,-0.17548561373310104,-1.1100173835622311,0,0
135285,2020.0,1790.894,0.10593665647286615,0.5240331651881487,34.44438481965037,7.941843437886654,0.07465247353874756,1916.788,2.2882201277870573,0.51,,-1.411,1.78,18.076,0.2305700473232394,845.653,2071.425,0.01996783230379031,2347.988,0.006057061650298412,-0.11778722889554788,-0.135428992118952,4.305365893560572,0,0
11570,2020.0,60115.0,-0.027446208521651794,5.917535646922002,15.825844673823287,1.7580239324863551,0.06059632625646118,96504.0,1.907192187732066,5.84,30623.0,-399.0,2583.0,2422.0,0.11108563041783241,41076.0,102729.0,0.04496509728204367,111407.0,0.0622470341939986,-0.07789456676869497,-0.41481957383017454,-1.6103891725062973,0,0
119071,2020.0,769.97,-0.066807384326733,2.213046697933263,14.193103123098762,2.006830059643287,0.30785178223432336,500.79,0.6066320114026997,1.37,-85.85,64.32,172.47,98.62,0.14139473533291277,947.56,723.53,0.08268634191330594,877.14,0.07569149129502417,-0.1751259776090476,0.06418531367047677,-1.807961542146567,1,1
58989,2020.0,2351.646,0.08557859984532433,5.592485017348334,30.75555848007501,5.7825063217199855,0.4831488194572778,1289.323,0.6540719869781998,5.62,2487.786,166.174,632.581,425.521,0.18801499980779676,3042.8679999999995,2494.573,0.11157074415980234,2483.666,0.11818937854954881,0.0043914922537892365,-0.057295176368861396,-0.2329655906681913,0,0
53609,2020.0,2267.008,0.004659987669679194,1.9315926415020332,24.228711061773183,1.2927374170528518,0.8229188232812563,363.511,0.044002672322612714,2.56,1950.704,641.314,1228.371,295.468,0.05335560004644517,10954.718999999997,2052.793,0.006333508340011747,1613.149,0.012842319950216907,0.2725377506975489,0.10435294742333966,-0.26423280439375707,1,1
60464,2020.0,738.691,0.11308800748080602,2.5326092687298996,82.3222131318178,6.785290235237293,0.7370554309067431,187.744,0.3789016190744052,2.54,848.413,-21.104,166.033,96.072,0.08242356439534004,1702.1670000000001,714.006,0.05098253564776243,642.993,0.07918016673340858,0.1104413267329503,0.03457253860611824,1.2181714982191032,1,1
6718,2020.0,2613.375,0.05358650852529618,1.4149012089258137,27.903008175371497,3.319048771759008,0.2514949809190062,1790.552,0.31381702390755334,1.42,3140.762,185.379,975.3,398.514,0.11894949644492295,5419.402999999999,2392.171,0.05227907096336121,2014.246,0.051468394006101065,0.18762603971908084,0.09246997810775241,0.025008814002285256,1,1
135220,2020.0,222.99,-0.10428760814959531,-1.32497189847956,-44.63490891230576,4.461976735881733,0.6182300683769651,87.323,0.43379937641766364,-1.35,186.837,37.354,404.757,-44.792,-0.09996607688050135,107.60899999999998,228.732,-0.08494981755285658,227.768,-0.06521753100012209,0.004232376804467698,-0.025103614710665714,0.22763781199066827,0,0
58002,2020.0,755.29,-0.146530192087323,1.4463959238723212,15.45220062579001,1.9793224401391911,0.2055220402362092,772.517,1.3643912733558963,1.45,331.235,-2.975,31.422,48.259,0.12809323979625692,577.5889999999999,972.358,0.0677159631132589,1065.471,0.03511867147883789,-0.08739139779496585,-0.22323876596891268,-3.163894381037492,0,0
56654,2020.0,5226.9,-0.002459984786936186,2.0172084130019123,12.051308056872035,1.0399255684606576,0.39284026657541843,3726.2,0.9742820402914703,1.4,1949.5,179.1,378.0,105.5,0.08629150989694095,5693.200000000001,6137.1,0.01674842437808576,6247.1,-0.14872966674962104,-0.01760817019096861,-0.14831109155790206,-1.1468785798235992,0,0
113786,2020.0,46.924,-0.5458827387717482,-3.233654715275685,-1.2462678779408343,-4.048398113350317,-6.958957930367505,131.673,0.06589161180345628,-3.93,-711.184,58.131,215.703,-128.79,3.2484172825182234,31.26000000000002,16.544,-0.5129461245265434,17.117,-0.3742804605052766,-0.03347549220073613,1.8363152804642164,0.06421066983517175,1,1
59152,2020.0,2556.0,0.08709322433579626,6.599320882852292,2.835140210959609,1102.019,0.9032128514056225,241.0,0.32191338073691017,0.94,-3346.0,386.0,2263.0,3887.0,388.7,5385.0,2490.0,0.5025210084033613,4731.0,0.0019450370184464802,-0.47368421052631576,0.02650602409638554,-0.8266873963886329,1,1
137724,2020.0,1451.767,0.13828315814641853,0.46690225424981524,13.878707890180559,2.544329089128306,0.3564447693538252,570.448,1.4374668567286315,0.47,23.029,0.138,1.685,20.215,0.18332607828200384,560.972,886.401,0.032782445539625164,849.129,0.06107015482248513,0.043894390604961,0.637821933865147,3.2182075153383956,1,1
136081,2020.0,45784.0,0.030657855411284164,5.329593647221741,16.612898817558996,-16.023356397454723,0.8377622798052066,5397.0,0.37329293609381137,5.3,1121.0,32635.0,39924.0,7882.0,-0.9645129711209006,47739.0,33266.0,0.08844751164226,32753.0,0.09581816956463135,0.015662687387414893,0.37630012625503517,-0.6533779770392555,1,1
136193,2020.0,1033.5,0.006002261721808217,0.3605989077511345,181.44813695652175,3.085497769654153,0.18292061551003772,801.8,0.15976880494952783,0.36,-768.5,13.3,77.7,41.4,0.017004846792080835,5941.6,981.3,0.00674047541517421,821.4,0.00021457308895842645,0.19466764061358655,0.053194741669214354,-0.10951952909792097,1,1
56474,2020.0,2231.8,0.0034806424923682633,1.1888335541645725,14.215614911606457,0.960367384559463,0.7843009632908097,497.1,0.03933449166919839,1.28,1345.9,-131.0,801.0,520.4,0.0675572172242344,14199.300000000003,2304.6,0.008882092104769089,1922.7,0.009777075983816965,0.1986269308784521,-0.03158899592120096,-0.6081280793632627,0,0
136406,2020.0,122.473,-0.07439954580237466,2.354108511394204,25.521338421404394,2.5595172240817137,0.19491513033816288,165.201,0.41891558074348395,2.37,163.886,-12.672,335.236,46.383,0.10028930230144521,147.904,205.197,0.09469222932901074,206.625,0.17371151566653067,-0.006911070780399261,-0.4031442954819028,-1.7856985343947434,0,0
136566,2020.0,7649.0,-0.001141160438294242,-2.6525399392409654,-22.989286267806268,0.8576997746598639,0.13951310861423222,6433.0,0.04422334088529497,4.88,-1318.0,-66.0,3817.0,-351.0,-0.03730867346938776,163861.0,7476.0,-0.002076296502238969,8514.0,0.0056567667860513825,-0.12191684284707541,0.02314071696094168,-0.45038657192569825,1,1
59036,2020.0,1369.23,0.11872737780875706,2.7385391985165346,23.965331602904108,3.1082190052033734,0.5732208591830299,546.757,0.8043840653189568,2.74,-205.15,75.947,314.127,159.498,0.1296964739192977,1200.138,1281.124,0.1001445993129806,1185.524,0.06652989709013485,0.08063944719803239,0.0687724217171796,0.18555946724296077,1,1
59709,2020.0,468.459,0.06616227917651968,1.1233143202508216,63.401666582597734,5.199853442676753,0.5133689328050008,203.495,0.5245615179469681,1.13,459.013,24.581,343.673,59.475,0.08201445991806139,427.85900000000004,418.171,0.07460655157793326,414.336,0.08649208037485268,0.009255773092369428,0.12025702404040456,-0.11318405988236546,1,1
57250,2020.0,17045.5,0.012008849423423696,12.469595433109953,11.002762738853502,1.9062652596730807,0.1190744208820663,17451.4,1.5622402548755194,12.8,3943.1,-9.4,1520.7,753.6,0.17325332781571143,8338.3,19810.3,0.0594288958811422,21148.5,0.09911470859517098,-0.06327635529706602,-0.1395637622852758,-0.797929117723449,0,0
52965,2020.0,11017.977,-0.01688531594026142,4.699852555532261,17.821835687463206,2.25228761562233,0.789069117034328,3611.559,0.4612035768835593,4.73,15643.952,472.338,2027.972,2734.91,0.1263779812091245,32667.509,17122.002,0.07366838728640582,17011.202,0.10075417700595565,0.0065133551409241545,-0.35650182729799934,-1.2292070800276267,0,0
136231,2020.0,5474.838,0.08901531145362662,2.0757451392807673,17.598499598393577,2.0306540145152776,0.14593345743769023,3965.776,2.7421391076037986,2.07,306.45,93.566,285.237,80.925,0.11538790583605435,1183.56,4643.404,0.04778985573575708,4995.29,0.01294989780224228,-0.07044355783147715,0.17905700214756226,0.8626403047922165,1,1
60433,2020.0,218.478,-0.014286540189093755,-0.2632458662832495,-25.75539018228989,9.136111985662735,0.6209608598380884,65.736,0.42020638639662145,-0.46,-240.796,-13.76,13.349,-14.647,-0.35472621152309225,384.97200000000004,173.428,-0.03548886535940744,70.478,0.14759174311926607,1.4607395215528252,0.25976197615148655,-0.597435983246879,1,1
60403,2020.0,408.12,0.06968725140317057,0.3248582717746092,58.91800105764146,7.820693525891247,0.6178874664990486,154.409,0.6602654178975714,0.33,-435.893,-0.97,118.081,43.493,0.1327386093469125,449.5849999999999,404.093,0.07106513555201172,398.799,-0.042203861873022844,0.013274857760425777,0.009965527737426748,-0.01938903145879018,1,1
136491,2020.0,6129.32,0.03146021676157713,2.4057590386486662,9.086529302734712,0.9118088777817446,0.18215565997817332,3894.623,0.9078048133266079,2.38,783.234,-3.287,328.572,254.652,0.10034732155734351,4752.534,4762.059,0.04854503300426293,4227.393,0.03919960352865575,0.12647653057096894,0.2871155103286203,-0.3519374730095563,1,1
641,2020.0,195.348,0.030033046469901552,-0.018855021492770612,-104.48145077720208,0.34079922933267986,0.013719919870420146,195.46,0.5248023176370271,-0.04,46.479,0.263,12.893,-0.386,-0.003261815631364132,346.81999999999994,198.179,-0.001022175379873208,185.553,-0.002044882854935313,0.06804524852737495,-0.014285065521573874,-30.381500534308405,1,1
36184,2020.0,257.616,0.005652063216127541,2.0616494043621194,14.347735331435821,1.5832676530689471,0.850393517801258,38.626,0.04293997743432538,2.05,-10.693,0.786,102.972,58.322,0.1103496556421706,789.6769999999995,258.184,0.009699847255928812,237.098,0.010243797771871522,0.08893368986663747,-0.002199981408607971,-0.4173038948966083,1,1
60162,2020.0,279.271,0.015909374633522606,0.3526079104847562,38.62647318738702,1.102196757388718,0.5209655275508156,121.772,0.6375828321185459,0.36,136.404,34.778,92.792,9.958,0.028534750041549897,284.72299999999996,254.203,0.024976297849500124,228.366,0.003510946446615022,0.11313855827925343,0.09861409975492033,-0.3630211038726455,1,1
62773,2020.0,5629.0,0.06298916315472607,10.536973021327055,9.506525241855874,3.8721793606755126,0.776593823370056,1237.0,0.49829013678905687,10.37,7458.0,-940.0,5735.0,3039.0,0.40731805388017694,5309.0,5537.0,0.273488120950324,4950.0,0.11376576978899185,0.11858585858585859,0.016615495755824453,-0.7696822701627785,1,1
137245,2020.0,1031.292,-0.23741122522791752,-1.7195921222989763,-3.6345828286560073,1.3722610177272405,0.46334439271892625,746.313,0.5533540879812444,-1.72,-3823.264,42.988,296.353,-213.833,-0.3775566777314782,2164.691,1390.674,-0.08508490465435713,1322.417,-0.037735599513290724,0.05161533767336632,-0.25842289422251374,1.7902860817951198,0,0
22981,2020.0,617.276,0.011820751478670663,3.2641425647758426,21.73311936970242,1.980486752614495,0.9432429187501826,34.982,0.05401665776388779,3.26,882.745,-6.804,205.03,169.063,0.0911275882179822,2210.2979999999993,616.346,0.0148167071929341,587.11,0.01589858677447926,0.04979646062918361,0.001508892732328838,-0.20220118243898144,1,1
49872,2020.0,804.114,0.0054420589375733215,0.770048629226303,13.752378224009272,1.0501206038954018,0.8043028401108208,149.041,0.06038965477375547,0.76,1228.581,57.896,644.099,167.377,0.0763592003354062,2618.7379999999994,761.59,0.013272022015870574,704.961,0.016466451222810097,0.08032926644168971,0.05583581717196917,-0.5899600730720796,1,1
9261,2020.0,220.574,0.013356761741697755,2.065430121875278,10.966238828469903,1.4542043984476065,0.8618404995321971,27.171,0.05516995287674061,2.03,-2.175,-4.94,65.654,46.435,0.13260739814204,462.3130000000001,196.664,0.013026363553225047,175.588,0.01188060290801755,0.12003098161605573,0.12157791970060625,0.025363808335512737,1,1
136238,2020.0,59.253,-0.13910093299406276,-0.9234110234293754,-8.078742630009938,2.5101605532913425,0.4103911705082965,31.412,0.7068970092614707,-0.93,-128.431,-2.897,6.243,-15.095,-0.310711786258285,63.305,53.276,-0.20028925510177004,64.644,-0.16306222805797996,-0.17585545448920242,0.11218935355507163,-0.3054997736978779,1,1
140628,2020.0,690.542,0.006301904593511725,36.1980198019802,8.035798687089715,0.4969543797395317,0.21939530364214319,639.462,0.06525602091600817,36.2,2086.491,121.549,952.607,131.616,0.06184256215103257,11537.553,819.188,0.010484451003776095,551.599,0.009785536685453889,0.48511509266695535,-0.1570408746221868,-0.39892850934760227,0,0
18341,2020.0,902.582,0.009860752030149706,1.404384020375436,13.023503354239608,1.0875820355322243,0.8592444476951804,130.861,0.045547676238300375,1.38,738.392,-40.828,276.337,238.206,0.08350917613717035,5581.933000000001,929.704,0.011670090443862325,811.161,0.009672840243029921,0.14613991550382724,-0.0291727259428807,-0.15504065049163418,0,0
60568,2020.0,132.299,-0.12496620403749098,-0.6935911440294134,-7.360243918834568,-10.068762627921336,-0.8108811124211448,148.983,0.3496994839795632,-0.7,-1287.468,-86.027,176.225,-104.133,1.3679930636749387,49.10400000000001,82.271,-0.44262566840373707,53.446,-0.5716109025292758,0.539329416607417,0.6080879046079422,-0.7176706798587555,1,1
50744,2020.0,4081.758,0.010461063680277672,22.008208146197926,11.406653296459709,2.1153939214400124,0.9098201136941795,319.223,0.04985355729589547,21.9,4660.046,3210.244,6781.783,1136.856,0.1854526359713737,2465.3130000000046,3539.847,0.01601095068040583,2714.893,0.017106526827520084,0.30386243583080447,0.15308881994052273,-0.34663069738389096,1,1
17448,2020.0,443.004,0.01743146878196677,0.8339051463168518,50.46137463697966,1.3607295287734882,0.5355071560596457,175.157,0.3576704230188096,0.83,388.076,-6.176,147.932,12.396,0.026965764182260373,847.5490000000001,377.093,0.011757530804711739,352.538,0.027452106762690887,0.06965206587658637,0.17478712147931677,0.4825790441460078,1,1
49640,2020.0,1287.326,0.006769448575651513,4.158812087756854,12.830586925792282,1.6033264146760424,0.8352272174834605,237.256,0.047381674313206626,4.07,2025.28,-71.604,257.895,382.723,0.124961268252897,6806.703000000001,1439.898,0.012593986892247493,1337.735,0.01305374458784697,0.07637013309810987,-0.10596028329784464,-0.4624856581501925,0,0
37899,2020.0,348.605,0.009321547105434508,1.9167410800947315,15.948946009175705,1.5977279511058309,0.834935291656447,57.204,0.04875212263158909,1.92,200.278,8.58,128.273,98.739,0.10017765124959545,1395.4850000000008,346.555,0.013890250714952822,291.42,0.009970124453532701,0.18919429002813803,0.0059153669691679855,-0.3289144093418066,1,1
14429,2020.0,714.086,0.009754504031582031,2.0110974606816865,12.649809617569105,1.1147419434489847,0.7917020208376468,153.922,0.050921313085198934,2.01,724.572,-35.53,257.639,198.075,0.0881232190167304,4043.7570000000005,738.951,0.0136494017727167,643.764,0.012339972516669455,0.14786008537290066,-0.03364905115494804,-0.28535299978641115,0,0
6452,2020.0,1149.179,0.011038048945994132,2.5611891210587467,15.094551074783064,1.167144040741618,0.7738634042861566,205.953,0.04631934658385244,2.55,1097.71,-182.903,837.493,260.099,0.07732220951515725,4972.41,910.746,0.013228293868008684,846.427,0.013316123042635053,0.07598883305943685,0.26179966752530354,-0.16557274459342353,1,1
136393,2020.0,161.056,-0.04266133816229042,-0.5847249583270193,-47.4753122894314,17.37303592428208,0.5546217297412116,62.903,0.8327879098783559,-0.6,-213.578,4.076,60.78,-19.293,-0.365938317969728,106.511,141.235,-0.11376059153384868,154.632,-0.16976521639693537,-0.086637953334368,0.14034056713987322,-0.6249901869612129,1,1
137131,2020.0,42.22,-0.36475131577046604,-0.81390134529148,-4.914600550964186,9.058603443668154,-0.26379092984428776,37.091,0.23092901936407773,-0.89,-264.717,-0.003,26.752,-48.279,-1.843202382315886,91.164,29.349,-0.37987741067424136,16.985,-0.739716008821279,0.7279364144833678,0.43854986541279084,-0.03981835844602638,1,1
136486,2020.0,151.184,-0.00246091920812203,-0.08564814814814815,-173.38378378378377,2.5461028850557166,0.7112332398401467,43.138,0.3031472015292611,-0.09,15.283,-2.327,92.151,-3.367,-0.014684780949473362,398.71099999999996,149.387,-0.00683256660585608,141.31,-0.02175686809624412,0.05715802137145282,0.012029159163782638,-0.639825068662658,1,1
136657,2020.0,15.762,-0.4892466420171758,-1.7415603939335056,-14.125263806923282,8.190060775267701,-7.407647058823529,200.102,0.05605420771616787,-1.93,-757.0,53.858,381.087,-170.295,-0.5798164825249825,34.72000000000003,23.8,-0.4010819875220507,21.7,-0.44874610255498165,0.09677419354838716,-0.3377310924369748,0.21981703800716804,0,0
136637,2020.0,145.072,0.10420068526134584,0.12401609858603127,72.89376220562895,2.5471011249485693,0.8089551320031703,24.828,0.8848754315128654,0.12,-178.49,4.6,51.785,3.482,0.03494264869692621,94.673,129.959,0.02370852540053246,131.218,-0.05661023765724031,-0.009594720236552808,0.11629052239552473,3.395072384341779,1,1
136575,2020.0,68397.0,0.015307600843316914,4.047123076653771,19.376727249134948,2.3341724304421825,0.5884039290635139,18521.0,0.5176884757423408,4.06,-9701.0,325.0,1528.0,3468.0,0.12046267671680155,80884.0,44998.0,0.03989829845491884,43239.0,0.03985207263895788,0.040680866810055734,0.5200008889283968,-0.6163344945496109,1,1
136598,2020.0,11359.0,0.011358085002442599,0.9932397295891835,155.5616387434555,4.949570714642679,0.3416305916305916,7300.0,0.47688271472194743,0.98,687.0,-54.0,899.0,191.0,0.03181742462102282,21777.0,11088.0,0.008214700442991699,10412.0,0.011486096944432126,0.06492508643872455,0.02444083694083694,0.38265358320310405,1,1
136838,2020.0,1038.0,0.10898319096169744,4.0429436835027746,15.246316749729145,6.739631398467433,0.605683836589698,444.0,0.16175836805056745,4.45,,285.0,286.0,923.0,0.4420498084291188,6572.0,1126.0,0.1325958913949145,1045.0,0.13679326344732773,0.07751196172248803,-0.07815275310834814,-0.17808018170706832,0,0
136871,2020.0,6468.759,0.10242645036138774,1.2729616143741918,15.200772577508372,3.908357390300231,0.33644410173501094,3739.028,2.0693610646853102,1.25,-89.131,84.537,86.784,149.629,0.2571157071373584,2513.36,5634.835,0.05495039814791351,5207.336,0.09461367594207258,0.0820955283085247,0.14799439557680039,0.8639801314210662,1,1
136733,2020.0,250.734,-0.3473371538670553,-14.261089437942493,-6.153106351506064,3.7809871337820518,-17.787639342794467,839.319,0.025861629802526768,-14.31,-2283.745,-35.39,1106.46,-789.608,-0.6144842812373297,577.969,44.674,-0.45710144122114776,54.579,-0.24773234339971928,-0.18148005643196102,4.612526301651967,-0.240131133826349,1,1
136768,2020.0,117.316,-0.20227675741232462,-1.121163700479365,-24.81350402988009,9.69563767990706,0.6589895514780835,42.82,0.48341122754606275,-1.18,-431.807,4.677,156.855,-40.696,-0.3907403673512496,92.61700000000002,125.568,-0.15667131208759055,106.732,-0.5245395031106413,0.1764794063636023,-0.06571738022426092,0.2910899558895462,0,0
137174,2020.0,8435.9,-0.04223381061811325,-4.777348327542608,-2.970266982248521,3.3012832237235443,0.33811458220991963,5523.5,0.578251891682142,-5.02,-1376.3,140.0,598.2,-929.5,-1.1114432619873251,12685.4,8345.1,-0.06440727292885058,4568.507,0.021147146386267184,0.8266580307308277,0.010880636541203732,-0.34426954134872173,1,1
136735,2020.0,9008.0,-0.08898394222004068,0.26486218622374874,50.93214774193549,0.8633511482939633,0.4398166600239139,5622.0,0.6387881102412323,0.27,-3105.0,-391.0,1643.0,155.0,0.01695100612423447,13657.0,10036.0,0.009865699191649162,9024.0,-0.09262204820751255,0.11214539007092199,-0.10243124750896772,-10.019527201413284,0,0
136784,2020.0,393.655,-0.06577194872621461,0.037318167399284,148.45316332726168,4.83483340254296,0.17110319607448785,383.291,1.2216322034032638,0.04,-115.48,5.804,10.459,1.647,0.032568072610784836,358.709,462.411,0.004351168633542834,457.841,-0.04906645275297619,0.00998163117763589,-0.1486902344451149,-16.115927298055876,0,0
2918,2020.0,1436.655,0.007656636504791989,1.191480393212621,10.659008803121505,0.8642568048576214,0.7580660588927969,374.341,0.04469986999855554,1.17,733.0,111.0,599.0,387.249,0.08108228643216081,9230.0,1547.286,0.011187317636862633,1444.392,0.011263911546130143,0.07123689413954107,-0.0715000329609394,-0.31559675399194137,0,0
136824,2020.0,330.135,0.015431289629489897,0.5446644345434253,83.84979283305637,2.246008302180349,0.3931320706702144,162.163,0.07343796635099772,0.47,-126.293,-101.744,78.857,61.979,0.02678609244333038,3532.429,267.213,0.017033646253993957,212.494,0.016576478332379734,0.2575084472973356,0.23547507044941662,-0.0940700893168043,1,1
136846,2020.0,203.196,-0.3838082330541461,-6.015584567477084,-7.937715689038379,5.099149061399345,-3.547102924214668,536.158,0.13237517976605995,-6.86,-1515.903,10.429,564.877,-411.472,-0.6423950241051132,303.9680000000001,117.912,-0.4619434830102128,94.387,-0.4030813424551259,0.24923983175649195,0.7232851618155912,-0.1691446093078432,1,1
73259,2020.0,208.475,-0.04889091263904247,0.5040529363110009,122.34826058418115,3.5038620054419596,0.7109907188194455,59.694,0.4521715715571084,0.51,12.713,19.332,62.332,6.094,0.028638429256876468,379.851,206.547,0.013340951730448851,201.576,0.03598201595897855,0.0246606738897488,0.009334437198313204,-4.664724498437081,1,1
137431,2020.0,8108.462,0.01863280246340306,2.931498045412468,7.972033287408109,1.0831482902514409,0.5913335283098872,3230.6,0.1615502532016442,2.87,6141.966,-89.397,2161.087,994.37,0.13586851073016498,46273.116,7905.224,0.020320831550898363,7172.178,0.020835510035235556,0.1022068888976264,0.025709328413717345,-0.08306889820267603,1,1
141771,2020.0,22885.0,-0.0181920631087499,1.75,23.937142857142856,2.4847128606093287,0.17683796599714716,21352.0,2.2979270021261518,1.77,862.0,-7.0,90.0,385.0,0.10380156376381774,9516.0,25939.0,0.034107016300496104,24175.0,0.04430655345090355,0.07296794208893485,-0.11773776938201164,-1.533381839926153,0,0
136924,2020.0,890.554,0.07047780866977937,2.4127441064342956,28.83438812034439,6.353741425864519,0.33375942052142415,500.36,1.2325624142481075,2.43,312.641,15.778,43.736,93.033,0.22035291331122692,510.43600000000004,751.02,0.15268432143583952,619.225,0.17318765017908147,0.21283862893132538,0.18579265532209527,-0.5384083447009632,1,1
136989,2020.0,392.2,0.023493975903614458,2.505050505050505,6.926008064516129,1.9891719745222933,0.3031752104055087,364.3,1.0576572931418167,2.46,,4.7,14.9,49.6,0.2872032426172554,465.20000000000005,522.8,0.10034392069593365,486.7,0.11481822365393464,0.07417300184918835,-0.24980872226472833,-0.765865478041197,0,0
55734,2020.0,444.863,0.009516649536937762,1.8790815674679224,14.634809087641933,1.2345587717156357,0.8319746788843306,79.417,0.04874816530041218,1.88,0.147,289.315,529.288,102.953,0.08435769570497054,1264.0449999999996,472.649,0.01061838671439765,376.026,0.012843860652005613,0.25695829543701765,-0.05878781082790824,-0.10375749227196852,0,0
137183,2020.0,1057.947,0.014525397358737504,0.9224997230214499,23.425481288190614,2.3458546746423012,0.44164156594297316,652.697,0.14356248992937792,0.92,-489.747,-29.242,21.523,274.773,0.100141151670805,7872.759,1168.957,0.03374554927629071,1234.859,0.044438885128532016,-0.05336803635070872,-0.09496499871252767,-0.5695610926403588,0,0
137003,2020.0,13.178,-0.2542680536710388,-3.89557069846678,-1.178261249836008,1.0743442345138328,-8.740755681054187,144.884,0.06635971839280456,-3.92,-431.805,11.847,156.38,-137.202,-0.911804775607584,65.49100000000001,14.874,-0.612120887651578,49.868,-0.436802950854342,-0.7017325739953477,-0.11402447223342743,-0.5846113753011328,0,0
137085,2020.0,3491.699,-0.09641182752895346,-1.1493135456053742,-2.479741068829767,0.12099597560833901,0.32693770711934833,2967.323,0.29009179033831,-1.11,837.419,0.0,0.0,-340.129,-0.04879379429136894,14877.199999999999,4408.69,-0.02238048730030441,4139.626,-0.025614093373327842,0.06499717607339392,-0.20799625285515644,3.307852024635858,0,0
137114,2020.0,23290.0,-0.02188740318292166,1.8172933858207192,10.427595317220545,,0.08684546615581099,30745.0,1.1234609096065935,1.97,,15.0,84.0,331.0,,26198.0,33669.0,0.011044746237779039,34055.0,0.012448751397689153,-0.011334605784759947,-0.3082657637589474,-2.9817026767038644,0,0
137017,2020.0,940.584,-0.06386646218192775,-1.1912175076010347,-13.87655897812431,5.090671587336425,0.7378974573526237,233.049,0.30761332177357026,-1.24,-2605.715,-75.226,1039.558,-257.409,-0.3668540302651119,1824.6569999999997,889.152,-0.08905388228830723,830.95,-0.09017654533733815,0.07004272218545038,0.05784387821204912,-0.2828334875377644,1,1
136934,2020.0,9504.3,0.14376140298618612,5.082074852265266,23.022093023255813,4.43813200498132,0.09308917223769347,10974.8,4.503311997618339,4.9,1363.6,95.8,280.3,154.8,0.19277708592777087,2126.0999999999995,12101.3,0.05760643048526348,12524.0,0.09047780413419179,-0.033751197700415264,-0.21460504243345757,1.495579083362269,0,0
137004,2020.0,92.523,-0.1780793854582624,-2.3503124764701453,-22.558702526069617,6.266484706636173,-1.790763991188356,206.497,0.14654807033388392,-2.38,-711.384,93.625,431.369,-124.858,-0.27778568822362043,71.24199999999996,73.993,-0.247289594498778,13.991,-0.37758281690230316,4.288614109070116,0.25042909464408797,-0.27987513660166397,1,1
137236,2020.0,644.338,-0.002763343872625883,-0.07899888143176734,-479.8802123893805,9.240139286208299,0.8310717744800767,69.417,0.27597485020127627,-0.08,-417.388,13.487,768.743,-9.605,-0.01925509543350527,707.995,410.926,-0.006450646676489828,321.084,-0.019565325952968574,0.2798083990482241,0.5680146790419686,-0.5716175429825929,1,1
137001,2020.0,268.141,-0.06704988244124822,-1.3881179663911678,-15.805573107766671,-28.052981594135087,0.570284017505056,127.061,0.8914716762692088,-1.4,-451.702,-59.952,130.976,-45.515,1.7748791140227735,191.144,295.686,-0.13722439799447061,258.721,-0.16763447676140905,0.14287591652784262,-0.09315625359333875,-0.5113851223165872,0,0
137002,2020.0,31.434,-0.2785525747160045,-1.2960385580351248,-15.099859397446739,6.055231600838397,-9.226029962546816,109.214,0.03533218205998531,-1.44,-383.523,-90.7,221.427,-98.149,-0.4010124492856063,75.025,10.68,-0.3247020914799156,4.74,-0.31261970032671144,1.2531645569620251,1.9432584269662923,-0.142128794285163,1,1
137081,2020.0,537.326,0.0040799554298343085,0.5373875111630143,100.98857690709791,3.3964904308122903,0.2932490155509578,338.856,0.14873618480096218,-0.09,-400.644,3.894,15.653,31.291,0.033632421951413506,3065.333,479.456,0.009707051238501359,450.674,-0.0015583676832278755,0.06386434540266366,0.12069929253153575,-0.5796915737240715,1,1
137062,2020.0,266.001,0.020590517746280894,1.4037448144410807,27.419513578274763,1.378999650522409,0.3275745413453398,189.821,0.5204977579136797,1.41,30.939,43.627,103.601,25.04,0.05029263727037916,435.76800000000003,282.293,0.046169277517184415,212.626,0.06335863555430607,0.3276504284518356,-0.05771308534040883,-0.55402122680787,0,0
137036,2020.0,1299.592,0.0442134430382752,1.7617617617617618,22.199369318181816,-2.809388437228182,0.7792849763230123,268.751,0.4738689436780593,0.27,-775.674,-11.331,145.818,109.12,-0.1265526239489707,2369.209,1217.638,0.042466298796645506,1661.256,0.014402201178436618,-0.2670377112257233,0.06730571811983543,0.04114190054556167,1,1
137039,2020.0,1183.657,-0.03799144647731366,-0.6165976535541753,-273.54953271028035,19.664972240847522,0.7820831182755206,196.748,0.6223400772153931,-0.64,-287.362,-222.723,343.606,-53.607,-0.07188815877698806,1072.529,902.858,-0.03695130853277656,673.624,-0.029299159366942256,0.3402996330297019,0.3110112553690614,0.028148879859409427,1,1
137100,2020.0,104.883,-0.3425515455071117,-3.100778202169162,-3.5087965957671057,2.309667169641154,-2.5686888514987225,229.067,0.20540094271698334,-3.16,-642.066,-93.656,215.756,-151.811,-0.658250515982448,92.43699999999998,64.188,-0.4857936454603346,60.121,-0.5162225634540692,0.06764691206067763,0.633997008786689,-0.294862028953647,1,1
137065,2020.0,5763.98,-0.0319268636968795,7.0546943728196565,30.82628226076936,27.147257876091786,0.42004814999125767,4225.76,1.3025709085624073,7.05,185.837,275.5,409.656,465.116,0.8806529975442536,4425.0960000000005,7286.398,0.08314760883318653,6668.479,0.13469367739119478,0.0926626596559725,-0.2089397257739696,-1.3839781341268902,0,0
136993,2020.0,7056.0,0.0365193080552158,3.896551724137931,22.52504424778761,3.5925617501764293,0.13121178868161154,5542.0,1.3540649543621313,3.87,434.0,-44.0,192.0,226.0,0.15949188426252647,3992.0,6379.0,0.0479728295478667,4659.0,0.03002410694718387,0.369177935179223,0.10612948738046715,-0.23875017589326722,1,1
137115,2020.0,1465.069,0.12475037482760556,2.0196249396362074,72.59268645514385,13.123825229917976,0.7377837314472397,289.508,0.4859988458374215,2.04,920.118,-72.381,1086.748,301.118,0.18078715461270872,1165.609,1104.081,0.13254734069409102,862.21,0.13897492148224114,0.28052446619732996,0.3269578952993486,-0.058824008280032175,1,1
60769,2020.0,1458.415,0.03863586242860074,-0.23899250646219725,-285.28091114348143,6.517326834154467,0.7823444945210813,273.295,0.4712289479649387,-0.23,-302.1,9.596,298.57,-27.46,-0.022845295915633803,2323.576,1255.631,-0.010305533163100636,1251.12,0.022321386401674182,0.003605569409808967,0.1614996762583911,-4.749040618969424,1,1
137111,2020.0,1153.734,0.055976356066080105,1.8206424026754358,23.645500037095687,4.455875125648127,0.6902061895862953,357.573,0.13684944496862692,1.82,-1887.285,1.04,26.823,390.881,0.18844495225973787,8406.469000000001,1154.229,0.046344224498588965,1057.554,0.039583117890457986,0.09141377177902968,-0.000428857705013579,0.20783887683317276,1,1
137194,2020.0,990.088,0.05404235077688835,0.2998323571413788,7.871065092841858,0.4196715591738189,0.5824152549312027,382.488,0.7850034367088499,0.3,-595.442,60.391,67.755,14.487,0.0533182681407982,1045.4120000000003,915.953,0.012415860625600995,895.093,0.02895515690275982,0.023304840949487947,0.08093755902322498,3.3526866486770346,1,1
137212,2020.0,3716.349,-0.08488066079232594,1.879968292204269,17.048159872112134,2.870597529797047,0.8057065401989808,672.125,0.27231544275311104,1.9,-58.948,-94.209,6640.914,1465.659,0.16838166414035408,5901.327,3459.329,0.11537543249285684,3042.359,0.11863099223306856,0.13705483146466288,0.074297645583869,-1.735690943542778,1,1
87023,2020.0,1992.523,0.022730466773488885,-2.4608485755082614,-1.958673950104582,3.075550137100413,0.3585032461803042,1043.313,0.4436502459157258,-2.74,-377.948,-65.957,152.822,-361.917,-1.570220575474645,3410.0469999999996,1626.373,-0.09872554822976139,1662.991,-0.0389929460458893,-0.022019361499851738,0.2251328569768435,-1.2302389521361672,1,1
137258,2020.0,3.069,-0.2299141217639092,-0.2639841212558643,-3.185418865345181,2.633970097745861,-835.8064516129033,25.941,0.0006596586798314678,-0.27,-413.145,-0.581,35.805,-24.871,-0.8268834363986967,10.142000000000003,0.031,-0.5292377750351108,5.732,-0.4609832432351488,-0.9945917655268668,98.0,-0.5655749974599673,1,1
137249,2020.0,122.694,-0.09859024748167065,0.472303258233454,72.8133871627907,3.298814027623015,0.11564773452456915,138.578,0.23379336068631107,0.48,-295.241,24.066,529.782,26.875,0.045305048373148395,130.279,156.7,0.04009697873927639,40.603,-0.12208270045705806,2.8593207398468086,-0.21701340140395653,-3.4587949162638045,0,0
137186,2020.0,117.483,-0.07636007288428853,-0.2538841309823678,-109.97142630367489,5.786181119625818,0.7050461916788515,35.503,0.4373646497972472,-0.27,-246.685,81.322,159.317,-12.599,-0.052615313942076795,113.56700000000001,120.368,-0.04577925381160705,92.008,-0.19064473880535152,0.3082340666029041,-0.023968164296158372,0.6680060622772296,0,0
137566,2020.0,66.499,-0.26592854034714497,-0.7991249517436624,-22.93758937198067,-63.66616358760428,0.3441477942732743,65.073,0.8982427869164124,0.21,-206.883,-19.366,19.148,-18.63,2.775625744934446,90.322,99.219,-0.1686598647461954,77.347,-0.512711183140077,0.28277761257708767,-0.3297755470222437,0.57671501010227,0,0
137543,2020.0,292.689,-0.16924040742994373,-2.5754177157244222,-30.17374600071098,25.409538232904243,0.886608442503639,28.823,0.7985561336047651,-2.6,-217.181,20.222,120.46,-78.764,-0.8421075140059017,196.85500000000002,254.19,-0.24744276056196435,270.288,-0.10028142523282499,-0.059558692949742545,0.15145757110822622,-0.31604219478644746,1,1
137458,2020.0,271.03,-0.10603021786758583,-6.963017393409177,-6.133835029685122,3.7785209647518063,-4.007501398075476,519.348,0.0913380584343758,-7.12,-1433.157,320.719,755.391,-402.727,-0.6160128119627266,367.23400000000004,103.714,-0.3546705580644933,51.495,-0.27462831349244954,1.0140596174385863,1.6132441136201474,-0.7010458989147182,1,1
137237,2020.0,1042.316,0.023539372128528455,0.9200759960553367,16.15083978248495,2.2674363709012386,0.5065000627965908,601.191,0.30224289410300614,0.89,432.078,58.334,361.67,165.138,0.14039123670585835,3527.166,1218.219,0.040971111964582904,1275.059,0.05396143427594344,-0.04457832931652568,-0.1443935778378108,-0.425464162435307,0,0
137240,2020.0,491.883,-0.12008151915740344,-3.1918022612590735,-2.4766571839201927,0.9696941646502728,0.22673900625985724,396.645,0.5947554486774413,-3.2,-31.276,-5.732,1.421,-118.285,-0.39153346330935723,841.3839999999999,512.951,-0.13714886655218753,505.49,0.024980367768355476,0.014759935903776559,-0.04107214919163826,-0.12444395512586806,0,0
137407,2020.0,205.996,-0.011793042521627523,1.3269804441498176,6.933033595603846,12.501475059114963,0.1364702426004861,346.835,2.5527068424196973,0.99,,0.32,16.251,16.014,1.8031753180948091,136.395,401.648,0.1017782918737527,314.96,0.07466650965306536,0.2752349504699011,-0.48712305302155123,-1.1158699198475033,0,0
47393,2020.0,231.001,0.011578588717452976,3.627269150789637,12.858158041524634,1.3496250036592148,0.8075744326816141,45.332,0.05395827717021725,3.64,301.013,123.233,264.928,64.54,0.10496254590281777,695.5029999999996,235.582,0.014782399370774598,223.402,0.014096480973035137,0.054520550397937385,-0.01944545848154778,-0.21673143668785497,1,1
137696,2020.0,2463.0,0.007502770909710973,0.9099243797693479,11.022894015151515,0.622691302425107,0.3675675675675676,1872.0,0.2413174629055927,0.83,,-18.0,4.0,396.0,0.056490727532097,12101.0,2960.0,0.03228436328061308,3431.0,0.04186756669881067,-0.13727776158554358,-0.1679054054054054,-0.7676035657108212,0,0
137505,2020.0,308.487,-0.012620926184145571,0.9509327765421451,71.85576276849642,4.368213863925878,0.5039329397170272,179.548,0.8091022691962918,0.96,81.347,1.403,209.094,20.95,0.060791420139805756,210.72199999999998,361.943,0.046832491689747596,358.111,0.1379230535943261,0.010700592832948426,-0.14769176362023845,-1.2694908113742003,0,0
7609,2020.0,999.508,0.011400126441473948,2.0960054211512906,12.781455491314917,1.0187241388542152,0.7726973730815238,224.61,0.04648136568816532,2.42,869.752,163.165,1001.177,238.167,0.07970329666652165,4149.026,988.154,0.011203038617313971,824.583,0.013039267712433108,0.19836814486837592,0.011490111865154664,0.01759235426140397,1,1
137457,2020.0,653.163,0.12896724807581922,3.1681772406847934,12.262571519389702,3.9667003696721914,0.25902025683609736,506.842,1.5156099744302192,3.17,91.024,-34.231,27.392,66.066,0.3234803045511298,402.74800000000005,684.016,0.14638588654462303,497.002,0.07549320880995604,0.37628420006358115,-0.04510567004280595,-0.11899124212014842,0,0
60767,2020.0,295.905,-0.011871474350793249,2.0563972326823716,9.667392896686822,-8.221177135241627,0.2938866508185427,382.282,1.1759432824992886,1.96,-223.358,-1.654,7.021,117.41,-0.8504027117858385,433.10999999999996,541.389,0.25502457714922444,630.179,0.1302911295396736,-0.14089647544586534,-0.4534336678432699,-1.0465503148108224,0,0
59540,2020.0,2055.146,0.009663903831330504,2.9959800041657987,9.082170095316227,1.0121487876083157,0.3535889034015258,2042.959,1.2320839003920647,2.98,875.13,127.234,197.372,143.837,0.11144349610125577,2162.9790000000003,3160.464,0.05607380814358063,3076.208,0.06252870169171282,0.027389565334983802,-0.3497328240410268,-0.8276574366665903,0,0
137456,2020.0,22.813,-0.31646670774584074,-2.6613219954240006,-12.892088991484004,9.766034911567278,-2516.967213114754,153.596,0.00024284792942281814,-2.68,-709.97,52.689,224.01,-147.722,-0.7575215248683381,19.751000000000005,0.061,-0.5880980627901237,0.0,-0.4342788195047116,inf,372.983606557377,-0.4618810573113907,1,1
137449,2020.0,164.307,-0.15928182118709436,-1.6830229276403115,-13.08954241692194,10.360085351029928,-1.4338604417670686,58.179,0.04001278855859219,-1.76,-525.316,101.727,348.881,-120.459,-0.7914780380432997,242.45100000000002,23.904,-0.20163573029532533,6.176,-0.21722272339447635,2.8704663212435233,5.873619477911646,-0.21005160665819206,1,1
137477,2020.0,15.325,-0.3916706006498014,-3.0439904534606206,-5.331816984362946,3.7697736041509597,-391.16222760290555,161.963,0.001213681392471649,-3.67,-844.201,97.904,290.115,-159.429,-0.7070335713335403,42.16199999999998,0.413,-0.46851334314857757,3.729,-0.6298619824341279,-0.8892464467685707,36.106537530266344,-0.1640139894039418,1,1
137641,2020.0,1236.3,-0.010344418253658703,0.9756267409470752,27.49002141327623,3.5210751508502467,0.4350802379082034,1006.8,0.33112238262452853,0.97,-982.3,6.8,60.9,140.1,0.12808557323093803,5253.500000000001,1782.2,0.02602976422718912,1606.2,0.028181889414161467,0.1095753953430457,-0.3063068118056335,-1.3974072974066185,0,0
137487,2020.0,85.552,-0.4513468240673849,-3.9043038502645917,-5.3018414533994775,-39.49038691068231,0.8779966281508286,8.901,0.3353419746276889,-3.93,-668.537,-4.976,136.66,-149.773,7.448428486174657,65.642,72.957,-0.6884215848501563,22.524,-0.5736529254240038,2.2390783164624395,0.17263593623641343,-0.3443743862772311,1,1
137496,2020.0,1653.225,0.08187333919351743,2.270755597014926,30.32911163602752,8.267782474973103,0.3125687586041283,1039.141,1.3748593652084304,2.29,166.228,87.447,215.85,68.159,0.2726021973275314,784.758,1511.629,0.06199208898032614,1336.432,0.06559333283812052,0.13109308965963093,0.09367113226856591,0.3207062472035878,1,1
137393,2020.0,1530.268,0.03257942990144495,3.538789509588418,26.44124487949065,2.3189157646086436,0.28779836996968655,1177.077,0.2895310337578614,3.53,395.77,-3.47,17.853,186.749,0.08770070301823527,5569.957,1652.73,0.032715344323178526,1633.731,0.03149483912093716,0.011629209459819287,-0.07409679742002626,-0.004154454875698142,0,0
137485,2020.0,764.3,0.003988156384071545,0.5354299797169092,39.50096334012219,1.5052365541327124,0.4411558259241928,477.7,0.5166203311978727,0.55,-287.1,4.9,78.4,49.1,0.03810632518432286,1488.4999999999998,854.8,0.029674845884201623,826.9,0.043736675495833065,0.03374047647841332,-0.10587271876462331,-0.8656048156194547,0,0
137502,2020.0,7.902,-0.46944990361854294,-3.2753404567358055,-2.8165011002226032,2.1699303645879535,-71.82079851439183,78.428,0.007834379614609626,-3.29,-194.712,35.273,111.813,-78.166,-0.7704347654671437,24.777,1.077,-0.5685999228928282,10.505,-0.2909627259837858,-0.8974773917182294,6.337047353760446,-0.17437571705927482,1,1
137467,2020.0,3405.67,-0.2156634117251233,-0.9290725709545626,-6.867063133125282,0.8385973897342046,0.4220312659770899,1079.593,0.464642190670784,-1.77,-107.756,135.894,166.842,-119.842,-0.12211878258246753,3706.265,1867.909,-0.029810686395519318,1526.024,0.012602294952987262,0.22403645027863273,0.8232526316860189,6.2344329434004075,1,1
137595,2020.0,1427.448,0.01036433963202577,0.5957013155456735,19.55678071539658,1.0828639252314987,0.428831589552069,828.309,1.3022299167855724,0.6,-12.598,-116.056,79.297,19.29,0.05537025449076014,875.8959999999998,1450.201,0.017321747188695696,1451.592,0.010432878961500965,-0.0009582582433632015,-0.01568954924179471,-0.40165737791222256,1,1
137946,2020.0,178.332,0.05378372248777734,0.4874609633765497,42.32133760434866,2.11512928650666,0.5443112343253714,74.46,0.1075812730723878,0.49,-236.35,-16.465,20.327,46.359,0.04997784583938395,1483.5720000000001,163.401,0.03052221368512326,156.941,0.04484030339954265,0.041161965324548765,0.09137642976481161,0.7621173563171764,1,1
137723,2020.0,1334.1,-0.20941135510969405,0.5793674858347369,38.73189391646489,6.541042274308606,0.3123103767860431,2733.558,0.6985971950227391,0.58,-912.788,-73.089,436.176,158.592,0.16888000076670703,5066.594,3974.988,0.02787226687301855,3866.956,0.05813104582699619,0.027937219870099297,-0.6643763452870801,-8.513251651318411,0,0
137590,2020.0,546.212,0.032460436089377376,1.0140932642487046,92.51614551399959,16.16908632177787,0.7285595597562936,121.538,0.24820767419777032,1.02,99.929,186.412,161.79,53.823,0.17477042771233,1638.1970000000001,447.752,0.029836341654189354,368.434,0.025602298754509655,0.21528414858563535,0.21989851524951307,0.08794960406345828,1,1
137562,2020.0,445.887,-0.11142108276868123,-0.41464233364290437,-23.77953045308578,3.0895164468379015,0.46769763389581803,232.169,0.736833925174596,-0.41,-385.839,-77.264,224.764,-37.057,-0.12992335794574053,348.058,436.16,-0.06260284016231431,386.958,-0.04275363741086702,0.12715075021061717,0.022301449009537726,0.7798087511651677,1,1
137494,2020.0,187.802,0.047351791144989934,1.0501100513573,57.21305107245161,4.570364003705895,0.6937240928674984,59.997,0.7695498793969059,1.04,72.5,30.984,109.775,14.313,0.0798832419882349,139.317,195.892,0.05622775521107506,213.312,0.1337074554804424,-0.08166441644164424,-0.04129826639168523,-0.1578573434554763,0,0
137609,2020.0,225.527,0.06126315717080853,-0.2296854859499871,-29.91046635613671,4.899248991147839,0.8002097560057941,42.481,0.7758645225558559,-0.23,-289.814,5.121,129.922,-17.819,-0.1637971448794433,136.53900000000002,212.628,-0.06502026980182665,232.223,-0.11708270447184113,-0.08438010016234407,0.06066463494930113,-1.942216286667691,1,1
138095,2020.0,6345.6,0.014646680942184156,-1.8322981366459625,-10.735152542372884,0.5906135770234988,0.1897276549076951,6206.2,3.050217036358568,-1.84,-68.4,-26.3,38.0,-29.5,-0.055016784781797834,2007.8999999999999,7659.4,-0.011747839592210586,8696.2,-0.006206269518124679,-0.11922448885720212,-0.17152779591090678,-2.246755271658259,0,0
137615,2020.0,295.307,-0.5953016352060657,-2.2984096979658926,-2.749727346518439,1.9479983888822745,0.8918033080498268,36.246,0.43438870022212106,-2.36,-794.054,42.705,147.957,-279.659,-0.7084332893400244,584.027,335.001,-0.36262790115676713,207.742,-0.1440865394264154,0.6125819526143004,-0.11848919853970574,0.6416321891037053,0,0
137594,2020.0,402.751,-0.0971411065982825,-1.4648245360228163,-55.35133936255768,10.340044279042308,0.5559901611492183,140.078,0.31253553971829756,-1.53,-243.285,-6.594,135.887,-70.877,-0.18680748104962416,862.5799999999999,315.484,-0.07021459550599643,241.1,-0.07633270076770464,0.3085192866030692,0.27661307704986626,0.3834888016977397,1,1
137645,2020.0,774.533,-0.14018587495402343,-3.7002627066651983,-6.483323456139306,2.1441410333919153,0.8393567797922638,92.317,0.48420666818331193,-3.83,-486.192,-259.903,189.869,-235.222,-0.3307163444639719,981.4799999999999,574.671,-0.19819350707346461,411.769,-0.04747607616980903,0.39561501715767833,0.34778508050693346,-0.2926817985916129,1,1
137668,2020.0,434.908,-0.03960546824323943,-0.07396334329910308,-886.6554305799649,20.544113856396784,0.6230099449400316,123.655,0.6799742941249637,-0.08,-155.473,-3.936,319.949,-4.552,-0.023170346842582127,152.27499999999998,328.006,-0.009436543803640283,257.664,-0.0005599671621066927,0.27299894436164923,0.32591476985177115,3.1970311448097184,1,1
137733,2020.0,943.276,0.14946875908943502,2.1012276071657072,15.1911196536467,3.6061165107753608,0.15693591986433306,629.376,0.6965892475405874,2.09,-322.76,-93.199,168.572,105.095,0.23738319445793418,887.0200000000001,746.534,0.09806391533443624,885.84,0.15385372522214627,-0.157258647159758,0.26354057551297055,0.5241973419038817,1,1
137568,2020.0,3893.8,-0.04929305687120654,-2.2946255781152622,-2.671459805235415,1.4074676206166155,0.1745444332468734,4996.4,0.6483536493926605,-2.41,,-23.0,77.4,-1119.3,-0.5268533772652388,9187.8,6052.9,-0.11989331390989524,7699.0,-0.0012343254691839424,-0.2138069879205092,-0.35670505047167467,-0.5888590008592781,0,0
78869,2020.0,77.208,-0.02190144060021849,23.672990001369676,0.6125124033407295,3.9047821035354002,-0.2687068269649757,177.605,0.2096924468837254,22.11,-740.617,-41.224,35.947,345.673,6.375025358242812,607.336,139.989,0.5177908063607712,197.724,0.000835070891633722,-0.2919979365175699,-0.44847095128902986,-1.0422978552943998,0,0
137637,2020.0,2.453,-0.45746070036583303,-0.11017740429505134,-34.399067796610176,0.8767044429480745,-0.07380312769835935,44.769,0.4521124316821376,-0.11,-135.548,-4.362,81.995,-2.006,-0.025486284922944004,8.889999999999986,41.692,-0.02175327491975362,24.186,-0.17969830931731517,0.7238071611676177,-0.9411637724263647,20.029509444135424,0,0
138094,2020.0,830.7,-0.06227364185110664,-2.454261490406069,-3.202592727272727,0.6256174746936601,0.08347121111846448,1107.9,1.1138960560265387,-2.46,-256.8,5.5,27.1,-110.0,-0.19534718522464925,988.8000000000001,1208.8,-0.10136380390711389,1610.6,-0.026469605878423515,-0.24947224636781323,-0.31278954334877557,-0.3856422169379915,0,0
137704,2020.0,0.0,-0.450541672165369,-2.1225878493910737,-2.7372247521659787,3.462775466910694,,0.0,0.0,-2.24,-199.356,-2.932,73.365,-60.827,-1.2650680088182686,1.3449999999999989,0.0,-0.8054635980825763,0.0,-0.4090082131852647,,,-0.4406430368325852,0,0
137685,2020.0,74.461,-0.47824275800015,-3.7613445378151265,-1.0076184092940124,-118.68684210526317,0.9770302176180976,1.255,0.3369368147115776,-3.8,-447.868,9.169,132.607,-105.186,117.78947368421053,22.619,54.637,-0.6486636490336586,34.046,-0.5578841125316207,0.6047993890618575,0.36283104855683873,-0.2627261313122629,1,1
139330,2020.0,770.77,-0.032132557805756086,-0.9782458423128534,-15.364236012968655,99.1992100907993,0.7757273103305642,156.153,0.7252817995168704,-0.98,-1278.553,-22.17,195.586,-144.348,-6.45650131949725,747.653,696.264,-0.15036390966165308,608.386,-0.20704410138411872,0.1444444809709626,0.10700826123424444,-0.7863013945430101,1,1
46348,2020.0,217.362,0.008313693977811369,1.8368113522537564,16.604862531242897,1.5642843163637252,0.9305559741755028,11.52,0.05370395729556261,1.84,294.756,102.423,378.423,30.807,0.09420639968686546,65.0759999999998,165.889,0.009973282209214578,150.96,0.008861905465123313,0.09889374668786434,0.31028579351252933,-0.16640341630660685,1,1
137706,2020.0,800.354,0.04279046040045913,1.352474415385376,23.49027799608868,5.949695993333797,0.3528270098249386,535.856,1.1394358657494243,1.35,82.745,28.405,81.573,54.713,0.25328333680531445,571.9090000000001,827.995,0.07529267027306717,819.982,0.0965982262360443,0.009772165730467295,-0.03338305183002308,-0.4316782729943151,0,0
138288,2020.0,1982.78,0.09289378879723195,-2.7867395663526593,-10.564316937061925,3.8817996549513722,0.3380369875821855,1107.997,0.7062802123982231,-3.21,-302.944,165.342,174.233,-193.174,-0.3674444526870615,2088.9449999999997,1673.805,-0.08151186891532428,1384.733,0.07462584883880483,0.20875648951819603,0.18459438226077704,-2.1396351234901925,1,1
71879,2020.0,4131.6,0.11459843218458807,8.255532658363945,12.333546993705232,7.906031863086127,0.3428073510773131,2074.1,1.0420312345230627,7.88,1180.8,-15.1,18.8,460.7,0.6410185056351746,2795.7,3156.0,0.15211146696602504,2663.4,0.02085447700114585,0.18495156566794319,0.3091254752851712,-0.24661542965604114,1,1
138317,2020.0,3094.3,0.028380376776184657,0.9427877423870233,57.499686899563315,4.698178508563274,0.4105242255758539,1484.3,0.4071798188874515,0.92,-1077.3,-64.8,345.4,137.4,0.08170789724072312,5582.8,2518.0,0.02221862871927555,2463.4,0.018450265939838006,0.0221644881058699,0.22887212073073876,0.2773235078888349,1,1
137927,2020.0,1029.564,-0.10113573626777064,-1.5002785613852017,-51.07718124642653,18.920741838142817,0.7563092835025281,198.953,0.5390346820160453,-1.53,-698.19,71.021,486.132,-169.653,-0.3704343383174958,990.0809999999999,816.416,-0.1120125657851734,598.746,-0.10589403326173237,0.36354313849278336,0.26107768588562696,-0.09710365476551275,1,1
138617,2020.0,4221.0,0.08686616791354947,3.315341864599516,30.43728342995169,6.292128165778961,0.6600046479200558,1463.0,0.649705571493281,3.31,1331.0,683.0,1598.0,621.0,0.20672436750998668,4772.0,4303.0,0.09376415521666918,3878.0,0.028331043956043956,0.10959257349149046,-0.01905647222867767,-0.07356742336322365,1,1
137878,2020.0,1619.0,-0.4236111111111111,-0.8882133177056626,-12.654617731958764,1.0729876923076922,0.21077600813283634,2329.0,1.8548082966687618,-0.89,-903.0,67.0,183.0,-97.0,-0.08479020979020979,1153.0,2951.0,-0.06096794468887492,3127.0,0.028969359331476322,-0.05628397825391749,-0.4513724161301254,5.948095647193586,0,0
49579,2020.0,1953.5,-0.03653563403334535,0.021512874342559142,635.8982896551724,1.5812939804493225,0.5932762580914596,973.9,0.7061547081895662,0.0,196.5,34.7,205.5,2.9,0.0024867089693020065,3008.7000000000003,2394.5,0.0008552301748798254,2372.9,0.12057943630924263,0.009102785620970083,-0.18417206097306327,-43.72023498057612,0,0
138008,2020.0,1738.899,0.00021937929494261557,-0.35558160162189556,-10.79920890868597,0.35507169030957914,0.10767030605072014,1584.235,0.7158414400436749,-2.33,283.146,-44.941,64.025,-22.45,-0.03287941675283173,2262.941,1775.392,-0.009051882811784947,2134.413,0.04793276512960017,-0.1682059657620151,-0.020554897172004923,-1.024235763929356,1,1
138113,2020.0,250.626,-0.07812868823320299,0.6825502167949739,36.12920982692682,1.7979429788011894,0.9360473107753374,19.076,0.10707934230941267,0.75,,-19.074,3.602,46.281,0.04976424857930871,2781.8740000000003,298.283,0.016614218850628186,288.82,0.08703290803741572,0.03276435149920373,-0.15977108987102856,-5.702519506672378,0,0
137888,2020.0,360.255,0.1579258573705589,1.6141638499919522,12.545194838864074,11.972750111816374,0.6513526859722761,118.614,0.3496519020515888,1.71,,15.058,34.966,100.288,0.9543694032336344,921.358,340.212,0.10307070283514319,283.44,0.08680685897362167,0.2002963590177815,0.05891326584600193,0.5322089888448125,1,1
61413,2020.0,1466.624,0.04433018269794488,1.7115536847395867,10.172044356674057,3.220040023481434,0.6763802723448985,668.688,0.4604778655945909,1.64,2144.573,211.496,213.783,681.07,0.3165578039746464,4215.607999999999,2066.277,0.15177909831087896,2188.148,0.13266627433505868,-0.05569595840866344,-0.2902093959328783,-0.7079295951070527,0,0
138157,2020.0,891.925,-0.08657387422073402,-0.09972823680858744,-43.51826663024177,2.728545319853209,0.36756425098208606,755.54,1.506869928595124,-0.1,-583.733,-1.794,165.148,-14.642,-0.06269885110628659,466.9599999999999,1194.651,-0.018468648579785897,1148.337,-0.15612886781726876,0.040331366140775815,-0.25340120252693055,3.687612840036921,0,0
138124,2020.0,1.517,-0.24336272882410276,-2.0651068533529844,-4.2515959819437255,7.540797468354429,-37.86882003955175,58.964,0.023880362062180242,-1.84,-495.47,-9.261,59.775,-56.047,-1.773639240506329,-2.4279999999999973,1.517,-0.8822825659189295,1.517,-0.8811384593390359,0.0,0.0,-0.7241669072644187,1,1
67370,2020.0,737.596,-0.9073122749666923,0.42842389200887815,3.291132979042123,0.5056019611133651,0.5002792852835698,629.828,0.26862654035163397,0.47,-1321.314,-21.904,0.516,216.959,0.1536255035372407,4449.302000000001,1260.36,0.046241506845782286,1453.734,0.06832158217420227,-0.13301883288139374,-0.41477355676156014,-20.621165849820244,0,0
138161,2020.0,917.0,-0.003980257920713263,-1.083969465648855,-48.571478873239435,1.7242875,0.5754385964912281,363.0,0.06976174934725848,-1.51,,-34.0,131.0,-71.0,-0.0355,,855.0,-0.005793080939947781,771.0,0.020414673046251993,0.10894941634241245,0.07251461988304093,-0.31292899892589093,1,1
138814,2020.0,1200.55,0.023483891284399528,1.2415122546126913,13.080821344825399,1.1161284182407112,0.09923390904383318,1064.565,1.5466915147144853,1.22,126.354,2.848,51.004,31.558,0.0853255608970026,516.106,1181.844,0.041300282288829766,1072.061,0.0275183241945075,0.10240368784985196,0.015827808069423632,-0.4313866641354393,1,1
136980,2020.0,2257.075,0.03229408352668214,1.79340570969039,40.26417425227568,2.873922916646663,0.25195170817248086,1628.264,1.1239806793818394,1.77,-150.216,51.467,177.608,44.602,0.07137667591641302,1674.064,2176.683,0.023031275689564715,2170.103,0.052129223796926,0.0030321141438908322,0.03693326037829111,0.4021838808222996,1,1
138453,2020.0,604.0,-0.05824767498776309,-0.2930129724834182,-25.084213636363632,1.7245396874999999,0.7512820512820513,388.0,0.33008887008040627,-0.29,82.0,-331.0,341.0,-22.0,-0.06875,4215.0,1560.0,-0.004655099449851883,1615.0,-0.01225114854517611,-0.034055727554179564,-0.6128205128205129,11.512659636007653,0,0
138035,2020.0,2317.512,0.133903322677598,11.256424354291848,18.069681241401288,5.367602081883838,0.6528548068491139,836.865,0.5759949728692636,11.26,1788.373,461.351,2724.368,859.867,0.297050180917723,1368.817,2410.706,0.2054498015669165,2151.369,0.10646230040853567,0.12054510407094272,-0.03865838472215192,-0.3482431150755592,0,0
61420,2020.0,49301.0,0.11822504296121367,2.7343529411764704,20.26073487651665,7.013493789282416,0.6607390567200987,17609.0,0.530753734929903,2.63,-6695.0,2779.0,33434.0,11621.0,0.3461618658961604,62300.0,51904.0,0.11883263628276053,49330.0,0.0010111781144285924,0.05217920129738496,-0.0501502774352651,-0.005113017269945124,0,0
138303,2020.0,733.57,0.0032592891030756633,0.558246893076804,118.33473830173457,4.5556166534827405,0.6514315037979823,185.436,0.20739004382146914,0.59,211.514,-169.749,191.726,39.664,0.03849771182040095,2369.475,531.993,0.015462456645359529,287.243,0.1448954542602585,0.8520660207559455,0.37890912098467455,-0.7892127248709981,1,1
61773,2020.0,3776.4,0.15497929347675032,-0.7605954760259259,-66.38219867387035,6.388153164437303,0.6437501856086479,1199.6,0.5227022244299219,-0.76,-2731.0,-64.9,601.8,-203.6,-0.0962329252729593,5653.8,3367.3,-0.031604600984151125,3217.9,-0.015392274820561757,0.04642779452437928,0.12149199655510347,-5.903694039816176,1,1
138248,2020.0,1114.2,0.28068733252255645,-13.112516143955895,-5.505426968208186,3.9644109542637262,-102.77242283051832,712.709,0.006334916755061569,-13.38,-1642.272,-64.238,1008.393,-680.238,-0.7200914619623038,60.490999999999985,6.868,-0.62743900751741,90.273,-0.3913929285560588,-0.9239196659023186,161.2306348281887,-1.4473539725130462,1,1
138867,2020.0,481.0,0.23135918193438432,2.26327746581508,8.929528219696971,-6.083601161290322,0.6481113320079522,177.0,0.24913323427439327,1.66,,82.0,290.0,528.0,-0.6812903225806451,1714.0,503.0,0.26151560178306094,524.7,0.2425398484452574,-0.041356965885267855,-0.0437375745526839,-0.1153140372622691,0,0
138133,2020.0,0.921,-0.2151073877220367,-2.190165842304335,-20.852302194590575,3.202561554846449,-0.811381074168798,2.833,0.005848981103004147,-2.29,-205.914,60.731,137.453,-37.638,-0.15358311638497382,129.299,1.564,-0.1407570017614259,6.499,-0.21343003664493046,-0.7593475919372211,-0.4111253196930946,0.5282180284475649,0,0
138350,2020.0,0.0,-0.2435040108420178,-0.9577745102407582,-12.02788326148311,4.433261201323754,-267.888,67.222,0.0011224503540208416,-1.01,-385.754,-89.052,166.035,-64.486,-0.36858199443291784,52.589,0.25,-0.289529334117552,1.612,-0.3401812688821752,-0.8449131513647643,-1.0,-0.1589660108735214,0,0
138604,2020.0,0.0,-0.153975407599161,-0.35599469715800813,-22.528425462585822,2.0957071871650803,,0.0,0.0,-0.36,-128.685,-16.402,275.638,-25.779,-0.09302501813300422,6.187000000000012,0.0,-0.09068937858831477,0.0,-0.07298089391092645,,,0.6978328663837661,0,0
138383,2020.0,18.13,-0.5917954424745189,-1.1649293216457395,-1.0043527776836254,-1.7427684164093513,-5.802159568086382,56.696,0.2925998736221302,-1.3,-376.177,-39.772,11.033,-59.006,1.735215409498603,13.700000000000001,8.335,-2.0714034964543986,10.5,-0.7954252126451974,-0.20619047619047612,1.1751649670065984,-0.7143021900428915,1,1
138293,2020.0,426.087,0.040438120950859274,0.7088564352207702,21.358344578313258,2.1657020108646963,0.2187190559084846,345.584,0.7080089379465773,0.68,-85.735,1.101,8.07,24.9,0.10139840205891694,611.055,442.33,0.039855814787307604,435.828,-0.01997663395716818,0.014918729407013798,-0.03672145230936178,0.014610318887198107,0,0
138404,2020.0,0.273,-0.4209382204865196,-1.4498280002596222,-2.64169266927812,2.933353714612383,-72.76333333333334,44.258,0.007227348285913898,-1.45,-459.882,-8.434,60.67,-44.675,-1.1104068799244402,21.186999999999998,0.6,-0.5381363077886723,0.745,-0.47973178908869246,-0.1946308724832215,-0.5449999999999999,-0.21778513288528514,0,0
138388,2020.0,83.418,-0.23387196309857725,-0.7973137812987762,-1.2501978811607555,0.2291856017563541,0.28825355350143905,144.913,0.39381355161788856,-0.81,-170.426,-7.041,5.206,-60.788,-0.183319461030893,489.121,203.602,-0.11757810913325119,142.609,-0.03418413232523228,0.4276939043117895,-0.5902888969656487,0.9890774296559771,0,0
62143,2020.0,377.715,-0.04514586803596981,-1.1747834333484752,-1.668392611235101,7.155114770313909,0.2981406314280402,728.483,0.8160351027814599,-1.09,-414.705,-22.334,17.768,-147.413,-4.288627701975388,1165.237,1037.933,-0.11589783021285897,998.775,-0.044471886870483215,0.03920602738354486,-0.636089227339337,-0.610468393126476,0,0
62119,2020.0,296.576,0.04519999293355778,0.34787543799042586,134.30094481486736,9.21072338272638,0.5068884351102948,129.677,1.0924283524490397,0.35,142.715,14.111,84.668,14.098,0.06858271470407955,147.054,262.977,0.05856426574501406,291.22,0.14350787992834785,-0.09698166334729774,0.12776402499077885,-0.22819841829220003,1,1
138726,2020.0,1559.0,0.5744957709824333,-0.569383439075972,-15.859259999999999,-1.1415405655526991,0.4627942293090357,1415.0,0.37855705662546707,-0.57,-5393.0,0.0,17.0,-28.0,0.07197943444730077,6645.0,2634.0,-0.004024144869215292,3063.0,0.045822855546241964,-0.14005876591576885,-0.40812452543659833,-143.76219908913467,0,0
76020,2020.0,4136.38,0.11616042820197618,5.769006662782155,19.73823340066749,6.230053557394704,0.20651097486366696,3245.067,2.8644578629708675,5.72,1959.949,119.779,352.416,227.72,0.3156337971555257,803.2990000000002,4089.618,0.159500066890288,4618.96,0.1849106597013974,-0.11460198832637652,0.011434319782434489,-0.2717217587007218,1,1
62469,2020.0,5111.4,0.028580592529581155,7.966579665796659,9.728139710035773,1.3006608262215844,0.15435853459106955,4240.3,0.38603906352249195,8.04,2146.4,61.7,692.8,531.1,0.13370087858419555,12276.800000000001,5014.3,0.040888129277625085,3678.4,0.016466145224298175,0.3631742061765985,0.019364617194822697,-0.3010051319412868,1,1
140169,2020.0,8265.0,0.008324154209284028,-0.5939396813353566,-40.812225149700595,2.359986703601108,0.23108895325673792,7140.8,1.4298977643653383,-0.64,-1237.8,208.7,330.3,-100.2,-0.05782548476454294,5269.5,9286.9,-0.015427726796822073,8632.5,0.03267961459676808,0.07580654503330433,-0.11003671838826731,-1.5395580514816158,0,0
138602,2020.0,20.993,-2.726291310191803,-1.5455741218882446,-2.1545391792220894,11.667978947368422,-215.627539503386,95.966,0.005458421123966535,-1.66,-310.582,16.466,73.366,-95.178,-5.415533428165007,-11.558999999999997,0.443,-1.1727350016634013,3.595,-0.7149550279087254,-0.8767732962447844,46.38826185101579,1.3247292067899787,1,1
138699,2020.0,14145.156,0.04048115408357548,-10.51905982905983,-8.591071965418898,-8.958441360378222,0.2563532801427668,6787.306,3.090724227984104,-10.68,-2066.85,-266.708,987.005,-984.584,1.042761764357006,1057.946,9127.057,-0.33341279925013073,6779.174,-0.26658910014014864,0.34633762166305226,0.549804717993982,-1.1214145173029366,1,1
64723,2020.0,514.551,0.1759634572212522,1.0313370072390022,47.90868518552997,8.868902564279313,0.2997168321852502,328.666,1.263604398207978,1.03,286.301,42.379,44.373,53.711,0.18512097608051287,315.292,469.333,0.1446083182562247,433.947,0.13813242828450634,0.08154452041378331,0.09634523888156174,0.21682804518527632,1,1
138998,2020.0,697.944,-0.002890544729619035,-0.1622419008758662,-85.79781132280007,0.8362597015635029,0.2656289183552816,565.183,0.08811576647258143,-0.16,-349.728,-33.922,331.487,-36.899,-0.009746865201691615,8285.292000000001,769.615,-0.00422468853526995,767.544,0.0010446577184182054,0.00269821664946899,-0.09312578367105637,-0.31579696219325326,0,0
138792,2020.0,500.689,-0.05401335196274899,2.973580413616659,11.097732500821555,0.977436114951251,0.7297171038136401,163.156,0.04720322113156392,2.93,670.972,-55.222,243.474,167.365,0.08807529960547276,2244.4879999999994,603.649,0.013087352260476198,555.446,0.01303280533949205,0.08678251351166445,-0.1705626945460027,-5.127141295483373,0,0
138737,2020.0,120.043,-0.08341051071783387,0.24584040747028862,40.310704419889504,6.397714097817615,0.5291493629900753,53.515,0.3925046448823412,0.22,,-1.699,10.684,6.516,0.1587100545596259,275.3299999999999,113.656,0.022502641884751665,119.226,0.07355505664908892,-0.046717997752168096,0.056195889350320265,-4.706698579883407,1,1
138973,2020.0,3183.365,0.04715638455034473,3.827568827568828,29.03932104353551,6.474489972852987,0.2858989218794741,2189.621,0.8650931179343365,3.77,83.174,91.561,236.27,243.02,0.22295596936121492,3252.8669999999997,3066.262,0.0685639157777132,2871.922,0.0482995744189411,0.06766896872547379,0.038190800394747614,-0.31222737185508037,1,1
90083,2020.0,21.366,0.16129432697480034,3.0045501551189244,17.317068217801335,3.2253997051093015,0.821934519124823,4.525,0.31965584039850053,3.0,58.564,1.188,27.151,14.527,0.18625552920058977,52.16000000000001,25.412,0.18273415683413416,26.472,0.17350746268656717,-0.04004230885463895,-0.15921611836927435,-0.11732798197544712,0,0
138809,2020.0,32.166,-0.15242671233600794,-1.4781975194569814,-8.868909484313019,4.378922072526559,-6.2073510030751216,49.219,0.04623655185955029,-1.54,-250.645,-42.999,141.358,-41.595,-0.49373850080123444,3.8659999999999854,6.829,-0.28162386507512,0.0,-0.28177377724050057,inf,3.7102064723971293,-0.458757828299282,1,1
62450,2020.0,963.875,-0.005913857038829701,0.09872674913516744,316.2263547972849,1.814580501587462,0.5172869934422407,480.228,0.5661185406650237,0.1,362.927,-23.039,44.32,5.451,0.005738232990576286,1658.378,994.852,0.0031018806467344325,882.753,0.025936227632881736,0.12698795699363233,-0.031137294793597416,-2.9065391974561092,0,0
138942,2020.0,318.79,-0.007339060931701613,-0.038259378112205374,-1544.457932031815,16.27231417361826,0.49038485003782606,125.295,1.041232223473908,-0.04,-202.814,1.917,9.472,-1.383,-0.01053593874985716,207.986,245.862,-0.005857042426501105,193.237,-0.038302432751044904,0.2723339733073894,0.2966216820818184,0.253031888328977,1,1
138922,2020.0,363.842,0.01078609405216592,2.345043060284398,16.21292190489205,1.4910213795378502,0.8156173224946166,63.192,0.06772764523505241,2.26,230.136,-37.059,197.88,58.544,0.09196500102106535,1072.5109999999995,342.722,0.011569281407790887,284.875,0.011340023277443927,0.20306099166301003,0.06162429024107004,-0.06769541927621875,1,1
43524,2020.0,7676.0,0.00576496190325554,4.135103123607491,9.820794980457844,0.8525541083805923,0.7560128936275725,1968.0,0.04866864173097693,3.82,6087.0,-688.0,3683.0,1791.0,0.08681110949541951,36737.0,8066.0,0.010806538227148485,7359.0,0.010721539017431067,0.09607283598314989,-0.04835110339697496,-0.46653018921705725,0,0
138930,2020.0,462.524,0.15712488222525067,1.2766353546406695,14.10347906671268,12.041722917102287,0.3154623656517942,243.744,0.8707446561366698,1.29,-895.556,104.717,177.668,89.833,0.8538122303115555,205.274,356.071,0.21967979614943497,0.0,-2.1046075582856627,inf,0.2989656557259647,-0.28475497073764555,1,1
138727,2020.0,883.026,-0.04308932048084339,-1.2512163892445585,-126.67672943102741,10.475088390326759,0.8500948344841893,101.165,0.4300476400461871,-1.28,-398.466,161.401,967.32,-53.746,-0.08269149698903622,589.1059999999999,674.86,-0.0342490893843499,512.98,-0.07653668731930936,0.3155678583960388,0.3084580505586343,0.2581157997308106,1,1
138899,2020.0,893.491,0.06361097751560925,1.6643757159221075,7.768678596008259,1.1579374434631777,0.35207048458149776,547.873,0.914420829859275,1.68,153.641,52.949,69.563,47.949,0.14905204651639917,759.814,845.575,0.05185295730233554,776.854,0.06134811146484297,0.0884606373913245,0.05666676521893379,0.22675698407550832,1,1
138980,2020.0,176.319,-0.2289330462967442,-0.8780816135619517,-48.845117968039496,7.2841576913016945,-0.30465318403442254,334.744,0.29925110538058797,-0.89,-785.467,37.008,533.757,-76.97,-0.14912765071153866,317.55200000000013,256.577,-0.08977171601953353,212.958,-0.09813785632036412,0.20482442547356755,-0.31280278434933767,1.550168989160577,0,0
138923,2020.0,362.048,-0.1052217554989182,-3.2870276439259447,-35.758750072333775,17.13726593699157,0.7085444132682477,113.742,0.8309574252893143,-3.37,-410.081,14.457,237.802,-103.686,-0.4792467830202633,215.795,390.255,-0.2207752664246399,387.289,-0.10624767876730667,0.007658363650917037,-0.07227838208350948,-0.5233988063837989,0,0
139089,2020.0,351.594,-0.06845486459803736,-1.0320547181543342,-40.743963726264184,30.013466629937405,0.7285852879073218,80.852,0.46084907703636785,-1.04,-354.874,304.158,487.956,-48.134,-0.7366359059118803,151.38299999999992,297.891,-0.07446518852220621,244.344,-0.21665346954493728,0.21914595815735205,0.1802773497688751,-0.08071320362502696,1,1
138865,2020.0,71.241,-0.5323000627300595,-2.1561970125151393,-4.1461888445767565,5.408851762292078,0.6476899365583818,29.488,0.40947828809612336,-2.63,-468.915,0.709,87.608,-106.818,-1.304535795412911,107.44399999999999,83.699,-0.522582728322342,68.126,-0.4907786337528733,0.2285911399465695,-0.148842877453733,0.01859482505078813,0,0
138931,2020.0,4415.777,0.023909175715271132,1.2637244141489998,47.06326738179768,2.0389887261053574,0.2202632054518837,3645.905,0.6273066270269037,1.27,-412.856,7.757,163.689,131.258,0.04332441922410942,7153.42,4675.815,0.01760955325441604,4390.116,0.0033472508063161098,0.0650777792659692,-0.05561340643288915,0.35773891420415804,0,0
103215,2020.0,112.92,-0.9710748412786977,-1.2389399742591758,-2.9622096923577566,4.082990546182245,-0.9736119824341279,151.005,0.2162418816028217,-2.95,-360.976,1.624,1.624,-159.796,-1.3783597281164819,281.73900000000003,76.512,-0.4516231141860688,77.087,-0.47278440645271685,-0.007459104647995159,0.4758469259723965,1.150188532818572,1,1
138981,2020.0,59.289,0.03250638705913645,0.8509841044452332,19.27180533024334,,0.8171741009107226,11.001,0.07032684474728408,0.85,,5.285,13.065,21.575,,833.942,60.172,0.025216075174876257,66.407,0.14720580514179143,-0.09389070429322209,-0.014674599481486333,0.2891136639505188,1,1
138956,2020.0,3737.6,0.0169898843123009,1.0600255427841634,28.67855421686747,5.273194505981391,0.38369550667083124,2762.4,0.6574068641830448,1.06,47.7,324.1,1020.5,249.0,0.18387239698715108,5355.5,4482.2,0.036520973892637136,4696.0,0.031022963883937264,-0.04552810902896086,-0.16612377850162866,-0.5347910391916966,0,0
139088,2020.0,667.648,-0.13771441686406377,-1.486296333433604,-31.11088883142,7.083033491279672,0.899249386999383,60.401,0.4763936765853434,-1.52,-389.637,55.003,805.097,-88.937,-0.2276705602871193,440.77199999999993,599.51,-0.07067275677548446,479.225,-0.03750870231612315,0.2509990088163179,0.11365615252456178,0.9486209842013021,1,1
80499,2020.0,1846.36,-0.14465054758575818,1.6945086239320832,14.198806462353145,1.430670843630636,0.26433787195850683,1742.621,2.084908309165563,1.63,625.972,-10.079,37.608,63.073,0.10075993693018709,1030.141,2368.779,0.055514432449797785,2499.207,0.05898044928259021,-0.05218775395555466,-0.2205435796247772,-3.6056385916683378,0,0
139121,2020.0,0.5,-0.19027202838557067,-2.2455877655326626,-0.574459845123892,-2.464565739787161,-10.937281254374913,85.268,0.06144516129032258,-2.4,-533.352,45.148,93.816,-112.477,4.290231529160469,19.790999999999997,7.143,-0.9675440860215054,1.12,-0.8068740174977983,5.377678571428571,-0.9300013999720006,-0.8033453657207911,0,0
131265,2020.0,51533.0,0.07904822067803748,10.356157259946933,14.272668547788875,-17.81542138888889,0.19837930497117032,41152.0,1.1393315282524745,10.27,-2811.0,119.0,768.0,3505.0,-1.2482193732193732,41385.0,51336.0,0.0777886279905899,46677.0,0.09658989466166756,0.09981361270004499,0.00383746298893564,0.016192504225681265,1,1
142662,2020.0,122.34,0.08874454319498126,0.785977034349058,3.206200550232426,0.41528808935746675,0.4567839260660823,126.609,0.6445549400862272,0.79,81.859,1.173,2.639,31.623,0.1295265479657414,355.003,233.073,0.08745226118146143,212.47,0.0583467585827932,0.0969689838565445,-0.4751000759418723,0.014776999428732602,0,0
63277,2020.0,3147.599,0.11713796978946772,3.2513883761945777,23.971298098574405,8.208271790359513,0.6950250200305691,964.534,0.6738633985989492,3.15,1167.528,233.213,2267.216,792.721,0.34242082996947365,2323.9869999999996,3162.666,0.16890359816710254,3059.04,0.17272178078436945,0.033875333437941385,-0.004764018710796526,-0.30648031740816545,1,1
35841,2020.0,43.01,0.16636776326850866,0.08452200303490136,39.6346499102334,3.1198241994290727,0.521404040130885,17.698,0.7847835314091681,0.09,-54.191,7.711,22.778,2.785,0.07871456431417993,23.482999999999997,36.979,0.05910441426146011,26.307,-0.08946274575380427,0.4056714942790893,0.1630925660510019,1.8148111329307457,1,1
55183,2020.0,3124.87,-0.19171164382309816,0.7663086340932136,30.327206253522508,1.9091989719888558,0.05130744776096191,5124.378,2.0001466362532216,0.8,-67.36,52.609,138.734,40.809,0.06295334149900808,2399.424,5401.516,0.015111310246763633,3410.728,0.02699122495950666,0.5836841870709126,-0.42148278372219944,-13.686632773233992,0,0
139170,2020.0,343.07,0.03183775803181429,0.9023893878223613,21.254682578088623,2.4052884019276393,0.3479390976365233,259.144,0.13962509283793534,0.91,-52.546,27.614,485.136,109.523,0.11316510576390552,2361.222,397.423,0.03847829401642379,422.496,0.037567068739697194,-0.059344940543815755,-0.1367635994897125,-0.17257875262804281,0,0
61736,2020.0,109.858,-0.13958853680800057,-0.4096164580177019,-3.9305061319836487,0.7369519672968831,0.15532060889506843,93.555,1.8488940822969702,-0.41,-30.551,-0.732,2.745,-5.137,-0.18749543762318416,53.386,110.758,-0.08575244136549535,99.24,-0.016964725184577523,0.11606207174526402,-0.008125823868253232,0.6278083117545796,1,1
141769,2020.0,3298.823,0.042497719310535295,0.5494430605818489,33.45205594285959,1.233700252846694,0.32819754500267945,2177.518,1.4161711338170255,0.56,103.893,163.571,210.909,23.381,0.03687965412212669,1864.643,3241.307,0.010215477052860428,3116.032,0.026052846311374358,0.040203374034669614,0.0177446937300293,3.1601306616058173,1,1
138297,2020.0,29.323,-0.35453766307970663,-0.4612946460914294,-7.847478895912679,3.892106247078985,-0.573154130383111,72.804,0.3279942167445091,-0.56,-176.171,-12.607,104.154,-25.469,-0.4959689982863375,31.140000000000015,46.279,-0.18050702708066083,29.101,-0.18928690188975597,0.590288993505378,-0.3663864819896714,0.9641211138072703,0,0
139239,2020.0,2225.522,0.1507202231918497,-2.6719791864091387,-3.293438827952205,1.1542088789957177,0.24383568041160197,1327.727,1.262046203197179,-2.68,-1061.042,9.44,31.375,-155.079,-0.350457056982407,1269.918,1755.871,-0.1114642608401274,2058.528,-0.3730923008498737,-0.14702593309393883,0.2674746607239369,-2.352184297063854,1,1
139375,2020.0,522.867,-0.036808026905359774,0.5760815875875295,103.4054920058506,6.861193551841614,0.24879272151100298,446.607,0.6140025282256565,0.63,54.369,12.349,73.607,19.827,0.06635231280997543,880.3610000000001,594.519,0.020476768828464848,459.31,0.024861923699331073,0.294374169950578,-0.1205209589601006,-2.797550541967968,0,0
139367,2020.0,0.0,-0.44807414926010997,-5.597136509503826,-0.4180709182323366,3.5134692364714604,,22.274,0.0,-7.47,-162.334,-8.724,16.412,-22.674,-8.404002965159377,-5.811,0.0,-1.2512554494785058,3.0,-0.8600423145050187,-1.0,,-0.6419003414156104,0,0
139501,2020.0,667.524,0.011453293551073909,0.05013638386092071,375.3760951768488,4.241097101105995,0.7387743030152084,167.814,0.33658103125062216,0.05,251.514,-22.497,93.094,7.775,0.01129826101235325,1780.695,642.41,0.004073593994448386,527.676,-0.020382894897770655,0.21743266701536532,0.03909341386342061,1.8115942744129128,1,1
139221,2020.0,88.713,0.003974083409361518,0.5261116084750821,34.02319909245604,1.094638392612734,0.19125979616615763,87.923,1.5038247133194083,0.53,16.363,15.232,21.216,1.763,0.03217329415843933,47.89300000000001,108.716,0.024386870098073117,114.065,0.07332025151467408,-0.046894314645158496,-0.18399315648110676,-0.8370400386199817,0,0
140122,2020.0,4969.0,0.030923467946907653,-0.3178989325931994,-56.904878076923076,4.2947077793904205,0.2757871878393051,4002.0,0.7613667677046018,-0.32,900.0,-258.0,943.0,-52.0,-0.07547169811320754,5414.0,5526.0,-0.0071645081289611464,6638.0,0.13515349089921216,-0.16752033745103947,-0.10079623597538907,-5.316202506897226,0,0
139498,2020.0,279.598,-0.17553494622480492,-2.449137616907567,-6.585991693013452,4.197606890738594,0.5085045935874258,106.568,0.27741008519692273,-2.66,-758.686,39.408,391.825,-241.965,-0.6373538088715626,379.455,216.824,-0.30957611364366217,147.699,-0.4571510360158185,0.4680126473435839,0.2895159207467808,-0.4329829128003895,1,1
139516,2020.0,0.0,-0.49220724934811605,-0.1931093709062327,-1.8108908871636393,6.690361849067112,,0.0,0.0,-0.2,-189.763,-6.769,9.977,-13.267,-3.694514062935115,0.025000000000000355,0.0,-1.0121299969484283,0.0,0.15326797385620916,,,-0.5136916692202378,0,0
139395,2020.0,369.776,-0.05303605692032382,0.49169706490578763,43.94982509025271,1.4001097801579165,0.1320561454441657,997.343,0.352155956807925,0.49,-323.03,33.338,194.946,55.4,0.03185700460201458,2979.863,1149.087,0.016978209663114318,1058.207,0.06109863861780449,0.08588111777752355,-0.6782001710923541,-4.123772056811519,0,0
139819,2020.0,3316.7,-0.0769637333084612,0.792516790364847,85.70165430656934,15.208713264248702,0.5380676684180583,1380.3,0.474211261347045,0.79,-231.7,130.4,1086.4,137.0,0.17746113989637305,5142.5,2988.1,0.02174189043356821,2660.1,0.012673833711411382,0.12330363520168415,0.10996954586526553,-4.53988230892902,1,1
139897,2020.0,1067.139,-0.14926630736854207,0.0550738516305649,149.07255906255907,-1.0067764610675565,0.4650414944625198,565.778,0.21080546143113416,0.04,-2518.182,104.787,142.813,10.582,-0.006753600175637004,4774.945,1057.611,0.0021092286226828782,1017.634,0.0035243244137683582,0.03928426133560798,0.009008983454218793,-71.768197322621,1,1
63237,2020.0,2053.131,0.008057973839534237,0.633844738479855,54.20885891141942,1.251283483374588,0.10533553488720704,2029.184,1.2887826060274767,0.61,499.117,-94.146,363.956,23.425,0.023082638308606747,1092.924,2268.095,0.013310612009723423,2566.465,0.012010319073283633,-0.11625718644127246,-0.09477733516453234,-0.39462033498926463,0,0
119053,2020.0,3815.523,-0.01451487674552452,0.1345723675126343,12.186751487789861,-0.23411330751612042,0.06984791825545995,4246.92,0.9793429626737935,0.14,-1009.694,-16.47,107.053,14.619,-0.019210476865035197,4316.703,4565.834,0.003135684471079804,4976.65,-0.055171622819372164,-0.08254870244039662,-0.16433164236807551,-5.6289340905930425,0,0
139791,2020.0,1459.271,0.05757723597918682,2.997034643543703,31.728028304526134,5.728572966846134,0.356178191153571,917.871,0.9538586293275099,3.06,335.873,36.137,348.314,146.549,0.1805524412630749,989.162,1425.66,0.09805074721133877,937.237,0.13357878714986024,0.5211307278735262,0.023575747373146383,-0.41278126259369824,1,1
139910,2020.0,432.487,0.0138346192498414,0.066762768400409,503.5740848606577,2.8594053192520654,0.43731687062252234,215.466,0.12415550645295688,-0.15,-204.908,7.913,24.276,3.983,0.005678221745750244,3002.06,382.926,0.0012914019476403464,329.473,0.005169527451183708,0.16223787685182087,0.12942709557460197,9.712868503195352,1,1
137421,2020.0,879.221,0.038388229919821056,0.9178123583622905,20.73953333333333,-7.4319897951659755,0.1411921395579826,875.017,2.7882806577762698,0.92,-101.803,10.699,70.959,24.3,-0.3583489404373921,192.188,1018.874,0.06650009715034769,1024.976,0.10025046352015093,-0.00595331012628597,-0.13706601601375637,-0.4227342279962316,0,0
140312,2020.0,1433.89,-0.12691132087463816,-0.7919582591411652,-2.2602201307189542,0.206949642251006,0.24128352195468228,1404.432,1.600667397650705,-0.8,-282.827,-5.76,8.242,-38.25,-0.09156171978044338,1004.5120000000001,1851.063,-0.033075874759605405,2034.643,-0.025760426134562135,-0.09022713075463358,-0.22536942286675277,2.8369754933777664,0,0
64027,2020.0,732.915,0.07424702753430414,3.119164004464801,25.506834487098807,2.501807456107439,0.3997822797889221,487.959,0.5542775717246645,3.12,640.767,31.331,61.808,81.039,0.09808380798381065,1333.542,812.97,0.05525185447801898,771.582,0.07282775890388436,0.05364044262307834,-0.09847226834938566,0.3437924977494115,0,0
140115,2020.0,1325.229,0.0678181990750251,31.247944006999123,47.63417393690294,10.10803160525162,0.6673347619899709,388.552,0.3705772930084132,31.45,912.197,-138.842,125.271,178.582,0.21220125741323648,2984.408,1167.997,0.056659763800787535,1072.295,0.07153419930410891,0.08924969341459206,0.13461678411845232,0.19693755366630167,1,1
62821,2020.0,44.64,-0.20763458586777328,-0.08656405508621688,-3.415967513368984,1.2223618402168712,0.6866477041852904,19.279,2.004659346388192,-0.11,-130.957,0.144,0.373,-4.488,-0.35783766544410783,22.796999999999997,61.525,-0.1462317943371021,73.331,-0.20550477918091117,-0.16099603169191753,-0.27444128403088175,0.4199004177512988,0,0
139879,2020.0,1725.625,0.14524749333434256,0.810305637004301,54.670729138423674,12.892662443376599,0.7275040048681601,223.005,0.5306045571957634,0.8,-236.113,76.308,817.252,95.894,0.23582386126098653,698.7760000000001,818.379,0.062173874705644366,603.693,0.08592439327560761,0.3556211518106058,1.1085890522606274,1.336149934711347,1,1
140138,2020.0,2718.038,0.08774357675587144,5.7030456852791875,18.074552736982643,2.9943465502750053,0.2797001357787999,1890.154,1.007741277429825,5.65,632.862,83.878,184.807,190.995,0.16566642582243393,2111.1860000000006,2624.121,0.07334781638602392,2384.249,0.054899286258759825,0.1006069416407432,0.03578988926196616,0.19626706123170376,1,1
140363,2020.0,1678.6,0.04115288829496447,-0.47878100009132063,-111.55413433242506,2.7346447999465635,0.45122340765348495,859.0,0.5761981889126113,-0.54,136.2,35.3,768.5,-36.7,-0.024514060516999534,1787.6999999999998,1565.3,-0.013509533976293899,1247.7,0.15630730319317104,0.254548368998958,0.07238229093464509,-4.046210799512274,1,1
76223,2020.0,589.837,0.01429055426476704,0.966562605784782,21.788552416530468,1.538814343741927,0.5773821322005025,315.562,1.4630793316756505,0.96,642.059,-1.539,20.824,25.698,0.07062490037541293,454.042,746.684,0.050353580183050486,766.784,0.0685685091236782,-0.026213379517569513,-0.21005807008051597,-0.7161958650642803,0,0
139923,2020.0,875.079,0.011947297588436582,-0.0879636548405416,-424.152453278967,4.445950642523365,0.20880254473672294,541.49,0.6879579983474364,-0.54,,6.593,9.053,-2.943,-0.010481963756553454,966.78,684.393,-0.002958330066404106,574.041,0.009284560011752608,0.19223713985586388,0.2786206171015775,-5.038527588288584,1,1
139943,2020.0,342.751,0.09792697298505279,1.0408234608661875,12.221092700403048,3.2811499380669633,0.8396993979348983,78.198,0.31569924566789714,0.94,,2.705,8.119,214.368,0.26848253413205453,1531.7800000000002,487.821,0.13873083753125792,609.568,0.1688657489412179,-0.1997266916898524,-0.297383671469658,-0.29412252727885013,0,0
140161,2020.0,661.23,-0.08008937764244563,3.1807618072241697,1.097221424148607,7.1799538087520265,0.16322688101962493,577.75,1.6398679460383812,-4.3,-141.15,-15.88,11.77,80.75,6.543760129659644,330.82000000000005,690.45,0.19178700361010828,849.95,-0.39121511460631053,-0.18765809753514912,-0.04232022593960464,-1.4175954373074342,0,0
139954,2020.0,310.016,0.041550631289402194,-0.6746637370468245,-30.50408502772643,7.927461570134505,0.39700911018163076,178.908,0.968655118151367,-0.68,-359.899,23.386,170.019,-22.722,-0.2598819654131211,130.036,296.701,-0.07418168996611188,280.413,-0.13434737077031364,0.05808575208710014,0.044876828861378955,-1.5601197722562483,1,1
61248,2020.0,380.53,-0.011552920866593902,0.7787278248361834,46.02378245253977,1.5138022445363262,0.1726364962312454,405.586,0.8255557426743011,0.78,44.658,21.236,31.038,9.745,0.03289173909374736,528.265,490.215,0.016411249578982823,435.326,-0.03694788803690882,0.12608711632202063,-0.2237487632977367,-1.703963510578087,0,0
100985,2020.0,11789.0,0.03192552792702737,-5.728932381623283,-0.5062025185185185,-0.15405171325518485,0.1283875851627555,11514.0,0.8463066179768083,-5.93,-4227.0,20.0,216.0,-675.0,0.30432822362488726,14582.0,13210.0,-0.04324428214491639,14155.0,-0.049687874393089096,-0.06676086188625928,-0.10757002271006813,-1.738260096908104,0,0
65852,2020.0,1092.748,0.08755092527737021,2.5727010258615395,29.432102385329863,3.186844298744545,0.37969130329083484,614.93,0.9522194430356402,2.57,720.653,24.895,68.353,83.762,0.10827783408136674,882.2819999999999,991.329,0.08045745154994084,973.705,0.15052779708796168,0.018099937866191414,0.10230609615980174,0.08816428547983987,1,1
65355,2020.0,416.857,0.08434007790232322,6.376079588936264,25.857581873049618,5.648708707171449,0.4644907882800952,232.592,0.21224045819991078,3.96,63.666,25.407,63.874,174.966,0.21845463875564033,1982.569,434.338,0.08549761708486384,415.026,0.10959231245957399,0.04653202449966993,-0.04024745704957888,-0.013538847303681717,0,0
66073,2020.0,12631.967,0.12014610223939869,67.27768533155836,16.375266101540856,-15.451999164454786,0.5676925064880451,5128.785,1.1988527991303075,64.78,-1574.669,-41.524,244.258,1617.221,-0.9436182025158546,4786.743,11863.743,0.16342312225259054,11221.077,0.14309819856253037,0.057273112019461336,0.06475393136887744,-0.2648157703553227,1,1
66069,2020.0,8497.1,0.20469257077601627,19.186231036390183,19.570284507042253,3.733807763961153,0.9266220718773049,577.0,0.5311241996055439,19.38,7400.9,150.1,3214.3,2115.8,0.1907896516587464,11172.8,7863.4,0.14290924810201822,6710.8,0.20830883292854405,0.17175299517196152,0.08058854948241229,0.43232557370879854,1,1
140105,2020.0,1022.433,-0.24394224137616452,-3.569861329487286,-2.535112477688255,0.8299710632964642,0.23340497150817072,648.833,0.565003020664012,-3.67,-252.196,-259.794,122.895,-301.971,-0.32739023242602117,1337.632,846.383,-0.20158075853713078,631.561,-0.0305745694227597,0.34014449910618294,0.20800275997981996,0.2101464601405934,1,1
140142,2020.0,248.811,0.11015999810932811,0.6951149132634008,124.05143143192032,-12.12864139465592,0.794141509244977,41.105,1.202049207467206,0.7,-210.275,0.235,17.639,20.476,-0.09777107168095957,145.12599999999998,199.676,0.12326548795097313,153.181,0.15541435001323803,0.30352981113845695,0.2460736392956591,-0.1063192144005264,1,1
140310,2020.0,613.061,-0.07770747937653578,-3.0985774818401937,-2.526966017757895,0.6316952273049143,0.2757028783094487,954.218,0.9290805949771652,-3.18,-281.892,-2.776,16.702,-102.377,-0.24998168668108942,1277.858,1317.44,-0.07219796277020375,1358.056,0.015860334104632,-0.029907455951742774,-0.5346573658003401,0.07631124750525262,0,0
140140,2020.0,566.317,-0.01743517992808284,-2.6302238323198344,-1.3839126371193862,-0.5695898176517432,0.2140154182637633,675.248,1.371244926331045,-3.89,-1337.962,-3.338,56.941,-121.974,0.41157931676767134,459.66499999999996,859.111,-0.1946852369999952,1062.388,-0.9728972752405444,-0.19133969886708052,-0.3408104424224576,-0.9104442627661425,0,0
138122,2020.0,601.879,-0.035862451936007574,0.7679562946980966,21.160058342106947,1.1053659617874496,0.38288421652664584,781.637,0.25627107903409896,0.77,-1202.75,1.029,34.661,171.917,0.052238322972288476,4805.516,1266.597,0.034784035564828585,1270.555,0.041813697482810795,-0.0031151740774701476,-0.5248062327638546,-2.031003198843018,0,0
66193,2020.0,9741.0,-0.09660834231694171,-3.7048798560389544,-3.079722,0.47415074780058647,0.06608951070572776,12082.0,1.1144900068917987,-3.67,66.0,-101.0,751.0,-630.0,-0.15395894428152493,8803.0,12937.0,-0.05427291523087526,14178.0,0.10152977599708614,-0.08752997601918465,-0.24704336399474375,0.7800470438334275,0,0
140026,2020.0,330.104,0.002716904956725638,0.5195229099363954,39.035814613994326,1.0687473314136793,0.568716649140797,132.065,0.08272465592628063,0.4,-713.05,170.594,274.287,46.476,0.02737863528613372,3404.4150000000004,306.214,0.012555634650374634,282.207,0.0032926642811947986,0.08506876158280981,0.07801733428256052,-0.7836107028930974,1,1
11334,2020.0,870.463,0.04366613312761034,1.5206963018897919,65.53576797428325,8.542179016162244,0.605082151467052,390.368,0.7801051211023511,1.51,33.377,-32.04,137.311,76.526,0.13034376921491578,1079.069,988.479,0.06039412521406982,967.579,0.04316004414924453,0.021600303437755566,-0.11939150958189307,-0.2769804517768296,0,0
66249,2020.0,729.264,-0.18884195241771645,2.0959526863331908,28.82221549842595,5.763016775270649,0.934854743323306,73.132,0.3472193354266725,2.12,-732.824,404.467,2504.256,294.146,0.19995051301956232,712.7890000000002,1122.599,0.09097921754643823,599.674,0.10260988145966839,0.8720154617342089,-0.3503788975404396,-3.075660326726007,0,0
140224,2020.0,83.345,0.3906855298139005,1.7908984931565992,7.716796933387981,-4.225712173419409,0.6906065277288893,25.49,0.7797885530936177,1.76,,-0.308,0.261,41.479,-0.5475992448545817,99.799,82.387,0.3925965187926514,100.748,0.6861998422557428,-0.18224679398102198,0.011628048114386958,-0.004867564757394598,1,1
140316,2020.0,1808.821,0.12099379067779077,2.239661027708128,23.682155176078794,3.156398060223726,0.39664138378169567,849.649,0.8821936705284332,2.23,483.571,38.009,89.95,141.13,0.13328170670091652,1443.074,1408.199,0.08841363523314373,1241.377,0.11649063893708646,0.1343846389936338,0.28449246164782094,0.368496955913353,1,1
140235,2020.0,68.761,-0.33976223776223774,-0.40436196345151715,-3.7095477210478265,6.46237841805836,0.5291815727957225,36.455,1.0695204154925686,-0.44,-505.01,10.014,26.394,-28.478,-1.7420933504618583,39.082,77.429,-0.39336427426929665,79.289,-0.6885191242081197,-0.023458487305931457,-0.11194771984656919,-0.1362656448825422,0,0
140221,2020.0,618.003,0.106402054430378,1.0991766082831975,39.09289888102221,5.884088530610064,0.6359226296522634,182.899,0.9006165303272327,1.11,-10.463,-26.432,119.629,53.531,0.15051553348647972,405.2919999999999,502.363,0.09596826096855678,420.494,0.04880891640305226,0.19469718949616396,0.23019211207831797,0.10872129344137828,1,1
66144,2020.0,1631.284,0.04492839338385471,3.8890122610975926,20.73277083915489,2.528073175880625,0.2267749172807477,1441.631,0.7642897550257436,3.83,630.507,-25.266,46.527,164.618,0.12193609795301602,2387.042,1864.439,0.0674818810874627,1780.858,0.07267926454500861,0.04693299521915848,-0.12505370248101438,-0.3342154566553443,0,0
140255,2020.0,391.005,-0.24646490436655785,-1.6002435741298635,-21.05304501429979,9.429080481215307,0.4451721309306448,167.74,0.5188790641476274,-1.79,-698.252,10.977,441.046,-124.827,-0.44787252745675626,133.00599999999991,302.328,-0.21423790366871706,257.654,-0.4778816501411413,0.1733875662710456,0.2933138842581568,0.15042623245452605,1,1
66622,2020.0,2706.655,0.2535456673411602,5.004270454306139,52.18143231553352,125.76021270841197,0.6038635460931618,953.464,1.3134738536678536,4.97,1549.466,-33.468,90.326,427.72,2.4100567410253952,1669.9769999999999,2406.908,0.23341109701360185,2213.242,0.24524750073015303,0.08750330962452353,0.124536126848222,0.08626226681238298,1,1
26802,2020.0,1382.409,-0.0013429214448329333,3.740844426669714,11.729971898100068,1.107412639844738,0.8069812560129127,278.273,0.04711285410357659,3.72,1421.508,48.732,542.333,327.38,0.09440880587481273,6254.849000000001,1441.689,0.010698428146728526,1313.408,0.011466605269666032,0.09767033549361674,-0.04111843816523534,-1.1255251169998823,0,0
140231,2020.0,1093.962,-0.027323476322340383,-1.3587312058492071,-61.616307654960345,6.007381119794877,0.6666136520954913,184.465,0.3452069374923183,-1.38,-524.764,90.364,517.064,-98.864,-0.09749661004413107,1076.688,553.307,-0.06168101735246537,417.907,-0.06350024462415527,0.3239955301059806,0.9771338515507665,-0.557019687820563,1,1
66830,2020.0,689.268,-0.050118918814715564,6.315579227696405,13.224440227703983,-5.707468296839196,0.4544221020503682,496.573,0.4440952012455654,5.95,61.595,-27.904,156.775,104.346,-0.43158486851357053,1851.811,910.178,0.05091263233034612,780.931,0.04527802195325354,0.16550373848649874,-0.24271076646546058,-1.984410283277428,0,0
65727,2020.0,1172.7,0.015444843674585724,3.9072346861608267,28.380685806451613,2.3976052868238185,0.19741100323624589,1215.2,0.9920718123443847,3.88,134.2,139.0,343.3,62.0,0.08448017441068266,1090.9,1514.1,0.04062377145852444,1585.9,0.0646093144507856,-0.045273976921621904,-0.22548048345551805,-0.619807735223343,0,0
66825,2020.0,1038.756,-0.0568596677488678,-1.2461734451352842,-16.370112908147696,2.965328041479876,0.8801568303262232,140.33,0.6485792922688175,-1.25,-1383.804,-62.991,534.979,-196.62,-0.181142797127806,1216.163,1170.947,-0.10890643252503734,1094.274,-0.0763345017306783,0.07006746025218548,-0.11289238539404416,-0.47790349540835536,0,0
64331,2020.0,4613.838,0.2272543189144884,2.0641683032170794,30.787218222930306,8.176662732623383,0.6140021743379089,1621.507,0.8156372612978686,2.04,4990.093,160.444,1331.02,1107.835,0.26558627913103916,3545.287,4200.819,0.21509889032827273,3807.183,0.2193567284920269,0.1033929811096552,0.09831868499928212,0.05651088468036586,1,1
66837,2020.0,6205.683,0.23074296312533354,4.543790758823597,48.18663790246514,9.318692455060143,0.8941061842438096,440.817,0.5004313896854768,4.58,-1854.951,462.428,3816.298,1176.81,0.19338747961462185,4414.557,4162.821,0.1414696100783017,3047.597,0.33572370218021497,0.36593552231479415,0.49073981321800775,0.6310426175460592,1,1
67219,2020.0,1125.721,0.018941789830523442,1.7433000841245043,25.130498414449193,1.98550945184346,0.4310653835501749,714.88,0.6131009335643539,1.73,612.966,339.262,345.476,58.024,0.07900796152542118,1604.4769999999999,1256.524,0.02831188944193511,1200.23,0.060773244897461526,0.04690267698691073,-0.1040990860500873,-0.3309598827951351,0,0
67218,2020.0,442.15,0.076524647191063,0.5861977084998667,71.66524090909091,5.728324159354734,0.898850224293367,41.805,0.4689794626170611,0.59,34.329,49.133,173.685,26.4,0.0799316947335913,696.983,413.298,0.02995673294593831,397.165,0.09911037778114262,0.04062039706419242,0.06980919336652966,1.5545057710119423,1,1
68571,2020.0,437.714,-0.38624795546674084,-5.955956558755737,-3.4159080576387355,4.317809550041866,0.4005633170284938,678.057,0.6957091588991976,-6.17,-249.375,0.553,2.486,-286.821,-1.2640297915473095,1576.9389999999999,1131.157,-0.17640698564799298,606.299,0.2049518854793509,0.8656751866653252,-0.613038685169256,1.1895275521428041,0,0
68568,2020.0,4448.0,0.09376744186046512,10.073514434383275,25.35758514705882,7.501101859706362,0.48561872909698994,2307.0,0.9520271704521333,10.08,2188.0,-14.0,30.0,544.0,0.29581294181620443,4129.0,4485.0,0.11547442156654639,4218.0,0.09702696473841899,0.06330014224751067,-0.008249721293199555,-0.18798084815321475,1,1
69021,2020.0,822.811,-0.05719438974856791,0.04575492932384983,141.07769578905942,0.48121203599172563,0.5839601807775702,352.481,0.7817914888041178,0.05,336.765,-123.136,162.442,2.541,0.003410971757798185,895.3140000000001,847.229,0.0023447405283002153,813.515,0.03132438328040291,0.041442382746476776,-0.02882101533351668,-25.392630680559833,0,0
69773,2020.0,886.861,-0.03775175877475374,0.018664485425342058,1936.297689243028,1.2858166309833965,0.010526836948395598,999.264,0.21014966084352854,0.02,1542.693,94.898,756.032,1.004,0.0006640593737867192,3996.621,1009.895,0.00020892296673109844,850.482,0.010228168336910306,0.18743841727396937,-0.12182850692398714,-181.6970261117508,0,0
69583,2020.0,2112.949,0.009321188312558728,7.094899404930575,12.318708837402498,1.2703773532449374,0.7919987531037656,463.079,0.052791589001627406,7.03,3834.701,115.397,1258.821,500.758,0.10312585271824695,13292.032,2226.328,0.011874176008780797,1845.21,0.011721201802059225,0.20654451254870715,-0.05092645827568979,-0.21500335638735424,0,0
69779,2020.0,13444.6,0.16250116780197327,33.80309988518944,8.778189012481956,3.8739107560405297,0.877256066602216,1764.8,0.5279335250033964,31.47,16320.2,1689.1,4475.9,5888.5,0.4413109299118652,22227.6,14377.9,0.21621631545514297,13452.9,0.17520335008640153,0.0687584089675832,-0.06491212207624196,-0.2484324438703778,0,0
140550,2020.0,603.319,-0.14782646754168835,0.48095458563070836,582.0507972346197,2.538101301278382,0.3886968538405511,997.077,0.43338538523856857,0.48,-17.92,-138.719,1226.317,11.427,0.004360618202633085,2512.225,1631.068,0.003036228285467634,1559.095,0.03789813801448702,0.04616331910499357,-0.6301080028545714,-49.68753388842117,0,0
140326,2020.0,411.486,-0.10825388064245524,-1.078820300134239,-51.92709109480918,33.6188704790304,0.7490847140362199,82.036,0.49171395355482594,-1.1,-518.217,23.848,239.571,-53.845,-0.647424490188534,418.506,326.947,-0.08098051925590265,244.091,-0.09929938913311248,0.339447173390252,0.25857096104261545,0.33678916407497156,1,1
140319,2020.0,168.947,-0.027397106524349867,-0.8657671762755571,-15.165740120206374,10.034526834418442,0.629389219818857,56.182,1.8805498008956592,-0.89,-124.582,-3.69,26.064,-18.801,-0.6616575752243533,46.04800000000001,151.593,-0.2332311967349369,129.231,-0.1858958003776088,0.17303897671611299,0.11447758141866718,-0.8825324102954967,1,1
140386,2020.0,6.414,-0.5746838866725269,-0.3187761186734769,-5.332896350812634,-1.4122891077048014,-7.544500723589002,23.617,0.29829484135549317,-0.59,-233.522,0.094,1.777,-13.044,0.26482590599939093,5.257,2.764,-1.407727174616879,12.434,-0.9242902208201893,-0.777706289207013,1.3205499276411,-0.5917647275446463,1,1
140314,2020.0,1.106,-0.4240662817997255,-0.8631588953847615,-5.746334801762115,2.433360305005305,,0.0,0.0,-1.06,-272.897,14.795,92.375,-36.32,-0.4234630227704648,3.1979999999999933,0.0,-0.3675146216582681,0.0,-0.4941981788288858,,inf,0.15387594617675301,1,1
70142,2020.0,329.685,0.05932595820719125,3.598717114854105,22.64140175499826,2.425796982033625,0.7277297292199157,86.604,0.10455503930498466,3.7,-8.763,5.757,15.669,160.456,0.10713987624454888,3000.253,318.081,0.052742802577710135,294.612,0.05610946094809439,0.07966070628487636,0.036481273637846916,0.12481618927590414,1,1
140542,2020.0,1350.6,0.002811532046700024,-2.2341250264289236,-21.874335331230284,2.4121629058441556,0.37455197132616486,942.3,0.6181176663657996,1.29,-795.7,89.1,299.2,-95.1,-0.11027365491651206,1995.6000000000001,1506.6,-0.039016985312217936,2090.1,0.01724273062152206,-0.279173245299268,-0.10354440461967344,-1.0720591820255168,0,0
140260,2020.0,21454.0,0.05970530982253229,2.0963341858482525,51.59959739731598,7.514563814036126,0.5783817240603196,7493.0,0.3462100403249372,2.09,8169.0,2510.0,10761.0,2459.0,0.14563221794492154,40340.0,17772.0,0.04790290846044455,15451.0,0.047470691405889415,0.15021681444566695,0.2071798334458699,0.24638172798700686,1,1
70519,2020.0,4015.129,0.15395259314186585,7.724098986045578,24.569856023706862,4.908983408732448,0.2609778611480682,3036.724,1.028417236297818,7.67,2850.318,213.289,403.571,615.518,0.19979699530985806,3521.7430000000004,4109.111,0.1540501876078695,4043.695,0.17083770181393138,0.016177283400454216,-0.02287161383569341,-0.0006335238373878696,1,1
92284,2020.0,525.328,-0.11736020998201882,2.6860606507240505,32.26286047436794,7.295672259197274,0.19469238031853148,1300.753,0.3950685195530453,2.82,-523.673,271.307,420.396,145.794,0.22613221989393995,3627.834,1615.225,0.03565981193933767,1410.592,0.06867618970269726,0.14506887888205788,-0.6747648160472999,-4.291105690115948,0,0
140213,2020.0,2716.6,0.04693911045462005,1.8383677795442501,46.56848371288556,7.194534158724503,0.6709084748315199,874.1,0.37340437496485407,1.87,400.4,86.7,307.7,346.9,0.1544936314242451,6629.3,2656.1,0.048768486757015124,2345.3,0.03929088894570869,0.1325203598686734,0.02277775686156395,-0.03751144281982314,1,1
59634,2020.0,1299.778,0.00989584698065509,4.472646588098356,9.761558204973893,1.1487706958211172,0.19503684177931085,1130.805,0.11257507189849202,4.42,1572.22,13.602,409.595,184.443,0.1176831271912894,,1404.791,0.01478062144915049,1176.193,0.0016627241591109995,0.19435415786354787,-0.07475346866544555,-0.3304850533721064,0,0
70830,2020.0,455.444,-0.013031149448515333,-0.6752905886764154,-82.02394780677402,1.3109332043625264,0.248143471264263,329.856,0.3880002759289164,-0.68,538.608,-30.549,162.774,-10.806,-0.01598232271690612,893.859,438.722,-0.009556691895295587,451.207,0.017894814793408133,-0.027670226747368756,0.038115252939218996,0.36356278838811323,1,1
70752,2020.0,1481.889,-0.08386957906790533,1.6751131390956355,8.769556907619311,1.5077757261203708,0.1415475418431692,1990.868,1.777672849191816,1.64,217.863,7.826,140.516,89.575,0.1719329427933081,1029.254,2319.136,0.06866136589935083,2267.278,0.053220923448684565,0.022872360601567245,-0.3610167752128379,-2.221495931072037,0,0
70978,2020.0,1133.874,0.08617100799363003,0.9508817433391615,21.779785073245577,1.8382577486108576,0.4721490833825198,663.573,0.11430598315109648,0.8,-904.679,-19.634,123.947,410.605,0.08440201509926674,10703.838,1257.122,0.03733496686221065,1265.479,0.045257793819494324,-0.0066038235324331505,-0.0980398083877301,1.3080510105085907,0,0
71269,2020.0,253.699,-0.03976281710999987,-0.06857695419651491,-70.57764604316546,2.1806336466989915,0.2197292876756222,209.427,0.28699849338167915,-0.08,-16.799,-2.812,74.972,-10.425,-0.030896944981209918,829.284,268.403,-0.011147264723211012,274.116,0.03907444977056441,-0.020841541537159326,-0.0547832922880892,2.567046992900877,0,0
71111,2020.0,880.092,0.132799289250154,3.4655778011942395,22.994722545988953,3.565083066527862,0.20008536853986705,700.886,2.239182323717621,3.45,133.387,0.142,1.591,39.466,0.15503918603052386,347.16099999999994,876.201,0.10085764520679574,888.595,0.07797524129753496,-0.013947861511712316,0.004440761879979551,0.31670027569913994,1,1
137304,2020.0,5085.8,-0.014153406914801017,1.0734753857457753,48.12406570841888,1.2114349219476892,0.4497250589159465,2661.9,0.42803546463270037,1.07,-1556.1,-196.8,360.9,146.1,0.02517316241083428,10420.3,4837.4,0.012927601890031323,4731.7,0.011927089972139775,0.02233869433818708,0.05134989870591652,-2.0948207591165793,1,1
71844,2020.0,2994.891,0.0730942865383144,2.907871346100981,29.836258098671436,4.785329419399446,0.14064308213949647,2670.321,1.447022643112068,2.89,910.608,-27.983,120.932,158.668,0.16038637967180372,1819.867,3107.348,0.07388814794393986,2964.148,0.06985890219610794,0.048310678144276135,-0.0361906680552033,-0.010744096688250628,0,0
71350,2020.0,87.125,-0.1342958321983111,-0.7563263139267387,-7.2455498362189985,1.7151984934712474,0.21010996585106057,50.425,0.5143704324424498,-0.81,-978.851,-47.334,55.356,-17.096,-0.23672440770434375,58.70799999999999,63.838,-0.13774988115285758,56.207,0.22426045420263135,0.13576600779262368,0.3647827312885742,-0.025074787184125504,1,1
71429,2020.0,21731.0,0.14603584873855144,3.8305676855895197,19.913497492020063,17.79193318394785,0.6318158567774936,7198.0,0.5931971963467548,3.63,4566.0,62.0,12260.0,4386.0,0.8934609900183337,19329.0,19550.0,0.13308250144127196,22732.0,-0.14880988802545433,-0.13997888439204645,0.11156010230179028,0.09733321178213404,1,1
71560,2020.0,148.18,-0.15948948938119162,-0.5644400167785235,-21.667492800743148,0.9326515630123073,0.6163180255663208,61.5,0.5011035664265706,-0.56,163.218,-35.982,77.26,-10.765,-0.04304381552536247,238.997,160.289,-0.033654086634653864,169.474,-0.004513109071379749,-0.05419710398055161,-0.07554479721003925,3.7390823917640987,0,0
71859,2020.0,24689.0,0.0017980616018828484,4.25434439178515,15.27379873746751,3.6521500554938955,0.8542919506436812,3271.0,0.3642721534392393,4.24,19473.0,-6309.0,24671.0,5386.0,0.23911209766925637,36243.0,22449.0,0.08739675791455044,22127.0,0.0856694149980369,0.014552356849098386,0.09978172747115685,-0.9794264496213824,1,1
71801,2020.0,62.484,-0.0854560797550828,-0.7657302788431636,-33.1970678218492,11.298688720973093,0.7444656095551895,9.927,1.2970518513572167,-0.79,-21.893,-3.137,7.842,-7.387,-0.3403520088462956,16.751,38.848,-0.2466361724149444,37.205,-0.26229282243892355,0.04416073108453167,0.6084225700164746,-0.6535135989245316,1,1
140412,2020.0,922.191,-0.012055529942654991,0.22232822010789274,62.1153715587621,1.695610807572266,0.469670781221974,455.329,0.1478690280160948,0.23,198.713,58.83,363.081,26.335,0.027297764869170786,5219.904,858.578,0.004535558624614021,759.981,0.005612251665179933,0.12973613814029558,0.07409111344572078,-3.6580033333117647,1,1
72047,2020.0,3685.281,0.08273248699698707,3.5412988671664527,38.33339265957507,4.998130853367354,0.8244246575260944,590.055,0.5246854098882776,3.55,3071.697,5.526,729.771,532.367,0.1303858204713039,5655.5740000000005,3360.694,0.08311533201356407,3121.058,0.07037419943527258,0.07678037383477013,0.09658332475375622,-0.004606190065083513,1,1
72078,2020.0,1589.46,-0.0640886600020196,0.8429902970339074,25.14856941366109,2.60244972001152,0.4759018331478611,891.524,0.867646698780137,0.84,466.96,42.685,106.666,79.408,0.10348301238152455,1786.039,1701.063,0.04050296141690997,1242.834,0.0994734762722424,0.36869686538990726,-0.06560779935840122,-2.582320347945289,0,0
72137,2020.0,1.826,-0.19128477336520025,-0.07816213185228699,-11.386588094628065,1.1803004629998495,0.8827880512091039,0.412,0.02801287875165368,-0.08,-274.103,-14.303,30.716,-11.709,-0.10365707911720182,92.33499999999998,3.515,-0.09331516281738632,4.988,-0.4523903206767657,-0.2953087409783481,-0.4805120910384068,1.0498787934339906,0,0
127429,2020.0,603.896,0.023062680868996113,14.04743721545014,8.664925717989734,1.4672615321427056,0.29731058897888313,395.787,0.17575985276321726,12.54,-215.207,67.283,321.939,95.649,0.16933342303171073,2691.3360000000002,563.246,0.029847090182529425,552.235,0.026311819922070274,0.01993897525509967,0.07217095194639639,-0.2273055521340057,1,1
72316,2020.0,65.507,-0.03164585204773555,1.9091892579865088,4.284541181960601,0.9343033457140988,0.651784005468216,25.472,0.21832953283747808,-2.73,-253.667,13.382,30.511,30.001,0.2180638033420798,302.79699999999997,73.15,0.0895434629481501,88.952,-0.020902797009138743,-0.17764637107653558,-0.10448393711551607,-1.3534133146722278,0,0
72276,2020.0,40.128,-0.09276746093503543,-0.35749248812639334,-1.1219816172981767,1.1571599706386102,0.17588671702970957,24.327,0.6857388435895649,-0.37,-299.48,-8.297,21.783,-29.506,-1.0313537697927224,17.266,29.519,-0.6854368480962669,24.465,-0.5799257754118456,0.20658082975679537,0.35939564348385794,-0.864659361117384,1,1
62851,2020.0,733.664,0.005603025718283905,2.9477794389235776,12.01582436334996,0.947365348364695,0.8477036189665926,105.973,0.051925515673978614,2.89,618.119,-154.181,414.93,167.596,0.07884314215296782,2772.520000000001,695.834,0.012506587382761005,605.815,0.011358437242314924,0.1485915667324181,0.054366414978285114,-0.5519940374776354,1,1
72282,2020.0,9149.7,0.05022224312692552,1.6588933644265424,46.56718849840255,2.0429644684280603,0.24279425752648925,6846.2,1.1651739113625526,1.64,2848.3,106.7,432.8,125.2,0.04387132945546289,6412.099999999999,9041.4,0.016134644380581726,9352.0,0.037435749501730835,-0.033212147134302865,0.011978233459420123,2.1126960063259093,1,1
72909,2020.0,901.278,0.15386243311177164,2.1222818355485105,11.501771155521933,3.0865338123284713,0.4457219851286415,498.991,1.037290440032723,2.15,236.398,52.498,233.501,104.429,0.2683529145723478,607.898,900.254,0.12032515641383125,885.496,0.18131545110771435,0.016666365517179114,0.0011374567622026682,0.2787220702427054,1,1
88206,2020.0,428.867,0.10508119896504017,2.9124602522795713,70.75461367711708,12.059501224355996,0.8156509377383218,74.694,0.36171447395320483,2.92,232.006,-79.395,646.088,138.304,0.17044119948684264,460.7729999999999,405.177,0.12346840666085201,247.414,0.06303673357445277,0.6376478291446727,0.058468274359107245,-0.1489223696416409,1,1
72990,2020.0,9913.0,-0.0026643272573675146,3.3693616063395613,13.420940012765957,4.545537080060532,0.7467163483931066,2719.0,0.3512187142156061,3.38,-1983.0,-222.0,563.0,4700.0,0.3386899185702962,29460.0,10735.0,0.153770652707345,9823.0,0.0795752178675175,0.09284332688588008,-0.07657196087564043,-1.0173266303449868,0,0
73007,2020.0,15955.0,-0.010627893329855904,4.42948717948718,9.65123010130246,1.223669724770642,0.3922098728346851,12140.0,1.3723119203023015,4.39,13745.0,-211.0,723.0,691.0,0.12678899082568806,12626.0,19974.0,0.047475094469254554,20229.0,0.06423931349747374,-0.012605665134213259,-0.20121157504756182,-1.2238624998785133,0,0
73119,2020.0,9233.028,-0.023350570627217578,-4.851226605968639,-2.228302422875911,0.7749677353556931,0.33261221409892655,7447.1,1.4323289281902416,-4.94,10309.917,498.494,1385.982,-613.816,-0.34778391272199827,5460.339,11158.58,-0.07879016984114658,12028.797,-0.02088473384459514,-0.07234447468021953,-0.17256245866409523,-0.7036359907042209,0,0
73083,2020.0,20336.1,0.1255109108886809,4.39295281884532,11.998763058387397,1.9379494865730622,0.22462167456914914,13654.8,1.128400804787718,4.34,7640.1,8.0,1514.0,1618.5,0.16151243900248483,13458.6,17610.5,0.10370612433201337,16083.1,0.1034602468366089,0.09496925343994625,0.15477130121234484,0.21025553405949188,1,1
107336,2020.0,6559.9,0.02143607616021321,0.7124965977253856,23.368532640232104,3.0777051012609853,0.2500933426405416,4619.5,0.845018450184502,0.7,-309.4,82.4,152.9,206.8,0.13170296777480575,6420.9,6160.1,0.02836801602216766,6023.0,0.031320829555757025,0.022762742819193153,0.06490154380610692,-0.2443575841376293,1,1
140448,2020.0,1016.609,0.031102945830135415,0.5168785009991156,28.130401964667666,1.1949529375262067,0.3614377392789269,579.607,0.2930156913143005,0.57,333.724,138.71,285.087,63.115,0.04247905661025003,2744.0480000000002,907.675,0.020374787624757845,850.389,0.020890400380242154,0.067364464968385,0.12001432230699324,0.5265408603494622,1,1
73271,2020.0,23518.0,0.03160224003812831,3.038325173054196,29.10155923538564,-16.806638426237924,0.26889009604430253,19380.7,1.3792482673937023,2.95,-6274.5,-6069.7,2757.1,3599.2,-0.577516767754565,15272.799999999997,26508.6,0.187267164769298,24719.5,0.18704359921180308,0.07237605938631439,-0.1128162181329832,-0.8312451620813484,0,0
73658,2020.0,2695.509,0.051584960698719824,1.652025282649337,16.78243080852715,1.5634173504804687,0.3167712263062262,1628.141,1.1767834391759096,1.63,420.066,17.696,510.701,92.786,0.0931579798133949,1365.0729999999999,2383.01,0.04581979437240126,2215.362,0.0648035952011552,0.07567521696228433,0.13113625205097745,0.12582261455523053,1,1
73791,2020.0,897.567,0.016775767893041593,1.505191258036191,28.135959316727398,2.320877754370285,0.6029301544810781,373.497,0.09602093644384249,1.6,-1879.968,21.709,33.38,341.123,0.08248795529749278,9762.744,940.633,0.03482224193977128,882.376,0.032776397566860745,0.06602287460221047,-0.04578406243455208,-0.5182456108926863,0,0
74202,2020.0,87.585,-0.026564166549274515,-0.3765123952957103,-17.87457752808989,-10.27672739018088,0.11718598247237742,77.263,1.9738159675236806,-0.38,-79.047,-0.695,5.433,-4.45,0.5749354005167959,30.708000000000006,87.519,-0.10036084799278304,83.929,0.015391680699166401,0.04277424966340601,0.0007541219620880984,-0.7353134506079029,1,1
74249,2020.0,1983.225,-0.09223153239797979,2.843329089325203,13.667077844029128,3.0428468435063367,0.15693811395050208,2093.063,0.8740048292733243,2.9,1407.898,31.838,58.416,127.293,0.22264063161355999,2720.2309999999998,2482.692,0.044812121975939534,2332.331,0.07536147406693233,0.06446812223479423,-0.20117960665277856,-3.0581826597611386,0,0
74279,2020.0,1445.695,0.04730904468019827,5.7045240146015335,33.534787391610706,3.117947927745686,0.3981227138195845,905.147,0.5874737977841304,5.66,844.078,41.406,531.183,139.082,0.09297652289650994,1911.395,1503.873,0.054331071003610294,1718.468,0.06294787220776757,-0.12487576143402147,-0.03868544750786809,-0.1292451297885406,0,0
74217,2020.0,3950.6,0.06110433190970104,3.3024574669187143,21.490057240984545,2.728028629559657,0.2879787966054181,2793.9,1.3340246141293262,3.31,737.7,53.4,95.2,174.7,0.1269437581746839,2807.0000000000005,3923.9,0.05939348609505677,3399.781,0.058673639275391376,0.15416257694245605,0.006804454751650098,0.02880527692727338,1,1
140633,2020.0,1684.179,-0.10004681780779162,-0.761291324505318,-23.381325160333756,5.661053488781113,0.7443314024241835,420.176,0.6951345992139426,-0.79,-1277.487,-85.891,1299.153,-200.987,-0.24211859036908004,987.4000000000003,1643.44,-0.0850125454487007,1359.824,-0.09040027369141293,0.20856816764522465,0.024788857518376107,0.17684769088773009,1,1
74417,2020.0,1594.8,0.03502212251511186,3.841366333767549,15.002474378296913,1.419283061239039,0.29843662758235623,1256.5,0.5754031998971921,3.79,1615.3,32.8,243.2,132.7,0.09460326513153204,2706.0,1791.0,0.04263316841225984,1807.6,0.05474393443685012,-0.009183447665412653,-0.10954773869346736,-0.17852405018434678,0,0
74442,2020.0,5912.066,0.05668921548923482,-6.133031777960749,-2.9805813277683937,2.102715997875598,0.23307640002907107,4210.419,2.021842856353693,-6.25,702.613,-17.702,77.944,-588.446,-0.7054717743434076,1775.313,5490.011,-0.21671092124403854,5574.523,0.025580030275881245,-0.015160400271018653,0.07687689514647592,-1.2615891029571,1,1
141719,2020.0,2704.5,0.07153387981364628,1.8690914339323088,48.4995,9.58395511190234,0.3279745493107105,1584.3,1.6334095475646089,1.89,131.3,1.7,19.0,77.7,0.1976093591047813,1262.1,2357.5,0.05383496154645604,2112.3,0.06324347454000856,0.11608199592860853,0.1471898197242842,0.32876253198244115,1,1
74400,2020.0,1438.617,0.04952503270940024,3.3420940128452408,7.528214318118603,1.250094471763072,0.635257096640045,556.946,0.22427802599557334,3.22,2500.277,-10.728,762.208,672.309,0.16605458066654596,6020.544000000001,1526.955,0.09874825085156924,1273.006,0.0959690256881931,0.19948766934327083,-0.05785239250665538,-0.4984717979071604,0,0
140635,2020.0,6.482,-0.7207137206148282,-3.8893602661138704,-0.48594109845433014,1.1215319258496392,0.4158977998580554,2.469,0.04300232967435426,-2.75,-453.593,-21.082,75.015,-161.354,-2.3079585764961665,13.364999999999995,4.227,-1.641494653956886,10.091,-0.4816922261817496,-0.581111881874938,0.533475277974923,-0.5609405617755013,1,1
74439,2020.0,186.419,-0.0021911714509078493,37.4072400879748,2.787962965317129,2.286753772001168,0.9181340516453003,9.847,0.08046076198312278,33.13,399.889,-47.507,1070.597,629.302,0.8202238697030364,421.8979999999999,120.282,0.42096172692092865,251.453,0.11367438053367575,-0.5216521576596819,0.5498495202939759,-1.0052051559816018,1,1
114061,2020.0,1177.1,0.11985994942618168,1.2960893854748603,52.07202586206896,1.9681834473769955,0.3057501347086444,901.9,0.5235351011525751,1.37,464.4,0.9,119.0,46.4,0.03779732811990877,2237.4,1299.1,0.018699121463689853,1084.3,0.046371923907888496,0.19810015678317805,-0.0939111692710338,5.4099241057355005,0,0
74858,2020.0,1126.582,-0.15364706151858634,-1.655051863914752,-6.791327960813044,0.46198177224104525,0.672424544264156,520.597,0.2525722192061577,-1.66,956.268,-77.955,0.01,-187.001,-0.06802524850909096,6240.128,1589.243,-0.02971934283414852,1640.155,0.0800280251640914,-0.031040968688934908,-0.2911203635944911,4.169934691222066,0,0
74845,2020.0,753.826,0.015215024567522831,1.3270222045995244,32.516411443938146,1.0725225014352133,0.2704277431790851,583.633,0.5287381392385319,1.41,516.108,-68.768,86.38,26.774,0.03298403648521792,1368.9969999999998,799.966,0.017696295767535685,835.75,0.03952892678841406,-0.042816631767873155,-0.05767745129167988,-0.1402141573924646,0,0
75437,2020.0,2391.269,0.043104421259128375,5.091356770864087,48.928018838821615,7.204263357561128,0.7630004277856783,1127.42,0.5708814237668498,5.12,1553.576,1006.673,3159.942,431.131,0.14724208191002724,5078.527000000001,4757.055,0.05173887607144035,4262.892,0.09119983242624828,0.11592200787634321,-0.4973215571398692,-0.16688524119444795,0,0
140490,2020.0,0.0,-0.13847858197932053,-1.3912392032434338,-9.883275261324043,2.852304359153674,,0.0,0.0,-1.51,-212.546,10.016,236.891,-63.14,-0.2885991013844895,1.5550000000000068,0.0,-0.26093928223100193,0.0,-0.3314361850870989,,,-0.4693072626116543,0,0
140639,2020.0,100.362,-0.0916877403021778,-2.2458537442611424,-3.7001519004675374,7.401172500146735,-1.7966915409904503,160.779,0.16845013800903652,-2.26,-417.173,-59.152,296.145,-102.238,-2.000234773932268,40.978999999999985,57.489,-0.2995704432111861,59.502,-0.18508536275891035,-0.03383079560350921,0.7457600584459636,-0.6939359593711942,1,1
142051,2020.0,1737.063,-0.05930065709194733,-3.345006707640471,-1.6920743348800333,0.5961771312053183,0.329474335822891,915.291,0.509427526369196,-3.35,-49.068,-1.381,12.082,-214.435,-0.3523350711702549,2548.2740000000003,1365.035,-0.08002658658347847,1165.899,0.028383634398212034,0.1708003866544188,0.27254099711729,-0.2589880485519798,1,1
140563,2020.0,154.567,-0.1570963788049096,-2.5609050605536336,-15.998250240148625,3.366442335244348,-4.0262254136746805,177.089,0.07076206849458132,-2.58,-177.617,-5.77,296.21,-94.733,-0.210425658100787,195.28900000000004,35.233,-0.1902620564441624,218.505,0.18377055390262112,-0.8387542619162033,3.3869951465955217,-0.1743157740386674,1,1
140562,2020.0,6.699,-1.451262712832819,-0.3621350036049027,-14.883951969140794,11.39623475609756,0.8645925925925927,0.914,0.18693400537262178,-0.28,-114.291,-7.018,11.255,-16.073,-0.7656726371951219,22.775999999999996,6.75,-0.4451244842006148,18.327,-0.5701413503010633,-0.6316909477819611,-0.007555555555555578,2.260352472947195,1,1
140631,2020.0,26982.0,-0.005961307044339535,0.8104335008023215,20.248422583412772,1.2422853719733302,0.4039128196327441,17367.0,0.562419164913229,0.78,-11359.0,-1008.0,4076.0,1049.0,0.061352204936249856,42132.0,29135.0,0.020249792483060827,30852.0,0.03438271493701908,-0.05565279398418255,-0.07389737429208855,-1.2943885498740906,0,0
140762,2020.0,171.128,0.1404558382775705,-1.1826122338261222,-11.795920590866345,5.167886787523113,-0.4685652977747124,153.305,0.294258089976322,-1.21,-312.752,39.183,281.533,-43.597,-0.43810796687836645,69.15699999999998,104.391,-0.12289153230352916,7.619,-0.4987205486106796,12.7014043837774,0.6392984069507905,-2.142925274384726,1,1
140782,2020.0,9497.578,0.0215921698557685,0.867487528795255,72.11631052135327,15.787166741494419,0.4025456667020261,2816.101,1.0356477264088304,0.88,-314.307,465.859,1578.447,375.446,0.2189125681467013,1657.5599999999997,4713.5,0.08249279649714432,3298.177,-0.011719820312140451,0.42912281542197395,1.0149735865068419,-0.7382538746093308,1,1
140701,2020.0,171.114,0.04635713553521534,1.0370603104782852,27.182604246997904,2.7375244296512036,0.7051502385576106,47.523,0.11145864308090203,1.06,34.862,-88.159,5.083,72.616,0.10070868871784204,1440.1879999999999,161.177,0.05021610295490537,144.416,0.06134920906739493,0.1160605473077775,0.061652717199104166,-0.0768472102097494,1,1
140792,2020.0,764.625,0.04412984871572332,1.91848983757877,13.844222408558622,2.9410504926910224,0.5764925028523689,298.065,0.24052675215527114,3.18,,-2.986,12.726,172.925,0.21243883591994586,2797.4959999999996,703.801,0.05909779698586711,495.52,0.08145183208311457,0.42032814013561526,0.08642215626292084,-0.25327421720514026,1,1
140802,2020.0,589.505,0.041712241743244866,4.574618168435257,9.941813354786806,2.56881585648509,0.32978630945038195,478.109,1.0681208375257536,4.59,185.263,101.6,358.448,74.58,0.2583850415224554,211.39499999999998,713.368,0.11166810406784534,404.979,0.1903958543141935,0.7614938058516616,-0.17363128147043327,-0.6264623448975002,0,0
140887,2020.0,6320.0,0.015361023715728525,2.26533551237035,22.583851142857142,1.0375202336417928,0.30845692647522877,4383.0,0.1841585309158531,2.26,1586.0,141.0,178.0,700.0,0.0459408019951434,,6338.0,0.020339377033937702,6478.0,0.018497217645413,-0.021611608521148504,-0.002840012622278321,-0.24476429685641007,1,1
141580,2020.0,561.034,-0.02095161384440399,-0.3899465556732261,-40.338861239183984,1.9154426283589252,0.5948404837498756,223.958,0.5274319175673239,-0.39,-211.019,52.246,181.838,-31.666,-0.04748380518234165,847.5029999999999,552.765,-0.0302147550978931,518.709,-0.037736486388672004,0.06565530962447161,0.014959340768681096,-0.306576744490477,1,1
141729,2020.0,583.451,0.10489066612204734,0.7927338563669282,85.53942720545693,4.85635814965864,0.5032141573570523,230.838,0.6440994434548769,0.8,216.099,-23.827,336.746,32.839,0.05677333024447506,337.712,464.663,0.04552026226235939,339.891,0.008168026065905802,0.3670941566561044,0.2556433372142822,1.304263220574219,1,1
142355,2020.0,1307.682,-0.4935594021532931,-3.2937193456878493,-6.891904748872709,22.906724703439934,0.8147107575741642,229.044,0.692113063410603,-3.43,-1648.64,92.422,908.834,-621.179,-3.323714638857528,803.161,1236.143,-0.3477964124023959,1155.457,-0.18573955546666,0.06983037880249972,0.057872754204003896,0.4191043511462428,1,1
142303,2020.0,297.219,-0.15738667288702277,-1.453160700685453,-33.49939203354298,5.856092655269796,0.36301179809418105,181.355,0.5782132492267323,-1.57,-98.934,21.552,46.581,-32.436,-0.17481190850884945,437.188,284.707,-0.06587447780320924,204.27,-0.1744520348247139,0.39377784305086394,0.043946934919057136,1.3891904442444822,1,1
141762,2020.0,7.894,-0.9424490218403893,-0.6928151667304618,-4.185820604484888,11.544115801738819,-13.848596410492405,32.266,0.08115476546160741,-0.81,-237.657,14.552,22.595,-30.77,-2.75790983239222,2.901,2.173,-1.1491634299372573,0.03,-1.8771078875793292,71.43333333333334,2.6327657616198805,-0.1798825151511777,1,1
140950,2020.0,903.2,0.07068284424379233,0.6355525051475635,35.732688984881214,3.071140709114535,0.42062160828811046,587.2,0.7783580370171262,0.56,493.2,-1.1,325.0,46.3,0.08594765175422311,888.6999999999998,1013.5,0.035557944858305816,1125.4,0.011857399173102424,-0.09943131331082289,-0.10883078441045876,0.9878214144674294,0,0
141925,2020.0,187.13,-0.0035614376719686138,0.5728084373205242,117.85790082945948,11.48380505351037,0.7270702720959197,51.718,1.2486952396014548,0.58,20.702,2.671,45.234,10.971,0.09743771925929215,102.67500000000001,189.492,0.07229558753756128,143.751,0.06185615152562319,0.31819604733184453,-0.0124649061701813,-1.0492621720532842,1,1
140989,2020.0,90.732,-0.2025420798390505,-2.460556332327618,-12.03386389125656,6.132828678882931,-6.726024061175782,158.623,0.040345068139167,-2.68,-549.114,103.407,457.14,-133.746,-0.5096308828404531,45.90199999999999,20.531,-0.26282165911748234,31.937,-0.26155485672691287,-0.3571406205968,3.419268423359797,-0.22935544764781587,1,1
141791,2020.0,9.019,-0.28889059909188225,-8.74085007681417,-23.387885411999864,26.421170962831457,-6.029716785458386,186.407,0.03885730195480789,-9.54,-710.493,326.534,664.324,-290.17,-1.1296947328669258,16.187999999999988,26.517,-0.42520735031212453,53.589,-0.23332599476257793,-0.5051783015171024,-0.6598785684655126,-0.32058888709279987,0,0
141510,2020.0,885.998,0.007181773809171169,0.7930970854165386,39.04944371814757,1.4014888033276882,0.6276929583612746,329.23,0.07424658311749723,0.92,-251.426,198.106,202.101,90.26,0.03589010930458838,11670.75,884.297,0.0075783323840127245,1004.945,0.0061239265778961355,-0.12005433133156543,0.0019235618802280476,-0.05232794693435942,1,1
137244,2020.0,0.0,-0.4530203211833364,-2.864739224401582,-5.201171496896886,6.469417492917848,,0.0,0.0,-3.08,-241.407,-21.889,94.994,-70.252,-1.2438385269121812,3.7309999999999945,0.0,-0.6681821208114972,0.0,-0.5113911447758863,,,-0.3220107107428286,0,0
141597,2020.0,1216.1,0.077704005140287,4.392004972983312,19.895241589548174,6.885372795779955,0.4202181143166525,749.6,0.6036793201662232,4.39,492.2,-13.2,65.0,183.7,0.34608138658628484,1977.6,1292.9,0.08577298407806883,1133.6,0.128573600973236,0.14052575864502487,-0.05940134581174118,-0.09407366462192347,0,0
141673,2020.0,57.994,-0.19847202959537025,-1.9828080800031873,-7.398598052907076,2.728627283876968,-2.338143516692573,143.884,0.12894280244106737,-2.11,-300.617,-1.63,279.726,-99.533,-0.368803287374806,50.613,43.103,-0.297753380399665,30.434,-0.24572218303269366,0.4162778471446409,0.3454747929378465,-0.3334348401722006,1,1
67308,2020.0,67.176,-0.3411478984932593,0.04417061611374408,50.25965665236051,1.1740384615384616,0.5540871499390684,37.689,0.3995565787545441,-0.05,70.833,12.469,46.828,2.563,0.023359460444768502,148.812,84.521,0.012116083711123823,104.943,0.5906489008610323,-0.19460087857217725,-0.20521527194425052,-29.156614515633475,0,0
141828,2020.0,73.172,-0.2812250359482345,-0.5673657566443681,-1.815407412128358,-1.9941647997759733,0.7789518658621731,21.212,0.3600963649258688,-0.57,-947.102,-13.062,5.243,-62.762,1.098466816017922,257.293,95.961,-0.2355161790256185,89.464,-0.6710694042334732,0.07262138960922829,-0.2374818936859766,0.19407947730692413,0,0
142273,2020.0,12670.0,-0.053308644381639216,-5.244549833904786,-4.377878126272913,1.1631699999999998,0.06728790996006292,15414.0,1.5979501063624058,-5.25,-2114.0,237.0,924.0,-491.0,-0.2656926406926407,6709.0,16526.0,-0.04747631019145233,17439.0,-0.1539937854140011,-0.052353919376111016,-0.23332929928597362,0.12284725090613606,0,0
142015,2020.0,4.309,-0.33148449026089233,-0.8933059475695134,-0.7326717142998418,2.5025422648201316,0.4543547989143844,17.692,0.6071000599161174,-1.09,-167.856,-18.137,12.448,-40.448,-3.4156392501266675,27.917,32.424,-0.7573397243858598,23.067,-0.7954633004415207,0.40564442710365456,-0.8671046138662719,-0.5623041026539325,0,0
141920,2020.0,16.597,-0.41633269864297157,-0.641174153789125,-3.711940018066847,24.467771823270212,-7.7473416204882435,58.406,0.06705902439514307,-1.22,-340.276,53.869,90.172,-55.35,-6.591639871382637,8.897000000000006,6.677,-0.5558959113780394,0.903,-1.468818848073378,6.394241417497231,1.48569716938745,-0.25105997342037883,1,1
141926,2020.0,1761.776,-0.05175045768439154,-2.218454913917045,-44.30110316124053,3.1787621333870484,0.6031452628015951,450.219,0.22026297947623116,-2.36,-673.726,-251.599,1852.693,-307.063,-0.07175356608654788,3258.7239999999993,1134.468,-0.05961791012783962,650.067,-0.1185455570568965,0.7451554993562203,0.5529534548352179,-0.13196457954627683,1,1
142756,2020.0,921.0,-0.06413529036375239,2.525252525252525,13.618440000000001,5.160672,0.3144722524483134,1260.0,0.5969470607340045,2.43,390.0,-28.0,152.0,216.0,0.37894736842105264,2903.0,1838.0,0.07015264696329977,1999.0,0.10824555030875409,-0.08054027013506754,-0.49891186071817195,-1.9142248103240445,0,0
142757,2020.0,832.0,-0.13601586851799377,1.278264901602844,20.238371535947714,0.9533469350369459,0.16857551896921977,2323.0,0.2474756421612046,1.44,1919.0,-39.0,386.0,306.0,0.04710591133004926,10687.0,2794.0,0.027103631532329496,2736.0,0.0504111929936986,0.021198830409356724,-0.7022190408017179,-6.018363253490685,0,0
142030,2020.0,8.288,-0.6693688156843464,-0.38412618928392595,-11.792999608916698,5.869432774813061,-17.133660451422966,92.391,0.023719960148604734,-0.48,-333.069,44.857,181.594,-61.368,-0.4977048223062075,24.161,5.095,-0.28570098418048584,1.396,-0.37502851494182954,2.6497134670487106,0.6266928361138372,1.3428999294643176,1,1
142631,2020.0,1612.169,0.051434862621246094,1.6264979311086032,19.981580903609483,2.633998954749358,0.53803386193414,776.73,0.9253228724156586,1.61,39.011,3.17,40.254,121.07,0.13182134924437086,1674.46,1681.357,0.06663001383011685,1633.721,0.05903922923633603,0.029157977402506283,-0.04115009483411309,-0.22805264978051873,0,0
142585,2020.0,9286.0,-0.011440107671601614,-6.06207565470417,-3.548289600000001,0.9707747568093387,0.18326464104284482,8521.0,0.7130749777868909,-6.07,-5529.0,-233.0,883.0,-1125.0,-0.27358949416342415,12264.0,10433.0,-0.07689153167931105,13403.0,0.014242690425398418,-0.22159218085503246,-0.10993961468417521,-0.8512175863615972,0,0
142678,2020.0,417.248,-0.0034862048774092535,-0.028352804536448725,-1049.6316144578313,0.8521962294567215,0.4347595744216023,206.982,0.2088302202279896,-0.03,-290.885,32.599,89.671,-0.83,-0.0008119003064679108,1658.8419999999999,366.184,-0.0004733387662738715,270.361,-0.048112058794731793,0.3544261191518009,0.13944902016472582,6.36513703462892,1,1
59816,2020.0,552.56,0.18813203946975482,-3.1160807226083747,-0.5616029094827586,0.5752654642589077,0.39249882794186597,187.891,1.4027866599540093,-3.11,89.335,-27.055,11.07,-92.8,-1.0243277848911652,135.15400000000002,309.285,-0.42090176388681005,396.753,0.04402542169253688,-0.22045958064589294,0.786572255363176,-1.446973749248406,1,1
75898,2020.0,903.9,-0.059331476323119775,-3.519752275499672,-15.961350573180484,2.940331303408309,0.4634259259259259,579.5,0.3834001917000958,-0.56,-838.0,381.6,1051.4,-375.1,-0.18421569590413517,1674.8000000000002,1080.0,-0.1331605665802833,1493.68,-0.10614719369716916,-0.27695356435113283,-0.16305555555555556,-0.5544365884974778,0,0
142231,2020.0,894.5,-0.02992144177449168,1.0994152046783625,9.523244680851064,1.3331124348473566,0.3799016805761976,542.4,0.9862442214454843,1.1,47.3,-30.1,17.2,37.6,0.1399851079672375,811.1999999999999,874.7,0.04239485849588454,963.0,0.08472430067917577,-0.09169262720664585,0.022636332456842292,-1.7057799656860817,1,1
140680,2020.0,934.241,-0.14307664043932217,-3.2032036991165054,-23.548299479300926,2.6408079975891026,0.7202302221976259,303.318,0.4495278831510281,-3.22,-426.147,13.933,61.137,-155.176,-0.11214431852756017,2264.768,1084.17,-0.06434040675894363,1106.961,-0.07428282767273496,-0.020588801231479645,-0.13828919818847604,1.2237447297367887,0,0
75930,2020.0,253.227,-0.021132398619718166,0.04582511855917302,591.1605,3.559013986895161,0.689590257112033,85.742,0.45607227889190854,0.05,28.115,-7.942,34.294,1.72,0.006020385304659498,561.564,276.222,0.0028399052924607117,262.841,-0.004972937762983482,0.05090910474393254,-0.08324825683689198,-8.441233577689992,0,0
75933,2020.0,614.68,0.07558839091496992,0.2603270223752151,200.74750413223143,2.655670902590753,0.2597929332945796,557.729,1.3355756090038446,0.26,263.637,21.095,74.302,3.63,0.013228911184078658,387.269,753.477,0.00643435627190207,678.383,0.021461637592783245,0.11069558052014855,-0.18420867524821596,10.747622873332926,0,0
142223,2020.0,271.141,-0.09719192793752811,-1.5436201955744633,-50.58239081339712,11.996304876720286,0.7306826893400106,54.101,0.23991754409432267,-1.58,-134.089,479.594,536.312,-52.25,-0.23716365881114054,293.17600000000004,200.882,-0.06240326001796258,147.094,-0.18123045236097338,0.36567093151318214,0.34975259107336654,0.557481578839819,1,1
142249,2020.0,836.033,0.08799863453713169,2.3818717565309173,109.06548569951438,19.287228403456552,0.79460198651253,135.78,0.3823883116289643,2.43,232.438,-76.356,254.988,108.318,0.17684080605109734,605.155,661.058,0.06265643429022288,477.294,0.07884623642062775,0.3850121727907747,0.26468933134460215,0.4044628541982525,1,1
4229,2020.0,76546.0,0.09628528124910635,20.491275879035616,17.886636350203176,4.022524266843898,0.17180372333867588,53740.0,2.2318222466808835,20.2,17639.0,1711.0,15026.0,2707.0,0.2248899227382238,4181.0,64888.0,0.09310724358533398,56912.0,0.06622594734978161,0.14014619061006467,0.17966342004684996,0.034133087194871715,1,1
76081,2020.0,360.466,0.036252449711278174,0.1761529548088065,48.70767004341534,-2.387252152045652,0.6362861472408132,149.773,1.353261494677827,0.18,-1183.339,4.481,70.748,7.601,-0.04901183222104007,193.65700000000004,411.788,0.024979214112713734,413.282,-0.04015151800122628,-0.0036149650843733125,-0.1246320922416389,0.45130465464991043,0,0
76085,2020.0,7649.0,0.1670478455767999,5.984318548697056,46.339444958253054,19.24526961856495,0.8602594339622641,948.0,1.0797389781951297,5.99,9585.0,721.0,2740.0,1557.0,0.41531074953320885,3269.0,6784.0,0.24781155498965463,5964.0,0.23387408265739668,0.1374916163648558,0.1275058962264151,-0.3259077625182827,1,1
60120,2020.0,478.745,-0.061698393775163535,-0.0344865640346521,-509.47377600000004,1.209429850882324,0.02024380565453122,476.525,0.32527215747749244,-0.03,161.258,14.477,162.553,-0.625,-0.0023738804779665913,1233.659,486.371,-0.00041798359364236923,379.268,0.008180132090119804,0.28239397998249266,-0.015679388779347405,146.60960648602222,1,1
142258,2020.0,135.1,0.008267810643835333,1.221108811676288,13.635148514851483,1.1196915538041208,0.7879486448916863,24.56,0.05685300566807104,1.25,47.601,-4.174,101.269,22.422,0.08211803139397758,206.481,115.821,0.011006277731063356,83.24,0.004916280654193758,0.39141037962518027,0.16645513335232814,-0.24880955706752367,1,1
76190,2020.0,1163.466,0.05104887729429232,5.390402742073693,23.291395097446983,2.5715673523976013,0.26876488869111764,818.353,0.9228002503374526,5.36,459.482,8.268,42.311,62.906,0.11040847238384084,1088.466,1119.138,0.05186998613908901,1008.822,0.1018329261549846,0.10935130280663974,0.03960905625579685,-0.015830134262902907,1,1
76192,2020.0,5438.4,0.021203000218462508,2.3258847411199794,29.15019768664563,2.9779075821323064,0.6490463008607941,1851.0,0.3026609511020825,2.39,3410.8,-27.6,403.0,570.6,0.1021573717661803,16776.3,5274.2,0.032743987467075256,5349.5,0.01939509536784741,-0.014076081876810951,0.03113268362974476,-0.3524612651473021,1,1
76234,2020.0,1324.051,-0.2824929130473661,-0.10770322079413602,-36.11776854320213,0.8689925899655155,0.38808955406980306,1246.997,1.3210145599254273,-0.11,531.174,-60.156,127.865,-12.754,-0.024059974494993322,1280.5900000000001,2037.875,-0.008267543248378285,2131.14,0.0353642478804092,-0.043762962545867416,-0.35027859903085323,33.16890659783102,0,0
142310,2020.0,421.712,0.3059556492081643,-0.01913140622818042,-674.2839416058396,3.3479191079647728,0.6310870634530251,12.0,0.36648789940961735,-0.02,-63.283,5.229,28.269,-0.411,-0.004965147323531899,58.906,32.528,-0.0046306728559196,21.351,-0.10401825467497773,0.5234883612008805,11.96458435809149,-67.07153187620398,1,1
76258,2020.0,37223.0,0.018519295082139075,9.854592762383511,15.795680628648403,1.2715107538269685,0.16343850128453077,28981.0,0.19578621363942061,9.77,36761.0,306.0,10388.0,4454.0,0.08049737037103974,148207.0,34643.0,0.025171948028461143,33046.0,0.02361552354101722,0.04832657507716517,0.07447391969517651,-0.2642883633320758,1,1
142178,2020.0,1157.917,0.036470432726746015,1.4811749955221207,13.475787844341792,1.3899076527023186,0.1626447917251111,1089.477,1.0526906419173945,1.47,219.715,-2.758,7.05,41.347,0.10314110527392374,1023.72,1301.093,0.033453104406340285,1524.984,0.06402700106125306,-0.1468153108491629,-0.11004286396130035,0.09019576430801629,0,0
142426,2020.0,541.643,-0.05800561322828255,-1.407615180771436,-114.4844146336093,23.3337484881871,0.7016465709908934,116.274,0.24448002067659383,-1.45,-54.216,126.961,767.205,-90.832,-0.2038159391639759,823.351,389.719,-0.05698107928557851,260.366,-0.07502594370216631,0.4968121797776976,0.38982959516985327,0.017980248102519584,1,1
142433,2020.0,42.031,-0.2616741984075748,-0.8112487556686208,-6.483831208671347,5.144211152577207,0.5339572834173266,17.478,1.06024539183535,-0.85,-148.662,-8.892,14.487,-14.669,-0.793390664719563,18.012,37.503,-0.41470654755173586,49.417,-0.3941391941391941,-0.24109112248821257,0.12073700770605014,-0.3690135833340559,1,1
72297,2020.0,1613.343,-0.06499470749168923,-1.0366022646290285,-7.601758426429867,0.7912989062804391,0.5204598252613505,1063.482,1.3819827859106693,-1.04,219.178,-203.134,200.248,-52.365,-0.10409419267116454,1232.293,2217.712,-0.03263161699274396,2541.488,-0.0022079763940787128,-0.1273962340172371,-0.2725191548767378,0.9917709718810932,0,0
76444,2020.0,6960.37,0.03703306105831011,2.0297619047619047,15.81958944281525,1.3629282838570946,0.0860941388478963,7524.972,2.1082656747013773,2.05,-3820.818,35.213,454.741,141.515,0.08615446619419653,2113.858,8233.859,0.036234676468878735,7110.13,-0.02338552992032328,0.15804619606111284,-0.15466490256877127,0.02203371651785259,0,0
76536,2020.0,11604.493,0.15110425931920637,18.395403271664527,23.82443013223181,83.4066113152464,0.5581846672679812,4484.419,0.947077863911708,18.07,-884.176,9.091,40.406,1391.042,3.5008858911763228,7072.032,10149.985,0.12979576678896274,9536.428,0.1659594057680262,0.06433824069137845,0.14330149256378208,0.1641693951767279,1,1
73128,2020.0,2208.805,-0.1785747299099186,8.99845786179185,14.8369867426833,2.291793361244461,0.44768311246234366,6048.235,0.3611661750925552,8.97,10725.613,-44.114,243.738,1878.887,0.15446487895358096,29512.84,10950.661,0.06196798816264386,9493.849,0.06538466120808267,0.15344798511120197,-0.7982948243946187,-3.8817254715648284,0,0
261,2020.0,5259.0,0.022808704011185878,1.0858139561747004,28.338187978723408,2.92595526142355,0.2108934611048478,11199.0,0.8073728524291728,1.05,-3200.0,-579.0,1703.0,470.0,0.10325131810193322,13832.0,14192.0,0.026737967914438502,14052.0,0.034344406997271704,0.009962994591517222,-0.6294391206313416,-0.14695446998164816,0,0
101834,2020.0,3242.1,0.02701981316086644,7.65409622886866,4.806576622494054,2.689562696073771,0.25940545638732665,2120.1,0.874560840741759,0.98,918.6,693.8,864.7,588.6,0.5595588934309345,2120.9000000000005,2862.7,0.17981853175694254,3533.4,0.0586788087981493,-0.18981717326088193,0.13253222482271984,-0.8497384396543254,1,1
76580,2020.0,27266.438,0.003744560829526632,1.8701862949452839,15.404882432230044,2.3433349775330963,0.1049472912296024,22629.009,1.9492208265310251,1.85,1954.243,-94.606,1177.431,287.111,0.1521163817927217,6626.264000000001,25282.32,0.02213573519859527,22095.416,0.007166907929598765,0.14423371798023618,0.07847847824092087,-0.8308363921084373,1,1
78827,2020.0,130.457,-0.06559538299530913,1.900545149566676,27.281646011841282,2.572560320135378,0.8014483901928279,22.756,0.3465574067914487,1.93,239.528,68.421,184.943,27.193,0.0942963748968368,141.93499999999997,114.61,0.08222611956094464,106.655,0.06710562630603636,0.07458628287468941,0.1382689119623069,-1.7977438719662662,1,1
76678,2020.0,14546.0,0.004902192402192402,13.885342185903983,11.7433188045977,0.8806729902594604,0.09002891192440594,12904.3,0.1848144817609571,13.88,11089.0,-441.0,2794.0,870.0,0.07499353504008276,67669.0,14181.0,0.011338311764475896,12875.664,0.011092264389791965,0.10138009193156945,0.025738664410126226,-0.5676435342383618,1,1
77013,2020.0,1259.313,-0.058522081939442805,-0.8032944611250269,-4.506442127000517,0.9292038782036269,0.12570461376190237,1266.562,1.3000600373146718,-0.84,-292.985,-14.886,66.799,-48.425,-0.20619456591626178,888.8610000000001,1448.666,-0.04345750318359303,1602.408,0.012856681606321967,-0.09594435374760983,-0.1307085277075598,0.3466508117644748,0,0
136776,2020.0,18467.5,0.08437938082549466,5.152447552447552,27.722747014115093,21.270561282932416,0.1829983806925313,14732.5,2.2542190664299824,5.08,-2136.4,-51.8,154.0,736.8,0.767260231177757,5580.5,18032.4,0.09210690801810135,16240.5,0.08970799559133334,0.11033527292878922,0.024128790399503035,-0.08389736838292342,1,1
76891,2020.0,499.725,0.018937585579157767,0.29089275904562534,114.71581523542169,2.365851540703228,0.22592467970560173,363.481,0.13175844696262895,0.29,-1586.341,-7.724,0.657,39.185,0.020623586519853326,3484.681,469.568,0.01099511624350598,450.926,0.021863240294467963,0.041341594851483386,0.06422286016082876,0.7223633802273649,1,1
76994,2020.0,263.226,-0.0020920102357792746,0.6093624353819644,42.55267225940239,1.4635251194962353,0.31816131134392706,217.632,0.07407183936187348,0.62,-164.136,-4.838,30.01,53.045,0.03439325997141946,4210.266,319.184,0.012309955132307942,284.746,0.007941588065009927,0.12094287540474685,-0.17531580530352406,-1.1699445865800693,0,0
76791,2020.0,392.042,-0.016568845108838378,0.9457757395685313,15.57451664674748,3.1585415714463787,0.3408339642468547,318.658,0.21154545466479902,0.93,-342.758,7.589,16.672,87.855,0.20280190025068906,2188.977,483.426,0.038445027614517874,496.469,0.018304735372774227,-0.026271529541622953,-0.18903410242725882,-1.4309749826420086,0,0
76854,2020.0,44791.0,0.0442585346107138,15.204318817030593,7.3959248916855795,1.509391492631579,0.1595747062115277,37546.0,0.3724468528553564,14.25,50024.0,-161.0,7833.0,4847.0,0.20408421052631578,109359.0,44675.0,0.04040850354314297,39364.0,0.02006253953264617,0.13492023168377199,0.0025965304980414103,0.09527774428618131,1,1
142614,2020.0,265.166,-0.08564912973214861,-2.0450474084623167,-33.29507165371647,13.417464644152163,0.7714307021141729,49.04,0.7006648988282628,-2.16,-260.311,0.439,140.551,-54.568,-0.4029865075438117,157.418,214.552,-0.17820333625070212,147.293,-0.40330799431960573,0.45663405592933803,0.23590551474700774,-0.5193741512692294,1,1
68938,2020.0,3271.5,-0.0022754087308275743,-0.8587055606198724,-7.080424628450106,0.5018630549285177,0.43956298200514143,2180.1,0.4892343294093973,-0.86,-222.9,133.9,318.2,-188.4,-0.0708803611738149,7141.4,3890.0,-0.02369453667370963,3680.5,-0.03379752405189739,0.05692161391115338,-0.1589974293059126,-0.9039690557295318,0,0
72766,2020.0,406.562,0.0047864359593124415,-1.4961888240550911,-30.86508818775912,2.681315687465472,0.823939298409627,80.98,0.9280396271336911,-1.51,54.71,-1.786,70.403,-28.462,-0.08687212138045546,405.33099999999996,459.955,-0.0574270610548404,453.042,0.029596627814529798,0.015259070902918519,-0.11608309508538874,-1.0833480918471798,0,0
77053,2020.0,1813.234,0.06637716695120136,0.15256788110616418,413.91411837237973,-6.060724720977609,0.1787578491118231,1330.092,2.2164547070632974,-0.24,195.512,-5.347,27.911,4.866,-0.014642469178896306,673.6690000000001,1619.61,0.006659176347744214,1573.316,0.0028829295889110547,0.029424476710336555,0.1195497681540618,8.967774313963996,1,1
77332,2020.0,913.098,0.058357180357808014,1.1478851686356124,38.67111555484456,3.0686530413625306,0.34171808942001713,639.642,1.3358574402036882,1.13,359.291,13.328,52.948,37.506,0.07935258648048239,591.403,971.684,0.051562719106499164,1038.259,0.05217502836073107,-0.06412176537838829,-0.060293264065272266,0.13177080978362235,0,0
77006,2020.0,880.824,0.04357055293889928,6.426936385413894,14.07513542615754,3.9564633088667565,0.22100240790991513,734.058,1.0945281202050343,6.48,151.497,132.639,244.033,48.292,0.2810959318738759,610.9029999999999,942.311,0.05609289500063304,940.698,0.050340634502022905,0.0017146842025815474,-0.06525128115876826,-0.2232429269623619,0,0
142640,2020.0,351.737,-0.04212913278341812,-0.581698878975881,-88.63692515752267,7.234591847230271,0.8505827473561819,43.178,0.2848311372901537,-0.59,-163.221,74.047,607.767,-32.535,-0.08162051915015314,399.384,288.976,-0.032068341494570995,227.788,-0.05629844411867138,0.26861818884225674,0.2171841260173856,0.3137297041242487,1,1
77051,2020.0,1923.689,0.06536323911217373,1.2768203937675788,40.780990227101874,3.739324667246971,0.5506341725021278,847.965,0.6014346904152009,1.27,1854.741,-227.552,284.592,171.597,0.09169283645206641,2694.916,1887.026,0.05469155622189479,1775.686,0.1015463595041352,0.06270252736125652,0.019428985080226776,0.1951248716891827,1,1
77222,2020.0,1074.712,0.017212366466674595,2.054894365538277,51.63282443095669,3.12503174014829,0.30459797351734075,733.67,0.15633538929516824,2.23,-590.696,-16.104,27.499,219.623,0.06052412926445806,6549.286,1055.03,0.03254395344508946,971.673,0.025102635448726006,0.08578709092462174,0.01865539368548763,-0.47110401028207716,1,1
77797,2020.0,2574.356,0.045035781973689314,2.610849380231441,30.99374502899389,2.926148668067816,0.37192976374757036,1739.411,0.1308025889292043,2.61,1308.932,0.686,63.985,970.377,0.09441094212172411,21014.434,2769.453,0.045831369529417715,2576.798,0.032241260251868555,0.07476527069642254,-0.07044604114964209,-0.01735901771858985,0,0
77481,2020.0,10165.0,0.03119346185039616,3.614200999961242,12.002652868632708,1.9026729791755206,0.24980330448465776,7628.0,1.0480313337456195,3.63,5215.0,93.0,832.0,746.0,0.15852103697407566,7545.0,10168.0,0.07689136260564831,10529.6,0.0921914158073559,-0.03434128551891813,-0.0002950432730133753,-0.5943177387767512,1,1
77418,2020.0,125.589,0.000691387289761824,-0.21502437583099424,-15.579628993473033,1.6169530804335428,0.43307219884907394,93.788,0.7827950883668109,-0.22,-6.761,9.217,29.851,-5.822,-0.10378636622932118,176.268,165.432,-0.027548678638181088,163.876,-0.023980644311797757,0.009494984012301881,-0.2408421587117365,-1.0250969311030256,0,0
101564,2020.0,9348.485,0.03333375779565301,0.1579598910621441,90.14946708463951,0.7528867349877388,0.14571468235070853,7292.235,3.751112339597884,0.16,197.305,5.587,24.172,5.742,0.00835153838769639,1846.067,8536.065,0.0025232805811543197,8064.552,0.017025100511584696,0.058467351937218685,0.09517500159616873,12.210484020133777,1,1
142617,2020.0,3672.5,0.075497695633582,2.505495107471292,23.971310030062856,36.54625975,0.2956246705324196,2672.4,0.8137614482122557,2.5,1024.1,1351.8,1364.0,365.9,1.5245833333333332,3053.9000000000005,3794.0,0.07848057825536751,3758.3,0.15701584593681311,0.009498975600670466,-0.03202424881391671,-0.03800790830158683,0,0
94547,2020.0,10635.0,-0.010809278976559653,3.9290123456790123,38.54149253731344,69.79135135135135,0.11443829868395956,18572.0,0.8371721687756976,3.83,9283.0,-107.0,225.0,1273.0,1.8108108108108107,24106.0,20972.0,0.05081633467725839,20758.0,0.08047771775827144,0.010309278350515464,-0.4928952889567042,-1.2127126847146865,0,0
142947,2020.0,738.3,-0.0508117595436595,0.4039509004195877,70.65215096774193,2.46147075747359,0.3753522931078657,487.6,0.7513716430840311,0.41,72.7,-22.1,29.9,15.5,0.03483928972802877,950.8000000000001,780.6,0.014919626528058522,773.4,0.02783682558963458,0.009309542280837918,-0.05418908531898548,-4.405699160639217,0,0
78332,2020.0,2178.49,-0.0205368299916389,1.4132434419321869,21.185309700829762,2.6394693505274094,0.4017559203383884,1989.831,0.5001573649897859,1.39,380.412,-2.754,271.048,157.636,0.12458960420220005,6288.094000000001,3326.119,0.023704144796842772,2626.73,0.01998631421811676,0.2662584277790257,-0.34503546024661186,-1.8663813931129152,0,0
78314,2020.0,2545.641,0.17648849820432208,9.862566520232866,13.586727118656343,3.2907641300915698,0.5341214776275396,993.574,1.2082416019778848,9.73,948.389,59.744,649.436,276.142,0.2422043293688384,967.7899999999998,2132.689,0.1564439317937951,2020.437,0.18519260709386032,0.05555827773892478,0.19362973223006272,0.12812619946772522,1,1
16720,2020.0,166761.0,0.07203542371661027,8.323002558999146,35.41510385351189,8.501204815325066,0.13954539203551994,131394.0,3.363502202643172,8.32,8822.0,2329.0,9444.0,3659.0,0.24004461064094995,24277.0,152703.0,0.08059471365638766,141576.0,0.07675728630908646,0.07859382946262078,0.09206105970413155,-0.1062016297529089,1,1
78378,2020.0,0.118,-0.2636677875232205,0.1577188457553513,7.3548598104715825,2.6166883807894656,0.5937645107794363,24.496,0.5757387692748365,0.17,-295.773,5.51,43.51,35.773,0.3557767854478911,60.720000000000006,60.3,0.3415572635699623,67.135,0.6331342748032908,-0.10180978625158274,-0.9980431177446103,-1.7719577817416627,0,0
78349,2020.0,1051.944,0.004104360795340253,1.4325888075820763,44.03915461721589,1.6970391470105972,0.3820432861459065,738.559,0.10736038787476353,1.43,-1420.059,70.372,152.411,239.43,0.03853478028270749,10766.137,1195.163,0.02150777564972697,1165.179,0.022762418541347505,0.025733385170862093,-0.11983219025354705,-0.809168513649046,0,0
3073,2020.0,504.063,0.018527580356733457,1.2211552710352391,28.743273548042616,3.860208589167021,0.922671998503344,33.067,0.05175602171182176,1.22,775.162,33.957,282.604,164.812,0.1342995460386556,1375.8170000000011,427.62,0.01994764849719089,393.454,0.019482778645328793,0.0868360723235753,0.17876385575978668,-0.07118975154677573,1,1
73833,2020.0,1124.249,-0.2436117583475823,-2.216787477347997,-4.736583956420321,0.7115908272810045,0.2871143023088738,1761.316,0.5565088414198078,-2.1,1300.38,-70.844,174.185,-425.703,-0.1502329176106888,4097.655,2470.685,-0.09588736861191792,3326.997,-0.058762134209503485,-0.2573828590768191,-0.5449646555509909,1.5406032293319558,0,0
78496,2020.0,2666.702,-0.08303954205067345,2.067305646272979,42.23855343181787,7.2647088099396315,0.9719056179962655,60.649,0.6299727146713359,2.08,-1446.3,668.721,2117.554,446.906,0.17199236762846146,1225.549,2158.759,0.1304168672940833,1881.883,0.0413842968490741,0.14712710620160763,0.23529398140320443,-1.636723943563401,1,1
78458,2020.0,1032.578,0.053250572786339566,2.0160750789816015,25.018909526662675,2.4163098325726597,0.26034547119211715,774.743,1.0639839504291737,2.01,400.277,-105.643,191.363,65.091,0.09657934251681097,709.951,1047.439,0.06611915282645131,1002.372,0.06010389536992121,0.04496035404021673,-0.014187938390684425,-0.19462711619867584,1,1
78539,2020.0,3449.749,0.0003485278505052385,1.7156679628892495,14.921302113078243,1.723436000151166,0.34288638278784345,2617.802,1.2015168747566454,1.68,1445.868,-136.421,433.292,168.096,0.11550171607614637,2714.47,3983.789,0.050698011510924165,3950.623,0.13793146541449608,0.008395131603294003,-0.13405328444854894,-0.9931254137959604,0,0
143610,2020.0,547.503,-0.7596085197524988,-6.670121622431251,-1.8320505519576755,0.7149933921554193,0.7323012715063245,162.408,0.2991541875678936,-6.65,-374.709,-11.914,13.549,-445.324,-0.39026946685035424,2002.011,606.682,-0.21958874570942377,662.127,0.014923387330905896,-0.08373771194952016,-0.09754533676621356,2.459232472495059,0,0
78457,2020.0,5153.998,0.10261504575467245,2.9254669510983735,16.30508934038408,2.3552094330292714,0.1703658212653099,3663.672,2.337159436182605,2.91,990.133,140.468,187.193,179.65,0.1444462758751,1559.805,4416.009,0.09507922033451585,4489.18,0.09019342683794343,-0.01629941325587307,0.16711673368419303,0.07925838467799183,1,1
142766,2020.0,914.236,0.04298657145957229,0.47433573544365354,70.1401929350359,3.398734192650938,0.1535781533639264,525.49,1.0958106450388754,0.48,70.674,16.778,60.612,10.729,0.048456299454420634,374.36499999999995,620.837,0.01893726116617098,823.611,0.11922618226159605,-0.2462011799259602,0.4725862021754503,1.2699465927186113,1,1
78498,2020.0,1269.573,0.02265911649209036,3.1274326750448833,22.366588594587768,3.375204874718893,0.20707248678561685,1118.341,1.4233790638201675,3.06,350.034,39.092,64.749,87.099,0.15090387434119568,896.143,1410.395,0.08790083138388378,1320.886,0.12108548239642733,0.06776436422219632,-0.09984578788211805,-0.7422195429172607,0,0
78486,2020.0,367.589,0.004493402302558939,0.9611125789638028,12.516743889638626,1.2230378086928493,0.8121550069090331,76.807,0.046303714817539796,0.97,135.044,165.22,292.479,80.028,0.09771213819476496,1296.5460000000005,408.885,0.00906267945612599,424.759,0.009462925084980207,-0.037371780233026314,-0.10099661273952332,-0.5041861157826134,0,0
78524,2020.0,1712.343,-0.0033701187143627223,2.113148814881488,10.477255479634398,0.8470178660590791,0.15359382890226417,1805.199,1.8374226574978503,2.06,636.6,7.654,12.377,56.345,0.08084348689458852,1041.0720000000001,2132.781,0.04854205829699176,2364.715,0.1416080672183719,-0.09808116411491456,-0.19713135103885485,-1.0694267781918834,0,0
97918,2020.0,1136.3,0.01615718065642065,0.0236013986013986,563.1022222222222,4.18951777349132,0.6423958241174909,404.2,0.6227205112665969,0.03,-69382.3,-93.9,526.5,5.4,0.007440066133921191,1225.1999999999998,1130.3,0.0029750426973720458,880.4,-0.02274300405418768,0.2838482507950931,0.00530832522339202,4.430907149901689,1,1
78732,2020.0,1201.814,-0.016169476717869568,1.6919420498084292,25.420492389127524,4.335776541005985,0.3840753778207511,1100.754,1.3976938122875195,1.78,1279.966,64.07,304.622,141.311,0.17056225641248474,912.319,1787.157,0.11051603765542797,1667.533,0.12039866861836523,0.0717371110496764,-0.3275274640112759,-1.1463088711910168,0,0
78921,2020.0,8473.0,0.029720823229496984,5.583263450589222,14.1959985770751,1.8084529909365559,0.30669686185700423,6429.0,0.579272863568216,5.52,7751.0,-22.0,204.0,759.0,0.12739174219536759,14914.0,9273.0,0.04741379310344827,10151.0,0.06752110034385746,-0.08649394148359768,-0.08627197239296884,-0.37316081915969995,0,0
72552,2020.0,9358.0,-0.0023811524777992547,2.555205047318612,23.900234567901233,-1106.2394285714286,0.35878725590955807,6239.0,0.27414628648709566,2.53,-3508.0,-162.0,2994.0,648.0,-46.285714285714285,32432.0,9730.0,0.018257635523498253,7987.0,0.014724731922343451,0.2182296231375986,-0.038232271325796506,-1.1304195428118073,0,0
79026,2020.0,934.842,0.37256414714362296,6.623257395443726,16.54472919554392,12.29680937118437,0.7574319855619949,173.114,3.666380687685266,6.62,168.813,-4.39,92.678,77.916,0.743246336996337,79.36699999999999,713.672,0.400281526614026,501.003,0.32927657012671974,0.4244864801208776,0.3099042697485679,-0.0692447131019606,1,1
78730,2020.0,2053.903,-0.03674149581530689,-1.7589307132096834,-12.450746260514745,1.5022494288559542,0.2186032552895414,1799.141,0.8915241111739242,-0.48,470.013,-73.491,39.526,-183.314,-0.12065537257152711,2304.7960000000003,2302.468,-0.07097985766392269,2457.769,0.0032898108172128987,-0.06318779348262589,-0.10795589775840536,-0.48236729370082004,0,0
79288,2020.0,1688.706,0.022775056720576562,3.0969224305446144,42.57775354638494,2.482382556904806,0.3004008267615083,1164.699,0.14824063149740213,3.07,-1098.657,18.868,70.541,353.811,0.058302337491818484,11062.366000000002,1664.809,0.03150461468596538,1575.709,0.019684149666970775,0.05654597390761867,0.0143541991904176,-0.27708823143542993,1,1
79127,2020.0,482.033,0.02912326342612831,0.011016378730087503,410.29816700610996,1.1383003729234942,0.2568891107709892,452.504,1.634054383323807,0.01,79.813,4.67,41.642,0.491,0.0027743247824612953,283.175,608.932,0.0013175866963995803,569.704,-0.002743287821863832,0.06885680985213385,-0.20839601137729663,21.10348928515304,0,0
79145,2020.0,114.48,-0.031366498362382374,-0.051490632166500794,-305.6866722689076,2.3761031784393905,0.5191858042903421,56.55,0.5711448342843268,-0.05,-119.601,16.098,68.396,-1.19,-0.007773002207793905,129.01800000000003,117.613,-0.005778802962243534,117.438,-0.01087887042081272,0.0014901479929835075,-0.02663821176230515,4.427853928801337,0,0
79190,2020.0,4729.9,0.06814229547860276,9.806089743589743,28.516973361660405,3.2611078717201165,0.32630668270346697,3192.7,0.46775435271822813,9.77,1931.4,-23.9,21.0,611.9,0.11435673170367047,9881.0,4739.1,0.060395199178806896,4244.265,0.04920713875079713,0.11658909139745044,-0.001941296870714002,0.1282733794263961,1,1
79186,2020.0,10620.352,0.1062484998118913,4.759057250454872,19.634140772538295,7.045610076554297,0.34384503416036366,5480.161,1.579033431469156,4.7,3613.032,-2.058,84.241,562.354,0.35884483859913996,4561.991,8351.931,0.10631981589891078,7911.046,0.1725483929727848,0.05573030418480694,0.27160437508403745,-0.0006707694743121485,1,1
79344,2020.0,3128.909,0.03595502263622834,5.02855526216522,14.525046696722606,1.9696513700807428,0.41036131950865695,2116.465,0.36400738961691287,5.03,2547.743,57.79,613.11,533.228,0.13560378917922308,8673.614999999998,3589.427,0.05407518591425517,3374.95,0.09147874202979447,0.06354968221751443,-0.12829847215168327,-0.33509201996566856,0,0
79213,2020.0,2127.077,0.026015701277223184,-2.5707173568680695,-5.796047535211268,0.8554956436518337,0.0795290982254008,1921.703,1.066454881479983,-2.59,-315.552,-30.454,122.794,-79.52,-0.14759983220542214,1703.6979999999999,2087.739,-0.04062025577684196,2107.133,-0.02132181634150995,-0.009203975259273989,0.01884239361337801,-1.6404612866090076,1,1
81714,2020.0,6145.6,0.020863409863549575,1.5184204720935361,11.841252360889149,0.8272771010962241,0.26337986726387025,4506.2,0.15518400418058714,1.29,5330.5,-104.2,1701.2,688.3,0.06986398700771417,26468.9,6117.4,0.017460546977065113,5314.1,0.028497275521008184,0.15116388475941347,0.004609801549678087,0.19488867622269862,1,1
140158,2020.0,17578.8,-0.024006504584828888,3.347168347556245,10.889801831034884,0.8052176968097414,0.2655202580786265,13432.9,0.6064655615501696,3.36,927.9,-485.2,151.6,862.9,0.07394236454468334,28173.300000000003,18289.0,0.028613873533907885,16285.1,0.07516019005934425,0.1230511326304413,-0.0388320848597518,-1.8389812919380106,0,0
79353,2020.0,758.988,-0.0250656440191398,0.6846854491966509,39.31732451972733,1.4461719084194506,0.2841183642939845,698.679,0.1102346160662178,0.68,-1953.063,-35.085,114.216,96.82,0.03678205285036216,8688.328,975.97,0.010935700408343706,1032.124,0.006649083485546607,-0.05440625351217489,-0.22232445669436557,-3.2920931520778725,0,0
79368,2020.0,1234.144,-0.008733931205657151,0.35067297198981445,51.10174273858922,0.6390369447903695,0.18931122707467832,1280.11,2.4309565779649147,0.34,177.04,-3.577,5.742,3.856,0.012505188875051889,574.361,1579.04,0.005936371823787054,1715.081,0.04437652811735941,-0.07932045192034659,-0.21842131928260206,-2.4712574388720516,0,0
79332,2020.0,2307.298,0.04310765104944262,5.588393390404141,37.52420156391941,2.6837358657757475,0.38688510389019476,1429.684,0.12195129859755094,5.64,251.41,-90.25,127.614,785.974,0.07152013244583558,18901.302,2331.837,0.04110516728395317,2299.779,0.053020369745704614,0.01393960028333157,-0.010523462832093416,0.04871610792035842,1,1
79419,2020.0,2205.583,0.20256270076269203,2.5749292832586272,30.109564757399532,10.017886324696452,0.4708762231525933,1080.448,0.801516475985205,2.57,1205.799,-88.201,186.319,591.693,0.33271441833892734,2247.351,2041.957,0.23225351377385217,1805.695,0.18107525334770844,0.13084269491802336,0.0801319518481535,-0.12783794969866596,1,1
79412,2020.0,3047.734,-0.11385537682894685,2.2668844458438286,14.36332586766672,0.9049975222315451,0.1178130448623858,3416.808,1.8735471718375183,2.25,849.842,-1.712,25.418,57.597,0.0630075186324906,1483.742,3873.111,0.0278615036998231,3846.26,0.017042659339586024,0.006981067322541809,-0.2131044010873946,-5.086476381734908,0,0
79407,2020.0,540.782,0.02532899625183693,-0.3843112446623438,-32.73388477366255,0.8661077961672475,0.26194669791254643,395.57,0.6897606138252241,-0.39,56.749,39.705,50.466,-7.29,-0.02645905923344948,647.899,535.964,-0.009381889221637803,465.811,-0.012412194281123787,0.15060400033489996,0.008989409736474807,-3.699775669213799,1,1
129493,2020.0,164.559,-0.042184291581108826,-0.334703762108583,-56.52759885579675,1.6286907197502256,0.1354741595584546,148.178,0.42863752197605703,-0.37,45.834,0.007,0.616,-5.943,-0.028812310317745046,378.87800000000004,171.398,-0.014862441761885826,129.392,0.04791391255022678,0.32464139977742057,-0.0399012823953605,1.8383150128997552,0,0
79542,2020.0,1622.642,0.11957807164665561,1.7021777233547024,34.32074054221796,2.513976523051776,0.3536724900641985,937.701,0.4899710234986593,1.69,956.484,110.047,118.648,70.894,0.07324948364559129,2756.1749999999997,1450.814,0.023942425245354643,1393.241,0.03174496337988431,0.041323073323280106,0.11843558168035322,3.994400960690329,1,1
79583,2020.0,3759.113,-0.06092745849401684,1.1452995035720062,12.573130395227363,1.9270692942197518,0.3540849428951036,2782.739,1.2942707903045023,1.13,2075.124,28.6,416.93,191.257,0.15326885458463457,2626.003,4308.212,0.0574573276666209,4035.72,0.137598522206309,0.06752004598931557,-0.12745403429543406,-2.060394922080789,0,0
79578,2020.0,248.568,0.02351433270126497,1.7571641725545268,39.933661917308726,1.8930142050314593,0.6222330086730177,70.823,0.07036062645194462,1.96,-63.586,-11.818,42.157,80.081,0.04740397234171397,2589.597,187.478,0.030054456132976547,148.195,0.028681745143080844,0.2650764195823072,0.3258515665838125,-0.21760910937049302,1,1
79725,2020.0,152.915,-0.28882865307093275,-2.4966261578992097,-8.645667646998755,2.710890012103393,-3.743205632672291,543.652,0.05796477720754381,-2.52,-1865.723,-98.542,1324.862,-440.667,-0.31355473316678417,633.26,114.617,-0.222856683369105,1193.323,0.3168644182883974,-0.9039514029311427,0.3341389148206635,0.296028679528368,1,1
143232,2020.0,789.232,-0.10185212502819443,1.619991254571474,6.944481933623703,1.1678676990214638,0.2835613848563134,1470.357,1.4290775573754395,1.62,142.575,16.336,149.036,163.01,0.16817204079211392,1093.979,2052.314,0.1135079391495504,1704.562,0.13641349462778987,0.20401252638507722,-0.6154428610826608,-1.897312785266949,0,0
72385,2020.0,1172.055,0.012818270963065152,2.322758402394107,18.314431649952613,1.1972472102566345,0.818282915204872,150.986,0.04554646577109519,2.76,525.945,-57.678,622.098,161.441,0.0653717916635285,3593.4080000000013,830.885,0.008849680738671872,531.738,0.010576033674967875,0.5625834527530473,0.410610373276687,0.4484444514536092,1,1
80299,2020.0,3578.7,-0.04564575620598202,0.37858534986805564,67.51449840546697,1.5997660063690828,0.44269438261591276,2954.5,0.3734826869562154,0.38,161.6,-26.0,452.9,43.9,0.023695147622388946,13701.300000000001,5301.4,0.0030927471908133433,3587.918,0.008531967668678768,0.47757000020624757,-0.3249518994982457,-15.758967801043548,0,0
79842,2020.0,1267.945,0.1517156443168699,3.030649867674003,26.472870012389727,3.9765236104431048,0.4665304050278961,606.309,1.0375883494649276,3.0,620.678,70.03,230.21,133.982,0.15021127700102135,831.8049999999998,1136.539,0.12231710679352838,1078.809,0.12394791628942224,0.05351271633810992,0.11561943760838823,0.24034690072392195,1,1
79940,2020.0,1603.259,0.04397512495384069,6.646583550202748,45.265360425781836,3.196635716486987,0.4307084750977549,921.449,0.1273937351859307,6.67,-901.507,-70.301,81.094,439.286,0.07061991081962701,12470.194000000001,1618.589,0.03457473413873859,1512.195,0.03150563051314013,0.07035732825462325,-0.009471212271923216,0.271886134463999,1,1
79912,2020.0,742.872,0.0666873087717877,1.3196152511661976,37.06383353540075,2.389741064205114,0.3358700225043239,497.264,0.14572001641027557,1.3,-832.279,4.599,14.742,136.918,0.06447635973549802,4871.49,748.745,0.026646846665903764,724.213,0.036756078972254386,0.03387401220359209,-0.007843791945188345,1.5026341618544345,1,1
79914,2020.0,137.003,-0.14409922325231772,0.7660847391133777,26.668068109076945,2.2819780388319026,0.6347228961947511,144.527,0.445031825426373,0.76,-43.443,-32.106,109.484,46.866,0.08556967941952989,759.1709999999999,395.664,0.05271356891309899,374.401,0.0261492673992674,0.05679204916653528,-0.6537390310970925,-3.7336267724515606,0,0
80059,2020.0,446.828,0.051685707941427315,1.8802069389104998,22.077357093498062,2.9877147629306067,0.47809117202110263,230.798,0.12567224087110823,1.89,-377.718,102.345,152.718,238.775,0.13532936711027382,3251.473,442.219,0.0678563999149717,403.678,0.051942427683790746,0.09547461095229365,0.010422437751430808,-0.23830754348605682,1,1
80950,2020.0,4201.8,0.014715999162504113,1.3849838592106634,25.256612030075186,0.9769454979060026,0.08924036533749162,4088.4,1.3400400011940654,1.38,1187.3,12.0,33.3,66.5,0.03868078175895765,3031.7,4489.0,0.0198513388459357,4493.9,-0.00672769722290489,-0.001090366941854433,-0.06397861439073287,-0.25868984068462364,0,0
80328,2020.0,2792.189,0.015428343133257758,2.1877616350652547,10.645583882041759,0.5926433310096888,0.1478070049654024,2585.205,1.0143628263811355,2.18,822.787,-200.987,338.487,71.076,0.05567034533534889,2350.141,3033.591,0.023766174229771113,2519.464,0.061562853888760906,0.20406205446872824,-0.07957631730843084,-0.3508276517668891,0,0
62428,2020.0,1498.306,-0.04205037746672952,-1.211815745821105,-29.20410971885859,1.5449052368313314,0.3821714513203875,949.773,0.7017592872829993,-1.21,744.233,-6.27,35.302,-37.988,-0.052900268205529545,2080.743,1537.276,-0.017341343913068685,1602.58,0.04519961186873417,-0.04074929176702559,-0.02535003473676817,1.4248626679411944,0,0
80356,2020.0,2350.098,0.02534278179585061,1.3743287275726956,12.085900313919915,2.0199504930630097,0.248812916629337,1861.383,0.5739206686038837,1.4,-140.114,-17.0,64.881,166.603,0.16713281101090458,4153.420999999999,2477.922,0.03858753631123693,2331.386,0.03415897913648689,0.06285359867477974,-0.051585158854879236,-0.34323918501968126,0,0
80790,2020.0,506.51,0.004523673192195238,-1.103331945022907,-8.963757502548036,1.2483841798404947,0.44707495929713753,293.084,0.9723784575082826,-1.11,790.285,-31.731,107.016,-52.982,-0.13927018658030735,393.232,530.061,-0.09719363513954776,529.277,-0.030798038937816363,0.001481265953366558,-0.044430735330462046,-1.0465428953830185,0,0
80515,2020.0,2071.519,0.11715686211952797,3.928664353859497,42.48772228047905,8.414154547583728,0.4137436333373085,1150.337,1.5538956796502859,3.95,246.398,76.261,96.49,126.833,0.19803731751112497,1134.9959999999999,1962.174,0.10044229040701014,1664.265,0.16642449359798525,0.1790033438184423,0.05572645443268528,0.16640970297259647,1,1
80668,2020.0,309.773,-0.012277316889241316,0.9490148462939456,24.372642946868893,1.4028678803426926,0.10757382935448324,314.159,0.06651075669239598,2.03,-1042.647,-8.388,41.166,85.976,0.05755912001012252,5065.878,352.028,0.01624396018892087,533.868,0.014362994116954285,-0.3406085399387115,-0.12003306555160383,-1.755808112458624,0,0
81098,2020.0,3571.923,0.05287751604172282,1.9087162265303008,14.711458733205372,1.7923329743836178,0.23033349633833303,2589.085,0.629325095252652,1.9,1078.258,-34.324,73.045,312.6,0.12183244414356587,5032.960999999999,3363.905,0.05848174213480435,3387.726,0.020758570559628122,-0.007031560403645369,0.06183825048567054,-0.09582864477879975,1,1
80947,2020.0,8811.9,0.045529678788177826,10.493014628892812,11.413307255880255,1.5377472899781046,0.3033953598571142,7644.4,1.3496082940807514,10.49,5084.4,46.1,174.3,701.5,0.13473283908884875,7681.8,10973.8,0.0862736899066547,11534.5,0.07877040112369328,-0.04861068967012014,-0.1970055951447994,-0.47226461697141453,0,0
81115,2020.0,373.341,-0.04624017601201621,-2.514455584052227,-1.9447549724141124,0.5011340095337083,0.18797219312305427,438.737,2.588762343741765,-2.53,76.779,0.019,0.05,-21.569,-0.2576849097403916,133.146,540.298,-0.10334484856906026,606.814,0.026857663102432976,-0.10961513742266982,-0.3090091023842398,-0.5525642869260563,0,0
82564,2020.0,1651.625,0.01906849399610468,1.308324765675816,56.2780755449251,2.513118578670772,0.5154623485928783,722.732,0.08038843434333635,1.38,-3099.393,49.934,73.343,436.482,0.044655375194281914,18445.546,1491.591,0.02352394496819044,1327.838,0.023827161958111024,0.12332302585104503,0.10729080558946796,-0.1894006714481993,1,1
144388,2020.0,4673.863,0.048417796783704115,1.8115274653168356,19.784408840708135,1.0796374511027202,0.18513547827702595,3947.163,0.5848957681798927,1.8,1395.465,71.252,209.965,309.206,0.05457011426498995,7972.572999999999,4843.95,0.03733590992801989,5344.066,0.052991670126651236,-0.09358342505500493,-0.03511328564497972,0.29681577004682774,0,0
81535,2020.0,598.717,0.18774615672611758,3.8286022382839824,32.46093280656481,21.68552250912188,0.916982677217993,49.673,0.662571354221457,3.76,1260.32,-24.239,71.926,262.734,0.6680498874861741,825.248,598.345,0.290935868403714,499.514,0.5612477540728662,0.1978543143935906,0.000621714896923944,-0.35468198625274466,1,1
81687,2020.0,31607.0,0.00643735086645699,12.147309675356249,8.471834731337902,0.88387063885022,0.2940100864128351,23938.0,0.08685973383884313,11.07,41496.0,260.0,14252.0,5546.0,0.10433048647428421,136904.0,33907.0,0.014207216323184712,31831.0,0.01614600389758897,0.0652194401683893,-0.06783260093785944,-0.5468956958196027,0,0
82418,2020.0,179.731,-0.06285184427446659,0.48585066484827827,30.667859649122803,0.5392253718083706,0.18145567823149125,198.912,0.659629912133312,0.49,150.456,-3.921,0.17,4.275,0.01758275204001053,327.317,243.007,0.011604266026780746,255.927,0.030176610438129744,-0.050483145584483025,-0.2603875608521566,-6.416270544764729,0,0
82817,2020.0,8340.579,0.04004888264916492,4.520517256047416,15.54910555998168,2.1361698000031026,0.14720864446482365,6593.092,1.8503730931585265,4.49,802.933,-27.996,114.668,159.407,0.1373821659234796,2787.5539999999996,7731.19,0.03815226681288667,7080.136,0.05896258105792365,0.09195501329352983,0.07882214769007102,0.04971174702619836,1,1
82578,2020.0,2814.191,0.11885629761619208,3.1704848551280644,9.096400493240985,3.439588637864054,0.8478503677357396,406.217,1.6867926292552808,3.19,937.205,-84.897,70.494,173.546,0.37812634133906214,1344.184,2669.852,0.10964507157577909,2660.465,0.00607910133529766,0.003528330573790565,0.054062547287265346,0.08400948540625315,1,1
83012,2020.0,897.273,0.041595766856409845,6.0501811945005395,6.120477851747536,2.3505733681957306,0.4436740569227301,434.406,0.5150715798625196,0.13,-582.901,107.463,339.295,437.416,0.3840506289103862,1117.7849999999999,780.848,0.28853317185565425,631.56,0.10643620629678696,0.23637975805940847,0.1491007212671353,-0.8558371413973187,1,1
143806,2020.0,1122.377,-0.0014530744665703884,2.1735190752424103,13.070968791397178,2.4535909090909094,0.21591189431674454,950.314,1.7212545285931575,2.24,-13.246,60.905,101.183,51.332,0.1877130110436627,438.08799999999997,1211.999,0.07290058610753306,1288.821,0.17757096863378136,-0.05960641547584955,-0.07394560556568122,-1.0199322741305126,0,0
83594,2020.0,1294.322,0.021453227328919664,0.5781904712637732,65.52339044466315,3.888720397391784,0.5180649355397069,606.416,0.3862719468162113,0.58,839.247,-27.104,121.398,67.062,0.05934858332271356,3099.1259999999997,1258.294,0.020586738311864125,1009.78,0.032472302121835335,0.2461070728277448,0.0286324181788992,0.04208966976357697,1,1
84194,2020.0,385.3,-0.028639213692594475,-4.612405200433369,-5.225039638264138,0.5445761010600534,0.15391802154388232,412.047,1.5572431699580476,-4.63,202.549,-0.281,7.809,-17.029,-0.10422430043822067,263.03799999999995,487.006,-0.05445167809270439,439.195,0.039986978106942295,0.10886052892223268,-0.2088393161480556,-0.47404350617374913,0,0
83595,2020.0,25509.3,0.06483861615771164,3.4934756069227424,24.923603252720675,3.295360345654537,0.3231275517983296,15981.5,1.2061957843327578,3.49,3798.0,139.3,539.2,827.0,0.13221845622561873,17698.899999999998,23610.8,0.042248628324461295,22823.3,-0.11782656356472017,0.034504212800077115,0.0804081183187355,0.5346916273769554,1,1
83773,2020.0,1286.671,0.0762323771761879,1.242488793532815,34.076766100733266,4.697225910655843,0.8046267592363371,264.382,0.8191924517930684,1.23,221.467,-64.77,432.599,162.151,0.13784247885408257,1167.098,1353.215,0.09816095391397366,1359.132,0.09277989032063115,-0.004353513860316837,-0.04917474311177446,-0.22339408760232232,0,0
37635,2020.0,77.862,-0.09446961541303653,-1.2132298934998165,-9.223313784100798,1.8009956482870209,0.20690614521910045,219.503,0.41003334869160823,-1.17,26.236,-0.992,12.189,-26.429,-0.19526557270463765,633.364,276.768,-0.039154712150864676,309.385,0.03272228650564429,-0.10542527918289517,-0.7186741241762054,1.4127265972238874,0,0
73178,2020.0,189893.926,-0.07698992858922327,4.1369745745087325,19.901016677091064,5.912859985195822,0.028092904358054192,174543.941,4.584632203937611,4.07,4123.526,881.678,3374.194,855.365,0.29711346315298426,7412.712000000003,179589.121,0.021836144100961963,167939.635,0.04402474467769147,0.06936710324516308,0.057379895522735994,-4.525802368460812,1,1
144208,2020.0,8271.0,-0.004280486870080567,-6.979354315410226,-5.620863797297297,0.2572000500865694,-0.16924534259551627,7406.0,0.0278712834255189,-6.76,3825.0,-1268.0,6592.0,-740.0,-0.04575810042047984,217593.0,6334.0,-0.0032561966742791263,8707.0,0.004193044877698818,-0.272539336166303,0.3058099147458162,0.3145664400103237,1,1
85391,2020.0,378.831,-0.049484128258749024,-0.06447891156462586,-120.96978392977715,2.838725905738257,0.5978792376772887,162.004,0.6859449676245091,-0.07,-2075.005,27.069,93.058,-5.924,-0.023466404696449936,453.336,402.874,-0.010086374370665745,403.558,-0.0411776796813061,-0.0016949236540967324,-0.05967870847957427,3.9060372379855317,0,0
85159,2020.0,7196.1,0.0590553767325757,-0.403405854004034,-190.5277259541985,4.282623901853123,0.18040451395560334,6398.5,0.7849207226953278,-0.4,125.9,306.0,763.3,-52.4,-0.022477693891557998,8933.400000000001,7806.9,-0.005268396657986547,8510.4,0.12106299212598425,-0.08266356457980824,-0.07823848134342688,-12.20936417022655,0,0
85575,2020.0,2957.013,0.1355184314518801,2.8164143259893493,43.32814205421759,8.459742721841064,0.618606353478822,994.13,0.6345603189341337,2.83,2183.401,-41.573,147.128,404.592,0.1952482225352561,3844.8289999999997,2606.572,0.09849642693859943,2340.196,0.10300128299568888,0.11382636326188073,0.13444516399316794,0.3758715484812399,1,1
60558,2020.0,158.731,0.018477580033468683,0.5795697124440167,69.53434441916728,1.7636869717497152,0.9305646661576679,6.457,0.03623253061197454,0.89,-41.269,22.357,46.782,27.693,0.02536425685008042,2517.289,92.993,0.010789924728069973,49.724,0.011982734247654742,0.8701834124366503,0.706913423591023,0.712484609405966,1,1
144093,2020.0,581.762,-0.010247967488367144,0.4887959567045353,81.60869469735097,1.5801569891533265,0.3867451209034,399.695,0.10887615637900916,0.48,-247.908,-257.016,142.516,65.571,0.019362605847494562,5686.033,651.76,0.010953600174800555,698.759,0.006657012298064874,-0.06726067213445555,-0.1073984288695226,-1.93557983903258,0,0
144722,2020.0,938.418,-0.00386586805084954,2.9306674892993487,4.951090511966947,0.8646339490669784,0.32439394801086036,962.238,0.5287170326549613,2.82,-88.822,-184.642,80.293,76.001,0.17463505201068938,2507.286,1424.259,0.028213283678607412,1526.462,0.05541149124850085,-0.06695417245892789,-0.341118434217372,-1.1370229745281588,0,0
145494,2020.0,1300.0,-0.028423772609819122,1.6737739872068231,37.52597452229299,4.86103795379538,0.35118186203569707,1345.0,0.457313037723362,1.63,86.0,-272.0,94.0,157.0,0.12953795379537955,4409.0,2073.0,0.034634899624972425,1868.0,0.03255627009646302,0.10974304068522484,-0.3728895320791124,-1.8206685429319112,0,0
145403,2020.0,1899.996,-0.21403278001804488,0.6734314484895431,50.16100759144237,2.533107574349442,0.44254900106165657,630.617,0.5883275909144098,0.67,63.011,-6.542,35.29,52.164,0.05049953531598513,1767.2440000000001,1131.251,0.02712883387723792,1216.646,0.047694035164594396,-0.07018886348206461,0.6795529904503953,-8.889494291814223,1,1
136184,2020.0,667.683,-0.20169294943534438,0.40495901978640614,44.794656035980786,1.4847598251055822,0.6745212030958023,227.303,0.18720879517972167,-0.1,,-0.089,0.01,39.132,0.03314591418924986,3708.694,698.365,0.010490008194816275,584.352,-0.0027952267879741933,0.19511013909424463,-0.043934045950183666,-20.22714889155307,0,0
145860,2020.0,357.154,-0.24458653808990066,-1.1341276752962288,-3.712104105827739,1.5688137243332547,0.1258192412575979,323.453,0.6817741269771076,-1.14,-131.521,85.395,256.67,-85.951,-0.4226211549052002,174.392,370.007,-0.15837313344831144,464.918,-0.12666080483802225,-0.20414567730223393,-0.03473718064793371,0.5443688759856915,0,0
48476,2020.0,858.195,-0.011335898077479955,0.5099233186145773,16.139681594401843,1.368090561686477,0.7557308612455753,187.767,0.1650566594562049,0.52,138.596,-4.661,18.532,96.889,0.08476564755534015,4385.5960000000005,768.689,0.02080447967650407,390.251,-0.013086880210618693,0.9697297380403894,0.11643980855716693,-1.5448777500685282,1,1
146133,2020.0,288.2,-0.020175064047822374,0.34387801235768795,24.86346812749004,2.294386213235294,0.36534500514933055,246.5,0.4518380642159143,0.34,28.3,-11.5,16.8,50.2,0.09227941176470589,759.7,388.4,0.05839925546765938,442.5,0.19106060606060604,-0.12225988700564977,-0.2579814624098867,-1.3454678297909983,0,0
146221,2020.0,1510.825,0.03324979734166325,-0.7997919488115566,-16.704344198328286,5.059182775495156,0.8293001897877739,278.282,0.1353829427367826,-0.8,-620.088,-205.85,88.322,-203.743,-0.30286629127298886,11825.273000000001,1630.242,-0.01691977442736741,1495.098,0.02075270089278291,0.09039139909223343,-0.073251087875297,-2.9651442449423167,0,0
89399,2020.0,3032.61,-0.0030504952144317587,-0.1074793875147232,-34.704328767123286,2.9054633794538542,0.22384617149198605,1793.239,0.8922089461979257,-0.12,-99.15,30.665,67.056,-75.92,-0.08372048913409062,2301.431,2310.417,-0.029317869109925405,,,,0.3125812353354395,-0.895950991424577,1,1
133178,2020.0,0.168,-0.043887997644013556,,,,,,,,,,,,,,,,,,,,,0,0
78987,2020.0,5943.0,-0.18039157076670154,0.5133358089953909,64.94773872340426,2.032319387483356,0.48985849056603775,2163.0,0.24409902130109384,0.52,490.0,273.0,1333.0,47.0,0.031291611185086554,15922.0,4240.0,0.0027058146229130683,3055.081,0.05192273632201132,0.3878519096547685,0.4016509433962264,-67.66811881314055,1,1
85690,2020.0,15.7,-0.21775800239075574,0.04769026254569624,33.75951219512196,0.7321278525011334,0.5464602919025606,8.732,0.9894644876143489,0.05,-47.839,-0.126,0.959,0.287,0.021686564908568837,16.413,19.253,0.014749717339911605,16.454,-0.03294674283076568,0.1701106114014829,-0.18454266867501173,-15.763537318882666,0,0
79919,2020.0,15493.435,0.04609506911711985,2.6757316376025497,13.256187392462515,1.6042336150368872,0.33608410388638565,8503.225,0.3854144940550123,2.92,6612.284,1616.396,2860.347,1399.512,0.12101772308597994,30089.943,12807.684,0.04211473435821171,13621.302,0.051495419036027446,-0.05973129440930099,0.20969841229686806,0.09451169096907855,1,1
4009,2020.0,844.813,-0.12843920231873565,4.85633753956897,6.031294110293591,1.2487690655169734,0.2725271411764872,2060.369,0.6863305210263887,4.72,945.684,104.479,618.655,223.984,0.2070482789731151,3359.2209999999995,2832.228,0.05427778251665284,2837.411,0.07295146225137221,-0.0018266652240369805,-0.7017143393822813,-3.3663310541348945,0,0
85899,2020.0,621.628,0.032059194796448615,5.54244151169766,19.536516492139516,2.3695867117634544,0.47786842681839126,302.652,0.13693643508425776,5.55,-244.296,7.491,21.556,258.699,0.12129013443706065,4129.7660000000005,579.647,0.061115331951795485,554.985,0.05307778712978636,0.04443723704244265,0.07242511390553215,-0.47543122531453813,1,1
135209,2020.0,436.512,-0.08796833082287497,3.2762474267228705,13.478835462733011,7.965979840848806,0.27274559290642664,985.205,0.5715660558304808,3.0,425.096,3.07,24.655,100.263,0.5909991158267021,2280.125,1354.691,0.04230258225361466,1265.301,0.09206895766293562,0.07064722149117096,-0.677777441497729,-3.079502624579337,0,0
85682,2020.0,7556.1,0.02245522772223577,1.7042342422234855,45.65100153045608,1.4979342339175414,0.32736993872401776,5598.3,0.43934291234256395,1.91,2884.4,-1738.1,604.2,326.7,0.03281273539898558,17182.5,8323.0,0.017245383811404016,4363.547,0.03410059202930572,0.907393228490492,-0.0921422563979334,0.30210078058028433,0,0
86202,2020.0,57.62,-0.2688696095942843,-0.5970849802371543,-2.763425734381464,1.659923455440131,0.24903886712865317,62.311,1.4181578902391083,-0.6,-56.5,-0.432,11.691,-12.085,-0.6006759779313088,45.721,82.975,-0.2065494197473893,92.249,-0.0057617187499999995,-0.10053225509219614,-0.30557396806266945,0.30172047892031273,0,0
86236,2020.0,572.953,-0.056189598405263656,1.4794802060287007,11.179602087680204,1.0351174098950817,0.8097247653466648,118.672,0.03465800224945876,1.63,-443.53,85.756,1184.318,169.183,0.09258982580746496,16811.122,623.686,0.009401437252992981,379.158,0.010018927060032974,0.6449237521033448,-0.08134381724136834,-6.976703018187512,0,0
86397,2020.0,3211.116,0.05975696893180309,-11.329790112481158,-2.433407832474165,0.3979867356999496,0.23201465835325702,2103.657,0.5086096529642432,-11.35,1244.025,-119.311,114.309,-293.113,-0.16355118545636343,5191.648999999999,2739.189,-0.05442490503915876,2677.724,0.04888476387188534,0.022954195428654966,0.1722871258609757,-2.0979710279477364,1,1
110877,2020.0,270.742,-0.13554164711524905,0.6036467946009652,23.0598424848784,1.312450405436344,0.32594872954890053,762.84,0.2887806859652552,0.54,-301.324,2.604,864.973,135.733,0.05691497703407946,3023.1310000000003,1131.724,0.034634830442865916,1168.453,0.06303939783021335,-0.031433870254088135,-0.7607702938172205,-4.913449131470136,0,0
86311,2020.0,1397.7,0.11697968266294263,5.708266085059978,6.954826458406567,5.4412661497163155,0.293188222834271,952.349,3.535288947195802,2.35,349.019,19.719,19.831,130.862,0.7823726705846481,341.027,1347.387,0.3433571662840275,1418.353,0.15261589648020046,-0.050034088834020954,0.037341164787844994,-0.6593061274096834,1,1
86415,2020.0,1371.868,0.03703650429748701,0.5846162804238966,99.68932092986196,3.532417895782983,0.7065810378127477,445.28,0.4594146958743537,0.59,322.172,60.073,198.911,50.201,0.03543426580534411,2991.2389999999996,1517.557,0.015197503057604051,1472.441,0.01956345259657124,0.03064027692790406,-0.09600232478911835,1.4370124590273299,0,0
86324,2020.0,1255.628,-0.03584327915206061,1.5784228532537692,15.414120461982673,1.5977704381458313,0.18680392396837237,1887.028,0.25686478597940415,1.58,-2043.297,5.256,81.259,259.75,0.10365628334659548,8699.048,2320.508,0.02875259562050647,2299.333,0.02587877324465845,0.009209192404927746,-0.4588995168299355,-2.246610206088561,0,0
86425,2020.0,8378.654,0.03247334585777645,4.034128085715905,10.631789345476037,1.6232524664864174,0.2983558933095269,4775.394,0.17964738411757514,3.97,11233.097,179.055,2665.917,1636.319,0.15267914118117215,31956.966999999997,6806.006,0.04319132659181999,5410.596,0.02352608044942368,0.2579031958771272,0.23106767757771593,-0.24815122803089412,1,1
86434,2020.0,1711.951,-0.2379033366109629,-17.77730035134365,-1.5632294808980691,1.5618800317012187,0.25387429551148105,2621.544,0.8474736854546213,-13.77,510.212,56.022,187.277,-1497.702,-0.999136755535038,3919.014,3513.542,-0.3612488576065854,3647.123,0.04526251530983363,-0.0366264038805382,-0.512756358113835,-0.3414419683229857,0,0
86489,2020.0,9492.561,0.01568090160784817,24.742297605333466,11.188936630538473,1.2367116953221449,0.12613173530654795,7100.489,0.29737003491905356,24.77,10334.723,151.941,2680.661,1009.461,0.1105298685798909,24321.079999999998,8125.354,0.03694404610795083,7283.879,0.004176494481588066,0.11552566977018706,0.1682642996231302,-0.575549966508042,1,1
86779,2020.0,638.6,-0.14203331909440411,0.06258503401360543,443.8760869565218,1.875130866011571,0.7854541181999765,182.6,0.5446342868112881,0.06,20.2,-17.7,136.9,4.6,0.004224446689319496,1392.5,851.1,0.0029436232162283224,772.6,0.11165999488970275,0.10160497023039089,-0.24967688873222887,-49.251188641048984,0,0
86699,2020.0,5127.349,0.024736880357215857,16.961085439884027,11.55704336817139,1.6262533593341713,0.25235982387889233,3126.383,0.15881705549551017,16.32,4708.942,271.146,6489.981,748.798,0.14071534626346952,16784.147,4181.668,0.028438865429041005,1966.595,0.012173999458990472,1.1263493500186867,0.22614923040279633,-0.13017344454412658,1,1
85225,2020.0,4857.3,0.026681642702529807,11.070312500000002,12.345631616090328,1.7996461148069405,0.11883779418079209,4309.5,0.3915535807213482,10.72,2563.5,-805.0,554.9,425.1,0.14577189493176052,11882.2,4890.7,0.03403386573796085,4494.3,0.03153302096018452,0.08820060966112624,-0.00682928824094703,-0.21602668036709347,1,1
86563,2020.0,3936.623,0.21080894652434082,6.527299495932525,32.537192468699224,20.749222585206493,0.298096868996164,2245.751,2.1570756695023006,6.57,-75.099,12.225,28.583,261.575,0.6377078355843776,1192.72,3199.517,0.17635070176219234,2998.097,0.1889487303676208,0.06718261617285885,0.23038039804132945,0.1953961306522907,1,1
86607,2020.0,11550.604,0.045539115953388755,6.444387053709781,11.642689890392006,4.4257806590297495,0.30504459814168333,7914.485,0.6578603086498984,4.61,1384.24,793.298,1220.29,810.981,0.380133860877122,15687.264,11388.479,0.04684666064442875,11404.851,0.00834075866712799,-0.0014355294952999567,0.01423587820638735,-0.027911161074305878,1,1
86681,2020.0,617.762,0.007712274316619037,4.091463414634146,13.831236959761553,1.2692362145349472,0.8901169794677006,66.768,0.04820902138371446,4.2,220.094,35.539,307.735,146.278,0.09176592218233738,2247.655000000001,607.628,0.011605652191747227,547.64,0.011499566560306661,0.10953911328610047,0.016677967440604943,-0.33547256205875,1,1
86920,2020.0,1419.213,0.012367659052761696,-0.4701573088056803,-3.1266130983567515,0.6097805492955914,0.39745103582852415,543.46,0.3905711410349236,-0.53,-1533.147,-11.021,85.452,-314.925,-0.1950291034141937,2161.2830000000004,901.935,-0.1363741473503338,990.266,-0.06243798631782338,-0.08919926565185518,0.5735202647640906,-1.0906891760136195,1,1
86709,2020.0,10119.141,0.051951410428416375,4.846316435651852,13.767157156552004,3.190250763497801,0.3268225900310671,6722.217,1.396400778006072,4.74,2948.842,49.212,106.097,694.734,0.23172908736496198,6164.738,9985.803,0.09715063456662129,13201.995,0.06304091499268222,-0.24361409014319432,0.013352756908983658,-0.46524888221094873,1,1
86718,2020.0,1074.4,0.05287399835951795,2.7769686377318186,15.120804545454547,2.1705956667224355,0.3417090340242472,673.3,0.6949785961812869,2.78,515.8,9.2,103.0,85.8,0.14355027605822318,1302.3,1022.8,0.058299925256506076,1041.3,0.06443914081145585,-0.017766253721309903,0.05044974579585465,-0.09306919130882783,1,1
86818,2020.0,1415.826,0.08173703101728388,1.6930236195839201,42.054936018847876,4.0358106969857275,0.4155305546119643,461.116,0.5148426722422126,1.47,571.827,-8.111,349.055,64.941,0.09596520834503201,1012.6799999999998,788.948,0.042378455840031956,718.892,0.18007088932544912,0.09744996466784986,0.7945745473719434,0.9287401911438369,1,1
86890,2020.0,14294.0,0.03846802766998481,4.9432016438568604,37.042793960784316,15.075555681714546,0.810372662451231,2819.0,1.1299787169352387,4.91,9421.0,806.0,2987.0,1785.0,0.4069767441860465,8679.0,14866.0,0.1356795378534509,13691.0,0.08816742261478476,0.0858228033014389,-0.038477061751648056,-0.7164787831785322,0,0
86619,2020.0,2365.365,0.1836569339981408,9.46199690031476,24.69351897507253,-67.61320943587278,0.6197546243740121,915.097,0.9411592632931244,8.76,6467.932,-460.565,337.144,592.198,-2.738095348181301,2170.91,2406.596,0.23159376704842094,2419.929,0.15930403447311897,-0.005509665779450589,-0.017132497519317835,-0.20698671497604537,1,1
86892,2020.0,1739.732,0.13921998803328922,9.13658253072069,41.355725593188005,6.186246186972905,0.5381501715441535,577.231,1.1857271475831004,9.26,163.731,-71.729,36.67,110.041,0.14958620839654393,941.013,1249.824,0.10439758001701994,995.649,0.14481965332553984,0.2552857482908134,0.39198159100801383,0.33355570129683254,1,1
86847,2020.0,97.824,0.008299407409736085,0.04917330591964362,143.57383275261324,1.7206138235570445,0.40831152132984344,64.426,0.8619638701097196,0.05,-63.362,0.67,36.487,1.148,0.011984174208971425,85.636,108.885,0.00908788651224648,95.114,0.029335627099205376,0.1447841537523393,-0.1015842402534785,-0.08676154807257669,0,0
86821,2020.0,5744.0,0.07799145299145299,3.73972602739726,11.704065934065936,39.61004132231405,0.70509977827051,1596.0,0.7194894974740761,3.56,-42.0,335.0,2888.0,819.0,3.384297520661157,4208.0,5412.0,0.10888061685721882,6146.0,0.1337375586317355,-0.11942726976895542,0.06134515890613452,-0.28369754651805934,1,1
86856,2020.0,285.907,0.05107033229226707,2.8626243972504364,11.636175542971829,1.308330055851514,0.2201691984376175,217.82,0.900311044497091,2.86,127.517,24.337,31.014,27.902,0.11243643162823685,263.738,279.317,0.08993537365630389,172.149,0.07485535286530311,0.6225304823147391,0.02359326499998201,-0.43214410285949406,1,1
87091,2020.0,3236.7,0.10315137146709631,5.242013731384594,21.15599189220505,17.21999281327896,0.8891490099529523,333.724,0.6859454909925571,5.21,4655.018,-73.005,588.816,681.813,0.8139534606091283,3715.572000000001,3010.564,0.15534848388876912,2973.903,0.11208362692801413,0.012327570872351944,0.07511416465486201,-0.336000140555259,1,1
87143,2020.0,1478.899,0.005954362135199309,0.7477704333228412,21.81150694541883,2.1640395896809568,0.6226964958433255,687.859,0.33976189539924484,0.4,-426.385,244.998,747.516,213.81,0.09921550102412709,4513.412,1823.092,0.039846859541544,2051.661,-0.030161555784677028,-0.11140680648508694,-0.18879628674800844,-0.8505688477409031,0,0
86930,2020.0,3192.399,0.10540372644736677,5.230976784614827,12.926840011770205,2.5255227351121032,0.4450396677346003,1866.785,1.455418462061658,5.23,923.875,-13.931,32.286,288.865,0.195370464306246,2118.841,3363.817,0.12498285550118833,3203.878,0.14384546518654256,0.049920440166573085,-0.05095937145213313,-0.15665451853622755,0,0
52141,2020.0,20315.0,0.02343781624860007,5.7985927635787196,10.480128968824939,1.3711765122991968,0.155810546875,17289.0,0.289196096982363,5.72,12737.0,141.0,4273.0,2085.0,0.13083584337349397,65789.0,20480.0,0.029442083115636074,18747.0,0.02900155680742132,0.09244145729983463,-0.008056640625,-0.20393485214527035,1,1
86605,2020.0,487.267,-0.1717210800961696,2.293505150002249,16.42464155790671,9.417447052539849,0.25834842339982944,495.579,0.8625704006722837,2.13,154.209,-2.024,11.092,101.983,0.5733730638405532,727.97,668.21,0.13164651407755273,700.846,0.12256888199782068,-0.0465665781070306,-0.27078762664431844,-2.3044103848812054,0,0
87619,2020.0,3109.736,0.022885107332594547,1.061215766154212,38.82339606516265,2.854189993189055,0.7394974474990021,747.318,0.3615785277871433,1.06,2138.007,259.552,941.009,285.501,0.07351726748475262,6946.643,2868.755,0.03598461048843738,2815.241,0.03119421704671032,0.019008674568180884,0.08400194509464899,-0.3640307058499906,1,1
87590,2020.0,36.347,-0.22628624548607384,-0.6393180993833878,-3.4880914558039255,1.353911032812156,0.4283609915529266,24.836,1.2480108005630082,-0.64,-50.535,-8.541,12.653,-8.813,-0.38815238934155477,19.568000000000005,43.447,-0.25315255795248903,42.6,-0.30747264350163184,0.01988262910798125,-0.16341749718047277,-0.10612696424524133,0,0
87607,2020.0,6069.9,0.033331492017897583,10.864437415273384,9.954496111134219,2.123316151812488,0.9334214902526496,332.3,0.28448069491467465,10.77,4573.0,1356.3,2787.3,2404.3,0.2133022232473962,14683.3,4991.1,0.1370393169408251,4131.2,0.005569950975818087,0.2081477536793185,0.21614473763298656,-0.7567742399628973,1,1
87679,2020.0,990.533,0.044077327327327324,2.5164938737040528,20.576247191011237,4.293569789896688,0.4965158856753042,501.878,0.7769187002642183,2.58,809.12,17.271,182.657,82.77,0.20866632044410607,1067.669,996.81,0.06451135203385736,875.059,0.05934337315881194,0.13913461835144827,-0.006297087709794174,-0.31675083628390993,1,1
7088,2020.0,1908.5,-0.24488665585314714,-2.8753760598049047,-7.449460367786938,-0.9619881264330167,0.6349884906280829,888.0,0.8162115010400591,-3.11,-2260.1,17.0,104.3,-157.7,0.1291352767769407,2624.4999999999995,2432.8,-0.052908810306649665,2576.0,-0.09752055157783081,-0.055590062111801175,-0.21551298914830655,3.628466496105837,0,0
87705,2020.0,3495.644,0.03493832039198326,3.1506055973659457,16.27940991499566,1.622537629768646,0.16697286373362685,3055.641,1.8418180795692252,3.22,1163.957,107.294,168.729,107.171,0.09966808614322423,1565.598,3668.117,0.05381221084428698,3683.593,0.10480555333321559,-0.004201332774820579,-0.04701949256253288,-0.3507362019917359,0,0
87757,2020.0,1345.769,0.05294626312538604,0.005062525973780649,2006.9032835820897,4.781399615959036,0.1668760094580363,1174.015,3.175935253987465,0.01,-165.621,54.002,274.621,0.134,0.0023824763530332126,132.005,1409.172,0.00030200381786916027,1547.495,0.01053060958916108,-0.0893851030213344,-0.04499308813970191,174.31653572778475,0,0
118991,2020.0,6.914,-0.4650204260285964,-2.3730009262117937,-1.171512395672736,-2.7902945414542693,-11.348694060888372,74.228,0.056957407495143796,-2.89,-1018.322,-5.143,90.834,-153.723,2.381788320602408,12.302999999999997,6.011,-1.4566068129056713,5.945,-0.2503674776771023,0.011101766190075666,0.150224588254866,-0.6807508917928488,1,1
87649,2020.0,1107.897,0.029677817055341966,1.111719446019276,21.25536265881804,3.441941462378784,0.2703783608962652,924.945,0.6343764949848575,1.11,,-2.723,2.441,68.632,0.16193285043531608,1961.822,1267.705,0.03434436844833833,1344.413,0.036423965554904604,-0.05705687166071741,-0.1260608737837273,-0.1358753007793959,0,0
87867,2020.0,1605.1,-0.0880965990282938,-0.9059717892942838,-8.294960272277228,0.9929374666666667,0.02673418272895563,1787.5,1.224644928985797,-0.91,-1766.2,0.0,39.7,-80.8,-0.1197037037037037,1362.9,1836.6,-0.05387744215509768,1893.2,-0.04305691056910569,-0.02989647158250588,-0.12604813241859958,0.6351295737961907,0,0
94807,2020.0,62.898,-0.09601966614655401,-1.2317023857662759,-2.662980958634274,-0.6920827052700435,0.8303622035726693,9.278,1.204903947832217,-1.23,-340.829,-20.016,18.612,-18.276,0.25989021927703987,20.285000000000007,54.693,-0.4026260133944307,34.24,-0.4327918731903617,0.597342289719626,0.15001919806922287,-0.7615164868831047,1,1
87952,2020.0,29.599,0.06443595476350691,0.4633859691417551,15.429901801391688,2.9611561790180465,0.6699745547073791,14.267,0.45143167435934917,0.46,37.604,3.871,31.553,15.377,0.1919102413698425,62.114000000000004,43.23,0.16057517595706022,41.281,0.20945303908693935,0.047213003560960205,-0.3153134397409206,-0.5987178318226606,0,0
112543,2020.0,0.0,0.36583238036853216,2.901593767174215,11.13870603309008,2.8562212629311454,,0.0,0.0,2.9,-660.68,2.12,259.067,89.755,0.2564230759341422,131.743,0.0,0.229664031114864,0.0,0.02910687254011505,,,0.592902373927091,0,0
7308,2020.0,31851.0,0.02309787263197561,10.262230919765166,13.345051487414187,1.348753999151987,0.24245132460900096,23734.0,0.2845026425237464,10.01,37617.0,121.0,9197.0,2622.0,0.10106772539798789,95943.0,31330.0,0.023809956230362687,29917.0,0.024205386010188713,0.04723067152455126,0.016629428662623683,-0.029906967971617786,1,1
88373,2020.0,515.872,-0.043337411839001236,-1.5776199943197955,-0.652882191978109,12.335476190476191,0.2863514346470135,427.225,1.6391372918389364,-2.16,-197.571,8.081,66.286,-55.548,-18.89387755102041,237.73999999999995,598.649,-0.15209379500687253,567.81,-0.12357915185173302,0.05431218189183012,-0.13827301139732973,-0.7150612762536237,0,0
88457,2020.0,2461.275,0.07585684694438574,5.796362663813854,19.09128300250085,2.778497550938728,0.36042328932889084,1504.743,0.8453456560965988,5.89,1272.606,57.304,369.373,216.726,0.14553749743140681,2395.423,2352.717,0.07787098178964638,2027.877,0.0633053131807924,0.16018723029059462,0.046141546135808086,-0.02586502441566027,1,1
88426,2020.0,1045.9,0.23479564189773447,0.4011184324605514,267.9757181454663,15.57223915606753,0.29693041504300915,554.08,0.6034172000857554,0.4,-1131.287,-31.706,670.524,37.012,0.05811063503751631,589.302,788.087,0.02833910140577624,451.24,0.021256586359979502,0.7464918890169311,0.3271377398688217,7.285218311469715,1,1
129266,2020.0,4667.9,0.039262478334045066,1.7223095051060486,35.64980615735462,3.0555383983893973,0.6045457488829891,1832.1,0.2767380877003303,1.73,924.9,676.1,161.8,438.5,0.08570981802544907,16542.399999999998,4632.9,0.026193021963909185,3421.1,0.006406953282632314,0.35421355704305624,0.007554663385784283,0.49896710613017503,1,1
88478,2020.0,4735.94,0.03848304059130574,3.911780958169862,11.887168657254051,1.4515145843916266,0.17653270387326891,4784.219,1.7051030293816651,3.86,1065.89,49.894,181.62,141.583,0.12210767982212915,3092.012,5809.847,0.04155248876759479,5506.19,0.04343854936198792,0.05514829673512904,-0.18484256125849788,-0.07386917769129635,0,0
88511,2020.0,15.141,-0.3780277764729829,-0.4708096387513807,-6.563162148070908,4.138851702171381,0.5686274509803921,1.782,0.04025099628767137,-0.48,-526.636,-30.584,54.246,-46.032,-0.6306185355161311,43.272,4.131,-0.448519453186659,0.0,-0.24223613437968436,inf,2.6652142338416844,-0.15716526053183197,1,1
89245,2020.0,1681.297,0.07303769490909152,5.263897636876852,48.901026911443736,6.390491440412419,0.9202278262567518,120.926,0.31327286626036116,5.36,3305.325,94.955,872.382,451.295,0.13068215217617296,3952.207,1515.892,0.09326421551071559,1293.636,0.12840772280404805,0.17180721624939324,0.10911397381871529,-0.2168733258609798,1,1
90085,2020.0,207.338,0.006534048169372376,1.0293272649694212,20.294808765821035,1.2306294176198727,0.5680053985848681,108.187,0.039411059318966525,1.01,575.877,8.232,155.488,36.186,0.06063764541070249,1839.8660000000002,250.436,0.00569458301728235,231.233,0.008114447760948443,0.08304610501096298,-0.17209187177562335,0.14741468331260682,0,0
88925,2020.0,732.265,0.006594325786048217,5.117134284787545,11.516211363690386,0.9802344686283727,0.20895310456820299,612.809,0.07391848977014383,5.09,1330.024,-1.758,96.684,126.209,0.08511779071014333,10336.639000000001,774.681,0.012042606796087787,719.626,0.009537983430330408,0.07650501788428998,-0.054752859564130334,-0.45241708064482533,0,0
88930,2020.0,1017.517,-0.03825621999399101,-1.1361072375281096,-70.10781849546073,11.762416931040242,0.6798810159943734,291.751,0.9254385608623779,-1.14,397.691,-46.059,68.363,-90.433,-0.16777610804994342,898.9739999999999,911.383,-0.09182767878539255,891.581,0.010805523976823644,0.022209984286340804,0.11645378507169873,-0.5833911898895063,1,1
89429,2020.0,1027.653,0.03757632936914994,3.69396767584794,43.01607754689541,2.3861452372650764,0.5111905385117591,487.41,0.5572440717823995,3.73,153.052,108.26,454.871,81.138,0.05547100929097361,1287.034,997.137,0.04534348790214418,634.185,-0.009434513184297203,0.5723124955651743,0.03060361815878869,-0.1712960094679208,1,1
89363,2020.0,0.253,-0.27930986081971576,-0.3430573280284263,-3.9643519869288673,2.0106425955384557,-157.48043478260868,72.901,0.0027791707196239664,-0.36,-1079.88,3.07,139.595,-68.548,-0.5071806444452666,24.740999999999985,0.46,-0.41414477062779054,1.066,-0.14581399365298678,-0.5684803001876173,-0.45,-0.3255743386634637,0,0
89046,2020.0,1949.248,0.07824279481511573,1.6598335090021297,23.86986392618319,4.400718156275087,0.2438498659125974,1242.887,1.1938686275592174,1.66,666.984,27.354,105.579,77.164,0.18436293436293438,1206.769,1643.704,0.05604639203711828,1509.171,0.033965602916241504,0.08914364243680796,0.18588748339117026,0.39603624731628156,1,1
79116,2020.0,1568.856,0.04202511948235336,3.7021181339727196,24.11052180666522,7.601241017159957,0.6659424603853462,585.818,0.2951688686795749,3.71,-707.723,4.694,26.188,372.111,0.31526654952190364,5899.9929999999995,1753.644,0.06263277090060772,1627.222,0.06716306084462999,0.07769191911122147,-0.10537372465563137,-0.32902346681989775,0,0
82558,2020.0,1802.533,-0.032941341547884966,1.4575012528664064,14.607191560302162,2.1914874615843956,0.38493485612179634,1594.41,1.0672303642461267,1.35,1032.819,73.833,284.613,95.975,0.15002798125412292,1911.588,2592.262,0.03951276306504589,2526.5,0.008548967532841581,0.026028893726499178,-0.3046486041920146,-1.8336886360910005,0,0
89683,2020.0,2675.5,-0.010265321843816622,-3.8026315789473686,-16.780484429065744,2.4966630915097174,0.38601952310435494,2031.6,0.5140438092279012,-3.81,1124.3,0.4,34.7,-346.8,-0.14878373160581748,6182.2,3308.9,-0.053876029206151935,3485.9,-0.03790566183874216,-0.05077598324679423,-0.191423131554293,-0.8094640233314659,0,0
90468,2020.0,3125.384,-0.03439649196265832,0.6268594909693244,26.09835255856497,0.9701258582748558,0.6415943040617729,1298.53,1.0206802613767778,0.61,2204.859,-53.565,673.568,39.358,0.03717191941897035,2656.178,3623.073,0.011087806877550416,3590.109,0.031246319049393588,0.009181893920212434,-0.1373665393990129,-4.102190752645702,0,0
90402,2020.0,149.599,0.2644367174670989,-0.012268416242487337,-383.09753330044396,14.24841651376147,0.6102983917845378,48.27,0.9330551182288646,-0.01,-279.529,-4.691,45.721,-2.027,-0.037192660550458716,74.125,123.864,-0.015269188179373413,63.554,-0.0738017830238907,0.9489567926487711,0.20776819737776903,-18.3183219933275,1,1
90227,2020.0,778.51,-0.05463818074727399,2.362421014152175,16.06826208055175,2.504059913120464,0.15987601704765603,975.762,1.083357274243436,2.23,223.225,-6.83,22.394,45.238,0.15583887669788865,1026.268,1161.45,0.04219632043757765,1116.948,0.0730966599386857,0.03984249938224514,-0.32970855396271903,-2.2948565225752793,0,0
90320,2020.0,1419.657,0.09189448702370552,1.6218268090154213,15.279066705675833,1.2699464713982183,0.3246039211844956,799.827,1.5384477479314953,1.54,784.942,4.322,66.632,27.344,0.0831167567929042,579.165,1184.234,0.035522806488784156,1008.682,0.052046917491507416,0.17404097624424736,0.19879770383218184,1.5869151710386384,1,1
90991,2020.0,1896.577,0.006499223793170516,6.15158590155996,11.52548320621203,1.1495491903259727,0.785699101534973,384.087,0.04894184781274509,6.11,1864.952,-105.724,2451.036,355.697,0.0997397826848931,4062.4089999999997,1792.279,0.009713034879865239,1526.359,0.010983122370026497,0.17421851608959626,0.058192948754072334,-0.3308760986081532,1,1
90334,2020.0,20443.9,0.04103508665982245,5.374606894000124,9.34393919229004,1.4577535261688264,0.14907633502161402,19723.9,1.6624757041319114,5.28,2473.0,-11.3,28.1,435.8,0.1560105964058137,13275.800000000001,23179.4,0.031256499817108596,22785.1,0.04319317712870833,0.017305168728686857,-0.11801427129261326,0.3128497080585279,0,0
90373,2020.0,1869.719,-0.18397468721120716,-0.5423656909252189,-12.463915238569294,-0.4487088615372012,0.20437934055763962,2307.393,0.9730848868230497,-0.56,-1549.929,392.656,485.463,-28.126,0.036000634868623156,2037.1760000000002,2900.117,-0.009437200473906775,3364.93,-0.11271979636891528,-0.13813452285783054,-0.35529532084395216,18.494625309686363,0,0
90338,2020.0,6090.0,-0.25601772585356025,-15.794779300676105,-1.5859670795734209,1.2427962651067113,0.16251916499587216,7101.0,0.6448399117803635,-15.96,-733.0,-256.0,1171.0,-6095.0,-0.783620467986629,11263.0,8479.0,-0.4635333485436155,8453.0,-0.0015659729238229946,0.0030758310658937655,-0.2817549239297087,-0.4476821858493087,0,0
90344,2020.0,26514.267,-0.036132992187133416,-5.388760730628143,-1.8297342362889926,0.34449755594181297,0.14235579182709854,18342.495,2.9782999917142052,-6.84,1006.566,21.952,42.35,-284.99,-0.18827737335259775,5661.758,21387.068,-0.03968686659801294,10226.683,0.05588516268664368,1.0913005712604955,0.23973360911369435,-0.08954787100923357,1,1
90377,2020.0,21.999,-0.43165767338517697,-0.24005058795038076,-18.496101333931176,3.3045686133141072,0.6604967686213777,22.799,0.9213060776512553,-0.24,-195.361,-11.02,13.132,-8.921,-0.17866298165505085,55.751,67.154,-0.12238990259294827,62.402,-0.4826079778519996,0.07615140540367288,-0.6724096852011794,2.526905931290836,0,0
90535,2020.0,1568.323,0.06909242878038588,5.117185185185185,12.237196375322082,1.7389256291847084,0.24630698487286604,1197.169,1.7472019429927852,5.18,409.228,6.415,86.231,69.082,0.14210163634306636,612.547,1588.404,0.07598835348301035,1372.673,0.08037669899948868,0.15716124670624396,-0.012642249704735006,-0.0907497581740112,1,1
90441,2020.0,9601.482,0.059448309773330536,3.128641557460735,10.880121412063424,1.7914571888845325,0.17358677135986078,8648.407,1.2645345777701518,3.06,4419.289,552.974,1643.634,671.103,0.16465415421727184,6118.786999999999,10464.991,0.08109256364819446,11821.839,0.1633502575366749,-0.1147746979129051,-0.08251407000732251,-0.2669079987255507,0,0
90454,2020.0,448.984,0.01550717303769842,-0.5133018665522421,-81.2387460815047,4.917860938211629,0.5739066963831257,196.726,0.7223496464109144,-0.52,113.29,-71.104,69.154,-9.57,-0.060535904053438595,569.501,461.697,-0.014972776769509984,357.575,0.043504825697830984,0.29118926099419706,-0.027535374932044224,-2.035691193184464,0,0
90460,2020.0,1824.655,-0.07022324824023922,0.7831602476770083,26.15045906728195,1.7495554847796588,0.26350521198635934,1827.111,0.37601621549277997,0.18,,46.105,56.405,95.999,0.06690343294847198,6322.499,2480.82,0.014550503733076717,2912.77,-0.0009376344232066604,-0.14829526533162585,-0.2644952072298676,-5.8261729991247835,0,0
90745,2020.0,2256.107,0.000689975281649555,-0.0034112668350845575,-10529.812452830189,1.1008652486676362,0.4478178516029963,1275.12,0.4728297324989127,0.0,239.325,42.608,304.309,-0.212,-0.00010454746972931575,4395.9580000000005,2309.238,-4.3408216602086705e-05,2068.258,-0.017271530797103765,0.11651351040344099,-0.023008022559822705,-16.895038673770042,0,0
94474,2020.0,9437.0,0.1020248110651647,6.451127819548872,16.55369463869464,2.5178283992199963,0.38273362671498834,4769.0,0.6015728412364713,6.21,8135.0,1057.0,1192.0,858.0,0.15210069136677895,11300.0,7726.0,0.06680682083625321,7531.0,0.06689084795055894,0.02589297570043819,0.2214600051773233,0.5271615949998955,1,1
90624,2020.0,13124.3,0.05951582490730312,11.702586206896552,12.561325966850829,2.3236356203583837,0.15417393294246695,10718.9,2.0829895297424352,11.7,1401.1,52.4,84.0,271.5,0.18498330721537098,5874.599999999999,12672.7,0.044625980045694374,11821.4,0.049349925705794946,0.07201346710203539,0.03563565775249146,0.3336586635489557,1,1
104379,2020.0,39.321,0.008201132288903899,0.8938376340285142,12.004417347745848,1.5702574404248715,0.9158773893576717,3.908,0.04854747371512114,0.9,57.015,-1.342,218.995,15.172,0.13080663516915544,-80.43799999999999,46.456,0.015855051472486177,41.049,0.015022645966274336,0.1317206265682478,-0.15358618908214233,-0.48274325673835816,0,0
1299,2020.0,1348.987,0.0016759222046675247,0.3770656497314142,118.1757076831059,2.1525435808552262,0.17753137186863951,1111.656,1.120092583538163,0.38,975.226,8.883,232.293,18.391,0.018214772080124793,918.497,1351.609,0.015240814987063828,1361.188,0.046899621025393544,-0.007037235121085535,-0.0019399101367332148,-0.8900372318612868,1,1
90733,2020.0,901.821,0.01870917539038236,1.8435236190763657,45.510672676944175,2.0716715228332996,0.4023334659391162,503.292,0.09461641641088286,1.87,-58.467,-94.69,76.344,195.443,0.04552056475936937,8404.902,842.095,0.021959655707007142,746.739,0.03327642930643662,0.12769655796737547,0.07092548940440212,-0.1480205500484045,1,1
90737,2020.0,114.249,-0.270338504618025,-0.49375220907748923,-8.546797203975071,10.672860197714366,0.6692473393477937,31.016,0.5664904702932915,-0.51,-849.997,5.834,85.718,-71.244,-1.2487555212788333,57.63199999999999,93.774,-0.43038632313408043,76.051,-0.3521595497369387,0.23304098565436349,0.21834410390939912,-0.3718701313521873,1,1
90796,2020.0,124.179,0.01392941908875141,-0.21542885164051354,-80.76912571132954,7.026974282345105,0.6959949087823505,35.827,0.7690651143972121,-0.22,-378.658,8.692,69.718,-9.665,-0.08700074713523147,77.175,117.85,-0.0630718229159869,90.857,-0.06855732207702483,0.2970932344233245,0.05370386084005098,-1.2208501109490004,1,1
90800,2020.0,3532.157,0.08641429619387325,1.64136939457527,22.615262671938254,2.6378770973889902,0.45748434197961946,1937.937,0.9174964156794695,1.63,-4666.497,158.727,1014.059,253.434,0.11664145297158776,2534.468,3572.131,0.06509413753619638,3094.286,-0.09175772383131954,0.15442819442029593,-0.011190519048713416,0.32752809184731185,1,1
58929,2020.0,4921.943,0.04741118369626078,1.7495396280917133,17.764673346610667,3.3645738096122235,0.20495366628455206,3569.7,0.910540109132744,1.75,1881.56,131.005,203.824,193.814,0.18939688582870298,4000.1820000000002,4489.927,0.0393047416386622,4448.875,0.04891452699914004,0.009227501334606992,0.09621893629896446,0.20624590620956185,1,1
90776,2020.0,20089.959,0.03467342470995923,5.447802012496858,16.02664704035082,3.7779449066365953,0.15725128834948007,18055.147,1.0162191465760042,5.39,2338.346,61.013,539.254,888.433,0.23572896421345893,19805.784,21424.117,0.04214141591226183,19145.59,0.04500582251172103,0.11901053976398733,-0.06227365169822399,-0.17721263134230966,0,0
90977,2020.0,0.0,-0.9005854981885614,-0.6902380131079684,-2.2890654672663664,3.8672914555893283,-11.770104633781763,42.716,0.07227744165946413,-0.69,-2275.556,-5.295,33.666,-40.02,-1.6894630192502536,12.614000000000004,3.345,-0.8647363872082974,26.29,-0.3263870335737822,-0.8727653100038038,-1.0,0.04145669305763663,0,0
90992,2020.0,2482.7,-0.0006899126009217914,6.395105217535642,24.637593071645483,5.409486105640947,0.2904910314463899,1951.227,0.5904478766833001,6.49,851.664,686.427,1486.023,346.749,0.2195622798830349,3089.8999999999996,2750.109,0.07444694402733043,2536.629,0.07011145219057828,0.0841589369198255,-0.09723578229081106,-1.009267171539889,0,0
90972,2020.0,250.959,-0.11833079021193639,-3.2361920985389503,-1.5666560715876423,0.5068173690932312,-0.02439434502222164,310.707,1.199903472230464,-3.24,38.442,-20.754,69.621,-49.394,-0.3235026361463143,121.61399999999999,303.308,-0.19540543641233182,221.247,-0.07889581478183437,0.3709022043236743,-0.17259353528426546,-0.3944345030286544,0,0
91266,2020.0,3372.772,0.09768823887921771,3.5633270487903723,33.286307536734256,5.30195076172278,0.5596590449243598,1360.2,0.6241816250784022,3.58,1223.709,601.406,2548.271,404.459,0.15928323548268697,2334.877,3088.97,0.08172817343567128,2668.394,0.07867826677177937,0.15761390559265237,0.09187593275428384,0.19528229706624597,1,1
91783,2020.0,7447.4,0.022913397410749315,5.289640785823992,15.957605330444203,3.491577308932296,0.22127848752866308,6656.2,1.2623464083175804,5.29,1834.6,-171.1,444.7,461.5,0.21880333775839184,5385.5,8547.6,0.06815630907372401,8678.2,0.028326588907403,-0.015049203751930165,-0.12871449295708745,-0.663811058401591,0,0
91072,2020.0,2144.0,0.017333591081899608,3.8494817326199433,9.93640252293578,1.2114853187919463,0.8219373219373219,250.0,0.06034556864093527,3.85,304.0,24.0,426.0,218.0,0.12192393736017897,7694.0,1404.0,0.009369895985558326,1122.0,0.010091198532189304,0.25133689839572193,0.5270655270655271,0.8499235326214507,1,1
91140,2020.0,246.322,-0.03234034596203159,-0.8063693358660852,-17.082742841659385,1.5908702125205216,0.9517468876519348,10.81,0.1673109352898387,-0.81,-290.336,-13.734,407.664,-90.419,-0.09312732898143818,921.7730000000001,224.027,-0.06752796519157032,231.201,-0.11604629891525947,-0.031029277555027907,0.09951925437558873,-0.5210821787642327,1,1
91098,2020.0,386064.0,0.06641137004000686,23.269076305220885,79.41183293061788,14.827978085723494,0.4639065741724357,150386.0,1.245391745986646,23.46,30234.0,4237.0,55297.0,11588.0,0.1867225265871737,122768.0,280522.0,0.051445517829237106,232887.0,0.06193128719689145,0.2045412582067698,0.37623430604373276,0.29090682419498315,1,1
105517,2020.0,714.105,0.009221397729417173,2.350482193029084,13.137729820537254,1.4916942309432337,0.8532716578011892,96.462,0.050899518860924295,2.31,60.037,187.941,515.206,185.721,0.11354276966568279,1503.565999999999,657.419,0.014379124336792398,592.508,0.013211521783807962,0.10955295118378139,0.08622507107339465,-0.3586954592344652,1,1
139185,2020.0,4015.307,0.10158748841994773,2.9166848418756817,27.644399162491585,2.1530246944497184,0.5342604721436949,1508.596,0.4937201650682048,2.86,2.288,4.23,715.839,334.325,0.07788285365850818,5597.889,3239.141,0.050958878970204624,3090.325,0.02292087636001504,0.048155452905438836,0.23962093653842167,0.99351890137429,1,1
91214,2020.0,4400.8,-0.015353407290015848,5.300689655172414,12.607793390580275,1.7991069770895993,0.6189811357511608,2347.0,0.8461379964010496,5.07,5875.8,1003.3,2117.7,384.3,0.14269800601537264,4915.4,6159.8,0.05278918666465199,6313.0,0.07250790872989163,-0.024267384761603013,-0.28556121952011426,-1.2908437932099566,0,0
91208,2020.0,2752.314,0.03818005712613291,3.36930034239938,40.916506689880244,3.8907141647280876,0.4076847232160818,1796.202,0.14247232956877187,3.31,-808.858,52.695,691.886,521.534,0.09508910900476181,20215.466,3032.51,0.024502528904874137,2728.256,0.028773364687255342,0.11151959346923469,-0.09239738698306035,0.5582088393552712,0,0
91255,2020.0,702.051,0.003057830185467121,2.6840654723893387,12.147617237881766,0.964026092694304,0.8494236144389438,84.525,0.047668344767311716,2.62,417.574,123.444,329.558,159.718,0.0793592746475444,2547.9450000000006,561.343,0.013562995689882108,478.979,0.010736993539087697,0.17195743445954828,0.25066314178675086,-0.7745461065251064,1,1
91272,2020.0,733.555,0.00887571359152184,0.3890105314061576,24.755113865916197,0.8436096919788351,0.3332291540598663,501.351,0.28955983503874677,0.39,380.63,-16.898,262.561,57.919,0.03407819881371459,2265.1150000000002,751.909,0.022304582184292477,739.818,0.012181128153578137,0.01634320873512135,-0.024409868747414968,-0.6020677043763514,0,0
100892,2020.0,874.97,-0.024622965893711667,0.640607105716956,15.672632898386931,1.404667893841687,0.5274520059866284,456.238,0.31044783318193875,0.7,-2246.264,-1.925,3.685,97.33,0.08962552131149956,3046.075,965.485,0.03129607151182887,904.441,0.008251861399443294,0.06749362313296277,-0.09375080917880649,-1.7867749753960334,0,0
91299,2020.0,197.323,-0.03601199482791823,-0.18586653133722408,-516.1768464163822,4.898804643569743,0.48397616194226367,63.296,0.5018369718194613,-0.2,-135.931,75.641,89.03,-1.465,-0.009490554792568216,148.794,122.661,-0.0059936831080417636,127.446,0.03739166006187201,-0.03754531330916621,0.6086857273297952,5.008324794415758,1,1
91410,2020.0,532.344,-0.2440784246671256,-1.6705725002180676,-8.29655701754386,7.497789766739544,0.6355075890165988,162.65,0.6368982117803554,-1.72,-434.846,-128.272,181.228,-172.368,-0.9037230444972238,479.152,446.237,-0.24601472080566225,352.586,-0.16241914642047892,0.2656117940020307,0.19296248406116037,-0.007870651529288864,1,1
98544,2020.0,8.634,-0.3390598394551204,-1.8537990637378468,-3.2365967365967365,3.6161470013745203,0.6892337536372454,3.204,0.3086456711771045,-2.02,-283.258,-4.915,21.548,-15.444,-1.117268320914418,10.853000000000005,10.31,-0.4623398395401748,12.629,-0.38183783184614534,-0.18362499010214578,-0.16256062075654704,-0.2666436883476533,0,0
97101,2020.0,1905.485,0.014600269861146868,1.5859978504735674,10.95840072848173,1.5034610375602235,0.2792674670278878,1427.547,0.5223844303414547,1.59,-446.252,44.956,119.093,188.886,0.13719712162492945,3597.386,1980.689,0.04981655651617998,1835.766,0.04355082256008491,0.07894415737081958,-0.03796860587401665,-0.7069193279867743,0,0
91360,2020.0,16589.9,0.028114413439038873,10.384093113482056,16.765065383896882,1.7534513784412182,0.061290537835313,16881.0,1.3152728815294823,10.98,3160.5,17.9,652.1,535.3,0.1045895937945722,10485.300000000001,17983.2,0.039151295291312546,16318.4,0.048326766744800756,0.10201980586332,-0.07747786823257258,-0.2819033641199272,0,0
91385,2020.0,307.865,0.03154335822023051,-0.7806656877141459,-65.90529186782871,9.05633481238961,0.5695719048048087,133.765,0.962726608096554,-0.8,-78.554,-2.696,136.717,-15.949,-0.13741437987334684,179.932,310.772,-0.049407690115364125,333.016,0.0328778525352015,-0.06679558940110994,-0.00935412456720677,-1.638430133984782,1,1
25114,2020.0,1424.636,-0.05210914591754625,1.607849102525099,11.008495742667927,0.9035999318484486,0.8076300224352438,282.957,0.05099004191416805,1.61,799.915,740.119,1362.756,354.095,0.08208205307707732,5002.549,1470.9,0.012275014543203028,1345.523,0.01173962772748598,0.09318086721668838,-0.03145285199537706,-5.245139240702598,0,0
136201,2020.0,1515.093,0.007242970090011184,3.1163361205168956,48.226505161154414,8.956731159679922,0.28980556416363196,1464.433,0.6191462338083484,3.1,323.179,-7.286,48.245,180.386,0.18572216937034886,3250.5750000000003,2062.017,0.05416313858312165,1903.182,0.06258393396046279,0.08345759890541199,-0.2652373865006932,-0.8662749190781156,0,0
91441,2020.0,16.6,-0.09356104315716594,-0.12126195525165535,-13.606905781584581,2.7084286424664343,0.46655600915167555,11.891,1.0834548459220374,-0.12,-72.052,0.005,5.433,-2.802,-0.19904809263337359,14.196000000000002,22.291,-0.13619130941965588,21.056,-0.24569390341202424,0.05865311550151973,-0.25530483154636396,-0.3130175225140856,0,0
91458,2020.0,1009.528,0.03169360465756891,3.4144844827150833,26.908893704193996,1.3942413806382863,0.38934933861547366,738.033,0.0946710563419999,3.1,1056.234,-37.683,241.43,270.434,0.051813403998135416,12357.984999999999,1208.601,0.021183395058247016,1236.66,0.019391032704124532,-0.02268934064334576,-0.16471358206720008,0.49615321672576324,0,0
91678,2020.0,3329.188,0.04714378404478445,2.3966403615049607,25.214463117049913,2.3145036125871794,0.1808932485255518,2640.733,2.4868024106552626,2.4,392.951,9.322,119.752,73.191,0.09179269857315035,890.44,3223.918,0.056456632965934415,3166.702,0.06110530158041158,0.018068008925374062,0.03265281561131517,-0.16495579760786094,1,1
91775,2020.0,124.959,0.37603700168856913,-0.08909806816783561,-53.536514293605855,3.9644307862226937,-0.06712287787001713,28.537,0.13467562422569826,-0.09,-123.032,-19.41,160.987,-7.241,-0.07405096948376011,34.525000000000006,26.742,-0.03646646455082944,477.054,2.073337134543167,-0.9439434529424342,3.672761947498317,-11.311857930851048,1,1
101282,2020.0,3044.0,0.08495145631067962,3.5749385749385745,5.174914089347079,3.9114285714285715,0.16317228805834094,3672.0,1.558792184724689,3.49,-190.0,-7.0,108.0,291.0,0.7558441558441559,2097.0,4388.0,0.10337477797513321,4178.0,0.04292002934702861,0.05026328386787937,-0.3062898814949863,-0.17821873019050471,0,0
92073,2020.0,5652.0,0.1544771018455229,4.3133333333333335,23.353168469860897,-3.769835329341318,0.5347507593353582,2604.0,1.0699675014337602,4.23,-8016.0,294.0,743.0,1294.0,-0.16142714570858283,4315.0,5597.0,0.24737143949531637,5688.0,0.37336561743341407,-0.0159985935302391,0.00982669287118099,-0.37552571889186215,1,1
91859,2020.0,304.376,0.0011967457647757197,-3.5357000625817827,-14.240461325566804,2.66573275862069,0.5774332116458767,163.789,0.7961617937647122,-3.58,95.48,24.851,158.504,-62.147,-0.18719426974143955,314.62,387.605,-0.1276533248980162,408.427,0.00973838702285854,-0.050980958653566,-0.2147263322196567,-1.0093749674419512,0,0
91863,2020.0,1522.598,-0.12311347770906225,4.982666032220787,11.97551664392906,3.732371984846101,0.3503055327324424,1215.362,1.5834363892916608,4.71,94.67,-0.649,68.487,73.3,0.31166688635001083,899.795,1870.667,0.062045188873850195,1938.084,0.13886329063085415,-0.03478538597914236,-0.18606678794248255,-2.9842550235341476,0,0
92114,2020.0,648.006,-0.012793526958133787,2.1997591943957966,13.328731651490275,2.7719609249958608,0.30933385052202733,573.342,1.378473254302078,2.17,115.07,-11.689,69.403,60.291,0.20796884485898778,452.1049999999999,830.129,0.10011640476977263,866.199,0.09623980597620456,-0.041641701271878565,-0.21939120305398324,-1.1277865199769583,0,0
92069,2020.0,1166.044,0.05932169318926231,3.566686849782573,31.57832597691215,3.708626204626564,0.4118279524411753,695.287,0.9345787373187947,3.58,382.814,11.502,96.316,64.796,0.11744214076889478,1075.048,1182.115,0.05122764186505427,1089.286,-0.02319599328178668,0.08522004322097222,-0.013595123993858392,0.15800163797368785,1,1
92189,2020.0,16207.106,0.09844393496593679,4.277163719930315,18.283143952524235,6.313880160169507,0.17549610346720482,12622.749,3.298709346571688,4.21,4068.685,69.243,447.858,576.968,0.34533886384993384,3130.367,15309.508,0.12431815145677926,16631.172,0.15008881034789623,-0.07946908371821294,0.058630100980384216,-0.2081290317435098,1,1
92180,2020.0,774.072,0.0474928701161004,4.0011848553937845,25.84984291854737,-245.049606141806,0.4767630648893991,583.315,0.8039536386398514,4.0,964.283,7.124,33.766,222.878,-9.479732890987197,1279.4569999999999,1114.82,0.1607287087357356,1041.304,0.19005683565097464,0.07059994007513641,-0.3056529305179311,-0.7045153259198612,0,0
92345,2020.0,364.973,-0.02672754375540753,0.04796430563301729,978.0189534883721,1.5423040778361805,0.36599759887754757,262.988,0.3437908442562149,0.05,1037.46,-19.154,398.946,1.72,0.0015769674732121818,761.295,414.806,0.0014255344718270462,384.626,-0.08024670652657,0.07846583434297216,-0.12013567788315495,-19.749138855374003,0,0
92673,2020.0,10851.8,0.056293472707981296,9.340777324457806,10.705747126436782,1.4834753523930875,0.15079127850014104,10227.7,2.1621844817062223,9.35,1395.4,9.3,23.8,174.0,0.13856812933025403,5018.9,12043.8,0.03123765753473843,11600.283,0.03154761726228861,0.03823329137746035,-0.09897208522227205,0.8021028832068817,0,0
93593,2020.0,3085.177,0.21415118372428407,23.258404145077723,34.10724119556093,45.48191453966444,0.5916310693293874,1228.64,1.0786323983507098,22.84,4175.615,29.675,207.785,561.109,1.3334973145111462,2395.944,3008.652,0.20116329386255655,2935.586,0.19573919362223144,0.02488974944014594,0.025434978854317513,0.0645639152767175,1,1
93558,2020.0,9767.042,-0.013717324084695299,3.341609866926323,9.276965664610751,1.415331236160565,0.14549140008128694,8933.326,2.5679816066430283,3.36,788.096,23.249,29.103,144.137,0.15256402657171525,3906.7149999999997,10454.343,0.03540549270640022,9951.63,0.01360353581311876,0.050515644170854586,-0.06574310791218552,-1.3874349157755297,0,0
93630,2020.0,2027.5,0.02563094981556364,0.32640332640332637,259.6174522292994,1.3875724255319148,0.578942668333631,943.0,0.292624289540733,0.31,3711.0,-25.9,539.6,15.7,0.00534468085106383,6900.799999999999,2239.6,0.0020513490559874565,2378.4,0.029638281563674852,-0.05835856037672392,-0.0947044115020539,11.494679898943717,0,0
93608,2020.0,68.062,-0.05934732619012672,-0.523216574672352,-2.293505324733763,1.1830406189555125,0.43471440274703244,97.293,1.0773626951437836,-0.53,-605.333,-15.012,16.805,-20.001,-0.5158220502901354,138.022,172.113,-0.12519874306746626,69.51,-0.31112190141809537,1.4760897712559342,-0.6045504988002068,-0.5259750638379329,0,0
93326,2020.0,106.275,-0.09280056978178149,-2.6852067055681927,-0.4655135105271155,1.7445391490389595,0.9633644729503625,8.408,0.4353510252859609,-3.07,-399.801,-68.842,42.107,-217.201,-3.747558576900514,468.87,229.504,-0.4120132025722253,275.895,0.039564096022365484,-0.1681473024157741,-0.5369361754043502,-0.7747631163214638,0,0
94558,2020.0,5987.0,0.05074365704286964,6.181061705853302,15.037869612590796,2.2833235845588233,0.24673860525044292,4677.0,1.027980132450331,6.17,2622.0,-63.0,268.0,413.0,0.15183823529411763,5268.0,6209.0,0.06837748344370861,6289.0,0.07733938547486034,-0.012720623310542217,-0.035754549846996296,-0.25788937399774187,0,0
93735,2020.0,488.318,0.07879212565825233,6.573612857191396,15.04652040647549,4.017716211255047,0.5615531451093377,184.441,0.5232878382278304,6.61,572.401,44.553,411.088,193.468,0.26701962332274276,365.37499999999994,420.669,0.24066297132962472,415.955,0.11887949148713174,0.011332956690026562,0.1608128956495487,-0.6726038691247833,1,1
94476,2020.0,8530.0,0.04980971569285874,15.787633468707137,10.563331124361158,3.2379505848563968,0.5749117741418031,3975.0,0.4929362150764365,15.18,5089.0,9.0,52.0,1174.0,0.30652741514360315,18464.0,9351.0,0.06188719030047443,8047.0,0.0604422875420504,0.16204796818690195,-0.08779809646027163,-0.19515306073804914,0,0
94392,2020.0,2596.2,0.0110875106202209,1.7038958379549836,9.519361241862795,1.9590029266281943,0.34484518086849103,2439.6,1.4515085366804397,1.67,942.0,282.3,541.0,199.7,0.2057914262159934,1780.1,3723.7,0.07784361113276682,3443.2,0.05881254667662435,0.08146491635687733,-0.302790235518436,-0.8575668515517542,0,0
94122,2020.0,62.197,-0.39730925554355095,-0.5220024778598632,-4.674307313642757,7.851014321570944,0.05916513058088504,57.676,1.3833152811625598,-0.56,-306.465,-10.92,26.044,-34.128,-1.67961021703824,15.253000000000004,61.303,-0.7701056051990252,63.389,-0.6112485254385631,-0.032907917777532464,0.014583299349134717,-0.4840847114197139,1,1
94210,2020.0,687.314,0.17222601823657652,0.9975909110347679,18.434410134034465,2.9911705213369038,0.8375922409288455,101.944,1.0476645091513588,1.01,18.415,75.956,294.175,69.982,0.16226016995328024,293.43799999999993,627.704,0.11680291615065444,581.296,0.11436642604141407,0.07983540227354033,0.09496514280616344,0.47450101343733914,1,1
94243,2020.0,796.61,0.0532134697526572,0.8622437693555522,81.58945590593265,2.9705230400882976,0.46636089830529187,349.397,0.4620710145612808,0.98,225.452,191.411,257.932,46.775,0.036408173177587044,1120.015,654.744,0.033010415835966284,493.184,0.03840654591913423,0.3275856475473657,0.21667399777623006,0.612020582142404,1,1
94373,2020.0,11202.672,0.05305805765757527,2.824135993256532,14.415028205868017,1.4308784650588158,0.1560370309793977,10263.394,1.4596035950483945,2.76,2612.453,86.489,168.824,402.044,0.09926296671943652,7364.140000000001,12160.953,0.04825484217952629,11171.423,0.04145772053341911,0.08857689839512825,-0.07879982761219446,0.09953851802435082,0,0
94445,2020.0,2590.29,0.05492070401714444,3.1167583981780225,15.933220883925417,2.1903003790313935,0.16003707756714988,2368.724,3.0085657742429333,3.12,514.694,-1.643,90.06,82.111,0.13746752116147007,611.634,2820.034,0.0876004843519126,2699.489,0.08020314023008486,0.044654747620753436,-0.08146852130151627,-0.3730547904676586,0,0
94449,2020.0,94.864,0.006654302187090772,0.5622037914691943,81.35839831401476,5.041569754154559,0.9127471846678058,8.732,0.6260094454696149,0.57,111.101,6.693,55.292,7.592,0.06196741650070194,102.488,100.077,0.04749006974634848,81.336,-0.027154476498004693,0.23041457657125997,-0.052089890784096184,-0.8598801344653232,0,0
94451,2020.0,1065.042,0.061063535301096955,1.670254332069662,10.010451509670236,1.4230759169585248,0.3258388488442445,734.297,0.8601254967117524,1.57,1244.832,-65.415,877.299,114.992,0.1421590140648315,230.3420000000001,1089.201,0.0908074369357702,1183.006,0.1365901855471293,-0.07929376520491026,-0.022180479085127634,-0.3275491814146419,1,1
100236,2020.0,215.691,-0.014538796331585837,0.2185937772029746,78.31878939583571,2.6071556429223435,0.6861884746827984,79.887,0.6619601112931326,0.22,167.872,7.574,109.793,8.789,0.033289018676544664,263.942,254.57,0.022854096783420444,212.28,0.010900557215171218,0.19921801394384772,-0.15272420159484618,-1.636157117446577,0,0
67952,2020.0,7.411,-0.3082986890761284,-1.1775633626345439,-2.802396970484002,97.37737991266376,-25.35035254072453,108.379,0.02857202400800267,-1.21,-739.313,-1.498,89.534,-119.359,-34.74788937409024,46.76899999999999,4.113,-0.8291583305546293,30.483,-0.7395757857725779,-0.865072335400059,0.8018477996596156,-0.6281787473932688,1,1
131058,2020.0,6290.0,-0.00042447824548991865,-1.165239365435912,-17.42131325301205,3.293779043280182,0.5629424438288704,2840.0,0.4538026398491515,-1.17,-2215.0,-70.0,454.0,-415.0,-0.18906605922551253,13635.0,6498.0,-0.02898247084293596,6515.0,-0.04690691086369326,-0.002609363008442057,-0.03200984918436442,-0.9853539662718792,0,0
81668,2020.0,5252.279,0.22867468878986902,2.694630188860129,15.931685237357215,4.8109845105112035,0.39654505551521235,1795.792,1.2591003751257681,2.7,1569.919,111.05,716.366,449.723,0.30197587002473697,1387.9880000000003,2975.851,0.19028049388315674,2788.322,0.12725159130567099,0.06725514485055886,0.7649670632030973,0.20177683021092296,1,1
136194,2020.0,1279.908,-0.2180795080600003,4.365586957133873,13.379644151756343,1.9102093029644793,0.43314022582406225,3663.261,0.3873258206565229,4.33,3533.578,89.025,252.876,930.228,0.14276981370343295,16330.946,6462.376,0.055753692372229026,6055.126,0.06279395526888452,0.06725706451030086,-0.8019446717430246,-4.911480994012621,0,0
94871,2020.0,8041.5,0.03579239311082177,4.262457946668473,53.917247483843624,20.133912212683466,0.6904607997044971,2346.4,0.17710319240402228,4.27,-3840.4,273.1,1578.0,1887.8,0.37342247893341773,41075.5,7580.3,0.044105827819520764,7106.4,0.03745486270993384,0.0666863672182822,0.06084191918525649,-0.18848834994588992,1,1
94545,2020.0,2513.662,0.03807872251390852,4.8917126744719575,20.48157908432656,3.6599786801135696,0.5008929140784804,1526.252,1.0431076504191752,4.87,1844.51,234.214,687.677,330.489,0.17869611835321586,1988.542,3057.965,0.11273366578079957,2818.112,0.11324930204950265,0.08511123759453139,-0.17799516999050033,-0.6622240370684906,0,0
94649,2020.0,586.372,0.18744682131101045,1.3514978646957783,59.00860229472261,35.569067248625934,0.5388502934708204,284.967,1.6599082945855124,1.33,141.643,11.552,110.678,85.762,0.6027776606362193,241.04000000000002,617.949,0.23037023307787977,559.157,0.34084323620380924,0.10514399354742927,-0.05109968622006023,-0.18632360263471398,0,0
94650,2020.0,508.373,0.04387925014771446,2.654766474728087,20.517812213814047,2.1526214785260254,0.30328555287236636,314.476,0.8464621195214939,2.63,188.486,-12.389,25.639,20.747,0.1049147665498531,481.535,451.37,0.0389072149095253,417.648,0.06065051261170405,0.08074263494617472,0.12628885393357997,0.12779211387273842,1,1
94713,2020.0,5050.589,0.06732717269002259,0.5020161541496232,25.895581033684067,1.594134963964152,0.28905777701010454,2881.2,0.8630711844987292,0.5,253.192,210.481,895.558,120.888,0.06156011567728705,3229.0029999999997,4052.65,0.025744870480224637,4316.466,0.028271270910323266,-0.06111851686078385,0.24624356902273817,1.615168436824667,1,1
97356,2020.0,1193.1,0.020538142264204952,4.578096947935368,22.59454117647059,2.760051736526946,0.3388620894733364,1000.5,1.0302968409586057,4.58,681.1,-47.4,75.7,112.2,0.1221556886227545,1271.1,1513.3,0.0763888888888889,1476.9,0.05768969729876476,0.024646218430496216,-0.21159056366880333,-0.7311370467231352,0,0
94821,2020.0,32.398,-0.5790372364878177,-0.6820384635004846,-0.7330964846671654,-4.376646572895735,0.36610239471511147,15.353,0.4699262708575863,-0.72,-185.665,-3.747,3.209,-26.74,5.9700826077249385,43.622,24.22,-0.5188203337213815,21.896,-0.25162049461211344,0.1061381074168797,0.33765483071841473,0.11606503996193426,1,1
106791,2020.0,5445.99,0.014627764114770027,2.150236326806212,42.223265818809864,3.4519166960890195,0.40903772520129705,3184.506,0.3922549598022085,2.15,2643.244,19.255,326.738,566.841,0.08175390105782011,12958.033000000001,5388.679,0.04126172549325051,4922.941,0.043308525500523505,0.09460564325268174,0.010635445161977489,-0.6454883081134646,1,1
94852,2020.0,239.482,0.028424524137214677,0.7822886909763066,20.63176955793272,3.4898026363596726,0.3455776147724376,184.856,1.4580328799649003,0.78,-24.264,12.146,25.954,23.277,0.16914703445870333,159.287,282.472,0.12014865667019382,285.887,0.13227516154731345,-0.011945279078796939,-0.1521920756747571,-0.7634220396218032,0,0
94892,2020.0,480.735,-0.00513369159095313,3.396105179913009,41.9981103187309,2.837124266800902,0.8184883833305574,88.274,0.5305939201654863,3.35,573.838,347.03,566.735,34.355,0.06755361718109403,325.519,486.327,0.03748209358576695,497.638,0.0262933411859289,-0.02272937356070071,-0.011498436237346445,-1.1369638432604134,1,1
94940,2020.0,16652.0,0.08225491934054245,3.3613138686131387,18.45111834961998,3.083556523317003,0.3678722516832509,10609.0,1.0357319180449271,3.3,10984.0,1484.0,3424.0,1842.0,0.16712030484485574,12541.0,16783.0,0.11367563564551962,16125.0,0.1320304153836486,0.0408062015503876,-0.007805517487934219,-0.2764067790476928,1,1
135389,2020.0,2849.999,0.09378386668382607,11.455788324582835,18.22222915484969,215.3087636051686,0.4363158025965548,1492.098,1.0823291875434948,11.55,-412.013,41.855,47.658,220.375,11.815720336711168,2217.322,2647.046,0.09010734785300205,2510.386,0.08340872873932606,0.054437843423282256,0.07667150476417862,0.040801543030894304,1,1
138275,2020.0,371.338,-0.10731266802168375,-3.573620926062652,-2.7898874016793824,1.052060925117977,0.30361745725624,300.425,0.49001418674941705,-3.21,-188.034,23.765,84.667,-67.763,-0.3770979877125813,780.942,431.408,-0.07696851086836765,430.599,-0.03335703678492055,0.0018787781671579032,-0.13924173867893036,0.39424118786981605,0,0
95014,2020.0,1659.019,0.032843702913199775,8.589587651358134,69.65410032289506,6.4418926160583485,0.8270588596711197,242.069,0.3631873597880221,8.67,931.889,-29.685,1070.731,314.963,0.09248404022441907,2775.615,1399.719,0.08172396059560155,1191.832,0.07193996179244101,0.17442642922828044,0.18525146833042913,-0.5981141555813504,1,1
95031,2020.0,10153.6,0.04127336348894768,3.366687578419071,26.622606913258178,3.5197511763691463,0.3835951608831582,6348.6,0.4540420917130287,3.34,5319.5,44.1,47.1,1073.3,0.13220911039392969,21858.8,10299.4,0.047315705481444904,10040.9,0.047966877920155436,0.02574470415998566,-0.014156164436763237,-0.12770267147061262,1,1
95154,2020.0,27199.7,0.05889556005846503,2.097225229373304,13.427265515213556,2.4894445226942334,0.23022824588584037,25240.2,0.5311436957747209,2.09,,-0.1,410.0,4591.3,0.18540219673719915,60156.399999999994,32789.2,0.07437327078460214,36534.2,0.0732388037170571,-0.10250669235948782,-0.17046771497932237,-0.20810851214226192,0,0
95399,2020.0,5840.0,0.02723895996698308,2.0673076923076925,68.76093023255814,5.637753837353419,0.6553878188443519,1986.0,0.14985568297059054,1.8,-7370.0,-75.0,333.0,860.0,0.08199065687863476,37790.0,5763.0,0.02236263879137738,5423.0,0.02046667683391795,0.06269592476489028,0.0133610966510498,0.21805660866310278,1,1
95547,2020.0,10271.0,0.2934748834800621,2.2437185929648242,16.093818589025755,10.015177700348433,0.8265740740740741,1873.0,0.5942555298778475,2.11,18138.0,-1223.0,2825.0,1786.0,0.6222996515679442,15079.0,10800.0,0.09827225707054034,10746.0,0.11087251851527236,0.005025125628140704,-0.04898148148148148,1.9863452028928605,0,0
97625,2020.0,53498.0,0.008133080200992581,23.399668325041457,9.826207654145996,1.0521954162555969,0.4839397648455176,27827.0,0.05430386477711266,21.18,104981.0,2999.0,219237.0,8466.0,0.10708051908628671,393910.0,53922.0,0.008525954512129293,52368.0,0.011224559882205977,0.029674610449129238,-0.007863209821594155,-0.046079803801180985,1,1
99886,2020.0,29.424,-0.2403224452095054,-0.08580897620188468,-4.006573848301535,0.9725111198960863,0.3251889545760682,18.035,0.9033021259336871,-0.09,-240.61,0.156,3.515,-4.298,-0.24272886429095836,24.77,26.726,-0.1452665021800115,26.235,-0.3754327982373308,0.018715456451305495,0.1009503853925017,0.6543555575648293,1,1
106248,2020.0,1059.195,0.564641074580858,-1.1060332369942196,-8.557609015188634,1.3535469805072355,0.3818231400816639,419.365,0.9306259182590014,-1.11,341.789,84.383,125.398,-61.23,-0.15816882707598198,564.367,678.39,-0.08399626317457312,638.277,0.024009212443058,0.06284575505619025,0.5613363994162649,-7.722216599175843,1,1
97011,2020.0,1275.444,0.015528927142459726,3.509931817702067,20.481879345185114,1.1407600344005486,0.8522083243228561,141.469,0.029740498484606897,4.52,2141.57,162.981,574.108,332.552,0.055696062611008346,7411.867999999999,957.219,0.010332287858946586,843.221,0.01418086190867284,0.13519350205936528,0.3324474336593819,0.5029514619081621,1,1
97870,2020.0,23290.0,-0.10572723190594767,2.982024067722577,6.166952238599724,1.2431247270194985,0.08684546615581099,30745.0,1.174076786274715,2.7,,16.0,82.0,2171.0,0.20157845868152274,24909.0,33669.0,0.07570526903093071,34055.0,0.08686448982791736,-0.011334605784759947,-0.3082657637589474,-2.396563716889388,0,0
97054,2020.0,1856.555,0.17395667736484796,2.9271127642072887,16.822037265562955,-8.635708488311558,0.6558057458053456,584.563,2.1070240669542444,2.78,-159.711,-0.019,1.593,81.845,-0.5133568753880989,669.8560000000001,1698.352,0.10153924790612907,1531.575,0.14791188970047095,0.10889247996343636,0.09315088980376268,0.7131964334191967,1,1
97071,2020.0,754.952,-0.32208003818859754,1.008271731618956,25.925550801694772,1.9397580786772648,0.4966188217760414,361.4,0.6311204917139311,1.0,-915.063,1.084,86.45,48.148,0.07482032275859926,1040.1529999999998,717.945,0.042325233040194386,560.456,0.05074945501014808,0.28100154160183854,0.05154573121896516,-8.609645950034876,1,1
107971,2020.0,1149.583,0.007571024654547206,2.1518278702980522,9.796322601342728,0.9523963399697486,0.7506015490455422,329.602,0.04320821701157867,2.04,1206.925,-108.959,329.151,427.041,0.09721978121047269,7838.688,1321.588,0.013961749199328057,1299.87,0.014251334316042603,0.016707824628616766,-0.13015024349494692,-0.45773093711555995,0,0
97161,2020.0,173.761,-0.08397072571868179,-0.09492148086823791,-153.28458708094848,0.6964633874503102,0.13892718834290194,457.147,0.2501399340755022,-0.74,-337.685,-3.798,36.985,-3.669,-0.004543596983319092,2037.8169999999998,530.904,-0.0017286805488808102,496.261,0.004671214749629436,0.06980802440651183,-0.6727073067823939,47.57503936921514,0,0
97159,2020.0,16675.0,0.1504636865687194,4.568627450980392,51.75077253218885,11.85637168141593,0.6560725407583806,3755.0,0.630551544903263,4.59,14972.0,10114.0,10897.0,2796.0,0.22910521140609635,5731.0,10918.0,0.16147848686110308,11716.0,0.3115407764068613,-0.06811198361215431,0.5272943762593881,-0.06821218421410001,1,1
97164,2020.0,4710.8,-0.09487348511738755,-4.302841918294849,-2.500672858617131,1.2393371522094925,0.19544013841890087,5254.5,0.9828883604731661,-4.31,-128.2,53.1,532.0,-484.5,-0.49560147299509,5489.1,6530.9,-0.07291635312885651,7270.4,-0.007655744471221058,-0.10171379841549297,-0.2786905326984029,0.30112767639007915,0,0
97234,2020.0,1830.589,0.010886322969306101,4.62856652360515,10.521616088185333,1.4134075000144493,0.7546600168190404,513.172,0.04732718926124154,4.63,3670.969,259.772,4317.31,674.035,0.1343336886813003,2554.526999999999,2091.677,0.015251007690815045,1831.142,0.017145726234624542,0.14228006347951172,-0.12482233155501551,-0.28618992331487614,0,0
133288,2020.0,13066.0,0.10295628352927748,3.8779731127197516,24.489597333333332,6.348442356637863,0.22407188131225186,11140.0,1.0667211531317333,3.85,2171.0,-139.0,428.0,990.0,0.25923016496465046,10568.0,14357.0,0.07355672784010699,14435.0,0.08549679487179487,-0.005403533079321094,-0.08992129274918158,0.39968547476822797,0,0
97262,2020.0,1819.946,0.03744577994756138,1.9273829201101926,14.958107026470756,1.285261110169554,0.2775722818143658,1428.478,0.720646483671717,1.91,635.821,62.884,731.195,104.946,0.08592404826995015,1966.9489999999996,1977.33,0.03824802429306793,1973.862,0.04396467099413582,0.001756961732887024,-0.0795942002599465,-0.020974791779034357,0,0
97519,2020.0,2330.0,0.0896818484553512,2.5713605392336434,42.78279856965795,2.9684057481080823,0.4635748586804844,1019.086,0.5560875444923191,2.57,1158.926,-229.773,523.989,140.386,0.06938315975928956,2803.934,1899.773,0.04109275477707006,2075.108,0.1502903705313119,-0.08449439740003906,0.2264623194455338,1.1824248323549742,1,1
97520,2020.0,6840.0,0.0026972661607387767,117.46384334934929,17.483933280575542,14.336648476318894,1.0,0.0,0.7039529015979815,112.93,23041.0,3687.0,7330.0,4865.0,0.8199898870723075,12833.0,15066.0,0.22731520418652462,14527.0,0.17622426940538635,0.037103324843395055,-0.5459976105137395,-0.9881342465833234,0,0
97535,2020.0,880.831,0.2279465588221552,2.485156504867705,36.166736309745886,11.654034797128066,0.43004667624609744,424.813,1.2585240080440496,2.48,561.68,43.134,148.833,144.738,0.32223075638670895,428.1790000000001,745.347,0.24439120017425395,690.25,0.28932624128723217,0.07982180369431363,0.1817730533563562,-0.0672881893471349,1,1
97536,2020.0,948.019,-0.1295542382298629,-0.21693854261068038,-29.82411480292422,6.647666031538017,0.6020492293046017,396.275,1.3156602023586488,-0.22,-855.907,48.468,169.607,-25.853,-0.2228956693422539,521.5630000000001,995.789,-0.034157600868836825,983.142,-0.06074926517173689,0.01286385893390775,-0.047972010134677105,2.7928377560046895,0,0
97594,2020.0,629.37,-0.04786294192015354,2.445424188667432,13.290127803025454,2.015091470811834,0.2835350475597219,519.877,0.8595560388688102,2.45,94.907,-8.543,332.872,46.869,0.15162318231079047,502.66799999999995,725.614,0.05552061011190834,735.655,0.07035820669712502,-0.013649061040841074,-0.13263801415077442,-1.8620752153782196,0,0
97612,2020.0,1258.666,-0.06015782109497369,-0.43253698236740734,-20.46067818654775,0.39701292811087774,0.42235907679803947,1111.581,0.2123813267826284,-0.42,1959.071,-0.915,16.283,-80.73,-0.019403703263946605,8841.970000000001,1924.346,-0.008909803388351985,1740.492,0.09270452051111652,0.10563334965055861,-0.3459253169648286,5.751868528728654,0,0
97698,2020.0,399.0,0.09030206677265501,3.8248231019315355,11.059334999999999,4.720447865853658,0.7593052109181141,97.0,0.14125481948825797,3.74,,50.0,83.0,280.0,0.4268292682926829,2734.0,403.0,0.09814230634419908,559.0,-0.06278026905829596,-0.27906976744186046,-0.009925558312655087,-0.0798864410629116,1,1
97708,2020.0,1365.7,0.01692889862577176,0.8924293243890752,46.6815677852349,2.0254960978450787,0.19686210860891332,1187.6,1.0316751552361683,0.91,31.1,20.6,40.6,14.9,0.043389633080955156,1256.3,1478.7,0.01039559059513012,1506.4,0.02187705097352877,-0.01838821030270847,-0.07641847568810442,0.6284691543838027,0,0
97735,2020.0,2350.822,0.06572173102575503,7.085559991386022,19.817770249734647,4.812233083564717,0.867375237854005,297.404,0.6614351343180126,7.12,1618.9,176.36,972.282,427.734,0.24282414332808966,2355.366,2242.447,0.12616498661612996,2161.407,0.17412902671143393,0.03749409528145322,0.048328901418851815,-0.47908106053448724,1,1
97813,2020.0,4613.431,0.01695762949668199,2.258028785697066,19.12730266043398,2.863808806025926,0.5007425784123128,2617.379,1.071450045504311,2.26,2007.843,-47.361,936.913,346.56,0.14972361011204646,3191.186,5242.544,0.07082853816200188,4662.65,0.09325192712471599,0.12437004707623353,-0.12000147256751689,-0.7605819640397516,0,0
97828,2020.0,2083.138,0.002632010550754541,1.315061507492731,183.25378594607832,-7.345679255589096,0.7552764879172261,493.031,0.20641979290653498,1.3,-6129.46,-37.18,138.552,146.991,-0.040084733953330336,9589.543000000001,2014.645,0.015060644321517928,1865.695,0.006577894000962334,0.07983620045077039,0.03399755291875241,-0.82523918003999,1,1
97829,2020.0,1483.3,0.11154929577464788,-2.381223652728723,-36.98938564593301,1.3902283124730255,0.9505107675317503,71.7,0.3702151581744774,-2.39,3311.0,69.2,1485.9,-104.5,-0.037584520212919005,2417.6,1448.8,-0.026703122604384934,1627.8,0.1732431637753602,-0.10996436908711144,0.023812810601877416,-5.177387694588584,1,1
97884,2020.0,757.98,0.13772075674150677,3.478125550531446,24.012934204528186,2.1367317633802814,0.7384838681472414,149.548,0.6336316172038436,3.43,160.654,42.55,156.307,59.229,0.0889825352112676,698.406,571.85,0.06562799170301031,586.93,0.1977569672621351,-0.025693012795392857,0.32548745300341,1.0985063410860036,1,1
97882,2020.0,4445.1,0.027488990541995887,1.0270913962488837,23.98033913043478,1.7943905348544655,0.6369730507940792,1613.8,0.5030041752944769,1.01,-2759.9,-1229.3,2022.5,345.0,0.07482757124886132,6595.700000000001,4445.4,0.0390373060864252,4647.5,0.060544893360246925,-0.04348574502420664,-6.748549061935314e-05,-0.29582767619421146,1,1
97936,2020.0,1501.4,0.0435495936600567,5.39823777213236,6.550285758537908,1.0757165427663857,0.6531411674051518,484.798,0.28466298027474823,5.38,799.292,34.917,192.335,167.869,0.1642243685879281,4493.704,1397.681,0.03418955386511065,1362.03,0.025019241667791122,0.026174900699690952,0.07420792011911162,0.2737689948185512,1,1
97970,2020.0,460.454,0.14772078759725982,0.7530462310357185,29.67945270672219,6.086069093393189,0.3870047006676924,217.126,0.9774974541821785,0.75,122.713,22.68,214.38,50.43,0.20506001756611691,84.29399999999998,354.205,0.13917137424487871,344.9,0.18764612302995562,0.02697883444476662,0.2999647097020088,0.061430832301317934,1,1
98004,2020.0,1860.455,0.14690442235149673,-0.1326082363015603,-637.5923725259979,4.869778191706906,0.8194522689501704,307.662,0.3633334392315288,-0.13,-1700.545,-56.536,753.807,-23.848,-0.007637761054784794,3695.251,1704.048,-0.005084819124105365,1491.212,-0.017440426389297985,0.14272685573882185,0.09178556003117279,-29.890786233687994,1,1
98046,2020.0,3634.1,0.17530135301353014,10.589728973415557,23.03836109615855,-55.32184594594595,0.3022956503467114,2656.3,1.8709518895277408,10.49,2044.9,-9.0,40.2,408.7,-2.401292596944771,1622.3,3807.2,0.20084525038085407,3883.9,0.19755668060752807,-0.019748191251062145,-0.04546648455557888,-0.12718198373566791,0,0
98042,2020.0,612.133,0.03840989817514486,1.1716161201754662,39.321753265993266,3.831397950211934,0.3736585521115703,354.213,0.8829571641800367,1.18,187.125,25.744,70.728,37.125,0.09743710877524507,546.683,565.527,0.05796325324906478,498.375,0.04304488347962646,0.13474191121143725,0.08241162667741768,-0.3373405386668045,1,1
98083,2020.0,1489.637,0.07618199074163745,0.5396938743829364,34.98279468446184,3.5487972081433043,0.4213609712459246,722.502,2.0589390541521007,0.54,108.256,25.683,172.923,34.766,0.10144407386982034,407.8130000000001,1248.623,0.05732801266407228,1151.921,0.0714517182849906,0.0839484652159306,0.19302383505669837,0.3288789755899046,1,1
98142,2020.0,831.282,0.006272856282483393,-0.03813295301920494,-620.7229738562093,0.8821168841422165,0.7845663923213204,192.128,0.2857936685207481,-0.04,352.179,-69.583,388.206,-2.754,-0.001421112027902095,2712.293,891.82,-0.0008825500247876704,909.918,-0.02242328273385211,-0.019889704346985063,-0.0678814110470723,-8.107649545409686,0,0
98161,2020.0,1328.129,-0.059657915731001064,3.147073655015916,3.438114637944589,1.0955270608677061,0.32912801011357373,1316.063,0.7583888933132408,3.07,,-207.668,36.482,399.414,0.31864180698833416,2469.646,1961.72,0.15441099720338006,2002.857,0.15308667133243245,-0.020539159810211087,-0.32297728523948377,-1.386357946075716,0,0
98365,2020.0,72.729,0.07692225601622112,0.1367543802086751,59.52277351247601,10.206562718558443,0.6845103522132319,21.211,0.9115708978496081,0.15,-346.735,20.363,31.867,4.168,0.1714732381618464,37.714,67.232,0.05651218916940098,61.307,-0.050249861188228766,0.09664475508506365,0.08176166111375535,0.36116220494730633,1,1
98522,2020.0,1632.762,-0.021532407390251165,-0.37089160434978163,-22.755974794296982,0.7337243702674822,0.1438128628963466,893.296,0.1568033188724803,-0.37,-1878.371,-17.847,52.224,-88.234,-0.03224315270604736,6601.602,1043.342,-0.013260641321248856,1121.248,0.04006353811910073,-0.06948150632152739,0.5649346043770881,0.6237832596940563,1,1
98427,2020.0,16205.0,0.02786724073634607,28.84039201283513,17.430414946380697,2.325648710764003,0.4046358071394181,8656.0,0.0862224383532398,28.69,21091.0,-1659.0,4846.0,4476.0,0.13342474736936238,162902.0,14539.0,0.0265445789991816,14198.0,0.02697824819988344,0.024017467248908297,0.11458834857968224,0.04982794178823657,1,1
98563,2020.0,773.271,-0.1640808542557106,-6.726345922057051,-6.874460596558031,2.3523377728270285,0.34224779713640696,634.279,0.6555737977966546,-1.24,19.013,16.202,85.731,-133.935,-0.34218506889177874,1305.8149999999998,964.313,-0.09105371036986427,1175.825,-0.021982438161834147,-0.1798839112963239,-0.19811202379310455,0.8020227137280487,0,0
98564,2020.0,47.144,-0.08477695000448793,-0.703956448397485,-1.9745539701557566,1.8696761551155114,0.18543258607020566,48.29,2.5713728041639556,-0.71,-129.181,-2.219,10.561,-9.181,-0.9468853135313531,12.085999999999999,59.283,-0.39822164389503356,73.414,-0.42936175532912424,-0.1924837224507587,-0.20476359158612084,-0.787111144499132,0,0
98634,2020.0,3198.149,0.07174712427535344,2.950815118425195,29.27326739673873,3.825535006142771,0.7585872629307887,698.556,0.4129676150004439,2.94,2.852,-642.841,1536.994,478.035,0.13068356717053614,5330.946000000001,2893.617,0.06822360175404595,2714.474,0.054629360079241705,0.06599547462970727,0.10524267724443134,0.05164667989840537,1,1
98636,2020.0,66.827,0.004717452757301145,-0.9851815665201108,-8.110180165289256,2.135992251211655,-0.14096222605087166,61.588,0.5084108804581245,-0.99,-76.353,-18.47,11.494,-18.15,-0.2633717386888005,88.057,53.979,-0.1709490261085785,43.843,-0.31537736465361965,0.2311885591770635,0.2380184886715204,-1.027595669099073,1,1
125410,2020.0,444.448,0.004221257857944353,0.07640698218188412,382.81841743692235,6.04019694210576,0.5044541741065969,202.594,0.5762178191586822,0.08,-12.975,163.205,173.016,8.006,0.01577822974805285,516.922,408.83,0.011283907394722527,276.741,0.005227567497995109,0.4773018815426699,0.08712178656165154,-0.6259045993306688,1,1
98667,2020.0,747.7,0.05093422062963911,0.1172212010953149,153.6411488,3.345261034662951,0.2790243902439025,517.3,0.6049747048903878,0.1,-712.4,-10.4,172.6,12.5,0.021773210242118098,959.6,717.5,0.010539629005059023,618.0,-0.003465003465003465,0.1610032362459547,0.04209059233449484,3.832638853340158,1,1
98675,2020.0,48417.0,0.022343037044228395,7.943765001714482,61.06424345323741,3.239152745428526,0.3614194563412289,29224.0,0.3088239263638081,7.6,40.0,2784.0,3483.0,1668.0,0.053044999204961044,143919.0,45764.0,0.0112559721434934,43634.0,0.008417162800246356,0.04881514415364165,0.05797133117734464,0.9849939889149384,1,1
112093,2020.0,5199.0,-0.13975387907972178,3.962159622437745,27.29319621238938,3.887233642551046,0.8278776829369354,2077.0,0.5634572282405678,3.84,662.0,1392.0,4620.0,565.0,0.14242500630199142,14875.0,12067.0,0.026382144191258873,11223.0,0.022514279376698275,0.0752027087231578,-0.5691555481892765,-6.297290397117383,0,0
98701,2020.0,30.456,0.05618433371476126,-0.6380594639332782,-11.644682698064258,2.786704633642561,-0.5355325007648873,55.207,0.2879741765987441,-0.64,-118.441,-24.51,89.497,-20.044,-0.2393113411416359,34.542,35.953,-0.16054722542611816,110.979,0.3722250762012398,-0.6760378089548473,-0.15289405612883494,-1.349955183377595,0,0
98743,2020.0,5339.0,0.07468577957826945,3.465223201141485,21.860063725490196,4.930945292754845,0.5855122990509394,2140.0,0.5462336013542107,3.41,-532.0,-866.0,1382.0,1071.0,0.22556866048862678,7716.0,5163.0,0.11330935251798561,4914.0,0.036998009600749324,0.05067155067155067,0.03408870811543676,-0.34086835800765375,1,1
98733,2020.0,240.569,-0.0018843338625156294,0.09283225016482999,19.066649756493508,0.5441840463793632,0.5441616960301087,105.615,0.4157847984279805,0.09,12.09,13.308,28.427,4.928,0.028541146626665816,513.9,231.694,0.00884350689553069,232.468,0.019947933257906125,-0.003329490510521882,0.03830483309882863,-1.2130754105555035,1,1
98783,2020.0,342.505,-0.025820858412186093,-0.11167146974063401,-34.20748387096774,1.58469407796422,0.2854208188502901,210.102,1.444059172527602,-0.11,-111.244,-2.978,12.648,-2.17,-0.046325946799880446,149.32000000000002,294.022,-0.010657734470158343,326.16,0.006934992912527601,-0.09853446161393191,0.1648958241220045,1.4227342578748323,1,1
98785,2020.0,3086.2,0.07903949024543737,11.007442267702746,31.482336365896103,4.6654672413158,0.4283727399165507,1808.4,0.6907725228175903,11.08,2450.2,57.0,199.5,402.3,0.14819317051607914,4109.2,3163.6,0.08784226385431679,2901.8,0.0876276481243273,0.09021986353297944,-0.024465798457453565,-0.10021114236625892,0,0
98964,2020.0,6658.2,0.06201904966905236,7.357244730864719,15.221730973578405,3.4517790459133835,0.2919173499131284,4931.3,0.9624782332292213,7.36,2545.3,318.0,767.4,696.4,0.2267665255617063,6116.500000000001,6964.3,0.09624367727134525,7014.6,0.11233389652495548,-0.007170758133036834,-0.04395273035337369,-0.3556039063823534,0,0
47734,2020.0,88.17,-0.8433668664982238,-0.7811534052155741,-5.210244201491776,-2.489036280374164,-0.38434367669012576,207.718,0.9659638845076769,-0.8,-1286.317,8.754,61.808,-107.657,0.4777196968352296,79.96300000000002,150.048,-0.6930633791482923,36.784,-1.1707538801035182,3.079164854284472,-0.41238803582853484,0.21686831518156377,0,0
99972,2020.0,886.677,0.00628597026215872,0.44291429096928453,261.8565315338697,4.524157262761973,0.6294782187178379,310.332,0.5000761260839011,0.44,981.254,30.103,725.971,19.265,0.017277236646574913,909.9830000000002,837.554,0.011502502010624216,868.267,0.05146107314046076,-0.0353727597616863,0.058650546711018096,-0.4535127873611566,1,1
100170,2020.0,4386.3,0.11377485456881899,5.006695361071258,46.59560511987773,11.759260178868452,0.781048758049678,952.0,0.6701499668624096,5.03,3585.6,465.0,1516.9,1046.9,0.2523684400838898,4790.800000000001,4348.0,0.1613569457930673,3722.8,0.13565753141612039,0.16793811109917262,0.008808647654093877,-0.2948871583456352,1,1
102810,2020.0,108.621,-0.26947398938194206,-0.3982070147867705,-5.3740891559781145,6.680188051658461,-1.1538253946835786,127.696,0.40176459825573124,-0.4,-1276.205,-53.801,98.078,-66.894,-1.2430363281612935,45.339,59.288,-0.4533065887821969,44.509,-0.5066530562364764,0.33204520434069507,0.832090810956686,-0.4055370117035339,1,1
100108,2020.0,417.396,0.018377565075599997,-0.08658770445572475,-267.4744658676394,2.2083358430495204,0.6005325157334194,133.677,0.615449975999073,-0.09,84.512,-17.268,59.195,-3.838,-0.00825624919330551,466.5510000000001,334.638,-0.0070586634150468335,315.818,0.035241586137954015,0.05959128358738259,0.24730604414322355,-3.603547441633901,1,1
100272,2020.0,244.826,0.028164369104940308,0.4870440717749159,55.84710209258085,2.6043528660310846,0.5911645258783528,103.89,0.5190789796218522,0.44,48.147,-2.783,172.866,15.77,0.04663362589009013,311.86799999999994,254.112,0.03221365188828788,231.616,0.07289771647343127,0.09712627797734172,-0.036542941695000636,-0.12570083011357655,0,0
100222,2020.0,67077.0,0.006800009054940854,6.444613902186952,7.908929964400745,0.7053516246371553,0.19917125487497134,55853.0,0.09418971643417699,6.1,46130.0,777.0,38408.0,5899.0,0.08918420416061926,684686.0,69744.0,0.007966637090577112,67957.0,0.007451224514135946,0.026296040143031624,-0.03823984858912595,-0.14643920921365156,0,0
100230,2020.0,23.995,-0.28742614874281114,1.2245276272207166,3.389061959687397,3.766225736757159,0.5394336066668115,148.336,0.7710352752474774,1.23,-1341.36,-44.274,271.659,130.133,1.1112885457852624,133.878,322.073,0.3115353769914895,63.209,-0.42426162119548383,4.095366166210507,-0.9254982566064215,-1.922611587545844,0,0
100231,2020.0,366.62,-0.10690637817557469,-1.5050365798254821,-24.584120077859083,15.900770862086379,0.762754235980371,69.183,0.5687601178053869,-1.53,-288.086,110.074,176.523,-96.071,-0.6467903187800855,323.885,291.609,-0.1873788301378947,249.838,-0.08628659476117102,0.16719234063673255,0.25723142975696917,-0.42946394693092704,1,1
100225,2020.0,118.192,-0.12891801182675403,-0.8207600044838024,-10.197865337339522,2.244099025786376,-0.9884992384894755,203.678,0.16066734011381675,-0.85,-659.434,-61.99,362.474,-95.186,-0.22005576182395728,268.3709999999999,102.428,-0.14930762522038665,84.452,-0.11574285012576327,0.2128546393217449,0.15390322958566013,-0.13656109902984784,1,1
100271,2020.0,987.538,0.05229929075160492,1.0530818715944243,16.73184248563917,3.1857756780962894,0.9744269070806747,24.749,0.513226068187965,1.06,-556.282,-47.738,852.243,321.012,0.19040196444776597,1021.8460000000001,967.775,0.17023763436868591,853.826,0.48518371129294674,0.13345693384834845,0.02042106894681102,-0.6927865513078052,1,1
100420,2020.0,5255.0,0.027018920166128287,0.5146931898578455,47.36802522437411,3.0371659872187053,0.43547364033418506,3115.0,0.6549047534270963,0.52,1137.0,-192.9,894.2,211.7,0.06411848441711845,6987.7,5517.9,0.025126105275651296,5878.3,0.08268754283304337,-0.061310242757259846,-0.04764493738559953,0.07533260207706133,0,0
100694,2020.0,40.855,-0.368263971792665,-0.2361710985065307,-16.59813594800044,3.1698811252077674,0.5750272707439459,29.219,1.063380608441468,-0.24,-388.593,-10.687,14.232,-9.077,-0.19097813966210103,49.607,68.755,-0.1403869650617876,76.554,-0.07072129290950553,-0.10187580008882627,-0.4057886699149153,1.6232063043074076,0,0
106154,2020.0,100.326,-0.007750397456279809,0.0012821099867210038,21027.837142857144,2.3442684854493403,0.922434367541766,6.76,0.2934203305490184,0.0,62.52,0.543,144.585,0.028,0.0001114840518082315,151.73499999999999,87.152,9.426942876092936e-05,77.877,0.002070236562397435,0.11909806489720978,0.15116118964567643,-83.21538581648876,1,1
101614,2020.0,21.596,0.07870793818899534,0.10940919037199126,42.958,2.194882346442775,0.5870134304575461,7.257,0.4557408512073034,0.11,5.571,2.026,22.416,1.85,0.0510936809544852,15.062000000000001,17.572,0.0479809113779599,13.85,-0.09709305415315937,0.2687364620938628,0.22900068290462106,0.6404010663530235,1,1
108564,2020.0,9093.0,0.034223594148436454,17.823579495252936,2.2301917530419106,5.969596501809409,0.17299663985337543,8122.0,0.783736333891948,15.71,-1808.0,-179.0,385.0,4438.0,2.6767189384800965,11424.0,9821.0,0.3541616790359907,9478.0,0.02521640948438088,0.0361890694239291,-0.07412687099073414,-0.9033673144943539,0,0
100929,2020.0,164.413,-0.36938787045236166,-2.835987154612966,-8.420348435343659,8.184252772533764,-1.6465812247649612,361.171,0.1838437071853795,-3.01,-1536.509,-7.643,487.429,-254.337,-0.9719612953522322,241.68600000000004,136.467,-0.34263416763325827,9.835,-0.5363886885582145,12.875648195221148,0.204782108495094,0.07808241368309615,1,1
100984,2020.0,1249.551,-0.041953876750507706,3.9124075403649967,9.781700808303246,0.925194242957743,0.8331952247964152,227.264,0.05089331266305542,3.9,1730.906,251.857,637.624,468.636,0.09458418950745122,6900.146000000001,1362.455,0.017505487134007097,1310.305,0.018084512769907093,0.039799893917828184,-0.08286805802760458,-3.3966129265266694,0,0
101197,2020.0,2548.0,-0.024658740642888595,2.503934754614394,34.581572,5.043145916666666,0.14465195246179965,2519.0,1.2967855570233378,2.53,1412.0,2.0,469.0,70.0,0.14583333333333334,1291.0,2945.0,0.030823425803610745,2984.0,0.0817140009965122,-0.01306970509383378,-0.13480475382003396,-1.7999999999999998,0,0
101005,2020.0,4438.4,0.09496011245512091,11.89051724137931,49.71608787065903,8.29804690336165,0.7390644188902534,1168.6,0.4601261661118645,11.95,2506.9,273.2,3221.7,1379.3,0.16690868607662335,6388.000000000001,4478.5,0.14171084535404593,3724.2,0.14374195521684277,0.20254014284947108,-0.00895389081165577,-0.32990229351976874,1,1
112537,2020.0,411.375,-0.7682490481933579,-7.3039672341792485,-0.03628165235461633,0.16048342776548405,0.24942441604230936,425.764,1.0304755537954562,-3.5,-423.169,-54.083,36.217,-181.898,-4.423266785010822,456.23500000000007,567.25,-0.3304388581477054,964.72,-0.18981539216857427,-0.41200555601625344,-0.2747906566769502,1.3249355493473844,0,0
101121,2020.0,2923.933,0.06634769855418969,5.149971391204839,29.66230069955043,4.573312451363772,0.40957284873566796,1547.643,0.5585645213188744,5.17,102.31,42.728,239.386,252.019,0.15417928965412606,4341.906,2621.226,0.05370344720304979,2266.096,0.05870853312565047,0.1567144551687131,0.11548298391668627,0.2354458048723145,1,1
101143,2020.0,2968.9,-0.025759401552672364,2.3879975462748746,10.067012019129116,1.837867858566724,0.7169261114842724,764.062,0.24244175210529553,2.38,2541.313,65.194,647.604,1584.391,0.18256339170693825,10271.884000000002,2699.161,0.1423118258080423,2865.791,-0.017879448348127217,-0.058144505304120256,0.09993438701878103,-1.1810067533489312,1,1
101201,2020.0,67.636,-0.17342627001942992,-2.140776224459869,-0.5605443419490364,0.9426925735350585,0.15447001131648433,58.279,0.9319991886958285,-2.7,-900.869,-14.659,15.068,-21.898,-1.6817448736656169,43.887,68.926,-0.2960989791089176,83.412,-0.20833385440766355,-0.17366805735385799,-0.018715724109915073,-0.41429629193136636,1,1
101204,2020.0,381.535,-0.02516949011377076,1.190868371622598,19.943429992720212,1.0661919711485446,0.22448289440159358,334.814,1.1421791167973587,1.19,135.968,0.145,0.605,8.242,0.05346081248500023,325.063,431.73,0.021804925024074842,395.45,0.0038910505836575876,0.09174358325957778,-0.11626479512658372,-2.1543029882460543,0,0
101336,2020.0,1859.313,0.10109655015464257,1.8916772436111544,26.47914710036883,5.788265804034519,0.49998428726401045,795.558,0.6323575585254241,1.89,328.868,-130.151,351.911,254.86,0.21859713917877263,2079.968,1591.066,0.10129224517762908,1550.497,0.10387933247642754,0.026165158655579442,0.1685957716398943,-0.0019319842564782192,1,1
101334,2020.0,474.56,0.08001933963472424,0.5227558692649992,46.09226106610309,1.8719242561876082,0.4318313029583798,194.858,0.6257284334438983,0.52,-140.484,-38.368,139.881,17.034,0.04061254997889978,382.87200000000007,342.958,0.03107861060329067,442.575,0.08366442333815305,-0.22508501383946217,0.3837262871838533,1.5747399282467156,1,1
101452,2020.0,386.45,-0.0025267570964473186,-0.21262635219010462,-15.943461217681403,2.3257427549456167,0.13625637900625753,321.754,1.745771608265106,-0.23,-252.8,-0.233,1.368,-5.995,-0.14587439472467575,137.885,372.511,-0.02809554829669274,216.131,-0.002025078426586387,0.7235426662533372,0.03741902923672043,-0.910065570895274,1,1
101558,2020.0,344.026,-0.005231854096836133,-0.23367909430383496,-11.21195718344156,0.7669381480504699,0.42915471077401074,156.169,0.4169079548918012,-0.23,-548.007,-13.608,125.519,-19.712,-0.06840359229904362,519.181,273.575,-0.030039622066443155,297.815,0.017614196802185372,-0.08139281097325524,0.2575198757196382,-0.8258348894914838,1,1
101602,2020.0,1987.5,0.05175467366349623,1.279223643581826,39.84447931034483,8.664900000000001,0.5251375084435008,984.2,0.7478260869565218,1.27,1249.2,355.6,684.9,197.2,0.21746801940891045,1968.1999999999998,2072.6,0.07115280534006856,1895.6,0.08442168561495819,0.09337412956319899,-0.04105953874360702,-0.2726263790143012,0,0
101677,2020.0,5998.545,0.01369197530359067,5.948445632297088,98.12647472657406,5.632450942842607,0.7257625662065321,1525.347,0.23208834824393199,6.03,-3711.657,1259.009,1887.029,507.45,0.05739991127305074,22026.354000000003,5562.14,0.021174086289878227,5071.654,0.018047198472998134,0.09671125041258725,0.07845990931547925,-0.3533616933385316,1,1
105645,2020.0,1338.882,0.00894060778304439,5.235894153910454,12.223318141792701,1.1249723354059968,0.7529010438802128,329.077,0.04789563904920092,5.25,1214.717,-194.985,526.707,400.881,0.09203493866036327,7097.761,1331.762,0.014417329581173447,1147.587,0.014359768613726218,0.16048892153710348,0.005346300615275191,-0.3798707498010391,1,1
102017,2020.0,2105.322,0.0613047075495935,0.39144156951947684,38.447628386721874,1.2415008322667758,0.21309533902401664,2116.229,0.7552256669810974,0.39,464.223,143.794,400.154,41.301,0.032290699956295243,2677.213,2689.308,0.011598364810570713,2847.261,0.050205017898755255,-0.05547542006159603,-0.21715102918669035,4.285633669128996,0,0
102092,2020.0,30.111,-0.007694239896352506,-0.10538930742559806,-36.05678880357663,32.45741907261593,-0.6548504938438642,48.924,0.3436875145315043,-0.12,-489.205,3.28,64.674,-20.578,-0.9001749781277341,19.236999999999995,29.564,-0.23922343641013719,18.564,-0.50645012900258,0.592544710191769,0.0185022324448654,-0.9678365965650577,1,1
102112,2020.0,1073.442,0.03257279001221406,2.9460550458715593,27.30091554559044,2.282072351295632,0.3226626945204413,852.154,0.5346554513570012,2.8,460.246,-12.034,13.535,96.336,0.08358959052068221,2274.583,1258.094,0.04094015833628335,1215.012,0.07219038621968374,0.03545808601067323,-0.14677122695124534,-0.20438045831038432,0,0
102158,2020.0,4961.4,-0.08229221877287297,2.243375174337517,14.143866956792044,2.590130358057722,0.7216903651839194,1677.4,0.8763759033341574,2.22,208.4,-274.2,1233.8,643.4,0.18312745488700402,5399.9,6027.1,0.09355415642766783,5880.0,0.05952113561834598,0.02501700680272115,-0.17681803852599104,-1.8796211939177485,0,0
137635,2020.0,4034.0,0.0893854748603352,3.0695721421848985,18.44230966981132,8.231094,0.17738589211618258,3172.0,1.4032023289665212,3.04,-219.0,107.0,1461.0,212.0,0.4463157894736842,1256.0,3856.0,0.07714701601164484,3503.0,0.07885010266940452,0.10077076791321725,0.04616182572614108,0.15863813639717506,1,1
102669,2020.0,313.832,-0.4890850242310703,-0.4894844706858272,-14.974938816199378,-16.135920833557122,0.3598061012501367,140.52,1.3601779727711576,-0.52,-622.182,-19.002,12.074,-40.125,1.0775283312745045,122.817,219.496,-0.24864754326932015,202.463,-0.04966226210432896,0.08412895195665389,0.4297845974414111,0.9669811243673647,1,1
103378,2020.0,1491.391,-0.1722877460969257,-0.5689580426212184,-162.5427414189278,5.966821898542041,0.7917306197812832,182.505,0.24995749861371316,-0.64,-1119.856,17.098,323.655,-83.993,-0.036709248573355335,3156.1400000000003,876.293,-0.02395851636503043,454.462,-0.11492550632471185,0.9281986172661302,0.7019318880785309,6.191085769751373,1,1
102974,2020.0,629.516,0.04845729519594963,0.8799464907914386,12.48939579282305,1.163345177681691,0.39167103858233343,427.87,1.329135021854526,0.88,346.672,52.579,95.624,28.285,0.09314663391084137,417.75800000000004,703.353,0.05345052071030516,728.999,0.07346452832831431,-0.035179746474275096,-0.10497858116763559,-0.09341771507555864,0,0
104023,2020.0,1481.564,-0.03420704560309079,-0.9738777089783281,-26.54337373335983,,0.5181309207280805,721.85,0.24216342342505454,0.6,,11.336,16.192,-105.693,,6059.966,1498.021,-0.01708586108743755,1961.757,0.03241289371473932,-0.23638809495773436,-0.010985827301486348,1.002067406965029,1,1
103355,2020.0,2471.941,0.36770280782403314,5.645276860505144,49.42893092669883,16.25794704825323,0.7573915695389222,583.909,0.9624481445610071,5.57,439.224,-86.432,868.627,442.776,0.32891561163568617,1544.8250000000003,2406.796,0.1770606813606739,1966.492,0.1950027722857179,0.22390327547734742,0.027067104981061955,1.0767050312825794,1,1
102886,2020.0,4186.573,0.14112805564432437,4.99504945302749,19.5313381614008,3.880951639471484,0.6206570583405745,1425.383,0.6093120596276934,5.01,3284.935,-174.167,1404.03,952.486,0.19870382701894398,4521.938,3757.505,0.15445387469252686,3347.444,0.12894265462696583,0.12249973412549998,0.11418960187677733,-0.08627701360506722,1,1
108342,2020.0,46.551,-0.2129803664032247,-1.8194608386689082,-3.1437884665792923,57.869978287092884,-2.9339844970044577,138.551,0.1262022159473677,-2.16,-1221.211,-9.867,151.055,-152.6,-18.407720144752716,118.73499999999996,35.219,-0.5468201298608225,8.198,-0.7534900703704407,3.2960478165406197,0.3217581419120361,-0.6105111081820767,1,1
108857,2020.0,441.755,-0.3597984196591943,-1.5151118982450489,-28.235538279088157,9.50126155892639,0.5824505420613668,141.581,0.4329460675218947,-1.6,-1703.825,54.883,697.429,-235.259,-0.3365001036995716,78.53200000000004,339.076,-0.30038828728407024,223.807,-0.45388947097567206,0.5150375099974533,0.3028200167514067,0.19777779257731598,1,1
103365,2020.0,7423.558,0.013223972148484855,1.4342961635567872,127.2819412326149,1.9676104381620068,0.7651275720231634,1153.668,0.11042882442739305,2.17,2022.44,467.395,1678.273,430.613,0.01545867716274132,42653.80499999999,4911.892,0.009681012402787563,3366.366,0.03416678419569407,0.4591081302508402,0.5113438976264136,0.36596996246767827,1,1
103403,2020.0,2427.802,0.09966656020471926,4.469507843592248,14.066425700568837,5.288968146921506,0.5405423635366536,1253.36,0.32329931430601766,4.46,,-224.662,85.445,1020.849,0.37599943720654083,8201.292,2727.912,0.12098622745527857,2826.573,0.1721740728698682,-0.03490481229389797,-0.11001454592376869,-0.17621565445075082,0,0
103419,2020.0,638.075,-0.40649072257997326,-3.8314738599361995,-4.256847520361678,0.806207446769398,0.21110154380874305,802.589,0.588791845668677,-3.9,729.964,-10.823,8.493,-231.808,-0.18939072703757534,1641.006,1017.354,-0.13415847400291805,1088.133,-0.00953428474898706,-0.0650462765121543,-0.37280926796375696,2.02992953371795,0,0
103515,2020.0,239.825,0.1628175713017702,0.833746678476528,17.27143312440242,6.316738330829404,0.2310019990689269,224.652,2.7885151387881337,0.83,73.825,11.059,19.804,28.239,0.3657333057037766,81.074,292.136,0.26954869993509223,298.616,0.2823949246629659,-0.021700109840062026,-0.17906386066763436,-0.39596232020047983,0,0
105397,2020.0,1333.9,0.07013815090329437,-0.6866566716641679,-42.43751091703057,1.4785014453065572,0.4044287460942807,876.8,1.0442615973897007,-0.66,583.5,26.8,327.8,-22.9,-0.034839494903392665,983.7,1472.2,-0.016243438785643355,1630.3,-0.08274436591545539,-0.09697601668404583,-0.09394104061948101,-5.317937342509362,0,0
104415,2020.0,26581.0,0.0524258958855626,2.6968528354585275,20.423806325581396,2.8978966262144823,0.4284830678830988,14784.0,0.40074981796774545,2.68,16395.0,228.0,1328.0,3870.0,0.14188817598533457,57368.0,25868.0,0.059954453206091496,25938.0,0.05389851583796968,-0.002698743156758424,0.02756301221586516,-0.12557127816093527,1,1
105238,2020.0,57031.0,-0.00039756697515312705,10.495647290087055,8.931321471571906,0.5923554096490532,0.28589713933225386,46306.0,0.0723270931301252,10.23,57030.0,979.0,60267.0,4186.0,0.06632337796086508,834995.0,64845.0,0.004668998563385057,62998.0,0.004998294641739809,0.02931839106003365,-0.12050273729663043,-1.0851503742731692,0,0
104579,2020.0,44327.039,0.13775708803190023,7.5169981785980555,26.36291712351583,8.74396294220169,0.3224026335477441,29282.379,1.4506608620108572,7.49,8580.961,1065.493,6130.166,4779.112,0.33167660851924613,22013.073,43215.013,0.1604273666090632,41603.428,0.16605559398689923,0.038736831974519,0.02573239998793933,-0.14131179147512252,1,1
104246,2020.0,681.003,-0.001248349955069539,0.014824027698410031,4943.32589569161,8.022177646528487,0.5894360094940285,217.952,0.627761964620837,0.01,171.169,-178.672,350.833,0.882,0.0016228300168354814,468.93199999999996,530.86,0.0010429982533918137,420.068,0.04058843149790144,0.26374777416989637,0.2828297479561467,-2.196885949722279,1,1
104398,2020.0,4521.4,0.009477937295705435,5.840336134453781,19.211223021582736,3.36253856324372,0.5317040832780894,2613.7,0.21065643069583467,11.25,5063.4,-9.6,4550.9,278.0,0.17502990618900713,21643.1,5581.3,0.010492624967918234,7791.2,0.03169374450846889,-0.28364051750693087,-0.18990199415906697,-0.0967048450997974,0,0
104406,2020.0,9352.0,0.025849316135060082,8.112518455202425,24.892393295019154,2.535628705239535,0.2291182652948335,6968.0,0.25515158358267936,8.05,-435.0,-138.0,895.0,1044.0,0.101863596448434,34213.0,9039.0,0.029469880878450854,8513.0,0.02146055272502702,0.06178785387055092,0.03462772430578604,-0.1228564431028367,1,1
105040,2020.0,836.417,-0.03631086944951018,-1.6089041286833374,-7.222307279122554,2.5629705101087117,0.2481185175815836,618.215,2.15031356734506,-1.61,-143.015,-14.987,1.032,-57.713,-0.3548686605342122,335.61600000000004,822.224,-0.15093337936156748,816.484,-0.03969761336571406,0.007030143885244547,0.01726171943412012,-0.7594245248923639,1,1
104697,2020.0,41355.0,0.04840414288733883,-9.025970820728707,-6.376045429687498,1.5625767087880527,0.026640738940204182,40044.0,2.2460009826936727,-9.34,813.0,-71.0,998.0,-1280.0,-0.2450698832088838,14477.0,41140.0,-0.06988043893650707,45743.0,0.013745173745173745,-0.10062741840281574,0.005226057365094798,-1.6926708478651449,1,1
104692,2020.0,88.046,-0.14035398845538632,-0.16669230532566226,-101.3244130675526,2.7986544961433952,0.6860314307413683,26.871,0.35728300437497906,-0.17,-37.35,1.516,97.605,-5.418,-0.02762073237253832,134.303,85.585,-0.022617974150886684,85.794,-0.0341559505101702,-0.0024360677902884025,0.02875503885026597,5.205418200545785,1,1
105124,2020.0,2393.714,0.030025404640819,2.4397072043148835,25.539949994736293,3.951516025962956,0.3345765977965957,1478.642,1.150369684714487,2.44,400.199,69.638,101.378,113.988,0.15471901968395993,1727.721,2222.107,0.059010812540185933,2136.074,0.09495478391474362,0.04027622638541544,0.07722715422794671,-0.49118808319455154,1,1
104723,2020.0,7024.5,-0.005688496459535501,5.493203883495145,27.248214916931783,2.4890079996125314,0.7780436471148305,1771.7,0.323970014651747,5.52,10185.4,75.1,617.9,1131.6,0.09134572694763522,23619.899999999998,7982.2,0.045927747811369914,7932.9,-0.01571696205049986,0.00621462516860167,-0.11997945428578585,-1.1238575094711536,0,0
105505,2020.0,7131.8,0.06920001088050486,9.564315352697095,11.688238611713667,3.33484635618134,0.16211530726876835,6041.4,2.476659911379796,9.65,1091.6,-4.8,3.5,184.4,0.2853164165248337,2826.1000000000004,7210.3,0.06333940164187819,6874.4,0.062328411367515026,0.048862446177120995,-0.01088720302900018,0.09252706982870827,1,1
108771,2020.0,16252.0,0.006803141814583462,4.5374802365120965,17.564814797136037,2.7237814211695044,0.18668909178279675,13540.0,1.1783691959229898,3.95,641.0,-127.0,377.0,419.0,0.15507031828275353,12594.0,16648.0,0.029657417893544733,17279.0,0.03439282803585982,-0.03651831703223566,-0.02378664103796252,-0.770609098910656,0,0
105740,2020.0,1041.212,0.07991497069974884,0.3898172082717873,7.695914742451155,0.3603220011975251,0.3325244983667756,665.136,1.4467116724738678,0.4,102.593,1.458,8.223,8.445,0.04681990552857428,596.922,996.495,0.012260452961672476,987.581,-0.008415939517734013,0.009026095074733098,0.044874284366705285,5.518109155475074,1,1
105051,2020.0,121867.0,0.052785314321999656,19.005859514000363,15.89141494903266,2.4076535445032774,0.20256589868826347,83103.0,1.3454998515228591,18.81,22277.0,1003.0,25635.0,4807.0,0.15150655572365104,38694.0,104213.0,0.06206344492789175,92105.0,0.05239552332648698,0.13145866131046088,0.1694030495235719,-0.14949428953987112,1,1
105426,2020.0,5089.8,-0.08707433470840412,-7.32348367029549,-0.5243406243363772,0.4037808667211774,0.3100680482523971,4461.1,2.293151753732667,-5.31,611.4,-1127.0,499.7,-470.9,-0.7700735895339329,1939.1999999999996,6466.0,-0.16700358194134127,8285.3,-0.1664070420097421,-0.21958166873860926,-0.21283637488400864,-0.4786079813606135,0,0
105248,2020.0,111115.0,0.026310045256770324,3.1827644031533704,19.75326855412566,2.079042925663294,0.12305899060812713,65454.0,1.8207298629067667,3.19,5118.0,6781.0,12986.0,1321.0,0.10525057764321567,24005.0,74639.0,0.032224227935795484,60116.0,0.02912527102682761,0.24158293965001,0.4886989375527539,-0.1835321761877043,1,1
105016,2020.0,14597.8,0.004705561887847965,5.040491684743311,10.911633911920816,1.0407032425776441,0.11710292757318935,14126.0,0.05795113003906729,5.0,12112.2,-461.6,5345.8,1394.2,0.09537556437269121,,15999.6,0.005049842839850222,14075.6,0.006363252208211044,0.13669044303617608,-0.08761469036725925,-0.06817656765184964,0,0
105174,2020.0,10106.321,0.04164156735899651,7.032817194360989,22.773235187801912,3.1242445917689676,0.46446293198179056,5199.531,0.8631356555637295,6.87,3738.279,-477.862,418.665,486.896,0.13718931745992835,7407.873,9709.003,0.04328531963079604,9580.554,0.04688236949386814,0.013407262252266468,0.04092263644372129,-0.03797482115922874,1,1
105208,2020.0,3326.3,0.07111149296904087,8.374521582642636,14.975183807506056,2.578456787742978,0.41911944890679875,2133.4,1.1577039465388979,8.32,2144.4,331.9,461.0,330.4,0.17218197925895043,2372.6,3672.7,0.10414827890556044,3680.1,0.11697002141327623,-0.0020108149235075383,-0.09431753206088155,-0.3172091395430227,0,0
105419,2020.0,2518.384,0.054448190872688894,2.83456532019214,28.180687681095794,2.1530981416060997,0.14807165973996647,1893.461,1.0543878924851773,2.85,973.545,3.56,8.854,113.89,0.07640332152186775,1953.1860000000001,2222.559,0.05402971847997593,1958.557,0.04551156928627379,0.13479413670370594,0.13310107853154846,0.0077452262289327565,1,1
105312,2020.0,1163.742,-0.01670827774181759,-3.8787584869059164,-0.9564916229057264,0.15940065510372478,0.05083485599992059,1339.179,4.080192485099467,-3.99,-242.521,5.721,76.805,-19.995,-0.16665138646952435,186.541,1410.902,-0.05782361123562363,1390.394,-0.18263958740113995,0.014749775962784676,-0.1751787154600391,-0.7110474876130869,0,0
108640,2020.0,353.874,0.18542111587442345,0.8221896306384167,14.716799566791604,3.734132851269728,0.9843353366874833,4.801,0.7433351442596868,0.82,-23.294,-10.356,275.962,94.181,0.25373267022646573,128.81300000000005,306.486,0.22842168066900792,251.247,0.2419360013346423,0.21985934160407875,0.15461717664102123,-0.18825080293885937,1,1
108597,2020.0,147.683,-0.17988744321306682,-0.8625314333612741,-41.517327502429545,11.158764529188979,0.5487309588799859,82.001,1.5976366737589898,-0.88,-36.418,0.264,33.921,-12.348,-0.2687736711505812,67.132,181.712,-0.10856529919639875,162.72,-0.31514692176121756,0.11671583087512286,-0.18726886501717002,0.6569515724139774,0,0
105408,2020.0,553.016,0.006213036381645955,0.8010247651579846,82.15726012793178,-15.134306433161987,0.6143267230750407,204.887,0.5699295372718651,0.82,-696.904,123.329,399.422,37.52,-0.18421143073169058,521.627,531.245,0.04025215529264347,520.193,0.03874704331959181,0.02124596063384171,0.04098109158674427,-0.8456471128943136,1,1
105617,2020.0,1273.705,-0.002228255953539928,0.44307825388488986,130.90238460465764,3.0542555199094172,0.6892716820825477,405.076,0.4322310777843132,0.43,-257.455,-1.042,443.221,28.684,0.023332313839306052,2501.233,1303.634,0.009510427186745083,1229.747,0.023017223067658587,0.0600830902616554,-0.022958130886429846,-1.2342960952001718,1,1
105561,2020.0,2957.0,-0.10099955243920633,2.017730496453901,9.27775043936731,1.1000291727443217,0.3379046207066963,5359.0,0.6791407954354758,1.92,4324.0,485.0,1328.0,569.0,0.11856636799333195,10189.0,8094.0,0.04774290988420876,7658.0,0.018031843468252446,0.05693392530686863,-0.6346676550531257,-3.1154879894032708,0,0
105639,2020.0,24996.056,0.07029963753640847,4.254526477471872,76.05311700687123,18.726172643220128,0.38795592298583176,12336.634,0.593260473834956,4.26,4788.228,1231.745,5018.437,1866.916,0.24622491990076173,23869.367,20156.447,0.05494854677364819,15794.341,0.046632145497104836,0.27618157667990073,0.2401022858840152,0.27937209742773844,1,1
105810,2020.0,1059.371,-0.03171377762881031,2.082750781472009,41.64204415215849,5.369867619580479,0.11851289998051488,1054.062,3.0632672404959527,2.09,122.557,6.453,7.973,36.646,0.12895302641626288,351.503,1195.777,0.09387744645967824,1088.758,0.0877830835164357,0.09829457051061852,-0.11407310894924383,-1.3378210510064508,0,0
105627,2020.0,264.488,0.04366295606120047,1.425745332961828,18.51663083838186,2.055896759914726,0.5299853623367828,129.082,0.808724664226462,1.43,9.715,1.624,7.357,20.468,0.11102974282196075,323.428,274.634,0.06027285925044686,280.411,0.05379775801993007,-0.020601902207830602,-0.03694371417959908,-0.27557848417690994,0,0
119022,2020.0,13239.976,-0.014337310756844919,-1.657639237251005,-22.658730051714233,1.6027475060803518,0.05274017986818156,19109.384,1.394959171504712,-1.66,-264.649,193.621,1080.354,-261.05,-0.07073421601397722,10426.518,20173.329,-0.018051264207375246,20155.512,0.009295469129728492,0.0008839765519230043,-0.34368908572303564,-0.205744783737247,0,0
105739,2020.0,156.471,0.10717650295547199,-0.15913864454010437,-39.713798105194385,8.712761675410684,0.8854195656662686,12.763,0.6089992072387305,-0.18,-366.593,20.066,63.888,-15.305,-0.219388778991428,107.31299999999999,111.389,-0.08367731882671332,55.64,-0.3120433416564547,1.001959022286125,0.40472578082216387,-2.2808309881130744,1,1
113612,2020.0,5103.0,0.03799945637401468,16.643036175227262,31.284556166200254,-9.615534720483055,0.5722465697772038,2234.243,0.32133432414230667,12.94,-3498.937,-605.531,1467.486,889.77,-0.3073572362478216,14510.654999999999,5223.203,0.05473914025399743,3811.126,0.0784639958443831,0.37051438341319604,-0.023013273656030682,-0.3058083083203029,0,0
117584,2020.0,4846.037,-0.004035878345809644,4.014084507042253,4.272456140350878,0.24947780678851175,0.24820040805190607,4599.028,1.8933945547595945,4.12,-127.357,-297.181,17.206,33.345,0.05839212822627672,3066.249,6117.359,0.010320669659645391,6231.437,-0.08359498733798024,-0.018306852817415873,-0.2078220356202734,-1.391048108204668,0,0
106977,2020.0,693.616,0.0815216093569777,0.5193163070019138,50.008057998271745,3.0696197486103682,0.4664831100796657,314.489,0.7018414491559529,0.52,-244.9,47.391,222.853,39.346,0.06138250257021484,576.115,589.464,0.04684705708659073,529.675,0.14286302803266038,0.11287865200358731,0.17668933132472878,0.7401650055903308,1,1
105787,2020.0,543.496,0.04298239269255409,-3.8166380051590716,-0.30131230639256545,0.2085556494054967,0.3087533947141816,417.43,1.4294980139285394,-3.79,-95.93,-27.814,30.132,-53.265,-0.6921577545318693,332.797,603.88,-0.12608831508230717,647.071,0.013638922164330968,-0.06674847118786043,-0.0999933761674505,-1.3408911655651543,0,0
106225,2020.0,837.969,0.0672797627189765,6.474744848209062,14.290910633427375,1.7607353112173834,0.14348983830970963,748.816,0.43223285668589373,6.52,689.743,6.825,91.553,99.601,0.12320665606143448,1851.44,874.264,0.04924236244289105,828.4,0.04481909666853424,0.055364558184452,-0.041514919978404646,0.36629843454412586,0,0
105798,2020.0,868.715,-0.28322248314677057,-0.6115453068173025,-53.994364165506774,1.1836166093420615,0.19509906358411394,1058.456,1.0625688844357537,-0.61,348.893,11.476,30.045,-7.903,-0.02192111394652169,1174.495,1315.014,-0.006385849803649057,1338.563,-0.007605981934756102,-0.017592746848672944,-0.33938726127630575,43.35157290810836,0,0
105698,2020.0,1074.0,0.08850067191399502,1.8593135589106267,35.970264229765014,1.5533443680234524,0.3896491664593183,735.9,0.5924524593386075,0.38,595.8,-8.4,121.2,38.3,0.043184124478520686,1831.1999999999998,1205.7,0.018819714018967128,1532.0,0.011423242802191398,-0.2129895561357702,-0.10923115202786766,3.702551368464002,0,0
106252,2020.0,4883.6,0.016887588280405198,5.920743442843076,33.90114804630286,2.746069671513152,0.6288208709942481,1806.9,0.06472087460928827,5.93,5012.1,179.4,1638.9,2116.5,0.08100226186330078,73514.50000000001,4868.0,0.028139221674313604,4309.4,0.025326650807930746,0.12962361349607843,0.003204601479046911,-0.3998558852883718,1,1
107744,2020.0,4501.269,0.06053598120480361,5.0329836065573765,23.296320664990297,2.6405096832532857,0.5282997140153534,1433.65,0.2172538340070296,5.01,798.683,103.563,248.678,230.259,0.11334449423257822,13583.693,3039.324,0.016459137151756318,2766.696,0.055150856056969455,0.0985391962109318,0.481009921943169,2.677955936975952,1,1
106121,2020.0,2095.861,-0.149049208312283,1.1454956968816363,121.23135894621295,8.553788731788336,0.3848143856263535,4067.053,0.47660335047642677,1.15,640.139,138.969,2351.904,122.985,0.07055755875493748,11256.94,6611.099,0.008866160234227826,6706.96,0.043312526402118474,-0.014292764531173568,-0.6829784276411531,-17.811021273547286,0,0
111307,2020.0,5627.0,0.051893876188887036,4.68823821580433,22.84440232558139,3.1355856357510192,0.3066635382449554,2955.0,0.306090203964378,4.69,3341.0,-224.0,3358.0,774.0,0.13725837914523853,10286.0,4262.0,0.055587474863544956,4277.0,0.029171974522292993,-0.0035071311667056347,0.3202721726888785,-0.06644659941335512,1,1
105768,2020.0,3150.4,-0.01058915854653344,5.593025342241643,8.158375334968863,0.7435712229102167,0.39131227771529314,2002.4,0.06471608882453848,5.29,2255.5,890.0,3635.6,529.9,0.0911420708634331,10316.100000000004,3289.7,0.010424371665538786,3258.7,0.009211453435907156,0.009512995979992021,-0.04234428671307406,-2.0158078478283166,0,0
106071,2020.0,9584.019,0.06839425301040558,3.5604150956946388,12.422708816588337,2.1340309991118027,0.3224975296383405,5928.65,1.3201574700990863,3.4,2645.161,-44.319,69.334,297.462,0.17178467519597504,5557.637000000001,8750.743,0.04487581013070712,8436.57,0.0763918360679307,0.037239423130490314,0.09522345702530628,0.5240784023998158,1,1
96967,2020.0,3050.61,0.03234028379581322,6.000545913609172,18.22167542323409,5.461595923329509,0.46062928206379256,1916.882,1.2908724910710294,5.89,879.69,44.234,214.311,263.802,0.2997307215979458,2355.165,3553.923,0.09581939307337828,3501.199,0.13700216333520815,0.015058841271233,-0.14162180778818215,-0.6624870732478226,0,0
107343,2020.0,1242.428,0.0017571126363035287,6.4139616194525,8.851004007854653,1.0654039469730356,0.6807545579559064,460.592,0.04432680783612693,6.23,1703.558,1345.518,4425.583,322.866,0.12037097102515866,1643.8929999999991,1442.752,0.009919666816486102,1242.217,0.010645710257289616,0.16143314734865152,-0.13884853391296623,-0.8228657606338878,0,0
106180,2020.0,1065.414,0.033536257419334706,1.8970847278492162,19.134622437846744,1.409797945592053,0.2670050832984243,727.905,0.22447569345628093,1.9,1101.613,25.112,123.807,86.158,0.07367785542523098,4189.58,993.056,0.01947561547063434,874.831,0.016769922131882394,0.13514038711476847,0.072863967389553,0.7219613659912951,1,1
106021,2020.0,1822.366,0.08932226393263318,4.38443150711339,21.238785427237318,2.962679600503419,0.15185128180731894,1515.417,1.2620921343822424,4.38,558.2,-1.946,0.248,113.719,0.13949383361178372,1331.8239999999998,1786.735,0.08032744387377772,1653.849,0.09259682308953616,0.08034953614265872,0.019941961174992424,0.11197692376455357,1,1
106095,2020.0,68.055,0.0058930707527028925,-1.0550989345509894,-11.619763416041547,0.6503873746936731,0.43513844271072355,44.31,0.2737274798745189,-1.06,137.478,-41.036,11.592,-13.864,-0.055972514362537494,273.01,78.444,-0.04837792286191844,65.478,0.0013948873775789863,0.19802070924585372,-0.13243842741318643,-1.1218132239683596,0,0
106049,2020.0,1558.595,-0.42567344924447037,-1.2200205590092517,-43.02386514094961,1.4992672408610288,0.409413327047456,1395.538,0.3309466950344319,-1.33,331.795,-705.944,94.722,-124.619,-0.03484733963230197,6788.348000000001,2362.969,-0.01745357056673019,2339.017,0.1306235611383808,0.010240199194790045,-0.3404081898662234,23.388903555120383,0,0
106073,2020.0,129.011,-0.09200685123937359,-1.9947801973737869,-10.081311227410254,0.7274207214356728,0.1397493677144542,180.952,0.19370719592009264,-4.43,,-107.765,98.265,-24.458,-0.0721553679900166,986.4629999999999,210.348,-0.022523107411592337,202.765,0.10400425745371175,0.03739797302295775,-0.38667826649171855,3.0849981114070837,0,0
106259,2020.0,10509.0,0.1124300111982083,7.476830002452638,6.30213606361829,5.864892580943571,0.3320500481231954,6940.0,1.1693866066404053,7.13,-4383.0,394.0,2251.0,2012.0,0.9306197964847364,5214.0,10390.0,0.22644907146876758,11184.0,0.12561105207226356,-0.07099427753934191,0.011453320500481232,-0.5035086235108943,1,1
110915,2020.0,267.594,0.22258951172912314,-0.528406223256018,-33.55373048172758,26.41444439601155,-0.18848218294624272,232.933,0.3463527216306103,-0.5,-603.438,62.243,421.262,-72.24,-0.7872282460633139,138.17800000000005,195.992,-0.12766092805112092,151.862,-0.18246533771874035,0.2905927750194255,0.36533123800971473,-2.743599354377157,1,1
107029,2020.0,19423.0,0.07060428031892572,11.887096774193548,11.414898236092267,4.292234693877551,0.14469071246063342,14394.0,2.4795933402092234,11.85,1785.0,-418.0,4398.0,737.0,0.3760204081632653,-551.0,16829.0,0.1085899513776337,18890.0,0.09882583170254403,-0.10910534674430916,0.15413868916750847,-0.3498083439286989,1,1
107240,2020.0,1255.202,0.05270428981256538,0.8618546365914787,28.438670466441785,1.2049781252618317,0.307891862233583,691.252,1.044935567940591,0.83,-222.702,-10.839,195.707,25.791,0.04237111318842175,679.5749999999999,998.763,0.02698331158919161,1058.816,-0.008781110548833787,-0.05671712554400386,0.25675660792400196,0.9532179969220871,1,1
129617,2020.0,724.4,0.0006257088107621916,-0.40933950357593607,-10.993319630010276,0.4020333759302413,0.7084231470734538,351.7,0.2201978896637336,-0.41,1257.1,168.3,166.3,-97.3,-0.03657069833872059,5084.3,1206.2,-0.0177626054255358,1932.6,-0.1653535584687306,-0.3758667080616785,-0.399436246062013,-1.0352261842095902,0,0
107342,2020.0,133.152,0.01360587590217031,0.2882634730538922,75.83340257582051,3.5079516080986286,0.3416559574077474,75.306,0.11003955717512515,-0.16,-363.104,2.406,18.714,9.628,0.0462586602861618,1015.221,114.387,0.009262073981152622,106.798,0.013123485393198584,0.07105938313451561,0.16404836213905413,0.4689880398123448,1,1
107353,2020.0,1368.675,0.06230113618432541,0.07439353099730459,795.4992753623188,2.4196210861734553,0.07205035418532073,1401.152,2.527606334985545,-0.72,183.733,49.306,61.518,0.966,0.003041638328421371,526.058,1509.944,0.0016170584601786799,1384.965,-0.03316930131446966,0.09023982555515847,-0.09355909888048829,37.5274482763235,0,0
107476,2020.0,11628.83,0.05165011897140682,1.764608076783892,20.23112127258619,2.186178436040341,0.3913095591922316,7612.349,0.9785721484487114,1.74,3939.251,197.607,523.02,541.26,0.10806017158340513,11314.141,12506.109,0.04235225848977884,11876.674,0.042140003486228254,0.05299758164617463,-0.07014803725123461,0.219536355631941,0,0
107678,2020.0,892.02,0.05433263141683475,-1.2601773478436116,-14.680473372781064,1.6753998368348146,0.152088607368951,237.472,0.2672535295268359,-1.27,148.264,-39.074,121.477,-62.53,-0.11412437421406033,921.8179999999999,280.067,-0.05966916202663308,406.133,-0.00023398782453665955,-0.31040570453521377,2.1850235836424856,-1.9105646798355171,1,1
107740,2020.0,24675.563,0.0392884481597554,9.865274357206186,12.448716128233396,1.6453223745859127,0.1288498651761377,20696.169,2.0308919674883485,9.79,2415.603,-230.884,231.149,500.712,0.13216803706001135,8317.368,23757.293,0.04280336058594832,20053.764,0.02618350490930918,0.18467999324216652,0.03865213094774715,-0.08211767436192415,1,1
107789,2020.0,2426.611,0.009405561930427082,2.701080036879308,11.080752732740054,0.5966741756148604,0.10512497707609822,3103.423,0.04975850168312487,2.7,3266.685,1948.996,2587.604,246.09,0.053847801679743325,66613.84799999998,3467.996,0.003530877682442598,1546.047,0.007432240295602001,1.2431374984072283,-0.3002843717236122,1.6638028208104005,0,0
110861,2020.0,61.577,-0.1384186376311609,1.935250231443664,5.425654951177646,1.7804777822923208,0.224310133264846,54.365,0.40325893704796917,1.96,57.336,-6.692,12.08,35.537,0.3281590514534776,153.673,70.086,0.20447183240409897,23.945,0.2220538130073154,1.9269576111923157,-0.12140798447621494,-1.6769569969794336,0,0
107748,2020.0,1385.209,-0.0017873788377080527,1.9554469273743016,4.4797943004071135,0.40002295991581366,0.5716162543198546,660.943,0.7114063323479818,1.85,570.636,15.918,80.855,56.004,0.08929493925188942,2039.3599999999997,1542.876,0.02582294379899381,1549.366,0.039179121304128005,-0.00418881013266072,-0.10219032508121192,-1.0692166954945586,0,0
113428,2020.0,152.967,-0.157416071315673,-5.722437684744555,-0.3564914311672516,0.31307522038478863,0.8654681718015883,25.885,0.2405948096704088,-5.75,-667.978,-189.16,138.675,-272.966,-0.8782124702400104,634.7860000000001,192.408,-0.3413278180558647,471.433,0.025915889159214753,-0.5918656521711463,-0.20498627915679168,-0.5388126516839922,0,0
107850,2020.0,300.761,0.01811842590518597,-0.3069361004915347,-17.72355871886121,1.2201539969200619,0.5141144601573435,161.073,1.225405321484811,-0.52,-44.673,8.396,80.555,-7.868,-0.06884362312753746,179.938,331.504,-0.029084080642895693,316.965,-0.11577947980359787,0.045869417759058714,-0.09273794584680725,-1.6229671182544916,0,0
107886,2020.0,3676.9,0.10542223296862722,3.522304832713755,24.71677044854881,13.028728789986092,0.46101094655505476,1674.1,1.0144359527075575,3.5,1615.6,19.1,64.9,189.5,0.5271210013908206,2745.2000000000003,3106.0,0.061891697694166824,2702.9,0.03701112175001841,0.1491361130637463,0.1838055376690277,0.703333999489936,1,1
108230,2020.0,10094.8,0.009894759002819714,6.382410836419445,20.537693883951906,1.3907718154303617,0.21326882658524002,7935.6,0.22773824145654215,5.87,6377.9,613.1,2666.8,382.6,0.06771801270818953,36013.899999999994,10086.8,0.008638284806011127,8054.5,0.0061086462899100245,0.25231857967595744,0.000793115755244478,0.14545412949735623,1,1
107820,2020.0,1004.9,0.0279018350652222,1.844419524287316,33.05104896,3.900473111782478,0.32036229453203624,1013.0,0.6100605762933857,1.82,415.3,7.7,34.7,62.5,0.11801359516616314,2282.3,1490.5,0.025581204977079244,1493.6,0.029055281050720045,-0.0020755222281734795,-0.3257967125125797,0.09071621490161388,0,0
107794,2020.0,1638.8,0.03137428192664604,0.7531214332653131,17.792615384615388,1.898954539884818,0.2508809427531627,1296.8,0.8806084037033268,0.75,-581.3,17.6,392.3,87.1,0.10672711677490503,1436.3,1731.1,0.044307661003153934,1661.9,0.10800273958168695,0.041639087791082385,-0.053318699093062194,-0.2918993867807028,0,0
142361,2020.0,11443.0,0.025230085687083466,1.9028169071843641,12.082087306034481,1.4087419298906898,0.3199254805656703,8031.0,0.4436804929365795,1.88,-794.0,-218.0,447.0,928.0,0.11659756250785275,25222.0,11809.0,0.03486624586714758,9144.0,-0.002075007685213649,0.29144794400699914,-0.030993310187145396,-0.2763750424058044,0,0
108973,2020.0,21252.0,0.06141687154039909,0.14109742441209405,1292.0859523809524,4.804569278441789,0.7844777166920107,3685.0,0.3101621739288176,0.15,1768.0,1476.0,7947.0,126.0,0.0037184594953519256,43803.0,17098.0,0.0022856728222617278,13282.0,0.03611282818752643,0.2873061285950911,0.2429523920926424,25.870368734413017,1,1
107892,2020.0,28.913,-0.2194079951174855,-0.22868991773743966,-10.931833045959927,3.8360630085541416,0.14893184130213635,4.183,0.05945828242381719,-0.24,-231.218,-3.719,74.489,-16.819,-0.35090757354475277,3.3869999999999862,4.915,-0.2034646698039026,1.622,-0.38285064544177644,2.030209617755857,4.882604272634792,0.07835918309035629,1,1
108669,2020.0,1081.0,0.023607669231772533,4.309836504958456,11.373981343283583,0.6887092182557615,0.5797872340425532,395.0,0.065614965796454,4.04,6637.0,79.0,1771.0,402.0,0.0605512878445549,12525.0,940.0,0.028060868351249477,1068.0,0.03830037491729765,-0.1198501872659176,0.15,-0.15869783727767833,1,1
108811,2020.0,8653.0,0.0016832628821621418,0.6812313803376365,6.458892128279884,0.15617906238984844,0.12578771778079822,7075.0,0.07985830159262694,0.9,4894.0,1164.0,5035.0,343.0,0.024180472329925977,85298.0,8093.0,0.003384578950484498,8428.0,0.0011791167523755735,-0.0397484575225439,0.06919560113678487,-0.5026669766645021,1,1
108734,2020.0,55.828,-0.23845875725689067,-2.0565808152504563,-5.159048417315846,-57.402845387217695,-3.631606371892214,124.442,0.09270773668628844,-2.11,-864.337,-5.823,225.112,-121.692,11.126634360427905,56.542,26.868,-0.4198968993906436,31.501,-0.5033147392247299,-0.1470746960413956,1.0778621408366833,-0.43210164780225063,1,1
111146,2020.0,295.399,0.012758647223977794,0.907074119033796,14.29872127077717,1.5216353661632578,0.8495537476735662,42.681,0.050149877239783966,0.9,56.789,390.17,944.472,51.559,0.10641758359700886,-339.539,283.696,0.00911425441531083,236.755,0.019981698596479292,0.1982682519904544,0.04125190344594204,0.39985638348484454,1,1
108861,2020.0,1086.9,-0.15188538278983915,2.1263616557734206,19.954272540983606,2.602963111467522,0.13734447316222875,1435.2,1.124425520410922,2.21,166.8,-15.8,24.1,48.8,0.13044640470462443,1340.2,1663.7,0.032981886996485535,1468.4,0.049612981441760705,0.13300190683737398,-0.34669712087515775,-5.605115007701762,0,0
110938,2020.0,691.571,0.2248538975792175,5.401254744833404,70.1892463714361,18.67560711656155,0.5542812587237564,231.513,0.5439299215649315,5.53,580.816,26.795,302.432,204.902,0.2660750482735157,633.204,519.415,0.21457279591174222,441.677,0.24851518031339725,0.17600644815102426,0.33144210313525807,0.047914283000274144,1,1
110849,2020.0,1967.909,0.03503266030889937,1.1927394800530875,15.032620534370134,1.4132522995734376,0.26819516096587964,1215.099,0.5144439039654974,1.17,811.902,-0.333,11.315,76.389,0.09401237105281941,3101.339,1660.414,0.023667504236907413,1700.764,0.05644724906614151,-0.02372463198891787,0.18519176542717666,0.4802008677479811,1,1
109104,2020.0,4117.411,0.3134928737697554,10.292006986181745,28.54448120706048,-3.3486058354819526,0.404122777493151,2156.345,2.6183307623515653,9.83,-3416.391,246.505,399.884,400.709,-0.11731184782064542,871.107,3618.774,0.2899293245312179,3432.867,0.3989177691938923,0.05415502552239854,0.1377916940930824,0.08127342508950074,1,1
113838,2020.0,15301.0,0.19089447355883754,8.059968228752979,37.046051736881,51.03340369930426,0.6033287922762542,6697.0,0.5774729785196333,7.98,33311.0,632.0,8327.0,8118.0,1.377566604445953,20420.0,16883.0,0.27767136407169246,14950.0,0.23567980691874496,0.12929765886287625,-0.09370372564117752,-0.31251652759717,0,0
109717,2020.0,182527.0,0.12599181517821387,49.89285740228232,26.845325558337947,4.576746734295728,0.6277887270862551,60245.0,0.5866318242608977,49.59,150890.0,1797.0,119675.0,34343.0,0.17048579740074066,150673.0,161857.0,0.1244721991671167,136819.0,0.13203202859204782,0.1830008989979462,0.12770532012826136,0.01220847724444015,1,1
111245,2020.0,346.634,0.04017725195676719,0.5229513866830429,10.631963393893583,-3.1587417640807653,0.6022497831354132,212.755,0.5329140924900295,0.52,-772.249,-0.86,32.433,74.086,-0.29709863052152463,834.2130000000001,534.896,0.07381149504990939,580.706,0.29312871525069917,-0.07888673442327108,-0.35196000717896553,-0.4556775752936532,0,0
111848,2020.0,1389.5,0.08293768545994065,3.5474234503360718,42.65349263157895,5.98314034699151,0.5902459711620017,483.1,0.49727951410856636,3.56,1157.3,-35.2,367.5,152.0,0.1402731635289775,1944.5,1179.0,0.06411067527099414,1019.9,0.12587701196863393,0.1559956858515541,0.17854113655640375,0.2936642003748243,1,1
109516,2020.0,26.63,-0.11984275822273513,-0.06699646849371042,-78.95938575473753,15.92717662565905,0.79192471369754,6.014,0.6631409888723184,-0.1,-481.313,19.386,30.182,-4.591,-0.20171353251318103,11.304000000000006,28.903,-0.1053344040380865,29.347,0.006319200648123143,-0.01512931475108197,-0.07864235546483063,0.13773613965103693,0,0
110833,2020.0,2398.123,0.013442079924788004,2.51371757925072,22.40506271065967,4.267067251532215,0.18003761025744855,2259.95,1.3894997138989647,2.47,775.424,-102.246,107.879,174.452,0.1904510291552128,1814.0330000000001,2756.163,0.08794871859505486,2457.449,0.10768909313158316,0.12155450631935798,-0.12990523419696148,-0.8471600253020194,0,0
109438,2020.0,1393.765,0.05127573370705869,3.242137199499745,32.577276500296456,5.386453209320932,0.5590075309204751,585.283,0.15554809638627076,3.27,-330.015,-1.957,70.733,419.967,0.1653438773272503,8350.262,1327.195,0.049220398957992594,1216.348,0.05291668758500597,0.09113099211738744,0.05015841681139559,0.041757783207329056,1,1
109421,2020.0,717.699,-0.08153873579636114,0.5122560955813124,12.396143364177966,1.519849170085789,0.13410109205337556,780.381,2.0678848898413587,0.52,-106.257,-31.402,39.511,15.778,0.12260661444734554,333.257,901.238,0.03620252118964908,897.737,0.10645493028483964,0.003899805845141829,-0.2036520874619136,-3.252294401520148,0,0
110733,2020.0,6943.9,-0.011627739849083723,-0.15475253011345408,-216.6685092348285,1.2346135345984353,0.24440758547309285,5368.605,1.111429524284462,-0.51,778.626,-57.64,72.287,-10.612,-0.005698167855395835,5497.593999999999,7105.16,-0.0016599893755674343,6418.311,0.015153037598203748,0.1070139792228828,-0.022696181366781355,6.004707391641595,1,1
110832,2020.0,336.794,0.22449853436977898,1.552878919516626,9.118547378058084,4.574995071691734,0.9559222423146474,11.505,0.3601084950043183,1.55,-881.016,215.679,350.845,157.288,0.5017241104323833,373.971,261.016,0.21700104576822576,261.004,0.7206513034642908,4.59763068765247e-05,0.29031936739510206,0.03455047221090874,1,1
59062,2020.0,2812.1,0.019951599892444206,2.148085923436937,27.447691620111737,1.8053047216608489,0.17838264779148194,2704.6,1.7820485058466868,2.15,238.7,-19.1,64.6,35.8,0.0657725519015249,1365.5,3291.8,0.019380684278908617,3174.4,0.01991848917972562,0.036983366935483895,-0.14572574275472394,0.029457969869355848,0,0
109428,2020.0,7504.0,0.023852547885796892,3.2791992834053825,21.392417458432305,1.5368955204778159,0.21914264597191427,6339.0,0.6121710278259558,3.26,5683.0,-25.0,728.0,421.0,0.07184300341296929,12086.0,8118.0,0.03174722871578312,8635.0,0.08584726771246337,-0.05987261146496815,-0.07563439270756343,-0.24867307003906747,0,0
111908,2020.0,299.879,-0.12532680304553268,0.9164818588667786,12.089710115703019,1.1599039158374684,0.15781634599824548,791.053,0.27418335052656834,0.91,-178.861,88.194,179.792,183.487,0.09594141668714608,3245.974,939.288,0.053560867846782295,865.51,0.027453261529031332,0.08524222712620307,-0.6807379632232073,-3.339894928589395,0,0
109011,2020.0,13.398,-0.24248371414945047,-5.3965635043145985,-23.878158738792816,13.319977033442761,-66.52323838080959,225.19,0.007716335030078667,-5.69,-762.412,14.162,415.05,-213.256,-0.5578309943891497,0.7829999999999586,3.335,-0.493419713095789,12.926,-0.43080007353778005,-0.7419928825622777,3.017391304347826,-0.5085650051797254,1,1
110905,2020.0,3866.202,0.009879008903659194,2.7752906879335186,43.145030003742924,2.9620042198289807,0.276338375808788,2376.004,0.1423309066521254,2.37,-3134.501,-37.969,97.253,579.761,0.06865226932446264,22284.568,3283.308,0.02513255191762176,3082.938,0.013937402739421699,0.06499319804679818,0.1775325373068869,-0.6069237642066702,1,1
109426,2020.0,910.223,0.009666903903249964,0.6190864778614051,75.96676988078006,1.9591669924447808,0.22679164448500513,732.018,0.12523264645913082,0.61,-1161.667,-25.169,81.348,84.969,0.025789789344991737,7389.995,946.728,0.01123965144897572,885.644,0.016635539405180907,0.06897127965638558,-0.03855912152170422,-0.1399284980379958,0,0
110900,2020.0,255.31,-0.08793214269317294,0.01716427725897672,243.52904214559385,0.7171427604337083,0.49425922260983096,171.215,1.1388707604739254,0.02,17.846,8.84,26.726,0.261,0.0029447935823808825,254.856,338.543,0.0008780133350377782,336.585,-0.10423375143856876,0.005817252699912435,-0.24585650862667371,-101.14898314658227,0,0
111114,2020.0,847.0,-0.22206269442450347,1.8013856812933027,23.781692307692307,1.32403426124197,0.5154028436018957,818.0,0.24602827576155079,1.17,1604.0,-271.0,358.0,156.0,0.055674518201284794,6436.0,1688.0,0.022737210319195452,1761.533,0.01834027626551614,-0.041743753878014156,-0.4982227488151659,-10.766488118246912,0,0
111098,2020.0,3886.0,-0.08098236170519536,3.533795686883174,19.537066123054117,10.162136957779063,0.5027294562923066,6832.0,0.5922238027501185,3.5,3098.0,-419.0,4242.0,2698.0,0.5201465201465202,18808.0,13739.0,0.1162981162981163,13729.0,0.10702088969707722,0.0007283851700779372,-0.7171555426159109,-1.6963342510003065,0,0
110830,2020.0,1511.0,0.029883921956038527,1.839907192575406,10.136380832282471,1.076489888844248,0.7218586387434555,425.0,0.1025159342502516,1.86,-293.0,-120.0,176.0,793.0,0.10620061604392661,14437.0,1528.0,0.05320362294532036,1337.0,0.06653741760372238,0.14285714285714285,-0.01112565445026178,-0.43831039501292024,1,1
112107,2020.0,1304.028,0.010542867733013998,-0.28325064965745334,-13.698115095913261,0.8190796201607013,0.5698331964128325,574.936,0.394227964263687,-0.29,-152.085,2.796,12.395,-20.383,-0.059795060446314115,3346.946,1336.542,-0.006012193103985308,1391.874,-0.014379136363623507,-0.039753598386060886,-0.024326957177552143,-2.7535810228759017,0,0
111811,2020.0,8681.7,0.03365875349927741,-2.818113653884741,-7.678895409406033,0.892325182080453,0.20887461684425626,7046.0,0.46150218928932296,-2.78,8323.3,-338.7,526.9,-1067.4,-0.11620488813891461,17350.6,8906.3,-0.05530999818638755,9587.3,0.02336076981192095,-0.07103146871381932,-0.025218104038714006,-1.6085473621939337,0,0
112036,2020.0,1269.655,0.025637271440858034,0.7240886181627038,29.153890104728248,1.5542719278912052,0.773241650655905,197.336,0.06015262939653486,0.87,20.107,645.566,1467.991,374.684,0.05331267704954165,12707.851,870.248,0.025898626360314838,784.522,0.11496223897776063,0.10927163291787866,0.4589576764324651,-0.01009145874459525,1,1
111228,2020.0,5655.0,0.18195984966541387,7.126427167412488,17.276539436619718,5.871404706820902,0.3076067968874067,4360.0,0.6645208948923597,6.93,6099.0,24.0,503.0,852.0,0.33984842441164737,8193.0,6297.0,0.0899113550021106,7155.0,0.1296037796628369,-0.119916142557652,-0.10195331110052405,1.0237694077810584,0,0
111218,2020.0,792.6,-0.019588395735184727,3.2892002612361217,21.412499819494588,2.9196467880876202,0.2356952583910496,717.3,1.1337279536119835,3.27,154.8,-0.9,10.4,55.4,0.13635244892936255,768.5,938.5,0.06692437786905049,1034.9,0.04226660473757547,-0.09314909653106589,-0.15546084176877994,-1.2926944763463162,0,0
129010,2020.0,173.195,0.006936391409076821,2.590741120919729,9.151821387535165,0.7575368055806083,0.44938277619775524,90.413,0.04004870145311693,2.51,85.49,138.649,327.361,25.239,0.08277443073926005,618.7589999999994,164.203,0.006155729042558408,124.227,0.006183485181658935,0.32179799882473215,0.05476148426033623,0.1268188318753483,1,1
111732,2020.0,943.365,0.048022423411609394,2.8407339376272813,12.912156085492791,1.5689154385548403,0.5873521562600595,397.384,0.27405692527259556,2.81,799.94,67.23,94.76,142.281,0.12150685200572858,3356.77,963.01,0.04049084992337584,975.777,-0.010403843493645518,-0.01308393208694205,-0.02039958048203028,0.1860068015980441,1,1
111313,2020.0,1391.083,0.04527731082951021,1.3776849204603767,13.762217847070719,2.5205841621308176,0.17411663242940806,1248.734,1.530366995041483,1.34,247.194,1.999,17.095,37.586,0.18315246787546838,878.9929999999999,1511.998,0.03804262563550294,1461.708,0.06188481961034078,0.03440495639347938,-0.0799703438761162,0.19017313009161935,0,0
111514,2020.0,1161.792,0.07930655652009976,2.5479174364146555,25.369738860517888,2.8054310939254585,0.939006298223289,75.731,0.44001787543824766,2.51,2307.252,-119.657,924.739,255.151,0.1105817883798347,1881.7979999999998,1241.62,0.09042299651740819,1171.924,0.045969775904581296,0.059471433301135496,-0.0642934231085195,-0.12293819520975845,0,0
111342,2020.0,1559.869,-0.02977236370239563,2.285404307379793,91.6511793224653,4.709012058972043,0.6721889248130901,565.045,0.20771320509523625,2.29,1423.752,426.35,981.381,99.006,0.05137972139347891,6347.221,1723.691,0.011930707756586858,1492.639,0.024856751880743124,0.1547942938647591,-0.0950413966308347,-3.4954398607206283,0,0
79633,2020.0,6018.0,0.11867324687248938,2.5056175767735493,9.642333380782917,2.016744086341645,0.24172429012799765,5154.0,0.8169471153846154,1.72,-672.0,185.0,525.0,562.0,0.2091551916635653,6973.0,6797.0,0.06754807692307692,9379.0,0.04237394693826229,-0.27529587376052883,-0.1146093864940415,0.7568708433792023,0,0
111951,2020.0,2063.204,0.04493761259973408,3.0887325761486832,44.60081816852266,3.0208649544371666,0.3631088897872891,1324.887,0.9719412510892189,3.09,523.701,-17.691,31.672,95.726,0.06773115558156204,2025.051,2080.241,0.04472561025466115,1809.963,0.032961842470245736,0.14932791443802995,-0.008189916456795057,0.00474006601286855,1,1
115837,2020.0,958.434,0.0717037288727795,1.9792014041246162,35.09496297610073,3.5440097850600223,0.33878787022896145,655.49,0.8379309062385892,1.97,467.011,22.913,326.856,67.659,0.1009834313680129,849.6679999999999,991.346,0.057188476258739844,883.112,0.053417531753326,0.12255976591870571,-0.03319930680105638,0.25381429203267775,0,0
122794,2020.0,165.557,-0.2929462437769201,-1.7363150218765193,-0.4780238548549669,-0.11059641258510232,0.08481272091802879,184.866,2.0220829662849362,-1.75,-241.246,-0.532,0.656,-35.716,0.23136170185200783,83.27199999999999,201.998,-0.3575318331064307,171.526,-0.3595691617386001,0.17765236757109695,-0.18040277626511156,-0.18064290602701294,0,0
111622,2020.0,725.826,0.013242804236241959,2.5377643998756727,10.737797409930963,1.559724275670022,0.7164615128064183,183.632,0.05772105725386574,2.5,826.186,234.518,857.368,155.131,0.1452555134098074,1379.6969999999988,647.644,0.013825999056348003,546.015,0.015976826468126645,0.18612858621100156,0.12071755470598047,-0.04218102559744346,1,1
111761,2020.0,108.447,-0.462088627682744,-5.925987231023884,-0.3493088863173855,0.22406206008071047,-0.008097130780403356,231.82,0.9378308496668053,-5.95,35.044,21.187,70.026,-75.183,-0.6414439164228003,163.46300000000002,229.958,-0.3066165855090905,316.519,-0.14006150405367626,-0.27347805345018783,-0.5284051870341541,0.507056857069606,0,0
112531,2020.0,13617.1,0.032332327211336775,1.2789821341490448,21.259092894280762,2.072393411049164,0.07266002460762835,12360.7,7.021281078803203,1.26,413.4,-13.2,14.1,57.7,0.09748268288562258,1668.2000000000003,13329.2,0.03039401601348504,12903.9,0.027309285156953366,0.03295902789079279,0.021599195750682684,0.06377278991337498,1,1
111803,2020.0,1926.7,0.11504486656566834,1.1037117903930131,198.1857962413452,22.70177203716293,0.6640921409214092,495.8,0.6162839248434238,1.11,-693.4,-690.7,1533.3,101.1,0.11454792658055743,759.3999999999999,1476.0,0.04221294363256785,1031.6,-0.06633611691022964,0.43078712679333087,0.3053523035230353,1.725345750986901,1,1
111860,2020.0,990.652,0.07635191172758633,2.5894765370915285,12.037181860319075,1.727275138064649,0.35559973658992244,666.393,1.1311128806091932,2.65,304.628,4.292,251.196,66.881,0.14349497732178182,615.275,1034.129,0.07315331120974604,978.617,0.0846234485857092,0.05672494959723768,-0.04204214367839976,0.04372461703981149,0,0
111974,2020.0,8558.874,0.07512259591136915,1.9112897666563264,13.294687411241203,3.5746052441775475,0.27643514511709544,5267.864,2.2404841990589293,1.92,248.837,3.969,14.096,221.809,0.26887471165023946,2798.571,7280.431,0.0682596345888124,7724.771,0.06997591317968195,-0.057521446266821395,0.17559990610446005,0.10054201672625962,1,1
112461,2020.0,8244.0,0.01655309033280507,3.4891696750902526,26.524935333678222,2.9714691393798898,0.6250190927142203,2455.0,0.0692855555437969,3.44,9386.0,316.0,1784.0,1933.0,0.11202549985511447,92204.0,6547.0,0.02045654175441567,6271.0,0.021424491599400804,0.044012119279221815,0.2592026882541622,-0.19081677971145908,1,1
111983,2020.0,293.095,0.19807088380439658,0.07985890932149652,33.80962779156328,1.5789005284138313,0.5778950911312567,115.379,1.4034595893470525,0.08,-45.514,-7.302,23.644,2.015,0.04669973115787522,156.535,273.342,0.010345907590250716,263.2,-0.044817102398005994,0.03853343465045591,0.07226478184838057,18.144853370915975,1,1
112244,2020.0,383.674,-0.055294585151833324,0.1954743955406701,68.70465036023491,21.0193878269245,0.789234228574322,112.386,0.3272891433523833,0.23,-213.759,-2.571,296.509,16.517,0.305938356671853,1239.185,533.227,0.010137961469976793,469.515,0.007980566584057856,0.1356974750540451,-0.28046779326628246,-6.45421141277625,0,0
112161,2020.0,277.748,-0.04660993524657529,1.4889053515363178,14.618121949485856,6.553427744436774,0.2686047356343451,342.312,0.9419372237741409,1.46,53.399,0.505,5.567,42.206,0.44830846035370975,477.71099999999996,468.026,0.08494272212785485,452.334,0.16369941833292095,0.03469117952663299,-0.40655433672488284,-1.548721939666809,0,0
112108,2020.0,355.56,-0.18297481605017485,-1.3408296211141448,-7.920469411449495,0.45320399661497823,0.253098876496806,290.915,0.2547570397385819,-1.34,-743.257,-40.512,161.934,-55.985,-0.05721933550552519,1340.9180000000001,389.496,-0.03661802141681688,367.522,-0.02024000442404468,0.05978961803647126,-0.08712798077515553,3.996851522025256,0,0
112277,2020.0,8321.599,0.04023223774847471,1.0590545368647946,19.035846878746483,1.7469052986012144,0.057384382646637706,12331.043,4.6580274295895885,0.82,,3.921,46.508,35.867,0.09176924513674428,2388.5330000000004,13081.73,0.012771206087963118,12672.602,0.04285995369367786,0.032284451133239946,-0.36387626101440707,2.1502300934908303,0,0
112154,2020.0,4124.0,0.026366131581136154,2.282153834759101,20.918835212981744,3.5598846254746292,0.4437908496732026,2553.0,0.3770949720670391,2.24,1592.0,-395.0,287.0,493.0,0.17017604418363824,11807.0,4590.0,0.040502793296089384,4429.0,0.02290498380854593,0.03635132083991872,-0.10152505446623093,-0.34902930303125906,0,0
137094,2020.0,316.496,0.02831505942222694,0.0797789748527511,262.09913123844734,0.9189466479105195,0.1783383948231397,244.045,0.06996886885460236,0.08,-1770.335,-4.815,12.303,9.197,0.003506103372294273,4161.797,297.014,0.0021665769521159875,312.84,0.002273841858383567,-0.05058816008183086,0.06559286767627105,12.069030109718945,1,1
111957,2020.0,4350.8,0.0025156315511238314,-6.423487544483986,-7.550415512465374,1.4887213938500192,0.22229476089440176,3335.5,0.8345137564696268,-1.96,-241.0,38.0,202.3,-361.0,-0.1971707903216997,4428.7,4288.9,-0.07024166245086975,5812.1,-0.010965656421338382,-0.2620739491749971,0.014432605096878116,-1.035813952337523,1,1
124145,2020.0,237.838,-0.6473552999678805,0.10542751415600764,12.235895063323857,0.45845651310756247,0.643414952809453,203.604,0.2792551734661538,0.1,-260.287,-43.233,103.558,38.69,0.037468163198109646,1783.601,570.983,0.01892242441789947,613.431,0.06120540336780024,-0.06919767667431234,-0.5834587019228243,-35.21101258861532,0,0
134493,2020.0,430.043,0.004006100291900122,0.15167134831460674,88.34892119640708,1.7533110726828003,0.2764705638112795,348.514,0.13431047953329864,0.15,-2878.221,-5.154,14.447,32.397,0.019845302567815654,3493.013,481.686,0.009033388152116267,482.497,0.021285987273370312,-0.0016808394663594497,-0.10721299767898584,-0.5565229541297186,0,0
112100,2020.0,10671.0,0.03576143397776278,3.8660377358490567,8.468618838457784,1.7543423314123952,0.6573043790380474,3819.0,0.33033941010819623,2.9,6511.0,566.0,1563.0,2049.0,0.20715802244464665,31709.0,11144.0,0.060738105824811026,10553.0,0.018095238095238095,0.05600303231308633,-0.042444364680545583,-0.41121914336758053,0,0
139085,2020.0,4968.0,0.021337313957061947,2.1556854107368553,29.58223852255055,7.639108180722892,0.6087810101731216,2192.0,0.2505813953488372,2.4,12.0,620.0,1533.0,643.0,0.25823293172690764,20183.0,5603.0,0.028756708407871198,5357.0,0.03038578024924284,0.045921224565988426,-0.11333214349455649,-0.25800569194415995,0,0
116042,2020.0,3404.8,-0.10380610455754481,5.054251444480464,14.41954378419166,4.339616305211763,0.16936068471722357,6531.4,1.0338022613726006,5.11,3092.1,1573.1,2350.8,530.1,0.3009537867605314,4196.9,7863.1,0.0696949776492243,7222.0,0.1085140435111416,0.08877042370534483,-0.5669901184011394,-2.489434505309726,0,0
112491,2020.0,339.477,0.05887867940755547,4.801844272910946,13.750966555183947,2.962651441721,0.31443961443961443,253.911,0.24808661764370965,4.82,239.376,3.469,177.522,92.69,0.21545041432771986,1275.779,370.37,0.062086963278330985,377.753,0.047252810319203184,-0.019544517184509405,-0.08341118341118349,-0.0516740343120508,0,0
112495,2020.0,3424.446,0.011883783812761908,-1.394537003783916,-5.21319977904759,2.0058387232967045,0.149584628186522,3450.21,0.5639204646147932,-1.44,-3393.088,-148.521,335.65,-267.931,-0.3847615300220002,6754.062,4057.088,-0.03724143375857416,4531.426,-0.08168188691965377,-0.10467742383964786,-0.15593499574078754,-1.3191011358424374,0,0
112230,2020.0,11977.0,0.009247481658759486,15.273642679059861,10.906370110935024,3.6037281584918834,0.44234052460034146,7186.0,0.08487235556023921,14.12,14541.0,330.0,8689.0,1893.0,0.3304241577936813,126825.0,12886.0,0.012468055958057802,12910.0,0.015289762126865671,-0.0018590240123934935,-0.0705416731336334,-0.25830605109026133,0,0
113414,2020.0,1385.951,0.279659039815933,1.7513336850744519,23.918914114998703,21.668916871991204,0.5148404062106643,597.034,1.6656600821329666,1.7,182.106,-15.485,109.753,119.497,0.9059322997611917,533.295,1230.593,0.16174428331271437,1088.205,0.1075642832922088,0.13084666951539475,0.12624645191383335,0.7290196233720588,1,1
112489,2020.0,1124.829,0.288523044892079,0.13180387934880233,59.17883478496323,129.0311718980616,0.11230189488929716,1654.869,0.8583300221324809,0.15,-2459.191,94.894,455.49,22.159,2.1803601298829083,1274.6719999999998,1864.225,0.010202488948723273,1726.085,-0.34475648513654183,0.08003082119362596,-0.3966237980930413,27.279672376237603,0,0
112493,2020.0,4474.667,-0.10916668853272396,0.20395247992881285,105.90702308468728,4.538498767724283,0.5027086847263368,2619.299,1.0874570638651841,0.2,1176.221,229.948,796.008,92.139,0.04285361476070503,3429.3289999999997,5267.132,0.019023105251107095,5193.185,-0.01090736396654717,0.01423923854051015,-0.15045474463142358,-6.738636625919459,0,0
115750,2020.0,12297.0,0.05019582767164895,4.7304964539007095,20.693388305847076,4.044093173161442,0.16062736614386156,9312.0,1.1843706629657307,4.66,826.0,348.0,717.0,667.0,0.19542924113682977,8058.0,11094.0,0.07120743034055728,10194.0,0.06624857468643101,0.08828722778104768,0.10843699296917253,-0.29507598530684304,1,1
112304,2020.0,10778.0,0.02828262808443167,3.853928139844609,11.767214736346517,2.3219587606837604,0.19429043293618026,6830.0,0.7939496113140395,3.89,1399.0,119.0,2593.0,1062.0,0.19732441471571907,8040.0,8477.0,0.0994661421747682,7585.0,0.06751962154607032,0.11760052735662492,0.27144036805473637,-0.7156557249929595,1,1
112520,2020.0,6146.0,-0.0236165779115536,0.08160130562088994,300.1177470588235,0.8715411171848308,0.11743912018853103,6741.0,0.5406668082395413,-1.05,,0.0,112.0,17.0,0.0029039972668261018,13277.0,7638.0,0.0012033694344163659,9863.0,0.02088882658068134,-0.2255905910980432,-0.1953390940036659,-20.62537624450104,0,0
113391,2020.0,38653.0,-0.006810729000252249,1.3355240091300467,9.606716099665924,1.580946727905805,0.20792539060322887,42635.0,0.5443669093851132,1.37,,-128.0,291.0,3592.0,0.16456682090988226,94471.0,53827.0,0.03632686084142395,53717.0,0.01919633751104866,0.002047768862743638,-0.2819031341148494,-1.187484655775318,0,0
112561,2020.0,1861.178,-0.16274489454121768,-0.022844040990126806,-3128.6058377714053,13.330063797106003,0.2667817172006609,8467.182,1.0521477839738365,-0.02,-1095.047,96.039,2474.242,-4.882,-0.004260704124557086,7395.248,11547.969,-0.00044480423192686696,10787.8,-0.002077349278312078,0.07046561856912438,-0.8388307069407616,364.87982501024317,0,0
113376,2020.0,1169.12,-0.016494452871116356,2.43279959830395,13.74137023999266,3.896990559932882,0.5510006563504689,605.415,0.6828512972181849,2.43,136.06,-2.43,14.247,87.211,0.28359548515701466,1901.5099999999998,1348.365,0.04416618977924755,1238.961,0.04436304012144645,0.08830302164474911,-0.13293507321830522,-1.37346334274157,0,0
113280,2020.0,5984.634,0.05946384493395841,12.616033147180689,66.35286941894802,13.804889556073405,0.20451388012499708,4443.879,1.094378525738725,12.62,2916.085,228.329,880.782,350.158,0.20805263852133005,4108.006,5586.369,0.06859650621282277,4864.985,0.07793052184974915,0.14828082717624003,0.07129228305541584,-0.13313595375440843,1,1
104503,2020.0,12552.0,0.001884497030128098,0.4845528455284553,287.0481543624161,1.730185072815534,0.5791154553372689,4349.0,0.12329666133689712,0.67,4128.0,2508.0,2671.0,298.0,0.006027508090614887,79749.0,10333.0,0.0035558313247261533,8423.0,0.03559108119478334,0.2267600617357236,0.21474886286654407,-0.4700263150774651,1,1
115936,2020.0,50.097,0.018969486127697874,-0.09267928624737093,-24.81676427525622,6.643092298647854,0.22252762355010716,42.429,1.0681738109219026,-0.09,-67.257,-0.718,1.294,-2.732,-0.26768567509308255,43.220000000000006,54.573,-0.05347426110784889,46.309,-0.23017003099087027,0.1784534323781555,-0.0820185806167885,-1.3547405000966635,0,0
113545,2020.0,205.94,-0.019193018501378195,-0.5717339032861342,-12.943084112149533,2.145761136216914,0.2723143140933672,164.839,1.2095331663845625,-0.58,-126.545,-21.951,66.497,-19.26,-0.16578437701743062,105.735,226.525,-0.10283901902468458,224.514,-0.05754786158785525,0.008957125168140942,-0.0908729720781371,-0.8133683237801863,0,0
128542,2020.0,1563.15,-0.09167246725562454,1.6158546187521652,15.669726537374526,1.069855358290649,0.237999020192459,1374.982,0.6370729967853945,1.61,358.917,-50.858,35.033,51.305,0.06827530497988536,2628.811,1804.436,0.018113709824052873,2011.675,0.02315089902110889,-0.10301813165645546,-0.13371823661243726,-6.0609437904263155,0,0
113800,2020.0,1560.757,0.008766535386708886,5.035041736227045,4.937397007284507,1.835219969214046,0.38103420575582325,897.657,0.7665622561964425,-2.17,-113.271,46.988,100.314,301.599,0.3716978736987142,1721.489,1450.253,0.159416605176194,1691.673,-0.0024035391291702055,-0.14271079576253806,0.07619636022128562,-0.9450086433780237,1,1
113708,2020.0,248.168,0.04374681323295642,2.1578524743230627,7.604783086549029,2.138377398435314,0.8983176928358892,23.101,0.46964121815490706,2.17,-220.416,-16.099,312.129,115.553,0.2811884802102471,171.61899999999997,227.188,0.23887023822320713,193.118,0.07589799175021829,0.176420634016508,0.0923464267478917,-0.8168595068252992,1,1
113845,2020.0,964.1,0.05161290322580645,0.4051771220993002,27.74095423197492,2.9992761904761904,0.3932851239669422,587.3,0.7238465564944291,0.4,-822.2,-170.4,176.7,63.8,0.10811726825961701,1076.0,968.0,0.047708068496223735,916.0,0.08174007276104961,0.056768558951965066,-0.004028925619834687,0.08184851855597126,1,1
113866,2020.0,144.861,-0.302400630878598,-0.928371335504886,-7.642416055576996,9.984483509431367,0.7447433150837102,28.953,0.6674217996092923,-1.09,-557.836,18.059,47.113,-57.002,-1.3064564186014531,115.06300000000002,113.427,-0.3354084778873538,91.694,-0.22378491932930172,0.23701659868693703,0.27712978391388277,-0.09841089055548985,1,1
113834,2020.0,1247.934,-0.025942875810625318,-0.08022268981959983,-92.36788266091777,3.1733938969636477,0.5702814824281579,511.084,0.8715072909797025,-0.08,-621.68,18.531,23.62,-19.482,-0.03435603161559053,1298.7140000000002,1189.346,-0.014275664981314573,1048.782,0.02836708249701466,0.13402594628817055,0.04926068612497958,0.81727967450777,1,1
113869,2020.0,82.681,0.025121753866353184,0.17721980828551526,41.135356541268955,3.2575880774874393,0.509217766180725,34.608,0.8149877490638436,0.18,-16.248,-17.454,25.006,5.343,0.07919192518045325,58.730999999999995,70.516,0.061751652720632426,42.918,0.14555748091905976,0.6430402162262921,0.17251403936695206,-0.5931808662675757,1,1
113906,2020.0,291.67,-0.022191579143813957,-2.3481882268420815,-2.022836136261509,2.781057349790344,0.514161989188629,150.002,0.5803301736954981,-3.36,-367.58,-70.859,39.012,-104.593,-1.37483076356849,471.46000000000004,308.749,-0.1965948840557645,325.839,-0.3102075349624247,-0.05244921571696444,-0.05531677835393801,-0.8871202612906282,0,0
134565,2020.0,1050.01,-0.06555742763265845,-2.294044096928712,-50.03391179518674,11.000338432093328,0.8077325797408212,170.77,0.37997254344471537,-2.33,-725.593,671.755,894.674,-130.265,-0.21985765328769596,1426.5259999999998,888.19,-0.05572807999620108,716.994,-0.08414232395634126,0.23876908314434991,0.1821907474752023,0.17638051835138463,1,1
134916,2020.0,166.586,0.006119770541509574,1.509452846975089,16.655041626759008,1.1057035529816874,0.7746981030757896,36.083,0.04607186398395019,1.52,225.278,0.297,123.048,27.146,0.06638851933009861,1025.8729999999998,160.154,0.007809151315036227,136.374,0.0024923059322934146,0.17437341428718087,0.040161344705720844,-0.21633346638754636,1,1
136255,2020.0,5.751,-0.958433157642549,-3.1882129277566538,-1.8693858079904593,1.6980148950575493,0.5772758384668035,3.088,0.4901368760064412,-3.57,-164.398,3.719,4.23,-6.708,-0.9083276912660799,8.602,7.305,-0.4500805152979066,27.47,-0.5754109472970683,-0.7340735347651984,-0.2127310061601642,1.129470450432998,0,0
133968,2020.0,238.645,-0.5700326753035254,-2.87925957999567,-7.001800094741829,-22.024891790250475,0.9156632067252491,14.617,0.790856532710323,-2.89,-1236.611,10.572,161.468,-132.993,3.1456042006669973,51.65300000000002,173.317,-0.6068555470885371,99.239,-0.7713111840592134,0.7464605648988805,0.37692782589128593,-0.06067814978650822,1,1
134562,2020.0,2229.385,-0.1547213369853826,-2.1336730296346995,-72.76653819192795,12.252580551747524,0.8426622963162048,371.148,0.4336682739920849,-2.22,-1566.783,-1097.512,1755.161,-336.668,-0.16838207308186487,3665.3719999999994,2358.926,-0.06189351868959317,1803.01,-0.061236026587897584,0.30832663157719586,-0.05491524532774649,1.4997986907375098,0,0
134187,2020.0,85965.0,0.18294458811418815,6.481416549789621,31.667460102786045,5.7926752033566205,0.9005898411530899,7028.0,0.5300578814779271,6.48,55203.0,9155.0,54863.0,18485.0,0.18292200209788825,77150.0,70697.0,0.13859315019193857,55838.0,0.2271765261881768,0.26610910132884413,0.21596390228722576,0.32001176003884013,1,1
137066,2020.0,611.865,-0.004026313665542759,0.27183414516146764,51.35484356355548,2.0669099729756133,0.3057196183150598,515.574,0.18886911298900208,0.28,-5.732,0.784,271.597,49.445,0.04024761501644255,3625.1530000000002,742.602,0.012575556343426504,739.372,0.015635471831220892,0.004368572247799509,-0.17605258267551122,-1.3201698243471665,0,0
135237,2020.0,2813.0,-0.2563709631647653,1.5094149759122526,61.520523833333336,1.1144181236319721,0.5683652875882946,1711.0,0.16845862904253964,1.47,890.0,-92.0,128.0,240.0,0.018114574684881878,22946.0,3964.0,0.010199311546470613,2176.256,0.0391593006510976,0.8214768850723445,-0.29036326942482343,-26.136104725958724,0,0
134350,2020.0,374.923,0.04550538038626005,0.5320048571056853,15.507377216221727,2.038935392596086,0.35456891430268817,278.124,0.7564265502011698,0.55,-21.684,14.822,50.166,24.535,0.13148164026494608,457.624,430.912,0.043068945420841616,370.984,0.018439116817144236,0.16153796390140815,-0.12993140130699535,0.05657057403219842,0,0
134539,2020.0,64129.0,-0.07264121635204035,6.974645485753674,15.973571736020805,1.97248922761943,0.05854063172807173,101012.0,1.8271968664850136,6.8,21276.0,-1405.0,1614.0,3076.0,0.1234845443596949,48531.0,107293.0,0.05238419618528611,111461.0,0.10303487900998122,-0.03739424552085483,-0.4023002432591129,-2.386700983157285,0,0
134366,2020.0,225.11,-0.24565965113422322,-1.9282963038542966,-4.537684370659436,19.643030979785834,0.8824101961360464,32.015,1.1590217321896086,-1.95,-1277.574,-39.528,120.494,-75.595,-4.328866746836168,95.22800000000001,272.26,-0.32181094485004574,250.991,-0.4383070522765338,0.08474009028212158,-0.1731800484830676,-0.2366336351652264,0,0
135012,2020.0,789.042,0.06090259811787542,1.5548209366391186,37.86931254429482,4.1910140240093785,0.820402664738059,141.05,0.5126165329810447,1.57,1045.033,55.977,311.487,155.21,0.11067045431857918,1195.9759999999999,785.368,0.10130691864703928,712.969,0.1203026132685462,0.10154578950837974,0.004678061749396433,-0.3988308110518638,1,1
134864,2020.0,4519.484,0.013597501427701504,3.307794216223919,85.3499285461259,25.13633109188648,0.8252787147981598,604.612,0.574591485496718,3.36,-326.989,209.453,1693.308,626.698,0.29450910528064456,4276.162,3460.437,0.10406065325790419,2608.816,-0.006884000061869384,0.3264396569171609,0.3060442944055911,-0.869331000700126,1,1
135031,2020.0,3170.561,-0.047207004417170545,1.5017712143169324,14.69598017966961,11.264974110906293,0.16239715571549326,3467.164,1.1521720675049818,1.47,-924.865,-4.678,67.145,130.573,0.7665343837691233,3350.661,4139.389,0.03634414725707779,4126.413,0.043451448286942335,0.0031446197944802346,-0.23405096742538573,-2.298888761462887,0,0
134940,2020.0,3408.4,-0.029452644119399036,-0.8460743801652894,-267.7542368742368,13.824038328185086,0.7738653607394123,655.7,0.43985315979490913,-0.87,-892.4,-1544.2,2805.0,-81.9,-0.051629578263884514,3713.8999999999996,2899.6,-0.012423773550559753,2273.1,-0.02539927872230809,0.27561479917293563,0.1754724789626156,1.3706681387533861,1,1
134947,2020.0,1962.137,0.05329298375216544,3.142159678345778,36.03254181519057,8.302046966350698,0.3649510215353626,1172.764,0.9428533064169858,3.14,436.891,-49.258,261.719,175.056,0.23040414436848658,1566.7,1846.73,0.08937534366590237,1559.563,0.1571465475960448,0.18413299110071213,0.062492622094188065,-0.40371715994310325,1,1
131722,2020.0,6221.0,-0.05191808479953851,-1.6439889467977196,-5.88811744680851,0.5291424856596557,0.1959628438728117,4501.0,0.7421450351319104,-1.06,-2751.0,28.0,235.0,-188.0,-0.08986615678776291,7224.0,5598.0,-0.024923770383136683,6079.0,0.01879286694101509,-0.07912485606185228,0.11128974633797785,1.083075072568718,1,1
113965,2020.0,882.621,0.04245374914942857,0.7467395949064183,19.966799807727522,2.021350000463448,0.3976516733874215,448.723,0.8073364667785806,0.75,34.55,44.593,97.243,43.688,0.1012355520127541,812.047,744.956,0.04734630711159133,698.493,0.06255618202337636,0.06651892001780972,0.18479614903430533,-0.10333557695706665,1,1
115259,2020.0,723.472,-0.03423459890972192,-0.1226880528569255,-329.94247652790085,4.521746037911746,0.8273504400903284,115.828,0.7938753437560645,-0.12,-567.213,-31.91,339.727,-5.645,-0.013704649627097575,505.04200000000003,670.885,-0.006679872579507641,710.957,0.004329730695857393,-0.05636346501968474,0.07838452193744083,4.125037716250162,1,1
128212,2020.0,5531.713,0.0338316787929669,1.1051232803287476,21.11981569427884,4.0665750766564805,0.1490523700192264,4641.002,0.7430119908101699,1.1,279.8,160.704,335.882,148.449,0.192547848689706,6858.675,5453.922,0.02022386587556238,5081.258,0.02311097846926654,0.0733408931410292,0.014263313630081284,0.6728591358909076,1,1
116019,2020.0,5767.0,-0.012620508326029798,1.4243507569507612,21.41326485148515,2.346977482365708,0.127504876751197,4920.0,1.0512677106636839,1.42,454.0,-27.0,712.0,202.0,0.10960390667390124,4080.0,5639.0,0.037658463832960475,4913.0,0.05540220820189275,0.14777121921432934,0.02269906011704203,-1.3351307260436824,1,1
115787,2020.0,582.774,0.043700998632721234,2.8910356154910097,33.23376560467654,4.216727394131618,0.2261532474254299,391.722,0.6825482650471796,2.9,271.968,13.731,23.466,66.887,0.1268808188723054,693.614,506.201,0.09018869145697203,251.395,0.0005486275206133701,1.013568288947672,0.15126995007911873,-0.5154492439490547,1,1
115319,2020.0,1506.875,0.032963071811142636,3.6536993852024597,25.07595462589573,2.419262110052326,0.35531221994893564,953.187,1.0581928218737677,3.66,532.696,-6.504,6.482,68.938,0.09647736830541137,1256.1570000000002,1478.525,0.049339508465757284,1337.973,0.0505823561492163,0.10504845762956364,0.01917451514177975,-0.33191325093926016,1,1
114025,2020.0,2365.0,-0.03349533692368317,5.754628105739873,8.982335443786981,-8.592535981132075,0.5463764531288647,1834.0,0.5424661210250906,5.31,1733.0,98.0,502.0,507.0,-0.9566037735849057,6878.0,4043.0,0.06802629813497921,3931.0,0.09388097233864208,0.028491477995421014,-0.4150383378679199,-1.4923880593534726,0,0
114121,2020.0,2288.76,0.10400048889194777,7.592301409025933,9.846816659718396,3.367533493692194,0.24645991767697456,1528.81,0.7807384169939887,7.44,530.673,-156.21,1283.751,297.436,0.3419920985701079,1275.1359999999997,2028.837,0.1144595212907809,2082.476,0.17746900149458972,-0.025757319652183325,0.12811428419335819,-0.09137756545619544,1,1
115979,2020.0,248.466,-0.06643893940432029,-0.2360047142015321,-17.838626716604246,1.3937041780461739,0.5197251601945495,130.641,0.46819683982236904,-0.23,-211.955,0.492,54.258,-18.423,-0.07812844565825855,510.00000000000006,272.013,-0.03171021377672208,276.14,-0.044749931367751204,-0.014945317592525566,-0.08656571560918033,1.0951905235369923,0,0
116289,2020.0,990.073,-0.0564888728645182,14.237686315402073,12.223896224748726,3.211330325018024,0.3799947310242183,1141.408,0.6114531571809912,14.27,1211.174,40.874,472.713,232.117,0.2627092267452586,2510.423,1840.965,0.07709471526366886,1667.447,0.06475530162470564,0.10406207813501721,-0.4621989011197931,-1.732720429296906,0,0
119157,2020.0,260.886,-0.31229075486170643,-1.3953127814014672,-6.980513709776986,5.221748061079918,-0.027211817578208616,187.196,0.21434427145389298,-1.48,-1753.398,63.968,452.74,-356.388,-0.7480463871543265,375.745,182.237,-0.41917791784824165,91.245,-0.441793225149408,0.997227245328511,0.43157536614408726,-0.2549923515418397,1,1
115331,2020.0,4835.0,0.07837789454840306,2.5318181818181817,10.57737881508079,-283.39341772151903,0.4729880387747775,2789.0,0.6042244676599875,2.47,-884.9,477.1,1456.8,1058.3,-26.792405063291138,6699.8,5292.1,0.12083119255580294,5589.9,0.0946892228347857,-0.05327465607613719,-0.08637402921335582,-0.35134386336370765,0,0
115842,2020.0,891.236,0.005450432799236824,2.0739750242344757,21.16708228740793,2.8386941792105813,0.31337293171059555,655.906,0.10217426949886414,2.09,-776.038,7.456,153.804,363.713,0.1341089027134973,9129.06,955.258,0.03890269443672848,899.13,0.014051087977075927,0.06242478840657084,-0.06702063735660947,-0.8598957507146083,0,0
114128,2020.0,6664.35,-0.009816890106267488,1.6573917985702817,8.95986091689972,4.352571092394842,0.4174818639448147,4058.359,0.9473669109514214,1.65,928.576,-125.809,329.923,600.72,0.48578556439254567,6065.057,6966.923,0.08168631270171034,6803.955,0.07622480725494828,0.023951951475281633,-0.04342993312829773,-1.1201779071864257,0,0
116048,2020.0,2711.332,0.056035851241206316,-1.089939212320648,-51.34231282573325,1.1577782621807118,0.24632163903631502,2308.605,0.40756303247779413,-1.09,2247.286,-116.113,2177.944,-114.933,-0.022550177396769365,5119.664000000001,3063.117,-0.015292410316605703,2244.044,0.02026662877129403,0.364998636390374,-0.1148454335893798,-4.6642916375555385,0,0
114805,2020.0,1.719,-1.029832905211221,-0.8244332317179999,-1.164436321907474,7.092270256277505,-1.325024598228928,7.089,0.06220671644836169,-0.83,-725.817,-26.041,42.444,-47.057,-6.090732591250324,4.948999999999998,3.049,-0.9600726323091362,22.146,-0.18688034542887985,-0.8623227670911225,-0.4362085929813053,0.07266145347180615,0,0
116055,2020.0,390.98,-0.03532826578086045,0.42106636513873186,75.47503821524478,2.1842361816855775,0.30461138481468025,308.126,1.0072423410992628,0.43,34.616,-9.807,5.452,4.841,0.028939848635206065,400.461,443.099,0.011004448606883634,272.252,0.0332299659417697,0.6275325801096042,-0.11762382672946671,-4.210362194682021,0,0
121719,2020.0,3491.497,0.05329765736857604,1.6917086201582245,13.14647199582154,1.7220463896694045,0.1340250823399582,2690.003,1.697016331915661,1.62,531.367,-30.777,120.286,82.327,0.13098924108435614,1474.2069999999999,3106.329,0.04497600336526511,2939.478,0.04859087650009692,0.0567621189884735,0.12399459297453672,0.18502431031339106,1,1
115727,2020.0,936.9,-0.05766656968286296,4.469494915819303,21.02474703962704,12.359025047958344,0.45005298140834216,570.9,0.695171767226947,4.97,632.1,-290.4,45.3,214.5,0.5878322828172102,1368.6,1038.1,0.14364159914283803,975.3,0.0992260475046704,0.06439044396595915,-0.09748579134958091,-1.4014614848830733,0,0
116030,2020.0,3514.33,0.03911545769523966,2.3270336260441207,6.398704270256937,-28.81214876581072,0.4928636308172689,1965.869,1.847276984968877,2.27,-61.49,-5.8,71.495,271.623,-4.5028098735142486,1748.263,3876.411,0.12944007136709737,3932.565,0.12303102773224552,-0.014279229968226843,-0.09340624613850289,-0.6978102894867338,0,0
116452,2020.0,1200.724,0.05435569029532991,3.3999358623681877,42.62433347759024,3.198680498941178,0.5284565956757324,619.882,0.4814546101794731,3.4,1881.815,138.626,1182.616,180.234,0.07504353119381645,1520.491,1314.581,0.06600923808505309,1459.874,0.15693720988949098,-0.0995243425117511,-0.08661086688458146,-0.17654419483993358,0,0
120427,2020.0,1.44,-1.3190374116622567,-0.27900020026033845,-4.408598986137903,8.44588371793219,-7.9513580685247645,50.423,0.13519416310660973,-0.29,-417.624,-16.018,35.041,-44.582,-1.9157749989257016,-3.4909999999999997,5.633,-1.0699851197619163,24.291,-0.3933743722663211,-0.7681034127866289,-0.7443635718089827,0.23276238828046256,0,0
116021,2020.0,1555.4,0.10581992230854607,1.0541586073500966,51.178256880733954,2.5624391364262746,0.6807414104882459,353.1,0.47522880591243066,1.06,411.9,55.6,168.0,54.5,0.050068902158934316,2064.5,1106.0,0.02341769432389464,782.4,0.028124158966538082,0.41359918200409,0.4063291139240507,3.5188019300675104,1,1
116591,2020.0,1726.0,-0.006059741926285021,1.9805988508789687,18.282349292452828,1.2097564532070957,0.42783926721552795,1049.4,0.4281579008800803,1.98,225.5,-1.7,167.3,127.2,0.06617073297612236,3961.7,1834.1,0.029693956159394918,1175.342,0.008148263770325988,0.5604819703541606,-0.05893898914999177,-1.2040732428429806,0,0
116594,2020.0,1547.502,-0.01676811309640683,-0.6252620031734216,-11.275273348162536,1.1629713825930161,0.144252152601409,1251.758,0.835168944766081,-0.74,11.718,-1.04,2.974,-31.919,-0.10314352004446427,1702.7060000000001,1462.765,-0.018224224361389926,1179.307,0.01683295821248111,0.24035980452927022,0.057929332462835686,-0.07989976616332874,1,1
117778,2020.0,249.128,0.011502171008684035,0.07036943426429083,35.95310984735109,1.3395113410799115,0.4236255611202462,153.179,1.2148888025416562,0.07,-153.895,-0.484,18.153,3.341,0.03725717599304146,191.74,265.763,0.01527279376471395,275.769,0.026437729065668207,-0.03628399131156884,-0.06259336325974643,-0.24688493893903743,0,0
117769,2020.0,90.4,-0.07379823967501693,0.46539210251518004,15.6642108033241,-1.4900606324110672,0.6976169064748201,134.5,0.3936283185840708,0.47,-171.1,14.5,73.4,36.1,-0.09512516469038208,1035.8999999999999,444.8,0.03194690265486726,441.4,0.026099141706078122,0.007702763932940721,-0.7967625899280575,-3.310028000907732,0,0
117568,2020.0,238.642,0.0014293580124693412,1.8167910447761193,7.5407681248716365,1.026791207561944,0.3433883653601686,160.12,1.4413007630339316,1.81,-743.734,-5.563,31.946,9.738,0.13616533363163486,101.64200000000002,243.858,0.05755557263007334,242.506,0.011822300254387706,0.005575119790850552,-0.021389497166383747,-0.9751656017453557,1,1
117580,2020.0,711.4,0.030540967725488196,5.010365173018657,8.332725970719286,1.1228952221650368,0.24333054193085296,632.5,0.2087610199545466,4.89,1224.1,53.2,326.7,157.1,0.13475724824155086,3647.6,835.9,0.039234784346045305,800.4,0.03605327617881201,0.0443528235882059,-0.14894126091637755,-0.22158441203292628,0,0
2542,2020.0,3652.0,-0.02615321252059308,1.4767672860885006,25.894398095238095,0.9154585185185186,0.19061302681992337,4225.0,1.0646542932898226,1.37,605.0,-50.0,61.0,84.0,0.03535353535353535,4436.0,5220.0,0.017132367937997144,5455.0,0.05746192893401015,-0.04307974335472044,-0.3003831417624521,-2.52653810700557,0,0
118580,2020.0,540.522,0.03127145926849225,0.06002923303874732,100.78422951189266,4.402334467494226,0.6672500674557162,136.887,0.9840497166600087,0.06,-431.649,29.109,127.053,8.871,0.04368078705185463,274.104,411.381,0.021220000526254102,366.561,-0.04197714616468373,0.1222716000883891,0.3139206720777092,0.4736785340698811,1,1
116812,2020.0,114.976,-1.0633396209054105,-12.560242647881026,-0.3375730962263941,0.3768729687018576,-0.9483445445858079,519.906,0.4391144154328942,-12.68,-656.837,-13.677,5.968,-449.305,-1.1164188524345762,549.768,266.845,-0.7393666826287789,349.395,-0.008859380399828962,-0.23626554472731423,-0.5691281455526617,0.4381762742199351,0,0
118573,2020.0,6167.0,0.061791590493601466,2.427685950413223,16.398331914893618,26.948307692307694,0.3929511553085698,4151.0,0.3527651671481634,2.25,,421.0,1962.0,1175.0,1.6433566433566433,17382.0,6838.0,0.06061700371440363,6426.0,0.07088016023144542,0.06411453470277,-0.09812810763381105,0.019377183087634777,0,0
118570,2020.0,4529.0,0.09458464558877663,4.217847769028872,30.271362787803362,12.943524611973393,0.3215808536976754,2959.4,1.124075553379545,4.16,2016.5,9.2,273.5,482.1,0.42758314855875834,3473.5,4362.2,0.12423016466101477,4329.9,0.12948225254939935,0.0074597565763643925,0.038237586538902434,-0.23863382257547094,1,1
118952,2020.0,686.31,-0.11088201488354502,1.6336554220158426,20.720403791290902,2.7619142869480307,0.20362103000853773,2614.591,0.563330374636862,1.63,347.22,62.091,488.313,191.386,0.1332944239295619,5248.097,3283.099,0.0328389570586359,3221.735,0.04770966732844873,0.01904688001961677,-0.7909566540637367,-4.376538867710038,0,0
119091,2020.0,148.376,0.03738325944875682,0.5996162456028142,43.52784,4.802402730286171,0.7643870794359384,31.562,0.6044772751886213,0.61,20.193,17.814,57.499,16.875,0.1103294519159731,162.073,133.957,0.07614797299736471,121.333,0.07341482350407734,0.10404424187978535,0.1076390184910084,-0.5090708527454755,1,1
119067,2020.0,904.4,0.003630733087724918,0.1850522453537529,925.1441379310344,141.39225296442686,0.6847737740449743,232.7,0.645900778720798,0.19,-673.2,99.8,376.1,11.6,0.152832674571805,712.3000000000001,738.2,0.0101496193892729,563.823,0.0035445720241530495,0.30927613807879434,0.22514223787591428,-0.6422788925895854,1,1
119179,2020.0,1355.596,-0.11932084153681075,-2.1344308633387437,-3.7199612020133572,3.7207599829252196,0.3684647750151094,820.279,0.7976630159094734,-2.16,-1354.53,-109.54,113.54,-386.618,-1.0002147282910991,1241.401,1298.865,-0.2374310493275966,943.379,-0.11896883865272835,0.37682204077046444,0.04367736446820878,-0.49745055722608017,1,1
119198,2020.0,12172.0,-0.012524685583619166,5.503015616746596,16.93253417570499,2.9539823103122043,0.3780487804878049,8364.0,0.6828475677871433,5.76,11753.0,79.0,927.0,1844.0,0.17445600756859034,17410.0,13448.0,0.09363257845028942,13988.0,0.12582164230354165,-0.0386045181584215,-0.09488399762046401,-1.13376418540336,0,0
134029,2020.0,2363.567,0.0365085089263133,9.322366897632746,16.013100711355513,2.6939658738266354,0.9479183869077108,112.588,0.3902872719965726,9.22,844.894,327.722,1077.344,523.367,0.1682351171323265,4414.008,2161.761,0.0944893902161387,1890.922,0.08592270074071427,0.1432311856332519,0.09335259540717038,-0.6136231925848784,1,1
119194,2020.0,12953.0,0.010107273516463074,9.53388122789426,8.896691491376394,2.3289232241501416,0.35327757523768677,9047.0,0.12271483209937191,9.09,21171.0,-8181.0,7839.0,2957.0,0.2617740793201133,34202.0,13989.0,0.02593950664935612,12848.0,0.025028981406259983,0.08880759651307596,-0.07405818857673886,-0.6103521299348244,0,0
137332,2020.0,1242.4,-0.44656689112918924,-1.4357246027924893,-5.042749832327297,0.6192340635809587,0.14759641747395358,4663.5,0.40004972286813206,-1.44,-732.3,-48.5,275.5,-149.1,-0.12279690331082194,12857.0,5471.0,-0.010902470056596324,5460.8,0.011594599717769962,0.001867858189276263,-0.7729117163224274,39.96015754329018,0,0
119320,2020.0,252.424,-0.14257061953327121,-1.620478536242083,-36.97673166283059,15.48152440059153,0.6517332843321323,87.183,0.48768865415823276,-1.72,-365.7,10.601,306.077,-69.081,-0.41868287716065844,198.132,250.334,-0.13458028041698245,197.024,-0.14702712104117702,0.2705761734611012,0.00834884594182174,0.059372287615478046,1,1
119332,2020.0,356.036,-0.07067864359779931,-4.838307286091486,-1.021018242103152,1.3365090704086127,0.5192424963655778,186.844,0.53702872066271,-5.33,-1120.47,16.575,66.773,-338.996,-1.3089962698958197,612.118,388.645,-0.46842385258983404,419.482,-0.16692256821042548,-0.07351209348672898,-0.08390433428964732,-0.8491139099620368,0,0
119329,2020.0,67.116,-0.20294887829281635,-0.10004939275960253,-49.62548860171337,0.7845814480417072,0.7356340966986264,20.652,0.1009207260907704,-0.1,-351.04,1.182,14.679,-6.887,-0.015810049838272396,746.971,78.119,-0.008897208625137747,83.868,-0.013208733161099837,-0.06854819478227686,-0.1408492172198825,21.81039895135361,0,0
120037,2020.0,1143.744,0.14031807501319668,3.6542014302741364,43.25432054470583,7.267213552146892,0.6959194401585777,285.178,0.6717414162598272,3.67,1093.776,15.434,687.687,196.216,0.16801127518893305,653.8929999999999,937.837,0.14054298746246763,858.289,0.16759610605307504,0.09268206862723395,0.21955521055364624,-0.001600310718676099,1,1
119644,2020.0,136.878,-0.12455028694493894,0.23277940576430878,12.930697155605129,1.0068127423307174,0.8912967798085292,16.237,0.5366824637738439,0.26,54.738,-1.091,5.381,12.551,0.07786221656999287,254.032,149.37,0.045095411413439875,161.57,0.02776476962671982,-0.07550906727734102,-0.08363125125527227,-3.7619281661064736,0,0
134337,2020.0,2081.0,0.06678579405852134,5.109983079526226,9.456000000000001,7.312962868117799,0.5785767234988881,1137.0,0.6062921348314607,4.95,-1022.0,-39.0,192.0,604.0,0.7733674775928298,4108.0,2698.0,0.13573033707865167,2713.0,0.15081425536936513,-0.0055289347585698485,-0.22868791697553745,-0.5079523450986424,0,0
119951,2020.0,3709.377,0.06325539708214588,1.603640896706256,26.296410927542222,4.746278535447269,0.37255786962408927,2208.937,0.7903901141039525,1.6,116.7,98.7,467.096,304.881,0.18049149553242388,3965.1070000000004,3520.543,0.06844822755413785,3000.79,0.07990463089805903,0.1732053892474982,0.053637748495047446,-0.0758650831080293,1,1
119897,2020.0,4401.879,0.1407127232412194,4.952826642321767,48.33401556081512,15.983997232890996,0.5994324121653678,1593.977,1.2126993917754683,4.95,1596.056,212.185,1093.505,645.596,0.33069872319587257,2107.852,3979.296,0.19674683072902224,3288.319,0.23207101607848762,0.21013076894303742,0.10619541748088107,-0.28480310091997446,1,1
119765,2020.0,11767.0,0.07092638544251448,15.350509688632673,9.645282339363694,8.823733822228565,0.8731847192674128,1371.0,0.4111584391876474,15.37,5005.0,-565.0,2998.0,6412.0,0.9148237979740333,23088.0,10811.0,0.24385791435308435,8974.0,0.16518892374846542,0.20470247381323825,0.08842845250208121,-0.7091487244501753,1,1
122406,2020.0,1695.39,0.14333712741271176,6.6471843858718085,38.84050524440786,-285.3765036368851,0.8106549252918868,294.961,0.370512213401122,6.66,2136.715,602.391,1506.567,563.648,-7.34739421748312,2691.3740000000007,1557.796,0.13406021588135777,1433.984,0.149909148653818,0.08634127019548345,0.08832607093611747,0.06919958669590671,1,1
130452,2020.0,5871.64,0.07245111611416508,6.978089089413466,13.219951596770736,7.22900838287561,0.18473450698115643,4585.751,0.9565694449782474,6.78,1554.567,-90.341,1476.852,559.88,0.5468256316945559,2965.4390000000003,5624.856,0.0952138331815821,5188.4,0.08023031809587934,0.0841215018117339,0.043873834281268814,-0.23906943252674526,1,1
121815,2020.0,284.114,0.011186478107851991,0.419276198324406,42.12020637130456,1.744454868283153,0.4100325379609545,174.064,0.10125758599636141,0.42,-302.13,-1.991,5.458,48.844,0.04141610449163436,2890.737,295.04,0.01676323729123602,295.798,0.014230765772770607,-0.002562559584581307,-0.037032266811279975,-0.3326779360392168,0,0
121968,2020.0,3930.0,-0.06435394670688788,3.779928579244213,10.695969289473684,2.917780567121321,0.1539912005028284,5384.0,1.6297055057618437,3.78,-113.0,-16.0,652.0,380.0,0.2727925340990668,2841.0,6364.0,0.0973111395646607,7124.0,0.07396979779882262,-0.10668163952835485,-0.38246385920804526,-1.6613214786589399,0,0
122122,2020.0,6151.953,0.03454539703483459,12.47054355314526,21.483426031773014,7.973379438660761,0.4023568045062576,4421.405,1.5210244019579462,12.21,1128.477,-16.926,502.325,705.945,0.37114096359065324,3947.5380000000005,7398.068,0.14514053823784837,6716.615,0.20636900800082225,0.10145780277714302,-0.16843789486660568,-0.7619865720890225,0,0
122320,2020.0,321.785,0.05073069231142425,0.659704835946765,41.518567861779694,1.4010083812720528,0.6090543892129807,111.916,0.8066284020434098,0.62,105.961,-9.391,202.74,10.013,0.033744140355134074,148.611,286.27,0.02821381978433179,297.687,0.06911564112379298,-0.038352363388391264,0.12406120096412494,0.7980795475129863,1,1
122321,2020.0,2402.596,0.06697025194278078,2.066558229102399,21.95437774802323,3.7094410246454816,0.14318760790444887,1744.919,0.8622364367128453,1.72,391.523,28.092,76.929,110.534,0.16896133733416693,2240.007,2036.524,0.046798585381570584,2040.659,0.07814490870233967,-0.0020263062079456775,0.17975334442412666,0.43103154500806456,1,1
122316,2020.0,1097.702,0.09109095007325595,0.3365257365744933,29.031954879437023,1.7397567751937981,0.3854569184387362,671.451,1.833197149707471,0.34,84.918,-2.572,8.993,9.663,0.059925581395348836,527.189,1092.602,0.01621284242352045,1084.636,-0.1143576360046013,0.007344399411415555,0.004667756419995487,4.6184441749157825,1,1
122945,2020.0,116.896,0.28155266588379785,0.4117491574704289,8.986053602952977,3.6083196391171253,0.25535398259417114,112.344,2.0791450188112397,0.41,-89.305,20.022,28.751,12.462,0.4015466408893185,23.977999999999998,150.869,0.17174041867067238,65.834,-0.11913389621748988,1.2916578059969013,-0.22518211163327123,0.639408288759912,0,0
123043,2020.0,1887.907,-0.005676233842172707,-0.6433625784812974,-67.31818332088308,1.1541371108274145,0.5825444400320028,787.355,0.26362908002993446,-1.06,510.671,592.394,2460.054,-62.917,-0.017144507678200888,4568.241,1886.081,-0.008794294003408861,2095.363,-0.004673089263567315,-0.09987863678035735,0.000968145058457204,-0.3545549148149386,1,1
124054,2020.0,154.299,-0.055772430304751854,0.4340028024287716,6.497653895824365,1.0457107227601017,-0.02030910368647281,187.291,1.3014498918784785,0.43,-423.442,-6.687,48.626,9.292,0.16093666106656043,86.31599999999997,183.563,0.06587968378886172,202.287,-0.20578492167101828,-0.09256155857766449,-0.15942210576205434,-1.8465801154039736,0,0
127656,2020.0,236.545,-0.08021936916637949,-0.0072992700729927005,-5881.41,10.137346225598877,0.8216493224254788,44.234,1.1346893771988817,-0.01,-329.458,-42.023,122.672,-0.255,-0.00172362515546423,84.71100000000001,248.017,-0.0011666369288625977,217.043,0.008418899248593572,0.14270904843740637,-0.04625489381776253,67.76121197756757,0,0
125057,2020.0,3777.0,0.030334146237111198,3.4344875645003405,35.769528260869556,3.6289621058650545,0.4986149584487535,1810.0,0.16926900173489004,3.44,-243.0,-68.0,91.0,621.0,0.10145401078255187,21033.0,3610.0,0.029118019412012943,3440.0,0.028491030601477313,0.04941860465116279,0.04626038781163435,0.04176543767934055,1,1
124672,2020.0,21846.0,0.13428243057872688,5.590004627487274,30.770994205298013,12.720334337143248,0.6988292640466554,6920.0,0.3166009865792157,5.32,12681.0,-145.0,15068.0,12080.0,0.4133871740469509,57350.0,22977.0,0.16645079505056906,20609.0,0.1488046226074395,0.11490125673249552,-0.04922313617965792,-0.1932605035744598,0,0
129599,2020.0,1641.836,0.08214859413039213,3.2830736659247597,15.129115290810633,2.1201995831300926,0.1315845449352567,1375.861,1.2620985280223815,3.29,752.197,26.808,437.332,120.955,0.14014035469859193,560.369,1584.335,0.09635407123931944,1371.925,0.07735809517857241,0.1548262477905134,0.03629346066330667,-0.1474299624936911,1,1
124636,2020.0,28694.0,0.17976124065603036,4.617920875123321,18.426041134307585,-11.435700574414788,0.6774031202818319,9615.0,0.6951603498542274,4.61,21624.0,245.0,6865.0,7185.0,-0.6206271054677378,33711.0,29805.0,0.1675801749271137,29625.0,0.19876385015451872,0.0060759493670886075,-0.03727562489515182,0.07268798790915827,0,0
124671,2020.0,2517.0,-0.015072478306665998,1.9362041467304625,15.948731466227347,2.567532157538788,0.3583245725668123,1159.7,0.8109575518262586,1.93,458.9,342.9,399.4,121.4,0.16098660655085534,1593.0,1807.3,0.054473660594094954,1770.1,0.041081197039579534,0.021015761821366052,0.39268522104797215,-1.2766929584368685,1,1
130453,2020.0,13.643,-0.32156865756454167,-9.266279377981975,-5.625774690526647,9.63045372746971,-47.016173245614034,175.163,0.008806276403138202,-9.74,-1115.078,-6.384,276.155,-419.503,-1.7118449026560951,130.11600000000004,3.648,-1.0126807483403741,0.0,-0.19112768015103396,inf,2.739857456140351,-0.6824580124668682,1,1
125906,2020.0,118.986,0.12914925066319488,0.19747747095653434,49.57527535966278,3.9776711049679068,0.8100457776448666,16.515,0.46056130611207047,0.2,-3.59,4.35,85.123,10.913,0.08023497753891172,102.45899999999999,86.942,0.057809867884348484,74.515,0.1228474040958402,0.16677179091458086,0.3685675507809806,1.2340346966639741,1,1
125272,2020.0,1359.0,-0.08112449799196787,2.7662517289073305,6.517845,0.6176832379072064,0.12520458265139117,2138.0,1.4201045903544451,2.78,320.0,16.0,42.0,96.0,0.0947680157946693,1491.0,2444.0,0.0557815223707147,2682.0,0.10064743967039436,-0.08873974645786727,-0.4439443535188216,-2.4543256358768404,0,0
124983,2020.0,851.573,0.055663439779636635,-1.415117194597541,-13.631379841643485,1.9291927907519069,0.2231056753941697,694.42,1.385563702314334,-1.42,151.886,1.865,30.868,-46.73,-0.14152586261724415,550.6379999999999,893.841,-0.07243725876207158,889.785,0.03548970208222967,0.004558404558404603,-0.04728805234935523,-1.768436585410687,0,0
138238,2020.0,192.194,-0.05078274461277953,-0.5169184432208574,-41.72805262199563,9.259412727272727,0.6738911448987943,41.438,0.8374281647071229,-0.52,-339.018,-26.329,38.223,-21.968,-0.2218989898989899,108.00699999999999,127.068,-0.14477777191964994,76.569,-0.3577434830179729,0.6595227833718605,0.5125287247772845,-0.6492365924724729,1,1
126770,2020.0,135.044,-0.16326053018102768,-0.9261535822517011,-3.757476153727427,1.5848168111866263,0.683059969465128,37.159,0.44274051024878025,-0.97,-624.223,-71.665,59.714,-64.79,-0.42177694450954356,198.58800000000002,117.243,-0.24466413908735254,112.964,-0.19434738363955514,0.03787932438653019,0.15182995999761195,-0.33271573517057723,1,1
129352,2020.0,69.056,-0.10832588903025546,-0.2027107359410296,-78.88087390029327,8.922194812210355,-0.16037570481170937,79.437,0.45922467515915016,-0.21,-342.409,37.736,91.159,-11.935,-0.11310973587194481,55.29299999999999,68.458,-0.08006144640545236,60.594,-0.13720469709773847,0.12978182658349008,0.008735282947208493,0.35303437414388544,1,1
128243,2020.0,2511.515,0.01642419061688231,0.5659931376286694,36.572881584265126,1.4164988312393036,0.1766760016238157,1798.944,2.643119470257637,0.56,135.948,-5.656,34.626,14.846,0.03873085110823559,604.5160000000001,2184.977,0.01795888545071407,2439.701,0.032702018045712,-0.10440787621106036,0.14944688204955936,-0.08545601774918268,1,1
134521,2020.0,2560.0,-0.15384615384615385,0.47906839622641506,28.47192615384616,1.7296029906542056,0.1955215729109776,2946.0,1.5750537634408601,0.18,-715.0,-11.0,32.0,39.0,0.06074766355140187,1936.0,3662.0,0.016774193548387096,4172.0,0.030402629416598194,-0.12224352828379674,-0.3009284543965046,-10.171597633136097,0,0
127973,2020.0,283.401,-0.1939512219080348,2.5239920696539486,6.596692675933325,1.0140537665051772,0.9411447545361266,46.174,0.035107664294413296,2.42,-525.52,153.885,558.038,364.101,0.15372154143314018,21687.386,784.535,0.01629339121551005,650.208,-0.003973951224085322,0.20659081401643783,-0.6387656382443103,-12.903674277667143,0,0
128260,2020.0,592.571,-0.17051051493794928,0.20936258421143547,68.15926567656766,1.4451132173170715,0.3193981720203157,509.489,1.0398789794937475,0.21,56.328,-10.528,15.016,6.06,0.02120200684342003,689.8290000000001,748.586,0.008418093065769476,742.354,0.009849618968441163,0.008394916710895301,-0.20841292783995424,-21.255242322194896,0,0
129351,2020.0,50.82,-0.10498476059384526,-2.102899718082964,-3.604546586230011,-1.082016729425968,0.8771666388595369,6.626,1.072233596374406,-2.19,-384.956,-3.616,9.459,-10.443,0.3001810917243956,33.772999999999996,53.943,-0.20757717307042478,46.97,-0.30276484068899245,0.14845646157121564,-0.05789444413547629,-0.4942374489403657,0,0
126122,2020.0,8086.0,0.09507118438703535,1.9550965190696707,30.392361410512308,3.5673345724326437,0.764678687008784,1527.0,0.326984126984127,1.96,7194.0,1569.0,5863.0,1503.0,0.11737602499023819,13690.0,6489.0,0.07573696145124717,7500.0,0.10165405102326885,-0.1348,0.24610879950685777,0.25528120702642476,1,1
126448,2020.0,909.99,-0.04058486614689779,1.367597422522246,221.87816019744224,9.831936887002081,0.9382081920977985,68.379,1.1673409151565084,3.07,-592.654,-44.819,60.339,17.828,0.04431232383688849,884.7570000000001,1106.603,0.018806522154205463,764.865,0.10768595548562405,0.4467951860785891,-0.17767257092200187,-3.1580208086385775,0,0
134381,2020.0,1433.1,0.034753462115198024,1.5043560337122763,15.069570960577458,2.070198115942029,0.42024851327176915,1199.1,0.5702351741060352,1.5,-38.5,280.9,573.4,180.1,0.1373760488176964,2868.1,2068.3,0.04965399354856497,2050.9,0.010522440715403258,0.008484080159929831,-0.30711212106560953,-0.30008727130463775,0,0
135203,2020.0,11709.0,0.03347104963774624,3.0536659108087676,12.859952970297032,3.211014215080347,0.22955620635278215,6840.0,0.5390734106503127,3.08,668.0,369.0,750.0,404.0,0.24969097651421507,14560.0,8878.0,0.024530936911773635,7869.0,0.054320446829481984,0.12822467912059982,0.3188781257039874,0.3644423675347595,1,1
122620,2020.0,2247.392,0.059003332801129474,2.263799627605261,14.396150437781909,1.4887080453588903,0.12303497703459755,1816.334,2.0549842192105934,2.27,211.773,4.89,12.397,37.69,0.10341014785812862,803.367,2071.159,0.037395658769822725,1531.169,0.041518253634366384,0.3526651858808531,0.08508907331595485,0.5778123649139604,1,1
128258,2020.0,2784.6,0.094250046285276,2.7573822336083156,54.16006463658591,10.77787202760085,0.6266733151777838,973.3,0.3695288581471822,2.75,3741.5,45.1,188.7,449.9,0.19900035385704173,6786.5,2607.1,0.06376856786483728,2395.1,0.10146941680931479,0.08851404951776544,0.06808331095853631,0.47800161491860244,1,1
128065,2020.0,23888.0,0.038981733896988134,6.844221105527638,42.7879221732746,4.673200753778919,0.7284595300261096,6136.0,0.3348050908983154,6.8,-140.0,763.0,5055.0,2724.0,0.10921775389920212,61583.0,22597.0,0.040359741010178835,20848.0,0.244573457824595,0.08389293937068304,0.057131477629773865,-0.03414311089962553,1,1
98003,2020.0,1502.7,0.24006124173898025,-1.1212678873672872,-8.753483543567281,1.240824007849435,0.49988683038725457,886.039,0.5526579050883431,-1.1,-53.728,-47.256,137.539,-182.178,-0.14175202382842042,2964.1859999999997,1771.677,-0.05682870626710409,1749.962,0.11433029366170001,0.012408840877687583,-0.1518205632290761,-5.224295387099851,0,0
113619,2020.0,1923.719,-0.06889215835917911,-4.630883658969806,-3.3319774661392776,0.7394202193096202,0.002744454621348835,2410.604,1.423396760604351,-4.4,137.086,-48.299,269.896,-166.86,-0.22191633251541087,1271.6290000000001,2417.238,-0.09825593651698428,3843.353,0.00718406880969053,-0.3710601133957771,-0.204166490846164,-0.2988499137935489,0,0
132275,2020.0,301.587,-0.10400498052019393,-0.4454852481998343,-6.093804477184952,2.6087518380927106,0.3330367765395599,317.862,0.5796087788812594,-0.44,,-13.488,2.37,-20.973,-0.42809903859892634,772.039,476.581,-0.025506965068848007,438.663,-0.04472726744917411,0.08643993224867383,-0.36718627053953057,3.0775129553620078,0,0
127330,2020.0,1868.6,0.0428238169295712,-0.33906514894647616,-62.996742857142856,0.8166244444444444,0.1590122055066704,1481.4,0.9381157799435479,-0.34,422.2,-2.5,21.4,-5.6,-0.012962962962962963,1706.7,1761.5,-0.0029823720509133513,1724.218,-0.08040129342694385,0.02162255584850635,0.06080045415838769,-15.358978758688544,1,1
134157,2020.0,845.885,-0.05077734365786108,-4.471101328768239,-1.375500027348807,0.6418624338324233,0.2313932329904096,1133.293,0.5774938763936248,-4.49,-299.81,-16.758,185.74,-329.082,-0.4666393464706608,2186.465,1474.477,-0.12888830400973825,1577.298,-0.06922408681623253,-0.06518806211635335,-0.4263152290608806,-0.606036063178979,0,0
134687,2020.0,41.251,-0.09842719249258619,1.3208840893804648,7.820519667887806,0.9795236871989383,0.9395905982388282,20.944,0.06717747493640248,1.37,-325.301,6.484,84.279,70.699,0.12525046017351066,5073.503999999999,346.701,0.013698778776319418,110.065,0.005872065940394383,2.149965929223641,-0.8810185145125051,-8.185107088723392,0,0
48363,2020.0,64.872,-1.0105390672319805,-0.6495573002135137,-3.7256143518124274,71.32358874035431,0.8723991379136705,6.335,0.18665268096817125,-0.72,-695.421,-0.783,160.829,-176.145,-19.14411477013368,85.97599999999997,49.647,-0.6622341025467506,16.099,-0.6255991018190051,2.0838561401329274,0.30666505529034993,0.5259544371782653,1,1
128044,2020.0,738.383,0.0045573398772416765,2.259457786827973,9.865198690564021,1.0380478224327911,0.6207696935241606,298.174,0.0667944571527941,2.54,22.317,44.211,194.892,226.357,0.1052232048225927,11485.310000000001,786.261,0.019229483514678986,526.238,0.01955598877358924,0.4941167304527607,-0.060893265722196485,-0.7630024813842352,0,0
128362,2020.0,2066.0,-0.07700733924854858,7.5414484306698695,11.895592845953002,2.299854649167087,0.18784860557768923,4077.0,0.5964120232862065,7.33,3961.0,441.0,1111.0,766.0,0.193336698637052,7156.0,5020.0,0.09100629678032553,4446.0,0.10061494177678922,0.12910481331533963,-0.5884462151394423,-1.846175945763751,0,0
128415,2020.0,2594.4,0.12078130794906664,1.9015725101921959,56.14300765696784,13.866927906800814,0.7939430479547351,444.3,0.5549350147986102,1.91,141.4,110.1,2065.6,326.5,0.24699296467206291,1723.5,2156.2,0.0840303693218376,1801.2,0.10792722547108512,0.1970908283366643,0.20322790093683346,0.4373530537093366,1,1
128504,2020.0,2187.7,7.354888058603749e-05,1.4631344453672583,14.892684721485411,1.7011702036116831,0.4187066393472088,1617.1,0.4227040661277579,0.7,620.0,256.2,560.9,188.5,0.1142285783541389,5315.7,2781.9,0.028642192913146538,3769.6,0.045516360911437376,-0.26201719015280134,-0.21359502498292543,-0.9974321491092157,0,0
128197,2020.0,429.173,0.0026479750778816195,1.4991435289213675,12.200299469097292,1.0677912679041501,0.82670610658174,84.831,0.07106492500467818,1.41,-196.945,342.476,452.282,230.174,0.08752172605343078,6429.159000000001,489.521,0.033414905689494005,405.327,0.04316990065777453,0.20771870613109913,-0.12327969586595879,-0.9207546745010216,0,0
124121,2020.0,583.439,-0.016678027545196313,-1.2306961832988939,-20.021188278939995,2.222608433462484,0.741019620158303,145.144,0.15466680943614244,-1.33,325.102,-241.726,223.561,-161.999,-0.11101281315057679,3393.2829999999994,560.444,-0.04470717584958647,523.008,-0.003334104747786086,0.07157825501713151,0.041029969095931096,-0.6269496511855696,1,1
129109,2020.0,2485.2,0.1083555380548386,4.027922960121474,24.97316880086664,6.096012280338091,0.37653833172438317,1374.319,0.8269353771979941,4.09,857.35,98.401,322.883,252.007,0.24410247369675178,2080.809,2204.336,0.09453799402701536,2023.464,0.09819710062259049,0.08938730810135483,0.1274143324792591,0.14615863357408138,1,1
128346,2020.0,1430.627,0.02763892435539771,0.8609227542817197,18.294324225569405,0.5564058459919936,-0.2624711190876522,1091.732,0.16752301664559938,0.6,-16.814,-27.099,537.643,24.631,0.030414124027293807,2247.258,864.758,0.004771577045829883,849.091,0.012795912384503137,0.018451496953801216,0.6543668864584079,4.792408692122604,1,1
128493,2020.0,442.888,-0.06446764398326237,0.884714718166839,30.303553732610318,0.9661140528980361,0.14376388231579823,1380.435,0.2480879210839948,0.63,-449.711,-50.936,56.875,115.442,0.0318812130558265,6201.981000000001,1612.213,0.01776425682324763,828.856,0.0019192221425472047,0.9451062669510747,-0.7252918814077297,-4.629065072899374,0,0
128641,2020.0,187.757,0.037290519763344576,0.8254799042421899,65.58609085668996,2.3999882804492447,0.49543860853251886,88.216,0.08292150114965206,0.86,2.184,78.26,112.739,55.516,0.03659294599053603,1968.6259999999997,174.837,0.026330067764970138,155.321,0.03522897805960911,0.12564946143792527,0.07389740157975724,0.4162713174994698,1,1
129244,2020.0,541.239,0.07835227166364028,-0.31345663265306123,-25.521871820956257,2.931830576258862,0.4671859166214974,226.089,1.3393282684653576,-0.32,-703.43,-2.817,47.457,-17.694,-0.11487521749292337,258.577,424.33,-0.05584821809022704,441.32,-0.06086161221142929,-0.038498141937822916,0.2755143402540477,-2.40295025236179,1,1
129356,2020.0,312.63,0.08659000338108644,0.9669850557898059,57.31215768865685,5.444457951509824,0.709390808386237,81.116,0.6238244233863759,0.96,47.022,45.393,213.536,33.712,0.09499656217946552,229.63,279.124,0.07534418022528161,248.24,0.061824858918013176,0.12441185949081539,0.12003983892463553,0.1492593472007983,1,1
129435,2020.0,240.351,-0.0031659466691177224,-0.6925454584212658,-11.551588278749076,4.140423654015887,0.4536116543531798,120.695,0.7437200141407,-0.71,-91.756,9.126,101.428,-32.488,-0.35842894969108563,178.553,220.896,-0.10938168105987914,106.18,-0.2781356503501742,1.0803917875306082,0.08807312038244249,-0.9710559698987934,1,1
128663,2020.0,685.797,0.21770139503504338,2.486537742400769,8.340915018637677,-3.3849968611585814,0.5834416552795677,300.274,0.8315213190925356,2.48,-289.902,21.08,226.423,186.182,-0.40583039793533987,639.569,720.845,0.21476781032161762,696.651,0.3399928437922252,0.03472901065239277,-0.04862071596529074,0.01365933148469815,0,0
131553,2020.0,2354.019,0.006616817110455141,3.781236266446631,12.617566488336598,8.19643295231389,0.48425618099704315,1512.083,0.3432227631628085,3.72,-4.578,958.435,1621.31,843.193,0.6496048948813143,6325.0560000000005,2931.849,0.09871007386108151,1093.065,-0.0017317421867150537,1.682227497907261,-0.19708723061794806,-0.9329671547022926,0,0
129075,2020.0,389.523,0.18985834295952705,0.1365084806012594,97.50309974424553,-22.48559436359932,0.3363763471229865,284.305,1.0637247112338237,0.38,-1572.232,-1.604,178.273,21.505,-0.23061414890993123,218.98799999999997,428.413,0.05339567173517932,346.639,-0.8503779551272398,0.23590536552436395,-0.09077689052386362,2.555687882365199,0,0
129390,2020.0,79.582,-0.12615096565698017,-0.2796141595047779,-9.441581945190759,0.8781352577814205,0.3710161041896412,69.014,0.7496583859418983,-0.31,-36.605,-0.889,3.432,-9.305,-0.09300721668032703,136.001,109.723,-0.0635743762127299,64.086,-0.034297037752146736,0.7121212121212122,-0.27470083756368313,0.9843052055258728,0,0
129105,2020.0,490.339,0.050506826038553936,1.2367868878419572,12.815465749039694,3.5933846133133476,0.15515627677665142,384.534,1.4021521143769005,1.26,-66.989,-3.052,62.522,62.48,0.28039438313684484,224.99599999999998,455.154,0.19247653345080726,404.358,0.07231179867087918,0.12562135533363997,0.07730350606607873,-0.7375948894494072,1,1
129429,2020.0,1208.374,-0.27799859714753333,-2.5712274334344984,-1.559566434247192,0.6308785583137665,0.31620290076139285,1380.719,1.1275758220488858,-2.49,533.69,35.469,207.139,-164.358,-0.4045217596762999,1456.737,2019.194,-0.09178221951942746,2116.344,0.008862286690833195,-0.045904635541292,-0.40155626452931215,2.028893816287474,0,0
129707,2020.0,1238.974,0.005620777461097907,1.928252938792055,12.08347698129073,1.301660958682534,0.6811928437548181,343.245,0.4375592845618327,1.91,631.08,-29.064,1076.174,99.897,0.1077223849309219,1144.009,1076.654,0.04059879947492268,1041.758,0.0519006889893744,0.03349722296349052,0.1507633835939865,-0.8615531115748931,1,1
129580,2020.0,1083.334,-1.7092064656603847,-0.39922361166886133,-8.165849676005708,0.2880014619907165,0.5321477943220785,969.27,0.27626004883419725,-0.41,554.446,-2.171,20.019,-128.243,-0.03526901344228409,7244.646,2071.744,-0.01710076990334904,2321.947,-0.0046282904252241824,-0.1077556895140156,-0.47709079886318,98.94909441624914,0,0
129490,2020.0,171.554,-0.08340565641021053,-0.7858269023317567,-6.120940865892291,23.82854147825372,0.3992001908635439,52.883,0.7896172167251263,-0.82,-514.137,8.074,53.46,-47.35,-3.892954040943846,45.764,88.021,-0.42476653539422105,70.759,-0.5431217130381476,0.2439548326007999,0.9490121675509253,-0.8036435324811954,1,1
129245,2020.0,478.596,-0.09642894169058,-0.27662621123020675,-76.71001206151371,3.678723175551913,0.6586701557475251,108.263,0.44939649272943405,-0.28,-114.683,18.926,93.057,-19.898,-0.04795623252675214,599.292,317.18,-0.02819248191036723,384.997,-0.035460071383036175,-0.17614942454097046,0.5089097673245475,2.420377886457742,1,1
129722,2020.0,998.23,-0.001450363523590559,-0.31758828204837064,-219.24612441902033,4.233590911915166,0.27071957623757525,656.445,0.49954769563412516,-0.33,-77.413,-206.916,82.587,-16.782,-0.019309763961090513,1702.02,900.127,-0.009313585114247088,812.363,0.004380599917640154,0.10803544720771366,0.10898795392205775,-0.8442744114324007,1,1
130780,2020.0,2388.855,0.06290687662305121,10.488071523985845,27.433069973063652,6.615609006966238,0.5692353808146032,1141.03,0.21625824659443113,10.36,3740.264,310.344,1675.237,895.073,0.2411545267613891,9323.718,2648.848,0.0730758871607647,2433.492,0.07243781888594816,0.08849669528397865,-0.09815323491570672,-0.13915685368748218,0,0
131108,2020.0,371.163,-0.013489297543131148,-0.3518938301116927,-25.064378074490516,2.6715561214935777,0.3448195648030852,233.771,1.0661081215134502,-0.36,-422.419,12.201,89.077,-17.076,-0.10658776824838022,187.048,356.804,-0.051022024088753705,322.54,-0.12812705534153904,0.10623178520493567,0.04024338292171623,-0.7356181416937463,1,1
129751,2020.0,8612.0,0.002620043331485867,0.8634259177009419,147.38959925925928,3.79363124880839,0.5897262588712403,3642.0,0.4434952038369305,0.86,-2770.0,-1744.0,1045.0,243.0,0.025738798856053385,18027.0,8877.0,0.012140287769784174,9407.0,0.1025545750116117,-0.056341022642712874,-0.02985242762194435,-0.7841860603990901,0,0
129629,2020.0,2929.6,-0.0665559993774965,-2.96584440227704,-1.574593730006398,1.0860944395410415,0.18636896569302142,3192.2,1.623184808241281,-1.11,-590.7,9.2,78.7,-156.3,-0.6897616946160636,1921.6999999999998,3923.4,-0.06466426709693435,4193.7,0.0034425499169737964,-0.06445382359253159,-0.25330070856909825,0.029254677513415053,0,0
129467,2020.0,7080.949,0.054425574641051556,6.289430634090828,9.272699452933942,1.4839099790882626,0.17405466005831385,5120.221,0.5381660844052353,6.26,2119.557,18.83,1781.423,707.41,0.1600299876665089,9679.168,6199.225,0.061411558665656986,5745.127,0.04463477487468998,0.07904055036555327,0.14223132730300952,-0.1137568265062157,1,1
129614,2020.0,31536.0,0.013826033596686355,-4.762430939226519,-87.8395939675174,11.44118011483832,0.2512816339816096,18402.0,0.7163717974875398,-4.92,-6119.0,2506.0,6514.0,-862.0,-0.13025083106678756,24024.0,24578.0,-0.025124602873881487,21461.268,-0.03282123971077768,0.1452259018432648,0.28309870615998045,-1.5502985924231,1,1
129601,2020.0,812.605,0.0001705347966432429,0.28066920506041076,134.143679894972,1.7045563339657976,0.22738894060062842,635.811,0.11021636714485156,0.28,-0.561,-9.933,63.89,43.417,0.012706944787114701,7190.005,822.938,0.005814853624851471,730.136,0.013966156117223898,0.12710234805570472,-0.012556231453645317,-0.9706725555542082,1,1
130373,2020.0,682.954,-0.0592559678487973,-1.588163540917903,-46.60729080659982,9.804311528241406,0.7444090418039849,93.453,0.3746237215754821,-1.61,-241.307,110.705,422.854,-72.911,-0.21036003935360834,534.3810000000001,365.635,-0.07470343420019959,294.49,-0.10760074752239926,0.2415871506672552,0.867857289373282,-0.20678388506215445,1,1
129597,2020.0,269.812,0.026840878157292972,1.6407601863491827,20.722102037137194,1.904963539940338,0.4390297156621754,159.292,0.7665983645282428,1.64,51.585,-3.249,86.91,22.188,0.09192906861120317,274.634,283.958,0.05990070542880514,299.794,0.07244862630712998,-0.05282293841771335,-0.04981722649124171,-0.5519104831044997,0,0
130028,2020.0,606.824,0.036442578665452356,2.0116177289727064,55.73623575949367,26.725990566634213,0.3614619181564689,365.708,0.27259746434910254,2.06,-354.535,0.449,3.048,75.84,0.4795083521958498,1974.6469999999997,572.727,0.036097113801577256,544.392,0.0420366764904376,0.05204889124013564,0.05953447279419336,0.009570428975958879,1,1
129657,2020.0,2123.516,0.12150409221178259,2.561193121609854,24.238703234131453,14.642274650710457,0.31630411837966776,1295.549,0.9926696502145462,2.56,1336.935,55.992,95.439,244.115,0.6040865515483561,1642.796,1894.92,0.12788167925934812,1799.889,0.1371267890200931,0.0527982558924468,0.12063622738690816,-0.0498709986020092,1,1
131837,2020.0,483.857,0.04307740238662793,0.34506637911718574,91.48964347314381,2.0213604671181,0.3296891662582474,272.171,0.0974961851490343,0.35,-741.453,-10.678,11.864,49.281,0.02209387194422128,4099.044000000001,406.037,0.011833181459644218,351.013,0.029951665284999478,0.15675772692179493,0.19165741053155266,2.6403905858740306,1,1
130723,2020.0,501.883,-0.041528782813865385,-0.15597614279869948,-85.39767531750414,0.3203169509086475,0.3109685455979355,324.139,0.09861043567212234,-2.73,-7.244,49.563,137.253,-7.244,-0.0037508860717545955,4591.116000000001,470.427,-0.0015184800107324924,397.271,0.009854321895606352,0.18414633839369096,0.06686691027513293,26.348916363958267,1,1
130747,2020.0,1128.661,0.052930192056504274,5.772365573497586,11.205111522555416,1.8757211865724168,0.5201436243558211,420.037,0.3272051910904572,5.61,797.512,16.218,251.129,173.373,0.1673987075270665,2424.07,875.339,0.0648075152540054,779.873,0.05802864571070974,0.12241223891582348,0.2893987358040713,-0.18327076961598293,1,1
136512,2020.0,510.588,0.09736905160365811,1.4370694444444443,23.687094685364702,9.17290137618971,0.5621863291845687,213.379,0.48174909753715617,1.44,266.467,44.375,131.121,103.469,0.38725312234502424,841.3900000000001,487.374,0.10227483898006871,453.869,0.09303434085487634,0.0738208602041558,0.04763077226113826,-0.04796670838432358,1,1
131149,2020.0,234.608,-0.06419067638922912,0.7854901587905296,15.709935843118267,1.1057472028246105,0.17809928933492952,451.738,0.2333191690053373,0.65,-18.317,-2.723,69.833,82.61,0.07038521441887255,2281.083,549.626,0.035068385686868736,567.499,0.0409130732750843,-0.031494328624367705,-0.5731497418244406,-2.830442865616855,0,0
130212,2020.0,78.893,0.07102517029808203,-0.5494680607893208,-9.354501866070791,14.331293770599267,0.46034260817902767,49.05,0.6141906274284555,-0.55,-1066.235,10.283,49.099,-84.134,-1.5320210499481035,90.51800000000003,90.891,-0.5685305943169915,78.626,-0.6023315225370723,0.1559916567038893,-0.1320042688495011,-1.1249276134091055,0,0
130583,2020.0,8260.3,-0.09787914863596565,-0.8984556183539193,-45.44464875717017,1.9320070964070881,0.1628859083622609,7258.7,0.46085856572646444,-1.44,-247.1,99.0,331.1,-209.2,-0.04251341245325963,,8671.1,-0.011118729105877726,10484.0,9.446104072451618e-05,-0.1729206409767264,-0.04737576547381544,7.803087808320064,0,0
131018,2020.0,345.009,0.0099538247313305,0.7674468935206765,59.80869867025315,2.0983983006536944,0.37898197514131676,228.185,0.13168213256267264,0.84,-138.698,52.179,109.451,46.099,0.035085169002303795,2618.306,367.437,0.016520967210723592,331.105,0.009096781530763107,0.10972954198819103,-0.06103903526318796,-0.39750351148511615,0,0
132182,2020.0,1810.022,-0.05104285420877325,4.897450880140238,8.230812515846148,1.2202635658983292,0.32262064630119647,2594.726,0.5438466470511735,4.9,1954.4,-25.776,1084.278,335.255,0.14825554142425793,5920.133,3830.536,0.047598379876116856,3323.034,0.030152027206886048,0.15272248192465077,-0.5274755282289476,-2.0723653691915827,0,0
131290,2020.0,740.916,-0.018730713319644387,-0.06641764146924867,-881.5428959052787,22.550036597216085,0.8130378146231807,107.788,0.5967523064358695,-0.07,-524.241,32.311,417.486,-4.054,-0.025580192072285814,544.812,576.523,-0.004196248632389367,537.891,-0.04192745888031558,0.07182124259375983,0.28514560563932406,3.463680530049769,1,1
131047,2020.0,212.061,-0.06286942885323607,-1.0211163109234105,-3.9172814665772417,2.19895419368333,0.4372596091793799,87.2,1.6379607412027102,-1.03,-478.819,-12.809,18.242,-26.838,-0.5613469985358711,68.53599999999999,154.956,-0.2836907920467639,155.042,-0.24379218267067557,-0.0005546884070123755,0.3685239680941688,-0.7783874887173898,1,1
130288,2020.0,699.489,-0.0028613840285013716,1.7366270605363265,73.01510087078803,1.7152721311329604,0.3292934698613421,872.28,0.1545727561237144,1.71,-75.757,-104.08,620.135,73.956,0.023492018920420455,7756.151,1300.539,0.0087898807739602,1064.537,0.0077506196131786635,0.22169450192900758,-0.4621545374648511,-1.3255316086855409,0,0
131096,2020.0,429.647,0.1141792982888366,-0.26286150615634246,-172.33409586056644,5.348540614857555,0.7794934279593184,92.839,0.5066101929451968,-0.27,-399.076,-54.298,291.95,-11.016,-0.031035881716552468,526.316,421.026,-0.013255280874540499,337.277,-0.0006832493657095857,0.248309253225094,0.0204761701177599,-9.613872415796296,1,1
130440,2020.0,7858.938,0.1107276691527258,3.478972029988466,19.729966038337928,11.11890475456469,0.2393202105993416,5677.593,1.5569240582849357,3.43,1284.811,457.911,741.901,482.603,0.5635541760669628,3619.112000000001,7463.841,0.10066884078860801,6704.037,0.10922399963881592,0.11333529334638219,0.05293480930260971,0.09991997807186516,1,1
131129,2020.0,5.416,-0.6090806244814843,-0.6690711673557614,-3.1536256574004504,-4.0537696170747015,-23.287461773700304,55.594,0.025055825561539475,-0.67,-398.106,-73.291,66.137,-53.24,1.2854314549229804,23.498999999999995,2.289,-0.5827750777179387,2.151,-0.3911708826628392,0.06415620641562081,1.3660987330712102,0.045138420926567786,1,1
131514,2020.0,194.601,-0.12149030554408864,-0.19697209307229233,-8.478358400685115,1.7911187625089047,0.34583015245101434,141.389,1.3385956002576425,-0.2,-285.656,1.604,27.089,-18.683,-0.21125773149247487,129.983,216.135,-0.11571000346826538,238.34,-0.18220090789281007,-0.0931652261475204,-0.09963217433548473,0.049955076506488665,0,0
134618,2020.0,520.397,0.08440252057373768,2.152094873698437,11.021818921596378,2.0927513654043812,0.9745362885259259,10.001,0.3384996061302339,2.16,206.965,-10.867,347.073,113.056,0.1898735027576802,803.0679999999999,392.755,0.09743838135901445,408.897,0.11351171136344344,-0.039476934289075234,0.324991406856692,-0.13378568694861398,1,1
131907,2020.0,1946.62,0.020474337378185953,5.179717688575209,9.174245172630515,0.957845761423071,0.9246698652855255,144.398,0.08829772508418683,5.14,2844.709,15.063,338.061,587.121,0.10440594767192488,21371.093999999997,1916.869,0.027044857342443777,1631.2,0.027639882418430056,0.17512812653261395,0.015520622431684157,-0.24294895998383217,1,1
132039,2020.0,237.416,-0.02965068979095509,-0.23281476121562952,-47.03310023310023,5.24975120063311,0.5553925471018613,117.283,0.4393080718840503,-0.23,-142.399,-109.011,80.615,-10.296,-0.1116182257732294,495.554,263.79,-0.017146654187490735,250.821,-0.0020235528279980096,0.05170619684954618,-0.09998104552864029,0.7292405542643193,0,0
131300,2020.0,9361.0,0.08532548731151159,13.455882352941178,18.64463387978142,6.4457833753148615,0.19755028654905046,7141.0,1.2656805575309344,13.26,1600.0,-165.0,75.0,549.0,0.34571788413098237,6459.0,8899.0,0.07808277627648984,8176.0,0.13097289675701082,0.08842954990215264,0.0519159456118665,0.09275683294578854,1,1
132030,2020.0,276.181,0.0018854854841894354,0.3626697451165051,41.55295610655052,1.4318803310250865,0.44818846059569317,211.612,0.6176242742448523,0.36,118.665,12.165,45.658,11.938,0.034459168858009634,550.1769999999999,383.486,0.019226773822082283,412.642,0.03470161430519,-0.07065688902244562,-0.2798146477315991,-0.9019343805863093,0,0
132067,2020.0,468.87,-0.07200082176582807,0.7526670277653487,23.542947075296066,1.0615008686611191,0.17267433619431002,1301.581,0.2688653997333972,0.59,-294.283,542.318,927.16,127.842,0.04508785010076186,4740.831999999999,1573.239,0.021848104727073863,1766.751,0.0314138139650367,-0.10952986583847976,-0.7019715377002478,-4.295517971250187,0,0
136534,2020.0,431.779,-0.12169814188043913,1.1434048099777647,27.73296012338504,11.766374921760901,0.4574552081038788,758.61,0.6077952878438682,1.11,-61.038,5.918,40.925,89.476,0.42427403599946895,2128.0899999999997,1398.244,0.03889384912441459,1372.29,0.021170333550450414,0.018912911993820513,-0.691199104019041,-4.128981692995932,0,0
132086,2020.0,5227.023,-0.10758034556955788,-3.083022706799615,-0.8433282032810504,,0.1292149261603376,6604.034,1.1669961666391742,-2.88,,4.132,22.704,-397.007,,5943.2660000000005,7584.0,-0.061089879631977664,24016.907,0.0609991405326529,-0.68422245212508,-0.31078283227848097,0.7610174748690233,0,0
132448,2020.0,1333.0,0.00229329366555101,-1.8074147916073295,-3.446912147078135,1.0678696501220504,0.19965006561269763,1280.8,0.9124757669061466,-1.98,-44.5,-48.6,97.1,-152.3,-0.30980471928397074,1514.3,1600.3,-0.08684000456152356,1450.9,0.012809856744731824,0.10297056999103994,-0.16703118165343997,-1.0264082628407312,0,0
132500,2020.0,1111.631,-0.08508762476586355,0.7973436161096831,47.796206340677045,3.442155489338648,0.27160118454562476,1159.49,1.5703531394060646,0.82,123.389,97.823,140.233,24.193,0.0720173367903719,779.3489999999999,1591.834,0.02386652973969077,1444.609,0.02785643871228485,0.10191338971306432,-0.3016665054270734,-4.565144396521133,0,0
132318,2020.0,69779.0,-0.11538551868291881,4.063174114021572,14.82830868411073,1.1605107734314715,0.10451879402012118,110994.0,1.257650472827631,4.0,15670.0,-196.0,1529.0,2637.0,0.07826319225974951,85404.0,123949.0,0.026756361865335445,96504.0,0.029911771035076393,0.2843923567935008,-0.4370345868058637,-5.312451717600965,0,0
132452,2020.0,3339.817,-0.021654137547819027,-1.460596175370457,-31.45290996558172,2.7957249024209845,0.486983367950775,1407.121,0.4473008932035415,-1.48,-976.8,567.466,2511.898,-305.361,-0.08888604919164202,3611.732,2742.837,-0.04979816447332694,1333.554,-0.027931661600385543,1.0567873516932946,0.21765055670460914,-0.5651619336407974,1,1
139874,2020.0,1850.69,-0.18822250846708752,-5.637134509114776,-0.41510451741330906,0.4172593983897913,0.4027011366282795,1402.929,0.6532908484615692,-5.71,-72.953,-24.043,35.176,-532.495,-1.0051911768869928,3407.843,2348.789,-0.14810785913572622,2427.515,0.03384054292465819,-0.0324306955878747,-0.21206630310342908,0.27084754020109214,0,0
132286,2020.0,2814.956,0.04574219198229318,6.8479536373780645,5.768146528387378,3.2964278043380633,0.5075728983985667,1506.985,0.5468094868999261,6.77,1441.717,261.284,816.17,380.486,0.5714882221030639,4686.21,3060.321,0.06798416062648503,2971.929,0.08452811873231408,0.029742298688831336,-0.08017622987915313,-0.32716398112778794,0,0
134480,2020.0,774.425,0.11165300949419299,1.3089863454337214,19.962011132623424,11.817400298296917,0.37363394214305506,391.061,0.8753685733634502,1.38,-186.104,189.872,296.109,161.148,0.5919944748945675,359.63999999999993,624.333,0.2259433585288192,316.159,-0.034203396511706584,0.9747437207228008,0.240403758891489,-0.5058362847166779,1,1
132796,2020.0,1284.5,0.5156912120262905,4.644883623853872,28.31072006296987,92.02231634719018,0.46926445233112946,616.573,1.3263836321807583,4.52,99.208,-428.534,308.013,322.694,3.250440686160944,529.1300000000001,1161.733,0.36842892454887455,1016.861,0.19195620476502012,0.14246981642525375,0.1056757447709586,0.3997033828376324,1,1
138077,2020.0,3035.5,0.0027766062139744133,2.358974358974359,15.773804347826086,2.1695171176558534,0.12151067323481121,3317.0,1.3686385384949977,2.28,618.6,5.1,457.4,92.0,0.13753924353416055,1996.8000000000002,3775.8,0.03334783239089459,4622.8,0.10726859322282528,-0.1832222895215021,-0.1960644101912178,-0.9167380301835586,0,0
133811,2020.0,1974.8,-0.06918553129783292,0.04412962795329048,138.68233846153848,2.9432867983173283,0.6635713145372596,444.644,0.3610484470637986,0.04,-1923.265,-126.667,1391.502,41.925,0.021223227347969807,2241.313,1321.659,0.011452996683070107,907.208,0.007200343969333439,0.45684231179619245,0.4941826900887444,-7.040823481604899,1,1
134069,2020.0,2137.148,0.08403802386481986,9.311160725742294,2.894375985315356,0.9551152238447602,0.210218511543431,2073.347,1.4704217494730722,9.51,766.404,-73.139,53.436,362.828,0.3299900319414431,1332.014,2625.216,0.2032252517574995,2382.987,0.26403852963067337,0.10164931659299854,-0.18591536848777387,-0.5864784364243325,0,0
134194,2020.0,2659.478,0.1202205390595488,4.730321809088933,44.851071145382036,7.335603018522754,0.3511974463313683,1488.222,1.0220968822854208,4.77,989.216,165.977,936.552,261.057,0.16355468958020733,1299.8249999999998,2293.798,0.11632477916485459,1842.912,0.1490604925418879,0.24465953881682886,0.15942118704436936,0.03349037000253544,1,1
133794,2020.0,218.09,0.08752701190045419,3.2487405541561714,7.184322543128513,0.5143974634083848,0.7460475065449205,79.543,0.2596496114623176,3.25,230.233,-1.907,11.008,67.067,0.07159999572964373,1149.172,313.22,0.055596451350307295,276.657,0.15843675285012065,0.13216003932667544,-0.30371623778813617,0.5743273136077668,0,0
134374,2020.0,198.42,-0.023735254571420845,-0.5678910963014434,-36.55630478309233,4.012100473065772,0.636085118642002,65.687,0.487241365348018,-0.57,-150.147,-8.572,229.868,-17.98,-0.1097512589653594,134.551,180.501,-0.04853490977311685,179.63,-0.027475305170719513,0.004848855981740296,0.09927368823441411,-0.5109653096631975,1,1
134343,2020.0,530.037,-0.040192668008806484,-5.801584182362367,-3.705022511842167,4.530099873843566,0.5599470090532872,219.898,0.4519896451978791,-5.84,-787.416,-19.157,176.745,-383.798,-1.2226915921196828,904.0070000000002,499.708,-0.3471481782313983,570.398,-0.09441987999959528,-0.12393100957576988,0.06069344497186358,-0.8842204265234102,1,1
134596,2020.0,554.803,-0.017953627561130423,-3.29465505797837,-3.0018317019410805,1.6008529664551683,0.27599202956987207,478.528,1.1623203391946766,-3.18,1.884,8.155,13.413,-84.386,-0.5332920447938523,540.452,660.943,-0.14839942951704152,688.597,0.018599862895578502,-0.04015991937228887,-0.16058873458074296,-0.8790182171214567,0,0
134260,2020.0,197.353,-0.031118343923812786,-0.5629433535519687,-15.436721910240607,4.561479163012829,0.6295139735978965,68.338,1.0670341939178676,-0.58,-201.41,-6.547,22.759,-21.903,-0.29549532533761447,140.19099999999997,184.455,-0.1267043449588412,164.833,-0.1051921173400522,0.11904169674761737,0.06992491393564823,-0.7544019194138819,1,1
133773,2020.0,677.192,-0.6059662694699192,-1.4431965679416079,-1.9886410928023501,0.8089429534585936,-0.0807697774104513,904.908,0.3697523931997225,-1.48,-1545.854,-4.294,40.857,-342.459,-0.4067817749449443,2183.0589999999997,837.281,-0.15123361789265943,1105.775,0.13411326258467426,-0.2428106983789651,-0.19120104242183922,3.006822543252346,0,0
132757,2020.0,6090.3,0.07516273254786851,3.094837160975959,21.11258092150961,3.757736627379874,0.3760364986295667,3596.9,0.9162812137396087,3.09,1690.4,124.2,388.8,431.9,0.17798565894667437,5442.5,5764.6,0.06865035843148475,5485.1,0.06531871374442544,0.05095622686915462,0.05650001734725736,0.09486292956333685,1,1
134804,2020.0,2147.593,0.01363907706590062,-2.0837808219178084,-11.13360856188698,3.37714960278212,0.8022001148724783,45.114,0.1756419685109103,,16.85,,39.581,-38.029,-0.3033292920269279,1099.9690000000003,228.079,-0.029285854552595407,124.357,-0.013474915781776365,0.834066437755816,8.41600498073036,-1.4657223521139109,1,1
134655,2020.0,2934.6,0.022256596440989977,3.232321517977614,9.924755263848779,6.11112072421597,0.4436847678112237,1838.9,0.23937633972539252,3.05,,189.7,950.4,380.9,0.6157452311671515,12503.5,3305.5,0.02758385956781183,2427.2,0.009021077573523717,0.36185728411338175,-0.11220692784752688,-0.1931297218841103,0,0
132995,2020.0,4876.0,0.029028571428571428,2.226046408349062,35.394590024937656,4.799875076090633,0.43970280053343497,2941.0,0.6808041504539559,2.23,1491.0,428.0,724.0,401.0,0.13561041596212378,6389.0,5249.0,0.052010376134889756,5207.0,0.0760177236222653,0.00806606491261763,-0.07106115450562012,-0.44186961168507305,0,0
138860,2020.0,684.193,0.17923650724001755,1.1102956785443518,21.669903310390033,2.106614747764947,0.48679258774367806,602.894,0.7461844619246522,3.8,369.615,30.681,80.964,36.612,0.09721385082299337,1469.5590000000002,1174.757,0.02325528217323699,1114.074,0.05277728629671319,0.05446945175993694,-0.41758763727307013,6.707346051740853,0,0
121538,2020.0,29.448,-0.10512457945292311,-0.18159652284533023,-8.260070052539405,0.2884827108138966,0.7538284563951398,10.272,0.29140797955178743,-0.18,-3.659,-4.569,4.641,-3.426,-0.034924971456532374,134.15900000000002,41.727,-0.02392608473996271,35.466,0.007880688691066864,0.17653527321942128,-0.2942698971888705,3.393722608419005,0,0
134113,2020.0,742.307,-0.011500931136493954,0.2523952715452697,404.444977812078,5.326481993087287,0.6047373643876284,284.397,0.33203797203736285,0.25,182.289,-183.039,1124.237,20.732,0.013169855691871622,1008.471,719.514,0.009567306871414046,652.849,-0.013496797519774829,0.10211396509759525,0.03167832731538234,-2.202107478213889,1,1
135144,2020.0,358.26,0.013302051817205835,2.577701510729063,13.663335282772351,1.4317711625723675,0.8511954707655992,48.414,0.05518655546795597,2.57,166.144,0.634,110.19,80.365,0.10478928701820268,1048.19,325.353,0.013631555664715803,292.166,0.010825192111003183,0.11358953471656529,0.10114245142967786,-0.024172138207443412,1,1
133087,2020.0,2886.0,-0.03090582153292875,3.318743687172334,38.79781391304348,1.7734674792977807,0.41836969001148105,2533.0,0.4726503147384415,3.13,533.0,87.0,701.0,138.0,0.04571050016561776,8227.0,4355.0,0.014977208595615368,2968.0,0.006098913284542027,0.4673180592991914,-0.3373134328358209,-3.0635234753942426,0,0
132994,2020.0,2089.929,-0.10341507366415349,1.2417688905102833,26.752159966214663,1.1630668229702388,0.3037877856591649,2163.453,0.4517223223477579,1.24,-53.138,73.682,124.192,108.923,0.04347562306890649,6627.905,3107.462,0.015833806018250532,3012.442,-0.028473047567081366,0.031542516005287395,-0.3274482519818424,-7.531283353159316,0,0
134154,2020.0,88.516,-0.4387848317773358,-1.8623655108714647,-0.7195150426582847,14.964889880122666,-7.466945462878095,147.799,0.12034802752230327,-2.0,-524.771,-51.346,76.013,-149.209,-20.79857819905213,59.377999999999986,17.456,-1.0287012396067454,26.718,-0.2612719848793086,-0.34665768395838015,4.070806599450046,-0.5734574676462181,1,1
134556,2020.0,202.144,-1.2060276692682952,-0.9369127159475071,-7.055086228939967,0.5718882238195147,0.407395445885875,163.307,0.31403162708438026,-1.2,9.599,-49.704,0.325,-35.197,-0.08106041588458962,839.737,275.575,-0.04010875869904358,340.144,0.06525596796531727,-0.18982842560797786,-0.2664646647917989,29.06893527465495,0,0
133297,2020.0,164.522,-0.6097094561343828,-7.286265375937113,-1.430774129422812,-3.287766345110957,0.8117701355187894,26.918,0.21356801930693364,-7.43,-2288.38,-60.043,296.659,-400.424,2.297893341443959,340.7080000000001,143.006,-0.5980012066833531,95.388,-0.4261533651396545,0.499203254078081,0.15045522565486757,0.019578972952188845,1,1
136112,2020.0,15115.9,-0.13261204975332866,2.6659989149033843,11.766696462116471,1.2364399427556259,0.04407912453790973,23427.9,2.6836538040383693,2.66,392.9,217.6,814.9,319.4,0.10507961573891302,7716.1,24508.2,0.03497437694362927,27186.093,0.01602852569167245,-0.09850231145755295,-0.38323091863131525,-4.791691556566371,0,0
134299,2020.0,872.933,-0.01681808775640787,0.5742923368687223,60.64855434064725,3.2839776235743208,0.9384634497936293,62.41,0.9472251797889231,0.55,-504.812,-162.517,412.281,40.881,0.05414766533640798,652.4170000000001,1014.194,0.03818156346315495,942.773,0.04708382281511071,0.07575630613095616,-0.1392840028633575,-1.440476665462829,0,0
133291,2020.0,45.599,-0.14148780235620406,-0.5398030448349926,-4.7609957457457455,7.257549019607843,-2.940921128067925,144.352,0.16177314925228112,-0.73,-435.734,71.85,136.858,-39.96,-1.5243762874799727,79.512,36.629,-0.17648461721917483,26.882,-0.5968168632485301,0.362584629119857,0.2448879303284283,-0.19829951989248162,1,1
134216,2020.0,81.362,-0.18280283983998227,-0.23012168056937324,-6.605201197206518,1.3646372297544889,0.5045344495055193,60.37,1.5253887177946368,-0.23,-101.266,-4.955,10.966,-9.021,-0.20660040307805058,56.329,121.845,-0.1129347254563209,143.879,-0.08260170779440867,-0.1531425711882901,-0.3322499897410645,0.6186592662385659,0,0
133678,2020.0,604.0,-0.1467750126968004,0.9171507184347294,33.12432666666667,3.5948881653746767,0.9397435897435897,94.0,0.7862903225806451,0.91,618.0,-336.0,319.0,126.0,0.10852713178294573,1654.0,1560.0,0.06350806451612903,1615.0,0.05214582371942778,-0.034055727554179564,-0.6128205128205129,-3.3111240094480316,0,0
136218,2020.0,3260.447,0.07016618680351469,1.5217554168196843,10.238176140394907,0.9701293830864429,0.2060116476890316,2447.878,0.7989797055477377,1.47,1603.974,51.315,329.011,207.187,0.09475607469369274,3463.559,3083.015,0.05369361104416266,3262.747,0.06948941649033277,-0.05508609769620506,0.057551455312413416,0.306788376475619,1,1
64308,2020.0,2298.6,0.024152567704908232,2.3311344927220192,10.488455332086062,0.9178069170162693,0.2707535121328225,1598.8,0.2876523610218193,2.21,917.0,-120.1,1974.8,427.6,0.08750639517036735,5458.9,2192.4,0.056102969153863314,2306.4,0.07578234638811325,-0.04942767950052029,0.048440065681444905,-0.5694957313458863,1,1
108867,2020.0,492.853,-0.2519124254012476,-7.898491817306663,-14.58126471026367,8.980860364831388,-4.1994584755403865,1142.581,0.09174852012455254,-8.11,-3763.606,126.997,1536.166,-886.116,-0.6159177919943949,809.0840000000001,219.75,-0.3699651042488646,74.908,-0.48355094799219206,1.933598547551663,1.2427895335608647,-0.31909138859811614,1,1
108774,2020.0,1050.582,-0.013795718065769999,1.2510116022629205,61.82196860532852,4.406537865204266,0.8049252185228625,227.861,0.6195704639604517,1.26,73.057,94.293,213.034,65.234,0.07127786391493945,1660.429,1168.07,0.03460157323276525,1101.714,0.007306809285778275,0.06022978740399051,-0.10058301300435747,-1.398702046666087,0,0
108858,2020.0,291.01,-0.056191422739465445,-4.380025735969958,-2.3310365316241675,0.854716469688176,0.5813663843850438,110.585,0.44454859697011506,-4.39,-101.659,-173.206,54.435,-166.787,-0.36666798571905945,520.683,264.157,-0.28068507305448875,270.634,0.07333478392899415,-0.02393269138393562,0.10165545489992697,-0.7998061595225723,1,1
108747,2020.0,311.678,0.05348933678616727,0.5980605796469819,28.558979777737292,7.017805931729155,0.16272773178477937,252.029,0.6088738305941845,0.46,34.978,-42.399,113.975,10.978,0.24573027420257415,371.88800000000003,301.012,0.02220581542351454,351.985,0.08075355157504632,-0.14481583022003783,0.03543380330352277,1.4087985856860485,1,1
122813,2020.0,1093.999,0.010452948354987454,1.0805354105112364,41.3221071384182,5.243469003658998,0.34417094941844734,884.979,0.7649870348386979,1.06,47.876,-77.941,117.469,48.274,0.12689258527148084,1600.011,1349.405,0.02736686474394515,1345.243,0.0020566829888370676,0.0030938648259088023,-0.18927304997387734,-0.6180436285709292,0,0
108831,2020.0,1398.6,0.07038548752834467,-0.23569530113835818,-99.57771702127658,2.1434177696359056,0.2103976739823673,841.874,1.0460119689983323,-0.24,139.0,18.4,162.5,-9.4,-0.021525074421799864,723.6999999999999,1066.2,-0.00922201510840773,1096.523,0.03790457980873702,-0.02765377470422405,0.3117613956105795,-8.632332706132098,1,1
109046,2020.0,497.848,0.07865185127089615,2.132814871016692,10.38533644012024,6.128254041558319,0.6957432471747091,162.101,0.2422559329802404,2.13,,10.242,13.287,224.884,0.5900871942755632,2151.3900000000003,532.777,0.1022556965340628,506.22,0.08506235315380445,0.05246138042748215,-0.06556026254887135,-0.23083159240232531,0,0
108606,2020.0,216.749,0.04396206861181164,-1.778513308509171,-3.7953047456575684,0.43004178402151677,0.7896690693206604,58.244,0.09645085539895049,-1.73,-1075.626,2.487,37.301,-116.064,-0.11330889423663618,2823.468,276.916,-0.04042551561131819,255.076,0.028803781892603762,0.08562154024682841,-0.21727527481257855,-2.087483188451981,0,0
109429,2020.0,264.96,-0.006219190129033914,-0.006359944261162656,-3070.781629213483,1.2721094257888441,0.19193438140806565,254.173,0.11874609977700068,-0.01,-786.238,7.307,52.813,-0.534,-0.0004142624189511869,2526.257,314.545,-0.00020159410348572816,353.906,-0.014680582961040828,-0.11121879821195456,-0.15764040121445272,29.850059706603478,0,0
133634,2020.0,324.8,0.05773672055427252,0.11301082716634464,163.78961612903228,20.72440040816327,0.2780157835400226,320.2,1.1363054060978734,0.11,-64.8,-3.8,10.3,3.1,0.12653061224489795,343.6,443.5,0.007942608250064053,487.9,0.06403688524590165,-0.09100225456036069,-0.26764374295377674,6.269239365268569,0,0
130158,2020.0,27753.0,0.04010959523204248,10.16561861837548,9.294072849557521,3.9168208552958728,0.19469001065453392,27966.0,1.1410218498439297,9.61,2651.0,487.0,1084.0,3390.0,0.42143212332173047,26423.0,34727.0,0.11138491867915229,39004.0,0.16578258717023836,-0.1096554199569275,-0.2008235666772252,-0.6399010233371053,0,0
91376,2020.0,640.222,-0.06447499640289554,-0.38981467061205416,-20.471266480223736,1.3661155768846234,0.20187411652049664,525.095,0.9997371152271066,-0.39,-52.167,8.057,32.626,-15.018,-0.06673332000266614,600.008,657.91,-0.022820829591404124,420.317,-0.04020911651415142,0.5652709740505379,-0.026885136264838638,1.8252696136507331,0,0
137246,2020.0,2719.9,0.10239786277448361,4.333290194555886,28.74028611249378,15.246695220491155,0.46622284512964257,1523.4,0.9618495551361553,4.29,756.5,68.1,358.7,401.8,0.5304990757855823,2387.5,2854.0,0.1354138581827986,2731.7,0.15475766849334568,0.04477065563568481,-0.046986685353889245,-0.24381548425971195,0,0
137883,2020.0,318.219,0.05852562096338236,2.200381679389313,3.958404163052906,0.4531098447165555,0.747716765591911,84.583,0.2005251321801957,2.08,196.836,20.916,66.683,111.841,0.11446780724055627,1591.724,335.27,0.06689215052991698,160.513,-0.031344247771276694,1.088740475849308,-0.050857517821457296,-0.1250749078965963,0,0
145357,2020.0,1998.6,-0.010810563202858387,1.3139185689084505,19.468481993713514,1.672374518804243,0.43675136116152447,1241.4,0.47496929077861344,1.3,88.1,-52.6,106.4,222.7,0.08590163934426229,4346.8,2204.0,0.04799258668620563,2213.6,0.05069519186416852,-0.004336826888326667,-0.0931941923774955,-1.2252548559956165,0,0
146084,2020.0,1935.6,0.04027657082404504,2.3457556935817805,18.991747572815534,1.201834785522788,0.24192526915769474,1316.7,0.7543539630836048,2.34,103.2,141.0,240.4,113.3,0.06328194816800714,1972.1,1736.9,0.04920738327904452,1460.4,0.034849461375563946,0.18933168994795946,0.114399216995797,-0.18149334225627803,1,1
