companyid,fyear,revt,roa,eps,pe_ratio,pb_ratio,gross_margin,cogs,asset_turnover,epspx,re,chech,che,ni,roe,invested_capital_2,revt-1,roa-1,revt-2,roa-2,revenue_growth,growth_revt,growth_roa,label_revt,label_roa
2,2021.0,1817.1,0.050003176821907365,1.0120141342756184,41.254364525139664,1.5157083846469623,0.17367082475475365,1364.6,1.0725465999870105,1.31,723.4,-364.5,60.2,35.8,0.03674055829228243,1352.3,1651.4,0.02325128271741248,2089.3,0.0021164021164021165,-0.20959172928732114,0.10033910621291015,1.1505556243768373,0,0
288,2021.0,29882.0,-0.02998480448944589,-14.296517989315827,-1.103065796285875,-1.4272228920926169,-0.2856895656688008,22290.0,0.2795929557476455,-18.36,-13767.0,109.0,7473.0,-8885.0,1.2938692296490462,53339.0,17337.0,-0.14328796284350406,45768.0,0.028102341861821818,-0.6211982170949135,0.7235969314183538,-0.7907374499964479,1,1
42430,2021.0,3803.835,0.028119518132389883,4.885693241516399,16.36410557269975,1.5992546023317997,0.39100558631183535,2184.452,0.1791661623898918,4.89,2962.31,49.685,59.968,550.559,0.09772942341559061,19641.868,3586.982,0.0274998712564536,3471.209,0.02913105712586666,0.033352356484441056,0.06045555846112416,0.02253271915921665,0,0
21314,2021.0,2677.92,0.15018057531288517,-0.9075941703704798,-59.35472236232001,3.69952826993437,0.951287030683069,121.032,1.8859780295186592,3.47,1236.378,-21.11,36.645,-61.465,-0.06232913107319883,1272.129,2484.595,-0.04665615103643226,3947.656,0.00954333191824853,-0.37061511945316417,0.07780946190425413,-4.218880511502419,0,0
44,2021.0,43075.0,0.0940342571413373,2.537784477453521,43.14393163515017,5.915445726573939,0.610032362459547,13496.0,0.47703589347742187,2.51,18681.0,2978.0,7148.0,4495.0,0.13710956564177648,61454.0,34608.0,0.061958978882946464,31904.0,0.054310840072473374,0.08475426278836509,0.2446544151641239,0.5176857145917104,1,1
72,2021.0,2025.204,0.03172646069019997,0.23444863336475025,102.79437185929649,0.6860220534971695,0.022700998217957003,999.212,3.4519475871662157,0.23,135.329,-70.19,52.065,0.995,0.006673731655622031,158.13100000000003,1022.422,0.003359364185463913,1811.247,0.024806403056443865,-0.4355148690377403,0.9807907106850203,8.44418614316408,1,1
105,2021.0,16434.0,0.254609871970368,2.056151940545004,44.60273493975904,19.02703614870653,0.46747925842466453,5199.0,1.0893773711225172,2.1,-4588.0,125.0,2290.0,2490.0,0.4265890011992462,6126.0,9763.0,0.2778397679089489,6731.0,0.05656934306569343,0.45045312732134896,0.683294069445867,-0.08360896682793649,1,1
132,2021.0,10323.0,0.07815199261333174,8.536447422596453,34.892735262627866,5.449769335585026,0.47234172284136705,4673.1,0.3518803265987246,8.59,12735.6,3004.3,6357.9,1886.7,0.15618636070133612,18264.4,8856.3,0.07496275105786995,8918.9,0.09291129083345652,-0.007018802767157426,0.16561092103926028,0.04254435050015365,1,1
42976,2021.0,6176.0,0.0342627768618737,-10.658680706499863,-4.878652567975831,2.1617590361445784,-0.21761076836791923,4342.0,0.25388010821586215,-10.72,3270.0,1154.0,3346.0,-1324.0,-0.4431057563587684,10592.0,3566.0,-0.09426171151929374,8781.0,0.05918571538520742,-0.5938959116273773,0.7319125070106562,-1.3634856222068565,1,1
185,2021.0,3925.3,0.25111694782161326,4.4699074074074066,12.745230450543762,2.560449438202247,0.2462971510091051,1796.3,0.8216575880852238,4.48,607.3,-8.7,19.7,193.1,0.20089471493965874,2597.8,2383.3,0.06657243328966421,2203.1,0.02906445490967878,0.08179383595842235,0.6470020559728108,2.7720860634457347,1,1
186,2021.0,206.148,0.09549809082843319,8.212061875856667,33.773491261117336,6.969642224496624,0.4248948704394249,120.76,0.14954299363737755,8.19,165.458,135.9,449.877,41.939,0.20636428051252778,918.9189999999999,209.979,0.02986814686305762,226.35,0.0474709425678639,-0.07232604373757447,-0.018244681611018325,2.197322259940736,0,0
192,2021.0,108.564,0.08046544803181778,3.157880688642733,9.063040317809147,0.991257597958778,0.300625898580648,64.697,0.21820930940210456,3.16,219.019,-4.151,3.163,23.662,0.1093736277450876,417.241,92.507,0.05581489702479377,122.251,0.09064228008471734,-0.24330271327023908,0.1735760537040439,0.4416482394668556,1,1
50556,2021.0,12001.005,0.032071103012441635,7.2469197350616055,83.3029786544018,0.9680998581498725,0.05060323570621362,8490.948,0.3091753693174649,7.14,6770.736,-387.656,2100.45,101.754,0.01162143147565249,26618.176,8943.519,0.00351761208642027,9025.716,0.03185109212210309,-0.00910697832725959,0.3418661043824024,8.117293841538702,1,1
247,2021.0,5109.1,0.17440953589346617,4.920289855072464,29.57142857142857,5.786177417030882,0.5910838275173584,1372.2,0.6571171206454266,4.84,4812.6,-284.6,974.8,814.8,0.19566783535853224,3905.0,3355.7,0.1595550942878963,3376.8,0.17637821307546078,-0.006248519308220908,0.5225139315195043,0.09309913714673987,1,1
282,2021.0,7473.0,0.02724835486229588,-10.075574956023193,-5.239403233107017,3.020028736489005,0.06513820441397043,4363.0,0.2479676956591042,-10.15,-625.0,194.0,1739.0,-3093.0,-0.5764070070816251,16882.0,4667.0,-0.1643377078794963,6495.0,-0.01873106234505555,-0.28144726712856044,0.6012427683736876,-1.1658070762571195,1,1
129270,2021.0,2709.732,0.02315647435999614,9.824556047422785,13.632168146176237,2.8674195714873205,0.2494952742700135,1664.275,0.14877548466869303,9.6,1835.492,290.693,728.523,386.164,0.21034215106066012,13584.897,2217.541,0.02590785751496868,2052.504,0.02676627608908509,0.08040763866964462,0.22195350615839787,-0.10619879136601262,1,1
345,2021.0,43663.0,0.04274773532469186,3.8944099378881987,31.0470653907496,4.234795945005221,0.16949063768495481,31713.0,0.19953806037613592,3.77,10942.0,8519.0,52668.0,3135.0,0.136399234249913,43653.0,38185.0,0.016382134850836352,47020.0,0.03408111092622566,-0.18789876648234793,0.14345947361529396,1.6094117594514534,0,0
346,2021.0,21037.0,0.027452996661207804,6.900097334985429,6.44483662201758,0.9175907917399206,0.22346467092229805,17639.0,0.13759495051064294,6.69,46918.0,245.0,7405.0,4778.0,0.14237611371018208,151530.0,22715.0,0.028942490580667047,22369.0,0.021627565982404694,0.015467834950154231,-0.07387189082104337,-0.05146391653157149,0,0
372,2021.0,52046.0,0.01574871836165016,-6.89912925189018,-5.487649037685061,0.49514376610956784,0.16110060427141473,36373.0,0.07392907869138131,-6.88,29015.0,-57.0,31987.0,-5944.0,-0.09022875965815079,,43358.0,-0.010135025687106659,49310.0,0.006376365547818933,-0.12070573920097344,0.2003782462290696,-2.553890325279096,1,1
10915,2021.0,4203.114,0.022328155576694122,17.387771041767397,5.5280231013572045,0.40016574717377873,0.15577158416084386,3201.651,0.1286963081585791,17.39,6410.318,-112.054,2463.028,467.505,0.07238858084285729,25429.499,3792.399,0.015864936032753022,4070.143,0.02169286015460197,-0.06823937144223191,0.10829952228127887,0.4073902050785354,0,0
35248,2021.0,127.553,0.06628464749656442,0.24614307884246722,84.0568018296452,5.555436837675973,0.5958099956915123,45.03,0.6288659211885502,0.25,-15.287,8.844,104.664,8.089,0.06609146097343759,70.76100000000001,111.408,0.0456600642368069,115.466,0.03935946010636745,-0.03514454471446134,0.14491777969266117,0.45169851607724837,0,0
17841,2021.0,556.872,0.02677624755099689,0.49389196720780276,31.42387613174124,1.327737514414974,0.41964316857930173,266.212,0.6742741730401459,0.52,278.86,9.342,15.923,15.242,0.042252505987758364,605.117,458.704,0.022405051940854896,468.186,0.0202970311805139,-0.020252634636661437,0.21401165021451732,0.1950986599665613,1,1
465,2021.0,5546.514,0.08321040844289974,3.7846728469236806,31.955205876857868,4.686055889168323,0.4058381565404098,2697.512,0.4383332321182666,3.8,6590.188,819.792,1212.822,872.439,0.1466445219356884,8784.291,4540.029,0.08423272333635498,5158.557,0.08748964783491064,-0.11990329853871913,0.22169131518763416,-0.012136790227866276,1,1
35964,2021.0,25979.0,0.09634594948091228,12.56095452187446,18.304341409691627,14.131441811031989,0.8930538074260541,2719.0,0.40388892419139605,12.4,-22393.0,229.0,10647.0,7264.0,0.7720267828674673,50880.0,25424.0,0.11539683548325602,23362.0,0.13134138375734838,0.08826299118226179,0.02182976714915041,-0.16509019439365827,0,0
484,2021.0,7318.286,0.026574292137633466,3.303952799166407,35.87520984861083,3.6502131865081897,0.726736623728194,1531.11,0.2609883838273035,3.31,6986.777,407.538,1055.86,1220.761,0.1017475075940088,20185.469999999998,5603.056,0.05686261933298594,5991.065,0.06371401268314651,-0.06476461196798901,0.3061240151802874,-0.5326579667036592,1,1
94459,2021.0,12612.05,0.02275793740680847,0.22977886392084398,106.66777431906617,0.8549914075503359,0.07231097373482592,7614.876,1.921395952970433,0.23,614.005,-25.772,29.123,7.71,0.008015461211301488,3285.315,8208.436,0.0018047241639457309,8170.191,0.004693210854040296,0.00468104111641942,0.5364741833888941,11.61020263454112,1,1
529,2021.0,1313.977,0.003926281419543331,0.6002955588395427,62.30264317180617,1.9517267552182163,0.26395666466792433,905.903,1.2124669613505676,0.59,329.216,32.325,48.15,15.436,0.031326548214593755,890.7450000000001,1230.774,0.015206398587723956,1387.439,0.05484011830032303,-0.1129166759763854,0.06760217554156994,-0.74180070337542,0,0
540,2021.0,23063.0,0.22799612778315587,3.9595185995623634,14.958889195910471,5.117812440915107,0.46924776188815254,9130.0,0.7695611327338612,3.95,26910.0,2337.0,5738.0,3619.0,0.3421251654377009,15491.0,17202.0,0.1619022055205118,14608.0,0.14224137931034483,0.1775739320920044,0.34071619579118706,0.4082336126932531,1,1
543,2021.0,272.69,0.016907406145670094,1.2553859783352799,5.568008660785885,0.850403541088978,0.21079827058947595,164.648,0.658473075721279,0.2,140.324,49.519,57.541,31.175,0.15273028346348683,244.84500000000003,208.626,0.09839568479293508,258.959,-0.049612516110649096,-0.19436667580582254,0.30707581988822097,-0.8281692313921062,1,1
549,2021.0,85249.0,0.04825780247969218,3.1870503597122304,15.817133182844241,1.4013980000000001,0.08294615802967913,59017.0,1.2943743840382953,3.16,17476.0,1656.0,6556.0,1772.0,0.0886,31991.0,64355.0,0.03564029847744323,64656.0,0.03134304611678069,-0.004655407077456075,0.3246678579752933,0.35402352228432016,1,1
73079,2021.0,3980.067,0.10106660936177625,2.800535686150937,15.236370745428976,1.3074041899943643,0.07256740527651022,2726.803,1.652698020469835,2.8,597.122,102.045,369.362,71.1,0.08580811085780353,1238.748,2940.163,0.039966093463323374,2988.31,0.02421561924095525,-0.016111782244813938,0.35368923423633314,1.5288088127633597,1,1
142233,2021.0,2111.0,0.03327283726557774,-8.327868852459016,-8.515984251968504,1.4249407114624506,0.3938091143594153,1410.0,0.33822887887160097,-8.1,2266.0,222.0,484.0,-508.0,-0.1673254281949934,6160.0,2326.0,-0.0738694198051476,2493.0,0.06964556612880982,-0.06698756518251103,-0.09243336199484092,-1.450427759597201,0,0
17719,2021.0,117.48,0.05592623200382759,0.18013468013468015,59.67757009345794,1.0260166302906955,0.4080132376134376,68.69,1.0048496185255429,0.18,49.701,7.19,11.439,1.284,0.01719266767537458,98.30000000000001,116.033,0.01111948247642306,133.446,0.015077487485428238,-0.1304872382836503,0.012470590263114827,4.0295714861199246,0,0
39321,2021.0,774.802,0.0951448231251851,0.5008344459279038,152.74508497167614,1.1912896359766414,0.09324761429651919,338.079,0.777823905537765,0.49,589.986,-34.613,182.352,3.001,0.007799201108157064,280.086,372.846,0.006260626479884008,418.034,0.014839101542051779,-0.1080964706220068,1.0780751302146194,14.197332636101917,1,1
43798,2021.0,4386.4,0.05774503880652508,5.501821493624773,50.42511835788776,63.10059865354739,0.9333579569438581,252.6,0.5206736448803538,5.51,-1613.4,-2.5,1857.2,1208.2,1.2513723459347488,5300.1,3790.4,0.16596609796972445,3274.3,0.034712669719871185,0.1576214763460892,0.15723934149430127,-0.6520672624534504,1,1
689,2021.0,15005.4,0.053277974268286434,5.737380786229356,25.950866004459755,11.127535725461561,0.4575182661859655,7914.7,0.3725166281548812,5.73,18421.5,257.4,1908.5,2466.5,0.4287924620145336,37155.0,14589.8,0.06297634397620355,14175.2,0.05473683205332354,0.029248264574750164,0.028485654361266117,-0.1540002022280267,0,0
702,2021.0,8408.3,0.09284208941743188,6.685427715842263,23.201208148947657,8.685804842076907,0.30501326830667713,4845.1,1.1458932592580418,6.67,2999.7,-1.4,297.7,555.9,0.37436864435315503,4735.3,6971.5,0.0913723105244991,7070.1,0.05531263664188894,-0.01394605451125166,0.20609624901384196,0.016085604976999082,1,1
704,2021.0,19534.679,0.021636399937168236,-0.31460731023453076,-88.63430407644543,0.739277663040824,0.12734788437986275,15388.638,2.175682219691884,-0.29,2033.465,-69.067,477.038,-31.081,-0.00834076231256028,5874.081,17634.333,-0.0038347001312861364,19518.592,0.02058915838719485,-0.09653662518280016,0.10776398517596336,-6.642266460588018,0,0
731,2021.0,505.198,0.11469844654853453,1.6928434197886648,55.563319619804226,7.589183605114336,0.4497819261932961,234.142,0.9085443443357957,1.7,316.163,23.402,72.273,49.343,0.13658621653716585,366.98400000000004,425.544,0.10534822152952732,424.625,0.11182219188277596,0.0021642625846334594,0.1871815840430132,0.08875541402838497,1,1
750,2021.0,13811.0,0.04453687734604849,1.785790601551959,52.17857005128205,9.32044686412214,0.20864103217044394,9323.0,0.6454635108481263,1.79,5238.0,-425.0,1381.0,585.0,0.17862595419847327,13441.0,11781.0,0.03205128205128205,11474.0,0.0326036866359447,0.026756144326302946,0.17231134878193702,0.38955057319671305,1,1
853,2021.0,1258.846,0.03875823689664004,1.2514563298513064,40.50480930966469,1.8565379260666084,0.43651096460217137,633.582,0.4201405262485306,1.25,1397.496,-2.337,84.089,63.375,0.045834999786645764,2479.7090000000003,1124.391,0.023680735483475608,1491.118,0.05782711026956161,-0.2459409651013534,0.11958028835164984,0.6366990342713594,0,0
878,2021.0,486.534,0.04278802826922165,-1.0480740219249722,-14.979857979080704,0.9878194013794848,0.5801229970222592,162.015,0.9585491455698562,-1.05,108.316,26.112,63.514,-10.421,-0.0659431753464532,315.609,385.863,-0.02588753170421489,452.087,-0.0069914347671576615,-0.14648507919935763,0.2608982981006212,-2.652843104476241,1,1
911,2021.0,20248.0,0.03883711432072179,3.013616443174021,77.20956013729977,2.8397574195177375,0.5769118420283929,7242.0,0.3169110568021921,2.75,10243.0,2326.0,2937.0,874.0,0.036779867861801964,49720.0,17117.0,0.016181589276457083,17290.0,0.023819182845552015,-0.010005783689994217,0.18291756733072384,1.4000803417515164,1,1
36979,2021.0,133613.0,0.06018887276456917,4.301701493186536,13.657386523229032,3.583549092007901,0.6009026283790104,51201.0,0.40537030659028506,4.3,60393.0,19581.0,23366.0,17801.0,0.26238908051059817,286448.0,128292.0,0.05624666251686515,131868.0,0.06603776818738066,-0.02711802711802712,0.04147569606834409,0.07008789626445792,0,0
1005,2021.0,2890.702,0.23885862770132085,127.53876826162711,4.5706886458569524,1.760867106480404,0.6133728030985968,971.847,0.19376613109242868,127.86,9550.468,4.464,1000.672,3806.267,0.3852520359435381,11832.495,2513.654,0.2934077762869453,2311.659,0.21959120518915365,0.08738096752159374,0.1499999602172774,-0.18591582430411382,0,0
1022,2021.0,1949.102,0.02592495578136238,3.6246197945696315,16.95350229341675,1.5065102473856917,0.3846686478787418,1044.181,0.2097893305620893,3.65,843.392,-2.919,10.739,227.608,0.08886129964843238,7894.707,1696.941,0.028138709566553004,1734.9,0.02636913856889045,-0.021879647241915993,0.1485973878879702,-0.0786728964935192,0,0
1048,2021.0,62272.0,-0.030327963508285698,-20.389133122681685,-10.498729823970354,-6.805602708014852,-0.004756546644844518,58935.0,0.3855497712572961,-20.88,21477.0,-1736.0,25590.0,-11873.0,0.6482310548154618,113618.0,58656.0,-0.07804201503917547,84818.0,-0.004759588400374181,-0.30844867834657735,0.06164757228587016,-0.6113892818751324,0,0
39391,2021.0,1144.698,0.09410882623628566,2.161108546811293,21.271490535645952,2.7694747599273297,0.5104989461749248,529.297,0.9464605511236222,2.13,637.979,-61.429,217.643,112.369,0.1301965537058322,862.2759999999998,1081.299,0.09835653752496792,1160.645,0.113416653129504,-0.06836371155693602,0.05863225620295599,-0.043186872937693375,0,0
1129,2021.0,240.43,-0.03509790165189107,0.8068532393124724,22.618735490919022,2.3248603430368022,0.3284942162953983,132.938,1.2748980892950292,0.81,53.814,1.949,5.427,7.323,0.10278471773853973,139.35399999999998,197.97,0.04715905797801434,188.785,0.05252073613271125,0.04865322986466087,0.21447694095064912,-1.7442451812386455,1,1
1138,2021.0,46385.0,0.06398082587774667,-4.017379679144385,-15.440412645590682,3.6802739146528474,0.819394138952914,7679.0,0.358859226373849,-3.99,19442.0,2153.0,16539.0,-9015.0,-0.23835333932631803,99229.0,42518.0,-0.07608814915471679,26145.0,0.026465246567752263,0.6262382864792503,0.09094971541464791,-1.840877673967976,0,0
1173,2021.0,3933.0,0.13149223285736703,1.8862446185629032,40.44014188261351,13.749039201807228,0.6272753539439468,1290.0,0.5306654400490647,1.89,2821.0,475.0,1150.0,903.0,0.33998493975903615,5200.0,3461.0,0.13845446182152715,3363.0,0.14342698577870275,0.029140648230746358,0.13637676971973417,-0.050285334777688095,0,0
1174,2021.0,2777.604,0.07430829653684584,-11.565980087446661,-1.3064176045400513,2.864793280298831,0.4180244394375245,1232.083,1.1339117859725236,-11.8,39.421,43.077,96.213,-439.114,-2.1928618156576625,1490.336,2117.07,-0.23519134463458397,2921.562,0.02583329323804225,-0.27536365820749303,0.3120038543836527,-1.3159482618388803,1,1
1181,2021.0,5846.2,0.10936405529953916,4.785874799357945,15.930211966729274,3.931913907284768,0.31385853939045427,2983.0,1.1529995226223944,4.73,2183.0,198.4,587.0,372.7,0.24682119205298012,2726.0,4347.5,0.0988436853551159,4108.4,-0.03675232858265066,0.05819783857462769,0.3447268545140885,0.10643441618578578,1,1
1183,2021.0,1510.644,0.045085503449811784,0.7606257378984652,83.77313154831198,1.9756572457026065,0.19003480481588467,952.741,1.1119373073941732,0.76,596.175,-99.129,25.878,15.462,0.023583423577322574,976.3419999999999,1176.274,0.014616300833758722,1185.424,0.059413372113478836,-0.007718757170430236,0.28426200018023023,2.084604234860813,1,1
1232,2021.0,7951.781,0.04617509523768735,4.353045870075237,15.662596268212907,2.5258915582125576,0.16612880133207303,5270.879,1.20909670497369,4.43,1742.113,351.691,423.118,322.848,0.16126902047132705,4233.4619999999995,6320.975,0.061755417954879724,7183.188,0.07851381407186622,-0.12003208046343765,0.2579991219708984,-0.2522907824634238,1,1
1236,2021.0,2054.4,-0.18536887786732795,11.915873015873016,1.6515785267084053,-3.4748878923766813,0.2959561546437564,1425.9,0.7479227445622069,-5.05,-4900.0,354.9,898.5,750.7,-2.103979820627803,1586.2000000000003,2025.3,0.2772258946046752,2931.2,-0.006869009584664536,-0.3090543122270742,0.014368241741964221,-1.6686564331649625,0,0
45686,2021.0,528.657,-0.025367089139079993,-1.3230151401896555,-39.21345903310143,3.2754475826861347,0.7375707069111068,116.263,0.3438785830549995,-1.36,1462.348,-150.939,589.187,-90.268,-0.08352865733984896,659.179,443.026,-0.0700663887338637,380.572,-0.09563872188796434,0.1641056094510369,0.1932866242613301,-0.6379563782652915,1,1
16714,2021.0,174274.0,0.034637708294326906,23.840731063136502,8.732114776542918,1.4677018894696054,0.15505317820941728,135374.0,1.0306527458813388,23.17,27714.0,4834.0,11500.0,8458.0,0.1680809204904513,125126.0,160216.0,0.05440942805128304,153699.0,0.032765416565023686,0.04240105661064809,0.087744045538523,-0.3633877521800175,0,0
1274,2021.0,11546.0,0.01803748555650595,2.542447824548992,15.323814956521739,0.8320950908947824,0.08253017685037896,9805.0,0.16691656514540967,2.54,9884.0,177.0,3811.0,690.0,0.05430077909813489,,10687.0,0.010776871895792335,10587.0,0.016498383158450473,0.009445546424860679,0.08037802938149154,0.6737218119432609,0,0
12100,2021.0,12522.0,0.09328662011793443,3.6260915978277546,25.026946383363473,5.2820018891687655,0.5334026268543891,4938.0,0.26595129796697914,3.61,11929.0,2171.0,3131.0,2765.0,0.21105259140523625,35853.0,10583.0,0.06948458271555298,11937.0,0.08706903311812217,-0.11342883471559018,0.18321836908249078,0.34255134696309764,1,1
42965,2021.0,16.447,0.1335998198401081,-0.909567300494086,-3.9909086419753086,1.004922904750062,0.2524231678486999,12.649,0.413328121946453,-0.91,-2.903,-0.965,7.699,-6.075,-0.2518030340711266,32.419000000000004,16.92,-0.14840238420949775,19.647,-0.13543650878582283,-0.1387998167659183,-0.027955082742316933,-1.9002538641933606,0,0
1290,2021.0,3400.0,0.07562008469449485,-4.214851152000284,-8.548344579831932,2.9442923444283644,0.2540168324407039,1950.0,0.9399496583962603,-4.21,638.0,-18.0,151.0,-238.0,-0.34442836468885674,2314.0,2614.0,-0.08558072635742539,3337.0,0.05226364846870839,-0.21666167216062332,0.3006885998469778,-1.8836111577117234,1,1
11055,2021.0,6044.135,0.07411137889939232,12.811541067229905,16.928486499937787,2.0450251636964873,0.3494726087675581,3721.044,1.0320380508913714,12.84,2659.359,35.208,107.236,321.48,0.12080378028502448,5345.275,5720.042,0.05800299938366852,4986.341,0.05221391735502747,0.14714216296077623,0.056659199355529176,0.277716319619487,0,0
1312,2021.0,790.909,0.027909863766745573,1.9237692215997138,28.085489357747004,2.9517162102320094,0.3104668597909876,547.701,0.23401560522389642,1.97,472.209,1.831,45.129,96.831,0.10509755313976105,3217.3940000000002,794.307,0.02852796849257921,714.557,0.02028600190016546,0.1116076114291792,-0.004277942911242158,-0.02166662256355271,0,0
1347,2021.0,8476.0,0.08539287540480654,5.3907284768211925,9.19541769041769,5.840866172454155,0.37786215625359565,5407.0,0.7024733268671193,1.96,3180.0,680.0,859.0,1628.0,0.6351931330472103,10464.0,8691.0,0.13158745554477852,8107.0,0.01604806814724673,0.07203651165659307,-0.0247382349557013,-0.35105610902440626,0,0
101675,2021.0,7995.0,0.04183228948179005,18.334583645911476,24.081812193126023,8.041528760759666,0.5216601815823606,3688.0,0.32614213197969544,18.05,5281.0,14.0,147.0,2444.0,0.3339253996447602,23092.0,7710.0,0.10338409475465313,7792.0,0.10908928331917557,-0.010523613963039014,0.03696498054474708,-0.5953701622956151,0,0
1402,2021.0,8820.7,-0.0015625120862630434,10.331027208140725,20.72785171171171,3.045411593584775,0.5656362813265389,3742.0,0.3178366931318438,10.32,14782.3,379.2,460.6,1998.0,0.1469236482362544,26184.2,8614.9,0.07371388093621795,8343.5,-0.0004318674240206125,0.03252831545514468,0.023888843747460923,-1.021196985783655,0,0
46453,2021.0,4810.3,0.05819120163382458,6.051039697542533,25.810440487347705,3.2556732474287746,0.33454254216526896,2825.0,0.7236465293876995,5.93,3831.7,551.0,902.2,320.1,0.12613784135240574,4646.599999999999,4245.2,0.05456498022637393,4811.6,0.08602620087336245,-0.1177155208246738,0.13311504758315282,0.06645693615953915,0,0
1473,2021.0,1475.6,-0.07727517501346258,0.03134796238244514,774.5320000000002,0.8036231583316041,0.22126449956443994,1698.5,0.67584903321765,0.02,1170.0,166.1,193.1,1.5,0.0010375596596804316,2909.9,2181.1,0.0004647992067426872,2380.2,0.052387226300269776,-0.08364843290479788,-0.323460639127046,-167.2549632022976,0,0
1502,2021.0,50971.0,0.07837619122389573,5.497850740137611,33.10748301534356,6.474217864457635,0.3445434511832902,27364.0,0.5330166998621112,5.51,34279.0,1074.0,9502.0,2998.0,0.19555149696692975,62694.0,41748.0,0.0382769010775752,53800.0,0.07766433405988299,-0.22401486988847583,0.2209207626712657,1.0476106742563074,1,1
1635,2021.0,2139.261,0.20000402167833575,20.083359527252153,26.519965411029656,9.401051120727917,0.33727242432737725,1378.197,1.44927664503234,20.02,1723.777,156.517,162.675,319.466,0.3544895694629383,1218.0020000000002,2079.583,0.22263819846666447,1938.555,0.17339750235942591,0.07274903213991867,0.028697099370402566,-0.1016634923576141,0,0
1643,2021.0,127202.0,0.012911215426356735,9.55292031242519,13.301691613058255,1.5543745196577494,0.7881130166868722,27440.0,0.038245801697601736,8.89,244976.0,263978.0,823893.0,29131.0,0.11685540191984468,417921.0,129503.0,0.008603186406900505,142422.0,0.013556331280403695,-0.09070930052941259,-0.017767928156104493,0.5007480735278286,0,0
1656,2021.0,569.968,0.039466274270415796,4.094490894513802,26.428194075358746,2.7106637210670144,0.3616852178829081,311.624,0.25262679645451686,4.23,340.104,-3.486,3.499,71.498,0.10256711878752232,1868.7350000000001,488.198,0.036997920296488414,479.604,0.0365371652502975,0.01791894980025186,0.16749351697467008,0.0667160195531764,1,1
7846,2021.0,155606.0,0.06523055085895589,-2.8792023212302604,-29.33104053761501,1.2345996423364314,0.21229795386944142,74415.0,0.39397389382376247,-2.96,154765.0,-174.0,5992.0,-5543.0,-0.04209191422149323,222848.0,94471.0,-0.02311605988573335,139865.0,0.012315312431558199,-0.3245558216851964,0.647129807030729,-3.8218715119013233,1,1
37383,2021.0,3337.8,0.05784869664600641,0.5422222222222222,44.26229508196722,-2.2542266750156545,0.13272697742407014,2669.9,1.3066638370118846,0.64,-403.7,30.5,43.9,24.4,-0.0509288248799833,2207.2,3078.5,0.01035653650254669,3217.9,0.12310259874433761,-0.043320177755679194,0.08422933246711066,4.585718413852095,0,0
1699,2021.0,1597.2,0.08354574724979877,-2.0734177215189873,-93.946336996337,20.959425224734403,0.2717267552182163,767.6,0.3923466349017272,0.34,348.9,-21.5,121.0,-81.9,-0.22309997275946608,2494.7000000000003,1054.0,-0.030486896962477666,1329.7,0.05390043120344963,-0.2073400015040987,0.5153700189753321,-3.740382117360921,1,1
36710,2021.0,7854.459,0.15167769369220754,10.676122658825113,33.11501856039058,9.975936078693069,0.49691091206996857,3580.153,0.863966604599856,10.52,7907.903,348.238,493.64,1110.968,0.30125110938713023,7512.397,7116.34,0.13487821700187075,7085.12,0.11421774902752779,0.004406417957635193,0.1037217165003358,0.12455292680880997,0,0
44006,2021.0,20444.0,0.1574703557312253,-0.2554882862809073,-56.98891409836065,3.445315916749257,0.12364587224505043,4692.0,0.31924154791008286,-0.32,-3122.0,-241.0,112.0,-122.0,-0.06045589692765114,15084.0,5354.0,-0.007274461868701926,1989.9,0.08356641360808265,1.6905874667068697,2.8184534927157268,-22.64701095056049,1,1
1825,2021.0,5562.714,0.05502137527317686,18.401216129720503,14.470239256085755,4.8656211232187765,0.3853987243170399,3077.528,1.5538975003491133,18.4,425.227,45.179,54.793,172.493,0.3362502193025205,2840.1229999999996,5007.357,0.05352852643175224,4826.549,0.003637757977003613,0.037461134238976956,0.11090820966030582,0.02788884620853469,0,0
1832,2021.0,38655.0,0.1035568179409458,1.800790330079033,30.453295469213888,12.224554640136796,0.6392136669291816,11911.0,0.37818456744868034,1.8,51954.0,373.0,10914.0,7747.0,0.40141976268200424,72865.0,33014.0,0.08874404325513197,37266.0,0.10326344913812065,-0.11409864219395696,0.1708669049494154,0.16691570659259128,1,1
1840,2021.0,832.828,-0.018059042147758733,0.10513597892931721,98.44393998517188,3.63792248936161,0.43939291702579764,440.335,0.5594543215451535,0.11,-2919.256,37.152,92.794,25.627,0.03695425528386584,1220.606,785.461,0.018253148021655622,711.502,-0.2474931744129705,0.10394770499591015,0.06030471277377229,-1.9893658960269973,0,0
1843,2021.0,1487.468,-0.05651400528341442,-17.072968627612646,-6.497405484631972,2.902026921218605,0.3935886034081395,745.279,0.6725043447427518,-17.18,846.708,126.859,476.369,-414.139,-0.4466439608983374,1290.902,1228.999,-0.22661554389175134,1430.64,0.025838038104445682,-0.14094461220153223,0.21030855191908215,-0.7506172599068943,1,1
11728,2021.0,12193.0,0.03932073816461447,8.731707317073171,24.19572625698324,13.631297567954222,0.30110247605277424,7734.0,0.3445849162359096,8.49,-2819.0,94.0,1192.0,1969.0,0.563376251788269,28906.0,11066.0,0.06131282306782089,11013.0,0.0520999829960891,0.004812494324888767,0.10184348454726189,-0.3586865487971412,0,0
106139,2021.0,116385.0,0.0513183885757779,2.2996706148638975,22.785871881526482,2.657422521395436,0.29765169363871613,72738.0,0.3781515980267938,2.3,58322.0,6179.0,12046.0,10534.0,0.11662588709409563,250459.0,103564.0,0.0384636450273671,108942.0,0.04956836007197795,-0.04936571753777239,0.12379784481093817,0.33420502761151666,0,0
2437,2021.0,3024.0,0.012344635156844508,3.405955392044148,16.400684556962027,1.0154028840125393,0.7676147382029735,719.0,0.035107626320507436,3.29,9791.0,9949.0,15767.0,474.0,0.06191222570532915,-507.0,3094.0,0.005378479274699588,3817.0,0.016321081169450424,-0.1894157715483364,-0.02262443438914027,1.2951906154800625,0,0
1910,2021.0,1435.042,0.014466562919198208,3.0165114634541164,21.780126081393675,2.270032207384826,0.8704678575103972,179.991,0.042205998765482124,2.91,404.377,1300.52,2184.926,354.057,0.10422493418548522,3791.303000000003,1389.547,0.010754101376139349,1439.114,0.016160301151827785,-0.03444271961776482,0.03274088605854994,0.34521355278423155,0,0
1921,2021.0,6729.76,0.0890050188944204,2.3444108001107185,8.902023484542207,1.3170341694716445,0.2027862392052129,4365.93,1.3417077277074807,2.34,1704.062,351.235,542.103,279.503,0.14794773028386074,3273.523,5476.486,0.06847663538579739,5829.002,0.05270153462395022,-0.06047621874207634,0.22884638069009952,0.2997866848008243,1,1
36690,2021.0,9313.0,0.05685840707964602,-9.799426934097422,-3.8063450292397656,-16.79703225806451,0.37171417993335804,3394.0,0.3080168776371308,-9.71,-1657.0,-135.0,765.0,-684.0,4.412903225806452,16379.0,5402.0,-0.03900102634279849,9172.0,0.013058894750497275,-0.4110335804622765,0.7239911144020733,-2.457869507840398,1,1
11598,2021.0,581.695,-0.07398971514765218,0.2820296492708208,58.22082905982906,0.7440578264296859,0.38493307281321193,379.321,0.6633862100345616,0.28,417.265,2.302,47.878,7.02,0.012779924958902164,858.346,616.715,0.007551253325186871,671.797,0.028208504794916364,-0.08199203033059092,-0.0567847384934694,-10.798335714796213,0,0
2009,2021.0,11535.9,0.03958974998997108,2.7042333286139035,14.089020942408377,2.139762435978391,0.32222589787835176,7580.7,0.503915190398097,2.67,6268.4,-474.1,79.2,1298.8,0.1518744591781847,20460.499999999996,11184.7,0.058516102290544075,11054.4,0.037665889526542325,0.011787161673180009,0.03140003755129765,-0.3234383624288559,0,0
135217,2021.0,773.415,0.1078806166418147,1.9800248310111743,36.21166708469191,6.159309118919238,0.6630887704256576,224.614,0.9137140852251235,2.0,160.624,122.7,428.574,71.766,0.1700918409669965,298.628,666.686,0.09835755519129878,650.523,0.03189154211180755,0.024846162241765488,0.1600888574231346,0.09682084342167926,1,1
2054,2021.0,13676.0,0.021325812789150137,3.219298245614035,22.448991825613078,1.3114203852071946,0.37350971745876205,7672.0,0.19470546148342477,3.29,11153.0,219.0,1436.0,1101.0,0.058417785323924235,59984.0,12246.0,0.017505366086334368,12574.0,0.023123676371838358,-0.026085573405439797,0.11677282377919321,0.21824431914041578,0,0
119057,2021.0,5719.318,0.08934205169341412,-1.6342724932917145,-9.973856909975222,0.9829338856484481,0.6233901804389765,974.09,0.17675477878983656,-1.65,4847.646,8.07,47.47,-596.869,-0.09855103141347253,13896.895,2586.47,-0.04078897031920377,4631.947,0.049316224975134965,-0.44160198724208205,1.2112446693756358,-3.1903482974501856,1,1
30823,2021.0,2922.5,0.30654160854448165,4.855397148676171,65.7103817114094,4.095945981279088,0.7300999629766753,656.1,0.36080148423005565,4.85,2789.8,27.3,116.8,238.4,0.06233331590231658,6444.7,2430.9,0.03538404452690167,2653.4,0.07438042871941987,-0.08385467701816537,0.2022296268871611,7.663272179397839,1,1
2141,2021.0,10279.7,0.036413338643687315,-4.379326257498847,-10.318938883034772,0.7919670845127375,0.4559854610038929,5268.4,0.35433261010350847,-4.38,5376.4,246.7,770.1,-949.0,-0.0767488879902952,24828.3,9684.3,-0.03472234926512288,10579.4,0.00837497141352331,-0.08460782274987243,0.06148095370858002,-2.048700315916209,0,0
13727,2021.0,2821.444,0.10641536919020578,-1.370426636283074,-80.60993348729791,6.256874798333608,0.1285615302410979,2198.458,0.9915629625611868,-1.36,418.152,400.112,436.996,-32.475,-0.07761915346722786,2003.7579999999998,2522.792,-0.012764035722792265,3071.951,0.14128349855333683,-0.17876554671607722,0.11838153918357124,-9.337125616170425,0,0
2226,2021.0,11394.0,-0.04040987155433685,4.295220361866752,23.32825595854922,6.1451593266606,0.20673866090712742,9182.0,0.6943611277744451,4.34,1345.0,575.0,1237.0,579.0,0.26342129208371245,12588.0,11575.0,0.03473305338932214,11665.0,0.03289261528539181,-0.007715387912558937,-0.015637149028077755,-2.1634413796386793,0,0
2244,2021.0,1383.997,0.008708572129400854,5.255447461554332,16.598015799438926,1.325223560142773,0.8073244752919607,286.264,0.03504800287285247,5.11,3263.693,6500.672,10288.853,331.151,0.07984228814793454,-2913.296999999995,1485.731,0.007811764847975825,1490.987,0.013036512780219533,-0.0035251816414228194,-0.06847403735938735,0.11480213484119521,0,0
36956,2021.0,294.839,-0.018083722397121024,0.2613497929018111,54.14199813548788,1.35054919926205,0.19035766715601235,242.666,1.4000373692077728,0.26,84.583,-32.781,45.712,3.218,0.024944576221261026,125.82800000000002,299.72,0.015031763826606875,256.166,-0.13328281043685258,0.17002256349398448,-0.016285199519551676,-2.203033962329294,0,0
2249,2021.0,24021.0,0.08987768873892872,12.115835240894501,18.744064728898824,4.159406077896303,0.27969309979304424,14270.0,0.8756630127298444,12.07,13437.0,2272.0,3862.0,1789.0,0.22190523443314314,15942.0,19811.0,0.07907531824611033,23571.0,0.1145057506206617,-0.15951805184336684,0.212508202513755,0.1366086249466312,1,1
2260,2021.0,2505.931,0.06510444018525445,4.922084270212142,23.638360014300467,2.6631493857037523,0.4040895967777008,1425.022,0.5946623682588912,4.83,2359.472,-192.785,198.248,201.392,0.11266218908979432,3621.8489999999997,2391.336,0.050080893554228526,2487.961,0.08171139036320808,-0.0388370235707071,0.047920911155939716,0.2999855946012255,0,0
2280,2021.0,1896.998,0.03928183509164462,0.5254071022169904,41.720029873039586,8.944669466298881,0.6453465603506698,614.907,0.34401248728672146,0.53,189.033,59.534,340.962,117.832,0.21439748469785078,4667.981,1733.825,0.023379337246820734,1709.002,0.027418000776449587,0.014524851345990287,0.09411157412080227,0.6801945528625454,0,0
2298,2021.0,8945.0,0.02581236897274633,-0.21450912009742867,-90.99846193548386,1.6046372696245732,0.13692654095130874,6133.0,0.9633947939262473,-0.21,-496.0,49.0,585.0,-31.0,-0.01763367463026166,5460.0,7106.0,-0.004202819956616052,8620.0,0.031301939058171746,-0.17563805104408353,0.25879538418238107,-7.1416785013863535,1,1
10880,2021.0,29453.0,0.07733458357376419,5.127988748241913,43.31912781130005,4.327402597402597,0.6599802548914019,7577.0,0.2925906960255249,4.97,26791.0,-13877.0,6035.0,3646.0,0.09989588470601128,68077.0,22284.0,0.04787227058468245,17911.1,0.048455581041725725,0.24414469239745196,0.32171064440854424,0.6154358802966139,1,1
12052,2021.0,25.835,-0.019100388890800842,-0.4710076045627376,-8.747204843592332,1.765564438107847,0.572461629279811,8.691,0.7943107221006565,-0.48,-0.432,0.231,14.167,-3.964,-0.20184327104231378,10.179999999999998,20.328,-0.1548921537980619,21.568,-0.04197164173826951,-0.05749258160237398,0.27090712317985055,-0.8766858848402181,1,1
2355,2021.0,106005.0,0.12908141458066194,8.720703885385035,20.774699196428568,6.284202637811634,0.2978270860721882,65696.0,1.8256517327505464,8.72,8069.0,5934.0,8511.0,4368.0,0.30249307479224374,29878.0,93561.0,0.08523259444270996,78112.0,0.07669650996984502,0.19778011061040557,0.13300413633885913,0.5144606992742131,0,0
2383,2021.0,43959.0,0.07089188482297834,8.770755222281736,25.75718900763359,5.477160621473293,0.3553179516038267,22912.0,0.4732924052150058,8.77,26107.0,3216.0,7190.0,2751.0,0.2126458993584293,65834.0,35540.0,0.03663554886737425,39258.0,0.044554930079029186,-0.09470681135055276,0.23688801350590882,0.935057260357058,1,1
2398,2021.0,29899.0,0.00386425426793083,-19.406659218437344,-2.0719691909568025,16.728382288135595,-0.24211757823925123,21234.0,0.2374437468748264,-19.49,-9466.0,6325.0,14288.0,-12385.0,-8.073663624511083,54868.0,17095.0,-0.17202344574698594,47007.0,0.07387032789933676,-0.6363307592486226,0.7489909330213512,-1.02246353252111,1,1
9917,2021.0,2022.197,0.020372536417051352,0.20984918876420555,139.1475476839237,2.2667253563456056,0.6590794742629054,610.514,0.9551529898451246,0.21,481.166,54.598,123.122,8.808,0.016290084834944527,1634.751,1790.781,0.004697943263054421,2008.715,-0.10286413240083549,-0.10849423636503933,0.12922629846977376,3.3364798756224054,0,0
87046,2021.0,14947.0,0.022835418817190766,7.0598799613977326,17.19717625,1.8934194857142856,0.2863595302619693,8690.0,0.26764990328820115,7.09,7019.0,423.0,516.0,1368.0,0.11010060362173038,43951.0,12177.0,0.03006857745735889,12669.0,0.02791175206532639,-0.038834951456310676,0.22747803235608113,-0.24055539875225798,1,1
66496,2021.0,1112.38,0.025184391041300193,-1.645119623681826,-18.934793282864977,1.233024844687318,0.5668958489583185,455.626,0.4720272519200767,4.55,1918.513,200.638,510.073,-85.334,-0.06511953028835771,1672.13,1052.001,-0.03828891181220154,1239.687,0.042434641164027585,-0.1513978931778747,0.05739443213457034,-1.6577463252239693,0,0
2476,2021.0,6624.267,0.2657395941590303,-3.254780831251419,-26.978775085829128,1.3415172920622231,0.3077069871886691,3069.063,1.4335209368426671,-3.16,4436.334,83.262,360.339,-71.654,-0.04972491478187491,2167.675,4433.185,-0.023170138220833206,6343.211,0.032382704852726776,-0.3011134266225733,0.4942455593439027,-12.469055196230686,1,1
2488,2021.0,67418.0,0.00979819163200055,-1.5823204419889503,-78.41648044692737,2.6869674455331825,0.32892885544748274,43880.0,0.32442731048032986,-1.57,29993.0,12499.0,17917.0,-2864.0,-0.0342653410382494,170969.0,65388.0,-0.01420994398384512,69570.0,0.05698408116133289,-0.060112117291936176,0.03104545176484982,-1.6895306303205584,0,0
2505,2021.0,341.247,0.006862024891825444,-0.5964889551078578,-4.2750162901824496,0.6170831308491793,0.27531580463317296,228.956,1.3567299929573837,-0.59,-140.851,1.151,1.92,-9.208,-0.14434638115094606,211.89000000000001,315.939,-0.03954171461944106,374.582,0.06166139732454706,-0.15655584091066835,0.08010407072251287,-1.173538880594006,0,0
2516,2021.0,34220.449,0.09113070955698539,11.026642025043088,17.649072089037873,7.034603605215727,0.3394439994809588,22291.677,1.3048497708507845,10.7,3003.939,1136.257,1376.577,2655.05,0.39858206537583557,20871.958,33746.839,0.10265973011864535,27753.973,0.07502951577308545,0.2159282204389259,0.014034203321976337,-0.11230324245286538,0,0
99014,2021.0,13964.0,0.033015362988251834,-0.4975186104218362,-151.1501246882793,2.554201432785504,0.44870166525543326,7813.0,0.14777123194828215,1.83,2472.0,-22.0,237.0,-401.0,-0.016898440792246103,94724.0,14172.0,-0.004181220999947865,16572.0,0.013079953382198549,-0.14482259232440262,-0.01467682754727632,-8.896105704210205,0,0
2544,2021.0,2860.8,0.1195317056911924,2.0342095473290116,23.76353019455253,6.187040076993213,0.3699683226454454,1630.9,1.1532567049808429,2.03,1246.0,58.8,236.6,257.0,0.2603586262789991,1820.3000000000002,2588.6,0.1144970150583623,2851.4,0.12470829832913283,-0.0921652521568353,0.10515336475314853,0.043972243558172946,0,0
2599,2021.0,645.413,0.13848079408624397,2.487551159618008,21.587495715362998,1.912324873836288,0.2619291793665861,464.203,0.7511115463481688,2.5,232.127,16.882,56.466,29.174,0.08858484092137466,716.901,628.941,0.034840991846868744,721.088,0.04106757216650705,-0.12778884130647014,0.026190055982993603,2.9746513157514953,0,0
2602,2021.0,25069.0,0.023044219191329523,1.790637191157347,51.132636165577345,1.5305778009651756,0.4337635303913405,13601.0,0.14791733379313743,1.71,2234.0,-17.0,453.0,1377.0,0.02993348115299335,158791.0,24020.0,0.008479690617533316,25079.0,0.02359636862715471,-0.042226564057578055,0.04367194004995837,1.7175778257382848,0,0
2618,2021.0,3541.06,0.026516874087323842,0.89464333781965,41.189598627993746,2.765659001310268,0.3390130290381193,2464.248,0.7014789421821872,0.89,3062.397,424.294,1095.274,116.326,0.06714459702043903,3779.204,3728.134,0.021887689505872134,3944.85,0.051562288475462244,-0.054936436112906675,-0.05017899034744998,0.21149717882327268,0,0
5623,2021.0,3130.519,0.022931474669345638,1.121574391638086,72.34473308675771,3.061847165318227,0.17480498817660234,2639.935,1.64552134206716,1.08,798.819,-46.295,13.142,34.337,0.042323014194362685,1772.057,3199.165,0.01766156679088452,3339.682,0.025800054201984012,-0.042074964023520754,-0.021457474059637494,0.29838280719132004,0,0
2647,2021.0,5067.169,0.0628748111569746,6.493772861093763,22.098093522758344,4.305969601862352,0.589994831795429,1550.945,0.4752004160639372,6.53,3475.301,210.72,402.614,727.887,0.1948570630053551,7230.376,3782.745,0.09143947193044497,2883.673,0.03480244286054247,0.31178014982974844,0.33954813237477016,-0.31238873290080427,1,1
4269,2021.0,409.481,0.049001721748520216,2.7311288655896364,50.550525732953126,4.314463350970907,0.39307784668598056,220.388,0.1334620698374708,2.77,-340.419,-0.203,0.021,108.363,0.0853495248251864,2700.374,363.124,0.03982758031360595,331.516,0.047784082027337735,0.09534381447652603,0.12766162522994892,0.23034644240690128,0,0
2686,2021.0,1150.0,0.011054813450023031,-7.007772020725389,-1.1615674676524954,8.161142857142858,0.16715257531584063,857.0,0.8245192307692307,-9.83,-1066.0,-34.0,203.0,-541.0,-7.025974025974026,927.0,1029.0,-0.43349358974358976,1242.0,0.08197879858657244,-0.17149758454106281,0.11758989310009718,-1.0255016768680754,0,0
2700,2021.0,12733.1,0.053281084955485135,-4.2172933172821185,-51.30304764749814,10.025995738263198,0.48729453274753615,6044.9,0.6504579057707162,3.37,6248.6,1073.8,1260.2,-1205.1,-0.1954269034298224,15705.2,11790.2,-0.06648460774577954,14906.3,0.0746989568309127,-0.2090458396785251,0.07997319807976112,-1.8014048177770505,0,0
2789,2021.0,18236.0,0.09318227796884483,3.2859531772575252,19.954636132315517,4.665182629387269,0.45540661304736374,9141.0,0.7335460187046586,3.26,23378.0,1821.0,3315.0,1965.0,0.23378941106484236,17852.0,16785.0,0.08587536054540687,18372.0,0.11250426891740255,-0.08638145003265839,0.08644623175454275,0.0850874730193931,0,0
37309,2021.0,3407.49,0.03394229550185525,4.777831620088654,20.006983837204857,1.771859916424233,0.4444757556970824,1567.21,0.1836793490631441,4.89,2413.425,-3.742,20.808,601.443,0.08856207066700847,15197.148999999998,2821.137,0.0391589131398385,2901.848,0.03825707480142874,-0.027813655298278818,0.2078427952984912,-0.13321660944353686,1,1
11820,2021.0,117.731,0.06926669657228804,-0.5954692556634303,-3.996847826086957,1.9525205118103492,0.33618248909761833,49.471,0.6622207609873999,-0.6,-276.571,-12.281,47.865,-28.52,-0.4885150990904575,56.169999999999995,74.525,-0.2534255096056443,81.17,0.023340210052513126,-0.08186522114081553,0.579751761153975,-1.273321721558631,1,1
2839,2021.0,4923.9,0.06740392540463187,4.270114942528736,45.160376850605644,7.413177629087236,0.5790672319806178,1737.4,0.42942008780873514,4.28,4014.0,1283.3,1709.7,520.1,0.16415225350334553,7742.999999999999,4127.5,0.0541105724213987,3527.6,-0.05042356808698951,0.17005896360131537,0.19294972743791633,0.24567015997739006,1,1
2844,2021.0,3064.663,-0.05348906586950723,-3.4747022579891857,-3.6578673671324267,0.3822445393096236,0.1977989717026994,2453.807,0.168871186408302,-3.71,1042.904,13.614,18.21,-967.166,-0.10449928905139144,17389.798000000003,3058.843,-0.05339485219534701,4416.484,-0.06495189834223385,-0.30740312882374315,0.0019026801964011112,0.0017644711107269154,0,0
2873,2021.0,2356.11,0.07461902506062297,24.775020602508928,16.07627321043139,5.7246481948451216,0.3276785727605771,1351.992,1.0398453881455627,24.64,759.107,-19.225,125.172,270.568,0.35609298995556865,1618.766,2010.931,0.13990976666020294,2190.295,0.13489028884979937,-0.08189033897260416,0.17165133960339768,-0.46666321557201046,1,1
40881,2021.0,16523.517,0.1860059403970786,4.112018145947286,23.129761743327496,6.054041337220079,0.1205680117424231,8896.757,2.053064401990217,4.14,2500.448,297.3,1527.791,696.14,0.26174248591067123,2262.853,10116.481,0.1412764233730553,8175.426,0.15991699630865974,0.23742554822219653,0.63332654902431,0.31660991944784944,1,1
2901,2021.0,260.115,-0.00023368486323651223,-0.09175385015270648,-471.3698654390935,3.3800250363102675,0.29012353760020254,162.676,0.8194711151638685,-0.1,92.695,7.834,53.923,-1.412,-0.007170643021826788,208.14799999999997,229.161,-0.005049258881796564,397.55,0.12270520256217085,-0.42356684693749214,0.13507534004477204,-0.9537189776347206,0,0
42958,2021.0,590.601,0.1704845025722403,0.9847181931205968,18.99020463990741,1.3632202052091553,0.14820002623683393,402.576,1.398683642002711,0.99,169.112,30.507,68.688,19.009,0.07178544049727534,230.253,472.618,0.05625595586886139,455.713,0.019105215198167973,0.037095715944026116,0.2496371276591243,2.030514723981542,1,1
2916,2021.0,5045.2,0.06960392390349013,4.263493977766439,26.956763771532188,5.0194662772638265,0.47077831154003585,2456.7,0.45571546375559574,4.46,4224.2,229.8,568.9,551.5,0.1862043352015666,8670.8,4642.1,0.05414081520458651,4609.8,0.04835556635975974,0.007006811575339533,0.08683569936020323,0.2856090851323877,0,0
41481,2021.0,17069.0,0.02535625070966277,1.4892857142857143,51.803357314148684,4.14137430504204,0.5195865977662943,8646.0,0.14094953165627644,1.49,25271.0,438.0,1479.0,2919.0,0.07994412948812751,121590.0,17997.0,0.022861125904576923,19204.0,0.03202453883474522,-0.0628514892730681,-0.051564149580485635,0.10914269119992506,0,0
95544,2021.0,93512.0,0.044491476149498804,19.595209643645138,16.065661236857196,3.477303621731215,0.2590192832215724,62212.0,1.0142793287990626,19.79,29085.0,2206.0,7087.0,5231.0,0.2164432307183052,71849.0,83959.0,0.06319388235862619,69217.0,0.017487795259529218,0.21298235982489852,0.11378172679522147,-0.29595279655380186,0,0
2997,2021.0,953.978,0.03430687769602955,1.7165534948583938,49.58773510698071,2.834439552808833,0.28457434806051113,602.407,0.11068186335181654,1.62,-993.916,663.282,816.896,131.706,0.057160093049093814,6562.087,842.026,0.01731236980166212,935.042,0.05207747117288732,-0.09947788441588729,0.13295551443779646,0.9816396073480265,0,0
3000,2021.0,1213.2,0.07364028987629016,1.5900826446280991,20.860550935550936,2.858260931491241,0.29925716307039263,792.4,0.9354731965585705,1.59,513.3,50.1,81.7,96.2,0.13701751887195557,1075.5,1130.8,0.07958305757776307,1221.3,0.09309309309309309,-0.07410136739539835,0.07286876547576945,-0.0746737796002126,0,0
72025,2021.0,25292.0,0.08129619101762366,-12.702093397745571,-1.184056795131846,1.8291891891891892,0.3740951538929104,11327.0,1.022082909748108,-12.68,3140.0,1023.0,1716.0,-3944.0,-1.54484919702311,13134.0,18097.0,-0.22274935050265446,25331.0,0.026638957113168337,-0.28557893490189884,0.3975797093440902,-1.364967129350417,1,1
3043,2021.0,8269.0,0.01312074878265977,2.0020764352657276,13.770703013314646,0.9359749083115027,0.7751161959242046,1887.0,0.04099570060582373,1.84,20985.0,-131.0,36546.0,1427.0,0.06796856394379615,9053.0,8391.0,0.006971858510846199,8900.0,0.01483152170704202,-0.057191011235955054,-0.014539387438922656,0.881958556997058,0,0
109025,2021.0,6587.0,0.015472142778234665,1.1390209417433474,14.152505374771483,0.9409201385597084,0.7438914027149321,1698.0,0.044983004159062076,1.03,5085.0,13842.0,17956.0,1094.0,0.06648435126101489,6954.0,6630.0,0.007422534924587316,6755.0,0.012531685678073511,-0.018504811250925242,-0.006485671191553545,1.0844823143886921,0,0
3094,2021.0,664.421,0.008375088004775731,2.523058730784391,10.824163411966879,0.9948422478213698,0.89512981069498,77.911,0.04488491913889936,2.52,1494.782,1593.588,1952.554,160.025,0.09190938920244877,550.5220000000008,742.928,0.009668109406567487,697.537,0.011146938144420786,0.06507325059459206,-0.10567242047681599,-0.13374087398239565,0,0
3118,2021.0,6105.778,0.01198362474046975,10.545548065308031,12.071444671404247,1.093538865133639,0.8206707491423554,1126.395,0.04404703596090647,9.94,13381.396,116.438,25216.553,1353.152,0.09058889759268805,-2421.185999999987,6281.156,0.009489070929709836,6941.272,0.016093306338153212,-0.09510014879117257,-0.02792129346890918,0.26288704439436567,0,0
3089,2021.0,23714.0,0.01389014868721262,3.2904078539825945,14.159338923169996,1.4904092740703005,0.7693831464680481,5821.0,0.04556918605175978,3.06,64510.0,40175.0,62957.0,4959.0,0.10525980641874681,61178.0,25241.0,0.008952798765131205,27325.0,0.013955666436561666,-0.07626715462031107,-0.06049681074442376,0.5514867530934677,0,0
3322,2021.0,3255.0,0.011213128002514255,1.5224374854737845,8.381296520710057,0.9391586739159262,0.7413370668533427,739.0,0.03392748993575508,1.9,2121.0,381.0,9999.0,845.0,0.1120541042302082,4227.0,2857.0,0.010034556876343383,2278.362,0.01018007014400532,0.25397105464364306,0.13930696534826742,0.1174512378268911,0,0
3372,2021.0,478.925,0.07766048136829087,-3.4083291010665313,-3.705628073312472,0.5667865872767159,0.17623171974730598,302.262,1.546520890672219,-3.37,137.312,25.95,48.197,-26.844,-0.15295290732457767,161.515,366.926,-0.11314217795742207,443.588,-0.12822126180260884,-0.17282252901340892,0.3052359331309311,-1.6863972637818254,1,1
104083,2021.0,4330.767,0.0633775477490177,0.719829113953961,31.43801710894313,3.4876888682689073,0.5013795607146869,2187.942,1.3204816818902547,0.72,938.518,296.432,308.705,152.318,0.11093857657061867,2788.4,4387.991,0.045837178978297775,4123.974,0.05177772127424967,0.06402004474325003,-0.013041047714090608,0.3826668473429538,0,0
103553,2021.0,12434.879,-0.06046654174158531,-3.091681768112852,-5.165473421201437,2.181242507864619,0.0353464475200749,15114.652,2.1434856327358354,-2.09,832.903,201.582,2222.126,-435.046,-0.4222734936379334,3855.45,15668.477,-0.059515347316729895,14348.018,-0.1910668187337777,0.09203075992795665,-0.20637602493209772,0.01598233846798092,0,0
3424,2021.0,136341.0,0.06978427062462311,-0.32146218797872167,-27.34380691946833,1.1395480303030303,0.15807273642484113,107046.0,0.47572971739236175,-0.32,9949.0,8194.0,49961.0,-1279.0,-0.04167481264255458,195096.0,127144.0,-0.0047855841293716625,155900.0,0.00018179216127672248,-0.18445157152020525,0.07233530485119236,-15.582184481162939,0,0
3461,2021.0,1661.865,0.09767865588684362,2.173423910691878,31.843764881544896,3.773177760242878,0.3765055145747199,777.704,0.9803695177343204,2.16,559.791,66.382,130.787,100.46,0.11849031589947548,1045.617,1247.331,0.07895893050969616,1314.578,0.0799192797112015,-0.051154819265193906,0.3323368055472045,0.2370818000738837,1,1
10923,2021.0,8400.2,0.07576835868323926,1.6135580075012572,12.61188002253098,0.996157096247961,0.28015808856552593,4007.0,0.2752844828865184,1.59,10065.0,-2000.1,3957.5,798.9,0.07898561471155272,15469.600000000002,5566.5,0.03950862721243861,5774.5,0.08227935205956427,-0.036020434669668366,0.5090631456031619,0.9177674353459919,1,1
11807,2021.0,48.296,-0.10087331159757802,0.07371273712737128,145.70073529411764,1.7880939919507661,0.36533711800051605,34.433,0.6307431175595237,0.07,-11.166,5.999,20.12,0.68,0.012272374523994298,64.816,54.254,0.007905505952380952,41.507,-0.10984267496384592,0.30710482569205194,-0.10981678770228921,-13.759880544672457,0,0
3508,2021.0,3278.031,0.03775689958896066,2.3834742905581137,21.95534485406445,1.9664461120912515,0.32233415487897404,1890.87,0.6912245733152591,2.38,1171.547,-11.657,100.534,123.719,0.08956571282127761,3619.71,2790.269,0.030648519187931537,2897.0,0.03282130719210063,-0.036841905419399454,0.17480823533501616,0.23193226261411645,1,1
3524,2021.0,1257.4,0.014997327520253203,4.317059948069736,19.267742630535356,1.489327403698784,0.6528283162421437,419.8,0.13529359112065878,4.3,2544.6,141.6,292.6,151.3,0.07729641360989067,8497.7,1209.2,0.016928481919083423,1393.8,0.025491545062823622,-0.13244367915052369,0.03986106516705263,-0.11407723433565745,0,0
40875,2021.0,8209.4,0.027194481931324035,4.228225002711063,29.258140217391304,3.872581748084446,0.24634473699240392,5278.3,0.3136211791468515,4.29,1728.1,950.4,3574.3,818.8,0.13235912191652388,10972.5,7003.6,0.03666586062674082,7195.0,0.03406197160144234,-0.02660180681028487,0.17216859900622525,-0.25831600659358867,1,1
3551,2021.0,16670.0,0.020061123736384297,-1.7780748663101604,-11.388721804511277,2.897283856159143,0.37768115942028985,8588.0,1.0022514343815818,-1.78,2510.0,635.0,2402.0,-665.0,-0.2543993879112471,9624.0,13800.0,-0.04829689883070666,16383.0,0.025659770451056364,-0.157663431605933,0.20797101449275363,-1.4153708462049255,1,1
3634,2021.0,2188.0,0.05904832347140039,1.79296875,29.476252723311546,17.382783725910063,0.17918656824431894,1701.3,0.7147487844408427,1.76,-292.8,216.9,1159.5,137.7,0.5897216274089935,1641.3000000000002,2072.7,0.04748439601365564,1981.5,0.052071792599157986,0.04602573807721414,0.05562792492883688,0.24353110555347868,0,0
3596,2021.0,38469.0,0.06504503424999501,11.054950118333693,13.461842740764132,2.7222818440712597,0.18744891232696112,30816.0,0.7391634832774616,11.04,29948.0,1922.0,2824.0,3167.0,0.20222208032692676,45532.0,37925.0,0.061725267014890464,39350.0,0.07133351077987757,-0.03621346886912325,0.014344100197758735,0.05378295462543232,0,0
3614,2021.0,18992.8,0.08707916668006858,3.8502550600625307,16.32619112744679,4.033622867038352,0.3888895018480719,11077.6,0.5692813556979954,3.81,14640.6,-172.6,1865.2,2339.8,0.2470645379287042,26323.2,18127.0,0.07348179599835437,17626.6,0.07080277991475879,0.028388912212224792,0.04776300546146628,0.18504407107875703,0,0
131472,2021.0,10694.0,0.01680266206881404,2.89585079295601,12.314170359447003,0.9087175977691626,0.35337188695084415,6932.5,0.05885323744956496,2.89,-3647.0,12194.0,16800.0,1085.0,0.07379446371488811,27727.0,10721.0,0.005956138665495567,11556.0,0.009493811031642346,-0.07225683627552787,-0.002518421789012219,1.8210663002447092,0,0
130246,2021.0,127004.0,0.04094100147925367,4.590714285714285,9.070483896063482,1.294603597601599,0.245368820671919,92431.0,0.520782843099739,4.36,18474.0,174.0,31619.0,6427.0,0.1427270708416611,183647.0,122485.0,0.027326377373572457,137237.0,0.02952152501567728,-0.1074928772852802,0.036894313589419116,0.4982227947582989,0,0
7448,2021.0,1219.5,0.16183519744350605,2.1584650914904957,25.267955555555556,3.903441322314049,0.3234369990381533,1055.1,0.6787222004613309,2.26,-239.6,13.6,68.3,97.2,0.15448188175460903,2090.8999999999996,1559.5,0.04230317273795535,1525.4,0.03321620988521903,0.02235479218565616,-0.2180185957037512,2.8256042506784342,0,0
3637,2021.0,2422.084,0.07352286890907682,-3.774515050167224,-10.282115578869021,1.0255581087052585,0.481119264719876,926.996,1.12546681046865,-3.94,285.861,133.673,215.091,-56.429,-0.09974193548387097,1221.8400000000001,1786.53,-0.03554878263893439,2197.066,0.036527702237101584,-0.18685647131219538,0.35574773443491003,-3.06822466062598,1,1
16221,2021.0,1731.17,0.1692777158203258,1.4262371098061906,23.789873203208618,4.210154515686046,0.423004177849755,974.078,0.7680774870663044,1.41,1096.55,127.049,450.536,347.564,0.17697254961065573,1662.62,1688.189,0.15813163319670548,1858.897,0.1958149264824883,-0.09183295255197026,0.02545982706912555,0.07048610324384193,0,0
3651,2021.0,18870.51,0.06262427622100232,-0.20160161824403894,-498.16068380180064,4.523680203045686,0.3451766667777279,10829.097,1.2304440814376854,1.13,2943.277,713.174,990.166,-29.102,-0.009080765203151778,8321.965000000002,16537.433,-0.002165292742712821,19392.305,0.04240753333298283,-0.14721674396107112,0.1410785458662174,-29.921851990573114,0,0
3695,2021.0,1084.694,0.0036887026369677453,0.48003065272268297,34.122820922152314,1.2574971449928365,0.23096613413231676,704.818,0.7121855089942272,0.47,664.712,-14.536,101.581,21.298,0.03685208640462891,1057.7950000000003,916.498,0.016550092821325357,927.673,-0.016779171736275446,-0.01204627061475321,0.1835203131921727,-0.7771189154773365,1,1
3743,2021.0,17522.0,0.035697598355293896,-5.376897350141498,-2.0290511961722486,0.8266504873294347,0.2307316676161797,9452.0,0.7443959772204047,-5.35,674.0,650.0,1624.0,-1254.0,-0.4074074074074074,11937.0,12287.0,-0.07597237368229735,14745.0,-0.01809717777131219,-0.16670057646659886,0.42606006348172865,-1.469876043423031,1,1
3756,2021.0,1987.608,0.18003698431318296,1.9603720753642446,36.90625922967052,9.499070647026569,0.5511355269178209,740.678,0.8299842867260055,1.97,444.13,157.936,378.909,330.456,0.25738372962464484,1550.9139999999998,1650.115,0.16621465016336978,1646.045,0.20319759367927148,0.0024725933981148366,0.20452695721207306,0.08315954181070938,1,1
3783,2021.0,2413.0,0.00810226863521786,4.307265621717023,4.15344712195122,0.9714280205362236,0.4153716925661487,1392.0,0.3115268873479,3.73,823.0,561.0,773.0,410.0,0.2338847689674843,6860.0,2381.0,0.0536438571241659,2122.0,0.025674125071715435,0.12205466540999058,0.013439731205375893,-0.8489618556610485,0,0
3829,2021.0,5556.1,0.06717906392929605,2.245614035087719,18.075234375,1.7068091477174103,0.256234772978959,3358.1,0.8192854161752164,2.25,1116.4,28.6,105.9,108.8,0.09442805068564485,4954.3,4515.0,0.01974269175633744,4595.0,0.031510862955387256,-0.017410228509249184,0.23058693244739764,2.4027307298525513,1,1
3835,2021.0,1283.6,-0.00846643583156484,-0.10893847044871618,-50.1659329113924,-1.67219776371308,0.6377752218205719,440.9,0.2604137694957318,-0.1,-1533.7,49.3,196.1,-7.9,0.03333333333333333,4310.7,1217.2,-0.001690164951541473,1285.1,-0.014408602150537634,-0.05283635514745924,0.05455142951035151,4.009236420293319,0,0
3921,2021.0,15295.0,0.06527485327718292,-3.327683615819209,-5.67962648556876,3.3627864897466826,0.18020076150917272,11842.0,0.6985009671179884,-3.34,8329.0,295.0,2563.0,-2945.0,-0.5920788098110172,16544.0,14445.0,-0.14240812379110251,22408.0,-0.044567915829294244,-0.35536415565869334,0.058843890619591555,-1.4583646742859566,0,0
3979,2021.0,1848.399,-0.0010638827364806013,-0.33375145709796766,-53.87242397782924,2.1593926537767403,0.2788926659885056,1344.046,0.6226813533082528,-0.41,1152.018,19.937,79.669,-26.341,-0.04008345075887844,2695.5789999999997,1863.864,-0.00880002485561859,1503.742,0.21285154133088233,0.23948390082873264,-0.00829727920062845,-0.8791045759602214,0,0
3997,2021.0,6420.4,0.042708561637012095,1.6205947256876927,57.71955104957329,4.4339232758504625,0.5323899636314934,2555.696,0.505199528395412,1.62,4009.231,-3130.693,1449.676,222.519,0.07681839507106217,8943.209,5465.443,0.020568596883915668,4720.227,0.058770987218523627,0.15787715294200902,0.17472636710327039,1.076396454169878,1,1
4005,2021.0,1012.799,0.13230995643241195,3.24774873709642,8.51974775140326,1.9920623638656425,0.5842964669656746,311.051,1.0997689499273926,3.18,302.066,124.369,206.771,59.148,0.23381705914210155,442.172,748.252,0.0869347944947764,802.37,0.039039623476981526,-0.06744768622954504,0.35355334833719126,0.5219447771324977,1,1
4017,2021.0,774.541,0.09085044277737042,1.954220314735336,17.152620790629577,2.6500471260641065,0.24533106818726322,450.44,1.2630853877896517,1.95,213.898,-1.279,2.998,40.98,0.15449808856683983,432.23900000000003,596.871,0.08672098190667653,540.198,0.07286144330744257,0.10491153243810604,0.29766901055672007,0.04761778268536847,1,1
4030,2021.0,4719.182,0.009628612738494987,2.3450926087862753,27.555414979302114,1.6886575554230938,0.15715489994962897,3875.304,0.1415445965079901,2.36,-5164.627,1635.277,2021.043,978.844,0.06128224004942428,30361.006999999998,4597.884,0.030133443780718926,5163.74,0.036920439567102614,-0.1095825893635233,0.026381265817058408,-0.6804675626004647,0,0
4039,2021.0,807.473,0.012860926822260855,-0.03157997690279235,-205.19331030375227,2.023846358546462,0.4409667670222715,386.78,0.2593495429062377,-0.03,-412.408,67.406,129.83,-16.79,-0.009863120564459517,2469.378,691.873,-0.0062937545263303096,673.266,-0.03774947787668335,0.027636922108052516,0.16708268714055888,-3.0434427126854686,1,1
4046,2021.0,1865.682,0.08695957903125623,2.323776254829112,45.206589826233184,7.168119769091349,0.43077231284229683,1017.215,0.503707601887527,2.33,1678.896,349.851,406.852,313.984,0.15856360315264748,3064.622,1787.009,0.0885032630899191,2055.647,0.11043203059668041,-0.1306829431317731,0.044024960142897994,-0.017442114615531072,0,0
140266,2021.0,26042.0,0.010835813863845644,0.2910874897792314,119.07073033707864,0.8460407560425522,0.3872446056902807,16045.0,0.26229590303515976,0.29,-4661.0,1138.0,3417.0,356.0,0.007105362952318225,92109.0,26185.0,0.003566062305920064,24977.0,0.019073435189748644,0.04836449533570885,-0.005461141875119343,2.038593533785704,0,0
4050,2021.0,2223.355,0.07925195089271958,10.405064328443826,20.836007655170782,4.269361849425544,0.44506501098961837,1164.697,0.9272410545140951,10.16,953.51,20.653,45.12,253.946,0.2049030658887301,1883.561,2098.799,0.11219233324850851,1707.432,0.08001174441916861,0.2292138134930117,0.059346321396188985,-0.2936063579569671,0,0
4055,2021.0,1218.568,-0.06478778449812957,-4.6004856356058355,-3.1844464172684566,0.47451937825183194,0.03295569659856353,1715.466,0.3673014921874822,-4.62,2983.824,153.776,622.796,-494.497,-0.14901157566308293,4170.357,1773.927,-0.10238836546387388,2787.33,-0.005763492344826582,-0.3635748189127229,-0.3130675614047252,-0.3672348981780658,0,0
4080,2021.0,8971.337,0.14190157709716583,6.140932732066447,24.805678004673467,14.19616018872586,0.48700709803614095,4180.748,0.8924504303347244,6.13,1590.591,650.725,1143.987,1278.708,0.5722947861393372,7407.8,8149.719,0.14002734387191199,7986.252,0.14123294999812663,0.020468550203524713,0.10081550050989482,0.013384765956628259,0,0
4086,2021.0,63487.0,0.16842786842786842,2.18110369675603,8.234363192686358,-10.511009389587073,0.19615459312487862,45529.0,1.6331420662610652,2.01,-3204.0,327.0,5138.0,2844.0,-1.2764811490125674,14839.0,56639.0,0.08200455580865604,58756.0,0.09418232886126632,-0.03603036285655933,0.12090608944366955,1.0538842844398397,0,0
4087,2021.0,1324.7,0.005710434844293112,0.3791866028708134,127.8789905362776,2.6842563898821346,0.25326144834930775,1121.9,0.5149084926999794,0.38,1936.8,38.9,103.3,31.7,0.020990597271884518,2744.5,1502.4,0.010864349852628692,2355.7,0.0979991050310043,-0.3622277879186653,-0.11827742279020237,-0.4743877984644024,0,0
137314,2021.0,5788.0,0.02655268441163137,-2.57573192214445,-43.195489034965036,-20.72803668456376,0.1353610401671697,3724.0,0.25705759474783646,-2.58,-7592.0,2633.0,3263.0,-715.0,0.4798657718120805,13268.0,4307.0,-0.0426738287078484,9452.0,0.058902186267299594,-0.5443292424883622,0.3438588344555375,-1.6222240941494876,1,1
4127,2021.0,18389.142,0.04322526346496562,-3.7031782974374132,-6.980490250196193,0.812327525109024,0.06443294014302847,10463.048,0.9719105917998162,-3.72,3926.641,483.156,1368.318,-601.448,-0.11637112810037843,9137.587,11183.643,-0.0522686285333693,17486.578,0.06349347270547967,-0.36044416466160506,0.6442890746780812,-1.8269829279597374,1,1
13391,2021.0,151157.0,0.2286298625410429,11.946146703806871,22.670071506295663,88.41259169445287,0.3417606540004542,86960.0,1.8717501877275755,11.98,57463.0,5762.0,7895.0,12866.0,3.899969687784177,51080.0,132110.0,0.182287017752653,110225.0,0.21941603559996878,0.19854842367883874,0.1441753084550753,0.25423008922814766,0,0
4155,2021.0,2184.408,0.03993198464246874,0.9766536964980546,35.28374501992032,2.5049816147515576,0.39611059429885903,1180.823,1.378927273855597,0.98,508.841,64.047,117.807,41.917,0.07099534398452625,1109.6979999999999,1955.363,0.02955998172114593,2246.947,0.07607854530633826,-0.12976897096371212,0.1171368180741887,0.3508798827809535,0,0
4171,2021.0,11386.189,0.07158281736397978,1.681985304332203,28.947934250431125,4.0910281940155135,0.20876702223519222,7602.532,0.9697404656024122,1.69,6128.085,1041.407,1731.646,908.082,0.1413236660904253,7532.026999999999,9608.462,0.09164878432002642,9497.317,0.1207060694506995,0.011702778795316662,0.1850168112232739,-0.21894416936266953,1,1
105894,2021.0,8352.0,0.03943841397064678,-1.4019979831542597,-15.435114928848641,1.9935411595655805,0.3278511728228633,4986.0,0.22162469003017538,-1.45,-935.0,-104.0,1038.0,-773.0,-0.129156223893066,31580.0,7418.0,-0.023094619222610618,12301.0,0.02232004289060075,-0.39695959678074955,0.12590994877325426,-2.707688426923051,0,0
38042,2021.0,12168.302,0.11197630736606368,4.789548904916047,28.530870591955104,5.552635706258668,0.15301995844373312,8161.985,1.6255073082754252,4.79,4984.739,278.302,313.302,506.035,0.19461851640182176,5027.536,9636.573,0.08535851808969379,9165.258,0.09437649039802562,0.05142408429746337,0.26272088635659163,0.3118351849595164,1,1
4236,2021.0,6074.0,0.007439792260318044,0.8031875831328641,15.724844687882499,1.1893351333086466,0.7188992929485954,1471.0,0.04253157561078691,0.71,2070.0,5425.0,6712.0,817.0,0.07563414182558785,17378.0,5233.0,0.0066402249711471255,5640.0,0.01294471661070439,-0.07216312056737588,0.1607108733040321,0.12041268069156846,1,1
4465,2021.0,2765.0,0.08871374880798788,0.838150289017341,91.89282758620689,3.133102896914973,0.3574945516183712,1592.0,0.5792500467551899,0.79,2039.9,247.7,859.8,72.5,0.03409518434913469,3111.0,2477.8,0.016948756311950624,2846.4,0.07914404654672932,-0.12949690837549183,0.11590927435628372,4.234233543462745,0,0
12960,2021.0,1109.597,0.04195133809781001,0.2693511719289071,109.07693398770358,2.744133381544947,0.36281504829169153,547.44,0.23041445981785233,0.28,372.382,17.514,84.507,37.084,0.02515777883758905,3619.436,859.154,0.009945469412800542,711.556,0.02065888942172586,0.2074299141599536,0.29149954490114693,3.218135550627262,1,1
100226,2021.0,1458.084,0.03405443300513209,4.704867028655226,20.41077875636538,1.8929311400870321,0.3562291177578923,869.56,0.19037104291268914,4.7,1690.745,57.862,300.116,237.417,0.09274174016984507,6674.552,1350.729,0.03346142852874404,1346.383,0.03506203170179611,0.003227907660747353,0.0794793033983871,0.01772203108061108,0,0
4307,2021.0,14455.0,0.16756857622690802,6.659299021155668,30.61583499288762,20.2982697265011,0.43518371242245907,7102.0,0.8054060978734306,6.66,21472.0,583.0,2564.0,2109.0,0.6629990569003458,12514.0,12574.0,0.13508839354342814,14109.0,0.16730820281391026,-0.10879580409667589,0.1495944011452203,0.24043651591014123,0,0
4319,2021.0,35580.0,0.060786621548722476,-2.5297073740220712,-9.550511750134627,0.8280558558222056,0.07616313023165272,18983.0,0.5402960742552129,-2.53,20061.0,-947.0,771.0,-1857.0,-0.08670277336819497,34548.0,20548.0,-0.048828587205174724,32194.0,0.0521487662075995,-0.36174442442691185,0.73155538251898,-2.24489822515857,1,1
129397,2021.0,5675.3,0.12440818397024012,-1.7262638717632552,-7.901457142857144,3.7457916426512963,0.19258062655051056,2799.0,1.9236446368126077,-1.73,-238.1,2.7,62.5,-65.8,-0.4740634005763688,1374.5,3466.6,-0.03651295710559902,4501.6,0.040761810536730156,-0.22991825128843085,0.637137252639474,-4.407233865239661,1,1
35316,2021.0,1200.398,0.04152754355640397,-1.2261182326469384,-8.563611338959252,1.8863715708432098,0.41443555565223855,646.031,0.8447570502851813,-1.23,72.753,21.752,103.053,-71.929,-0.22027757871978146,1144.2710000000002,1103.262,-0.055075340100504515,1343.029,0.055655146098272094,-0.17852704595358704,0.08804436298902706,-1.754013383859677,0,0
4427,2021.0,57350.0,0.04350724615722608,6.262231796677992,20.101459685152058,5.4555109792688254,0.5649959250203749,32025.0,0.4720108225247001,6.18,133380.0,5361.0,14275.0,5590.0,0.27139874739039666,136788.0,73620.0,0.035839995896673096,77147.0,0.06197022065104543,-0.04571791514900126,-0.22099972833469167,0.21392999828062778,0,0
4435,2021.0,11656.0,0.00680821019718594,3.396622341917747,32.043597740262314,1.8442164086340482,0.43660713038863824,2864.424,0.37506361728607895,3.25,3458.627,35.927,656.836,363.228,0.05755335039413559,12343.148000000001,5084.239,0.02679527999757445,5140.084,0.03430863996003435,-0.010864608438305728,1.2925751523482671,-0.7459175572040214,1,1
4454,2021.0,19363.0,0.06940537970922632,1.2261012016809287,40.5513019087137,2.48863350140056,0.22342079689018465,15982.0,0.6488429283056939,1.23,3728.0,84.0,595.0,482.0,0.06137000254647314,28803.0,20580.0,0.015196418437480295,22376.0,0.03659884676286935,-0.08026456918126564,-0.05913508260447036,3.5672195718200013,0,0
4471,2021.0,47071.0,0.036650795906765204,1.6599210266535045,24.525263157894738,1.5382032823573295,0.2983856525187402,27424.0,0.24387306895605082,1.48,-11396.0,-186.0,490.0,3363.0,0.06271913465124954,156267.0,39087.0,0.020982555092465497,50069.0,0.03494233442968353,-0.21933731450598173,0.20426228669378566,0.7467270189570918,1,1
38908,2021.0,872.457,-0.050095048986785504,-0.8213051433218134,-10.897289603960395,0.9231063124913882,0.30512796098221556,591.12,0.8992664757537413,-0.83,103.974,25.235,105.298,-28.28,-0.08470971645609053,755.259,850.689,-0.029894892180709762,927.964,-0.06258112063239474,-0.08327370458336755,0.02558866988993631,0.6757059595321193,0,0
4541,2021.0,14092.632,0.03260047473420495,3.7905555384283383,24.473985161147336,2.069690170352314,0.2042158255617041,10796.384,1.0981534200941159,2.69,3087.518,231.356,1209.934,491.817,0.08456694554338316,10082.664999999999,13566.975,0.039809207329594684,12737.868,0.07390782163137499,0.0650899349875505,0.03874533564040615,-0.18108204304863582,0,0
4548,2021.0,9903.58,0.07048347075391358,2.427916575352473,37.670157586333985,2.439743670189236,0.17074486581370754,7295.008,1.7372312316344907,2.41,2371.088,543.642,903.562,132.943,0.06476595338359638,3488.392,8797.061,0.026253396631805113,9174.611,0.06731178103155086,-0.041151608498714666,0.1257828040523989,1.6847372072429365,0,0
48345,2021.0,23674.0,0.03907853903079494,0.8688791183975171,47.014595166402536,1.7003616409697941,0.3689115920598647,14084.0,0.5467842704887909,0.84,1693.0,-861.0,1960.0,631.0,0.03616667621940735,35735.0,22317.0,0.015460002450079627,23968.0,0.1341783526852224,-0.06888351134846461,0.060805663843706594,1.527718812269248,0,0
12094,2021.0,6918.734,0.2023431904823659,7.826946951325413,24.847491775457456,11.343056594372978,0.6210249199851751,2200.49,0.6256949383402515,7.76,575.156,218.415,1980.472,1216.785,0.45650710731200744,7035.207999999999,5806.424,0.13111963844671745,4568.904,0.13050062851639493,0.2708570808228843,0.1915654109999546,0.5431951527580765,1,1
131150,2021.0,16610.0,0.02533515110202227,0.05255587152871781,260.1041444537815,0.9846161467743988,0.4845299145299145,6031.0,0.16256096036013504,0.05,-10343.0,1000.0,1209.0,119.0,0.0037854688891716505,69927.0,11700.0,0.0016533978019535104,13209.0,0.029531938994295886,-0.11424029071087895,0.41965811965811967,14.323082607276039,1,1
4641,2021.0,708.993,0.03644276676662645,-2.5156729069725503,-22.709629634940207,2.1218306008000667,0.35761843512535385,503.922,0.6004770386859084,-2.54,597.943,-335.451,129.498,-69.742,-0.0934330781659026,1116.695,784.459,-0.05338516051448531,761.608,0.14787697603074965,0.030003623911513535,-0.09620133110844531,-1.6826385163108803,0,0
4651,2021.0,2947.3,0.050363920560792474,6.776719716190539,30.122243290113452,4.586954960758181,0.5285649168122769,1241.1,0.2642111601766359,6.57,3220.0,39.4,188.2,617.0,0.15227799990127844,9601.199999999999,2632.6,0.061922922521075875,2866.0,0.05506396370621654,-0.08143754361479418,0.11953961862797245,-0.18666757784807747,0,0
4686,2021.0,14181.0,0.08185719000990208,3.63778057582199,17.106584276578737,6.876714951799485,0.3786492374727669,8556.0,0.7651700377861747,3.65,6594.0,38.0,435.0,1251.0,0.4019922879177378,15090.0,13770.0,0.06951544787730607,13578.0,0.05465725347301298,0.014140521431727796,0.029847494553376906,0.1775395614853699,0,0
4690,2021.0,4909.7,0.053935457121138834,-1.8320610687022902,-11.227791666666667,0.6719875311720698,0.18697962798937115,3671.6,1.762754205862836,-1.83,1158.7,197.1,223.0,-72.0,-0.059850374064837904,1803.9,4516.0,-0.028104141457512003,5355.6,0.04531161815689753,-0.15677048323250437,0.08717891939769704,-2.919128438870078,0,0
4697,2021.0,1841.441,0.02041968503553019,-0.06826815238233058,-420.5474880763117,1.9357251531647268,0.34459039784013734,1235.647,0.6206579490128856,-0.07,587.656,424.669,606.684,-5.661,-0.004602869373965858,2266.2659999999996,1885.305,-0.0018636478709609028,2375.234,0.09107699559043156,-0.2062655721499439,-0.0232662619576143,-11.956836510644973,0,0
4738,2021.0,19440.0,0.10169871615181925,6.9437063804159145,19.417583724489795,72.95552223642173,0.4128004179728318,11239.0,1.0922787193973635,6.9,4395.0,-139.0,303.0,2352.0,3.757188498402556,13884.0,19140.0,0.1342235918507105,18450.0,0.14113721128050774,0.03739837398373984,0.01567398119122257,-0.24231862111890795,0,0
4753,2021.0,2246.66,-0.04574015898684642,-4.539558279756155,-11.41741041879169,1.0089042851130854,0.28487967254426616,1552.818,0.366533461036087,-4.55,2531.941,55.601,80.338,-272.546,-0.08836542158916787,5681.329000000001,2171.408,-0.046005738521522156,2838.399,0.023415813236735656,-0.2349884565207358,0.03465585463441231,-0.00577274799211177,0,0
4788,2021.0,137888.0,0.033716334596422606,3.4102902374670183,10.116441005802708,2.730889724310777,0.23321861462059804,101597.0,2.7228227364267807,3.31,22388.0,1288.0,3054.0,2585.0,0.26994569757727654,38929.0,132498.0,0.053121532201717975,122286.0,0.03665812267986565,0.08350915067955449,0.040679859318631224,-0.3652981531407672,0,0
61370,2021.0,315.612,0.020458753020176346,0.36490907707524917,17.730444120100085,1.3529866348448687,0.2743210781586475,221.737,1.773787754770322,0.37,-2.013,2.551,3.517,9.592,0.07630867143993636,154.53,305.558,0.055682299739352036,328.852,-0.0812481352560915,-0.07083429627917721,0.03290373677010594,-0.6325806743625273,0,0
4805,2021.0,556.239,0.03843879100314255,-2.119658997534922,-1.5993138537578135,0.6752120455800823,0.23046203418005437,270.351,0.33353776979441796,-3.53,-41.487,-6.527,16.264,-61.911,-0.42218858043002394,990.4869999999999,351.316,-0.05877801428270335,365.07,-0.058261498278806674,-0.037674966444791465,0.5833010736772595,-1.6539654575308433,1,1
4820,2021.0,2356.811,0.07764497391165728,2.346972068517008,18.943557359032884,2.6073112794086084,0.4464417925043996,960.005,0.9708462416070563,2.31,397.489,131.175,415.272,106.461,0.13763577927803303,1276.898,1734.244,0.05959787765027806,1703.982,0.053989542048200244,0.01775957727252984,0.3589846642110339,0.3028144117359357,1,1
39147,2021.0,14626.15,0.24593635902802843,15.493962059023886,20.876519431749394,9.088220355596352,0.48027792865835406,5220.471,0.6899308725358192,15.55,11426.38,1255.687,6710.252,2251.753,0.43533216278259584,7256.407999999999,10044.736,0.15466348861982518,9653.559,0.18259888297408294,0.040521532007004,0.4561009866262288,0.5901384432919332,1,1
4915,2021.0,5072.6,0.07582009684773801,1.8672699849170438,23.724474959612277,4.226636926176428,0.23713845147423018,3265.2,0.9003365586874211,1.82,2710.0,101.3,348.9,247.6,0.17815513023456614,3851.2999999999997,4280.2,0.05208245687841817,4752.5,0.06930487501038121,-0.09937927406628094,0.18513153590953707,0.4557703570845982,1,1
4930,2021.0,27130.676,0.13340582438246848,7.883095244948017,9.623123613610511,1.3182292839687075,0.23417364886623385,17222.557,0.7512517463985597,7.88,10564.189,1464.039,2932.73,2465.036,0.1369855918824802,25965.109,22488.854,0.08234579671935796,22259.561,0.06297965930018384,0.010300877002920131,0.20640544867248461,0.6200684151144689,1,1
8091,2021.0,9039.883,0.027719173413862073,3.104047631440915,7.322696910243164,0.6036691644619947,0.4906508547383312,3542.997,0.1309515400628393,2.68,6242.919,1184.537,14803.495,775.239,0.0824380923942882,26130.836999999992,6955.93,0.014594560463773425,5081.497,0.019504477071418627,0.36887417231575653,0.2995937279414829,0.8992811385218844,1,1
4978,2021.0,28318.4,0.11436503708560422,6.8318644591270585,24.71360505029304,27.13213549347703,0.8253571748751009,4285.7,0.5262313678481594,6.82,1333.8,1319.6,3681.3,6193.7,1.097862308564946,41345.1,24539.8,0.13281767671460828,22319.5,0.21173901201697293,0.09947803490221552,0.15397843503207045,-0.1389321066702148,1,1
4980,2021.0,7882.0,0.22120809824095586,3.035971223021583,13.425687203791467,-17.116737160120845,0.45268844433189837,6484.0,1.0238527352864921,3.04,-1338.0,2434.0,3903.0,844.0,-1.2749244712990937,6985.0,11847.0,0.07294097312246133,12914.0,-0.03614814814814815,-0.08262350936967632,-0.33468388621591966,2.032700124106754,0,0
4990,2021.0,18551.0,0.0036276694354003733,2.5944990381115787,19.391026653306618,0.4262796731133531,0.057881916251014964,16244.0,0.04711598369167204,2.58,17617.0,-855.0,9553.0,499.0,0.021983347284021324,350173.0,17242.0,0.001363581711062774,17236.0,0.0026466643366461445,0.0003481086098862845,0.07591926690639136,1.6603975441801517,0,0
5271,2021.0,67044.0,0.12413264403514634,24.491039426523297,14.494280696619349,16.465406483790524,0.15246643628245513,55427.0,1.289647012423585,24.6,5515.0,1646.0,3160.0,6833.0,1.1359933499584371,46670.0,65398.0,0.13474659830408203,59812.0,0.13108062615721258,0.09339263024142312,0.025168965411786294,-0.078769738179091,0,0
5027,2021.0,13688.0,0.019332075564158478,-3.4582539346460583,-13.018130204081633,0.6786046595744682,0.06660309543020612,12725.0,0.16991126177775562,-3.32,14731.0,142.0,6652.0,-931.0,-0.052127659574468084,73492.0,13633.0,-0.011603270352460242,14701.0,0.011332271439514608,-0.0726481191755663,0.004034328467688696,-2.6660885230567346,0,0
13027,2021.0,2930.223,0.061823822120448194,-2.8893151152028835,-2.31888864068381,1.0079366853227565,0.2523916573379576,1470.58,0.3205257477021107,-2.95,-4019.164,-0.088,0.458,-711.777,-0.4346636865776915,6004.057,1967.046,-0.11598247073132262,2826.478,-0.25955722904366235,-0.3040646345027274,0.48965657132573404,-1.5330445344940546,1,1
5057,2021.0,4553.0,0.6276207839562443,4.6969126506024095,7.913709018036073,3.2001141004862235,0.3479196556671449,1818.0,1.336529242569511,4.48,1055.0,340.0,535.0,499.0,0.40437601296596437,1426.0,2788.0,0.2392138063279003,2310.0,-0.0027247956403269754,0.20692640692640693,0.6330703012912482,1.623681273211875,1,1
5671,2021.0,5680.733,0.042436873171736285,1.9459460807292965,13.535832395791955,1.7153521818840214,0.15002033346888974,4702.725,0.68701036038072,1.95,1510.285,-6.912,59.547,390.205,0.12672675988639556,7567.561000000001,5532.75,0.0484523749803188,5336.776,0.04366138539350016,0.036721421322536335,0.026746735348606058,-0.12415287818246248,0,0
5197,2021.0,1720.2,0.0061964849031095086,-0.5523264220236546,-24.098068586387438,0.7152651282051282,0.20223084384093118,1151.5,0.9001559089491737,-0.55,119.4,-70.6,128.7,-19.1,-0.029681429681429682,1296.7,1443.4,-0.01191144371686935,1834.1,0.028806329974655376,-0.21302000981407765,0.19176943328252732,-1.520212750897178,1,1
70118,2021.0,5218.0,0.05566670589619866,-1.8390367553865652,-3.6268986905582357,0.4983079253858536,0.5642701525054467,1400.0,0.1789374025395411,-1.83,6539.0,-116.0,742.0,-1451.0,-0.13739229239655334,16377.0,3213.0,-0.08080864335041212,4991.0,0.0237095579155347,-0.35624123422159887,0.6240273887332711,-1.6888706899187755,1,1
5225,2021.0,458.244,-0.036430848875047224,-4.0187671012393364,-3.3542625537675326,0.8396568836809211,-0.06966695836558862,254.247,0.18951695851784991,-4.02,316.964,-11.53,14.088,-124.843,-0.2503253308951061,1226.9320000000002,237.688,-0.09954169184916335,820.863,0.030913355493655766,-0.7104413282118941,0.9279223183332774,-0.6340141683521784,1,1
5262,2021.0,2923.0,-0.0009715025906735751,-1.0377091012191664,-14.098363387978143,1.6326533776301217,-0.5125156445556946,2417.0,0.12397207137315748,-1.04,-1254.0,726.0,2337.0,-732.0,-0.11580446131941148,10482.0,1598.0,-0.05678820791311094,5515.0,0.07476635514018691,-0.7102447869446963,0.8291614518147684,-0.9828925295166907,1,1
5264,2021.0,19820.0,0.09139816214958707,3.970637763995218,29.466299107142856,6.525050417398945,0.25476079888527636,12836.0,0.5211655420738903,3.98,11162.0,934.0,2089.0,2016.0,0.22144112478031636,28586.0,17224.0,0.061000332839117676,16652.0,0.05555378384411774,0.03435022820081672,0.15071992568509057,0.49832235162782884,1,1
5281,2021.0,8375.0,0.07354260089686099,4.728892331525949,11.61582800982801,72.73295384615385,0.3795214245965498,4460.0,1.2442444175177427,3.05,-63.0,629.0,1326.0,1221.0,6.2615384615384615,3558.0,7188.0,0.21135537476198718,6707.0,0.18559777203103242,0.07171611748919039,0.16513633834168057,-0.6520429112357363,1,1
5302,2021.0,5457.741,0.1412264576172204,0.36366456059735786,47.98377925893167,10.188918122624061,0.5258293590711353,2173.437,0.8302094025291025,0.36,595.233,132.153,762.181,126.628,0.2123408843568215,4263.545,4583.66,0.02293533033066484,4510.371,-0.040094448573638,0.01624899592516885,0.19069499046613408,5.157594226074816,1,1
5324,2021.0,6317.9,0.05852407444714779,5.600599475458973,33.38571180090982,6.35553882988207,0.4381304340063914,3147.2,0.4633117447083054,5.6,1944.8,268.2,423.6,747.4,0.1903670308957999,10633.800000000001,5601.3,0.061821219715956555,5347.4,0.06781443915808572,0.04748101881288113,0.12793458661382168,-0.05333355252383902,0,0
81939,2021.0,263966.0,0.01759929223672154,-28.727848101265824,-6.789231108173606,-1467.4438095238097,0.052176906157126786,225798.0,3.664200569099439,-28.26,6722.0,2373.0,6396.0,-4539.0,216.14285714285714,19644.0,238228.0,-0.0698146581558102,231051.0,0.014694597286397701,0.031062406135441957,0.10803935725439495,-1.2520859186539879,0,0
5384,2021.0,31686.0,0.05538519031446126,2.6802418015149385,48.84633913477537,3.4249805343392703,0.6886808115018096,9376.0,0.32354995004458387,2.68,25109.0,-547.0,10864.0,3606.0,0.07011744574939721,80113.0,30117.0,0.038739619479389364,28913.0,0.05280684537264718,0.04164216788295922,0.05209682239266859,0.42967822241846854,0,0
5395,2021.0,292111.0,0.03394864355641011,5.480152671755725,12.463156428471931,1.289440689446454,0.1894157578828535,217560.0,1.1633357172268817,5.49,51054.0,2176.0,10854.0,7179.0,0.10346020262577642,184992.0,268399.0,0.031116312333398347,256776.0,0.029822566071324212,0.04526513381312895,0.08834608176632551,0.09102400029491009,0,0
5431,2021.0,48704.0,0.12346017749351902,2.793031136349085,29.28717798217065,8.17523746099459,0.7923282076926282,9967.0,0.5240206140542429,2.79,40728.0,-1769.0,8164.0,7067.0,0.2791404984792827,78830.0,47994.0,0.07716076341878848,46840.0,0.11662736827138405,0.024637062339880444,0.014793515856148685,0.6000383099301572,0,0
5434,2021.0,2977.4,0.055086420640339216,-5.1607929515418505,-2.819334186939821,1.7016228748068007,0.6322403987923892,1047.6,0.5169779132865102,-9.85,115.2,87.4,132.4,-234.3,-0.6035548686244204,5256.6,2848.6,-0.04252191430282572,3188.5,0.00754452573775033,-0.10660185039987458,0.045215193428350835,-2.295483083100013,0,0
39426,2021.0,27705.0,0.09959387585175619,2.4141958670260557,18.85099739486416,1.298918607036619,0.5655236762304642,9313.0,0.39932560825664143,2.42,33455.0,411.0,8142.0,2687.0,0.06890450302595139,43345.0,21435.0,0.05005775177912739,23406.0,0.12913453474338782,-0.08420917713406818,0.2925122463261022,0.989579481939177,1,1
5551,2021.0,3946.0,-0.006003544528134693,2.932456927950668,16.300324667822068,3.321076035781544,0.4250537503549552,1417.3,1.195547795722392,2.94,743.3,-57.6,404.1,173.1,0.20374293785310732,1479.4,2465.1,0.08395169503855666,2486.6,-0.004430595452553678,-0.008646344406016247,0.6007464200235285,-1.0715118917536737,1,1
5569,2021.0,1400.182,0.008905039066998943,3.074152759291492,48.59550311820883,7.310730939249356,0.46707258368979016,718.505,0.7200184354045215,3.09,883.392,8.491,236.054,120.101,0.1504404825579429,1549.5759999999998,1348.223,0.0641399339059773,1401.981,0.07842763062218448,-0.038344314223944576,0.0385388767288498,-0.8611623286040045,0,0
5584,2021.0,1419.2,0.026293706293706292,3.3445329749448014,18.519775545350175,1.4059726749760306,0.31537079804978185,800.4,0.19214081451533377,3.36,833.7,-27.3,45.1,174.2,0.07591737121938465,5929.5,1169.1,0.028629655195082666,1240.5,0.03385131684540745,-0.057557436517533325,0.21392524163886764,-0.08159193275151944,1,1
5634,2021.0,2050.1,0.05970567624386826,-4.083333333333333,-3.6171428571428574,2.185638084313163,0.20050873700508742,1445.8,1.4164643220803634,-4.11,98.0,-25.2,41.5,-210.7,-0.6042443361055349,1001.3,1808.4,-0.16503485548680188,1975.5,-0.0014321984245817332,-0.08458618071374331,0.13365405883654047,-1.361776159755798,0,0
66475,2021.0,1698.551,0.289760341412474,19.160250650271934,9.376182142870364,5.700743901679519,0.840694410676501,264.713,0.8880397442447588,19.24,944.54,437.166,489.941,810.287,0.6080026832685153,1294.907,1661.668,0.4330390067359141,534.89,0.08005669323842012,2.106560227336461,0.02219637135697386,-0.3308678042733865,0,0
5683,2021.0,2851.993,0.04579442491761984,0.28617173412920477,221.99956328082564,1.6439014772143128,0.2957722406999488,2031.383,0.8942049351004439,0.28,1827.281,-7.476,85.072,9.205,0.007404976176168445,2963.891,2884.554,0.0028535282846497536,2904.663,0.05771815054538238,-0.00692300621449026,-0.011288053543112781,15.048351496624718,0,0
5718,2021.0,8171.0,0.10214127492000985,5.6021251475796925,30.35633719704953,-51.627534050179214,0.5176692743458322,3576.0,0.6816844428098565,5.58,-1319.0,253.0,1254.0,949.0,-1.700716845878136,8846.0,7414.0,0.08725634424420743,7887.0,0.08156361586168014,-0.0599721059972106,0.10210412732667926,0.17058852057958598,0,0
5750,2021.0,2275.365,-0.007148416196503813,-7.479065618916791,-1.617849156102533,0.44100599928292394,-0.027075221171016847,2007.285,0.18401254437967873,-7.43,4768.205,3.846,310.606,-1148.777,-0.2725878352870214,9903.149000000001,1954.37,-0.10816241484204844,2816.255,0.09811252357809494,-0.30603940339209346,0.16424474383049265,-0.9339103494782103,1,1
5764,2021.0,761.435,0.06921487816505657,1.0236073605968654,20.300752808072016,3.9473208884188264,0.37824005768375435,317.327,1.275874654700449,1.03,-133.691,-47.226,28.301,36.769,0.1944420941300899,310.564,510.369,0.09191905303551116,515.698,0.06890487881542395,-0.010333567320408361,0.49193034843417194,-0.24700183607943904,1,1
5735,2021.0,17886.3,-0.023140685741792903,-0.5550602537418303,-33.76210037319002,0.9853242357574464,0.5582381051319344,5315.5,0.1954819423911101,-1.11,4503.2,358.8,934.9,-669.9,-0.029184328725587152,59272.4,12032.5,-0.01088330381947265,11500.5,0.0005375053990497673,0.04625885831050824,0.48649906503220436,1.12625560451497,1,1
5771,2021.0,93851.0,0.010089304447553947,2.068475868282453,14.653301237286241,1.0555209140386612,0.7915266711465233,19545.0,0.03325014266071363,1.88,162432.0,218903.0,691067.0,17894.0,0.07203297720740377,333080.0,93753.0,0.006346229483545164,113589.0,0.011269149440096233,-0.17462958561128278,0.0010452998837370538,0.5898108433856708,0,0
90883,2021.0,7156.0,0.008332617472725712,-0.6119287374128582,-61.396037974683544,4.62813645038168,0.32447236990494605,4193.0,0.7376990729736154,-0.3,679.0,-157.0,338.0,-79.0,-0.07538167938931298,7444.0,6207.0,-0.009389113382457808,6915.0,0.06275731612328919,-0.10238611713665943,0.15289189624617366,-1.8874764989305588,1,1
5864,2021.0,1742.659,0.048714738791599266,-1.3608047935792427,-29.827937255599004,1.8721550000862075,0.507960015288196,760.837,0.22201082996467303,-1.41,876.873,-6.719,20.541,-123.772,-0.06276515147673462,6810.268,1546.291,-0.01777073296448567,1693.332,0.047087992445865985,-0.08683530459472812,0.1269929140116577,-3.741290350204145,0,0
5881,2021.0,19485.0,0.03314115812756083,3.761666823795607,10.614975187969925,151.26339642857144,0.11989795918367346,15525.0,0.6507784254408618,3.8,-2409.0,2184.0,2446.0,399.0,14.25,23343.0,17640.0,0.014719988194495683,18479.0,-0.00993533467517451,-0.045402889766762274,0.10459183673469388,1.2514391784603103,0,0
5988,2021.0,2156.613,0.020601935103467535,2.0210632731972193,13.369200439358702,1.4054064201503556,0.1721259702262615,1617.391,0.35076076312946136,2.05,1103.982,115.36,117.012,193.919,0.10512269798969151,,1953.668,0.03481613888608608,2592.045,0.0387618526018269,-0.24628314709042481,0.1038789599870602,-0.4082647943565939,0,0
6012,2021.0,2074.877,0.08578850812836276,0.5986305465853367,86.48071885957465,6.531021028021519,0.46165003120025966,960.222,0.7729113411729224,0.6,1262.405,54.446,595.845,100.103,0.0755199669261126,1588.6869999999997,1783.639,0.04337802884184134,1812.184,0.0669970102501606,-0.015751711746710088,0.16328304101895064,0.9776949395545922,1,1
6025,2021.0,12222.0,0.028744699733754066,3.53625,16.93601979498056,2.08240611961057,0.5625815430112203,5029.0,0.27791341342551185,3.32,3786.0,3299.0,5832.0,2829.0,0.12295723226703756,34950.0,11497.0,0.06838453914767097,9740.0,0.07017061089708311,0.18039014373716633,0.06305992867704618,-0.5796608401252485,0,0
16861,2021.0,46710.0,0.14994667790977406,3.629277566539924,37.599769512833944,16.866443173807472,0.4656922178813597,23797.0,1.180127186009539,3.64,2799.0,1541.0,13476.0,5727.0,0.4485783661001018,21428.0,44538.0,0.15174880763116058,37403.0,0.0810095080084232,0.1907600994572628,0.048767344739323724,-0.011875742218461192,0,0
6068,2021.0,14789.0,0.020069906415604917,-4.3726235741444865,-8.107260869565218,18.341016393442626,0.3561362575828278,6899.0,1.1234011323128539,-4.39,-2900.0,-172.0,681.0,-690.0,-2.262295081967213,6897.0,10715.0,-0.07234221010694065,15524.0,0.05093971449111636,-0.3097784076269003,0.3802146523565096,-1.277430097669623,1,1
17583,2021.0,11142.0,0.07806614189592913,7.985084987802217,29.756727744659713,4.049779795145697,0.471345387680049,5175.0,0.2578631262841789,7.88,12289.0,535.0,1115.0,2013.0,0.1360962747616794,36295.0,9789.0,0.05302671092144776,11296.0,0.0717770218600849,-0.1334100566572238,0.13821636530799877,0.4722041125947648,0,0
46542,2021.0,191.846,0.09487993375655533,2.09591952394446,12.548191712296356,0.6174670019692373,0.20997103525601085,101.465,0.2697137001001724,2.11,282.671,-34.442,88.45,14.793,0.049207648091968696,382.082,128.432,0.03106604869177347,140.99,0.08910612829465817,-0.08907014681892347,0.49375545035505186,2.0541358734714232,1,1
12628,2021.0,732.393,0.12034132114141574,-4.807639248146232,-4.297327426962464,1.1268984912901163,0.5630029403807684,221.294,0.7040557130483263,-4.8,434.181,37.985,224.157,-111.518,-0.262232401519997,466.9129999999999,506.397,-0.15504611008304403,700.966,0.0503937175147644,-0.27757266400938135,0.4462822647053597,-1.7761647233649387,1,1
6114,2021.0,9863.085,0.025169582107980214,3.5140776897193207,24.618123911457918,2.109632118909244,0.33934951479207537,5882.716,0.19315634813127872,3.56,4536.79,147.887,106.599,1205.167,0.08569426843803342,44622.352,8904.43,0.02614267916175755,8526.47,0.022105215420273095,0.04432784024338337,0.10766045664910598,-0.037222545086381856,0,0
54407,2021.0,4899.6,0.024212543828057407,-0.04492546457014499,-510.6235454545454,1.8445413570871476,0.3725356174039345,2937.6,0.2124135114902112,-0.19,-1921.9,-22.8,125.6,-17.6,-0.0036123311850909242,21325.9,4681.7,-0.000798529978902475,5208.9,0.016906592291194098,-0.1012113882009637,0.046542922442702556,-31.321396150130642,0,0
6129,2021.0,13431.0,0.027605400079514616,2.740781262210711,24.325180896130345,2.4583870641509433,0.3525941349991324,7462.0,0.21361454491539558,2.79,5827.0,-119.0,129.0,1473.0,0.10106346483704974,52591.0,11526.0,0.027299516281483402,11529.0,0.027196320964161115,-0.00026021337496747333,0.1652785007808433,0.011204733258907133,1,1
6160,2021.0,6488.3,0.00840340247256781,5.805875490304337,16.042369519556768,1.795734441009312,0.9483740934122613,325.3,0.037064443815700704,5.48,12635.7,-69.7,65862.2,1209.3,0.11193698280171058,-39736.3,6301.1,0.007113366222774889,6895.1,0.01090563070239804,-0.08614813418224536,0.029709098411388458,0.1813538357778639,0,0
6136,2021.0,35667.0,0.16451772000281828,19.128223276570473,15.930387030417062,4.80215561395217,0.23764232723715317,28054.0,0.8275202950369921,19.08,10354.0,2662.0,4907.0,3189.0,0.30144626146138576,37756.0,36799.0,0.0717128786345544,33841.0,0.054710506461583396,0.087408764516415,-0.030761705481127204,1.294116804893486,0,0
55952,2021.0,3886.8,0.07714335603282696,-0.15451895043731778,-225.79754716981134,2.5973456321215407,0.20257443765440133,2453.2,1.0147107328979483,0.13,541.9,130.0,665.0,-10.6,-0.011502984264785675,1996.9,3076.4,-0.003496272841216439,4353.1,0.01702340718487921,-0.29328524499781766,0.2634247822129762,-23.064455360407997,1,1
6145,2021.0,860.4,0.01935391492012506,2.5100853247899573,18.322086323439393,1.5829142273326187,0.3257604251892581,521.645,0.2059640414345837,2.3,323.621,20.52,30.168,76.781,0.08639377630852012,3628.245,773.679,0.020440163252962495,746.372,0.018006658394716685,0.036586313527302766,0.11208912223286402,-0.05314284036748096,0,0
6155,2021.0,1372.316,0.0275557216541751,3.068278411449582,19.004142447572722,1.4187557422820989,0.3547665329073056,773.422,0.18760146610451076,3.07,662.842,5.026,17.096,155.215,0.07465507829127578,6271.965,1198.67,0.024292392035682578,1257.91,0.034195599778165095,-0.047093989236113874,0.14486555932825543,0.1343354583484034,0,0
6139,2021.0,81732.0,0.011061215522250763,0.7965712446226614,37.88738321114814,0.7596992697386804,0.7248919716573478,22092.0,0.04107227888416465,0.42,163084.0,123362.0,330284.0,3301.0,0.020051510696973748,220498.0,80303.0,0.0016883502807694295,102453.0,0.010141863656289963,-0.2161966950699345,0.017795101054755114,5.551493282075239,0,0
6178,2021.0,36483.939,0.2643938335454434,2.387037006402091,22.282855212274935,1.4901205617191744,0.14962597676683492,17126.242,1.0007087563105597,2.37,11224.991,1220.324,3047.675,721.47,0.06687296342967364,15645.560000000001,20139.658,0.035848739160087996,22588.858,0.06929224004405422,-0.10842513596747567,0.811547097770975,6.3752617174275645,1,1
6210,2021.0,25956.0,0.030945146329761714,-15.921409577751463,-1.0872152943159599,1.8300408614232209,0.3643101802459431,11321.0,0.22243455235811352,-15.65,2708.0,-1380.0,2178.0,-14831.0,-1.683236863012144,74899.0,17809.0,-0.18523930855315748,20393.0,-0.00610079575596817,-0.12671014563820918,0.4574653265202987,-1.1670549656628713,1,1
11466,2021.0,1869.275,-0.025119990788946125,-5.002124702944374,-1.5893246314551963,1.430007571174474,0.1909065594245602,1478.933,0.8934653800244593,-5.01,991.914,78.361,462.195,-496.751,-0.8997580122225561,1489.4400000000003,1827.889,-0.24281005082503926,2048.124,-0.12713857924159228,-0.1075301104815919,0.02264141859817538,-0.8965446829585867,0,0
6247,2021.0,3653.7,0.05848616575707577,-0.8684999999999999,-36.6839378238342,1.7545018998843547,0.4329736606511803,1203.4,0.19799791021382993,-0.87,2512.5,1.1,1.1,-173.7,-0.04782752354204526,10466.199999999999,2122.3,-0.01620517222077098,2231.6,0.03933129541104651,-0.04897831152536285,0.7215756490599818,-4.6091048561712356,1,1
6266,2021.0,8910.6,0.1522359322352278,-6.138607594936709,-4.000907310031962,2.6747173972980427,0.15486279958318858,4866.3,0.6961757487093303,-6.14,-845.0,-31.2,189.7,-969.9,-0.6685277088502894,7352.0,5758.0,-0.11726656107557823,6110.0,-0.0012298918130564445,-0.05761047463175123,0.5475164987843002,-2.2982041158102335,1,1
35707,2021.0,83.821,0.051606142747289675,1.3787604386759231,14.556553435253768,1.3720658121451197,0.5506039353204754,36.908,0.10581637004807141,1.34,-42.541,1.596,13.564,27.407,0.09425760144720687,762.573,82.128,0.035312064751454965,84.76,0.023251130541201013,-0.03105238319962252,0.020614163257354347,0.46143090500431144,0,0
6248,2021.0,16540.309,0.06348872111316022,1.377495099714075,27.862168081735096,2.825730340834881,0.2980355742672708,5996.35,0.3701344535324567,1.42,-551.449,503.538,524.496,612.809,0.1014181786767439,21834.956000000002,8542.242,0.026552949955617185,10164.367,0.0586177291057573,-0.159589377282422,0.9362959981700355,1.391023265561098,1,1
6331,2021.0,1196.844,0.06416693589078093,2.3113334940921146,18.435245328687234,2.0288239724627597,0.2594328547017381,659.184,0.3452229600745282,2.35,249.371,-20.036,1.163,95.851,0.11005136825088464,2446.386,890.107,0.03717526763198537,919.503,0.03819809596695981,-0.03196944436287872,0.3446068843408715,0.7260652035110594,1,1
6342,2021.0,359.062,-0.04145451090721851,0.34740925143287216,6.1598820157312355,0.4866133418989972,0.2670387779083432,306.885,0.33991996668119895,0.33,-213.617,28.142,69.746,30.004,0.07899718544223312,1153.274,418.692,0.024359096138217816,355.547,0.007380045547854598,0.17759958599003783,-0.14241972619491175,-2.701808255610072,0,0
6343,2021.0,8498.0,0.09935097353969047,-3.6268939393939394,-20.888396866840733,2.050821840553704,0.2966690290574061,4962.0,0.7441198185845375,-3.53,1241.0,545.0,724.0,-383.0,-0.09817995385798513,7882.0,7055.0,-0.040396582638962134,7160.0,0.040475714571257246,-0.014664804469273743,0.20453579021970233,-3.4593905486417893,1,1
6344,2021.0,6381.0,0.016870471014492752,1.582017103574469,7.522042570281125,6.306358922558923,0.22366049483860395,4738.0,0.6871200180139608,1.59,-2120.0,12.0,563.0,249.0,0.8383838383838383,7193.0,6103.0,0.02803422652555731,6703.0,-0.04162330905306972,-0.08951215873489482,0.04555136817958381,-0.39821878092078467,0,0
6347,2021.0,1160.745,0.13712953274814596,-5.665936408313103,-11.514425030305564,2.715706976102216,0.6225150978492693,287.967,0.8812696821058322,-5.77,232.331,13.553,66.013,-95.692,-0.2358525908983358,728.473,762.857,-0.11054556544682856,1137.647,0.06628126061455299,-0.32944314009530196,0.5215761276359788,-2.2404797261099003,1,1
16367,2021.0,19763.0,0.01018322262922409,17.67688679245283,8.429086057371581,1.251183332343097,0.7516153761909977,4536.0,0.03913182294467932,6.37,49618.0,1956.0,92190.0,7495.0,0.14843641692907927,9144.0,18262.0,0.016060289835197212,21624.0,0.013085706625720518,-0.15547539770625232,0.08219253093856095,-0.3659378047520121,0,0
6360,2021.0,16810.0,0.06739731160133015,4.4742823825659315,32.23310190745987,6.000150275971172,0.4381186330467452,7777.0,0.707762323583555,4.46,16870.0,630.0,1928.0,1059.0,0.18614870803304623,15369.0,13841.0,0.054152178359582734,15154.0,0.07019426248023493,-0.08664379041837139,0.21450762228162706,0.24459095908934142,1,1
6365,2021.0,23522.3,0.06320793674087169,3.7461050201961914,23.031922365988912,2.878214436958614,0.1971914461916331,15035.4,0.662721160651097,3.74,9954.9,-635.5,4968.6,1298.4,0.12496631376323389,21561.9,18728.5,0.045944798301486206,25599.7,0.08419631114449017,-0.2684093954226026,0.25596283738687026,0.37573651594041413,1,1
6379,2021.0,20642.0,-0.000851665102054642,-0.6570332028504358,-18.964034003067486,1.1775201342793202,0.38144999729276086,11424.0,0.1887365107913669,-1.05,-9223.0,-950.0,627.0,-1304.0,-0.062092281319937145,94827.0,18469.0,-0.013325703073904512,17129.0,-0.0896990469036105,0.0782299025045245,0.1176566137852618,-0.936088542770967,0,0
94982,2021.0,12857.0,0.018294121729474633,13.634000069331298,9.345019755911519,1.8171641797686149,0.3956904133685136,6871.0,0.17066178346817165,6.61,13173.0,768.0,982.0,3933.0,0.19445268466330465,64282.0,11370.0,0.05903366705191901,10829.0,0.033472930785045305,0.04995844491642811,0.13078276165347405,-0.6901069738157162,0,0
27231,2021.0,282.876,-0.0853449139727681,-1.6682027649769582,-37.6393093922652,7.304309492847854,0.23084299252523552,164.435,0.6219247183264532,-1.92,-50.642,152.65,180.686,-36.562,-0.19406066717974574,150.27200000000002,213.786,-0.10636249123633813,187.232,-0.08212032993692382,0.1418240471714237,0.32317364093065015,-0.1976032811874333,1,1
6443,2021.0,53.578,0.052608352446126785,0.23863023107491538,58.20721011513158,2.08266726006135,0.309901460800415,31.935,0.2830128675571212,0.25,-25.399,36.185,116.542,4.864,0.03578022818722828,43.66999999999999,46.276,0.029747052204119575,60.014,0.05560406552338374,-0.228913253574166,0.1577923761777163,0.7685232165236602,1,1
6450,2021.0,14347.64,0.08584056004562168,9.383778275615294,19.530512616250302,3.853536740288614,0.2976260850263444,9619.376,0.6938589958784973,9.39,10971.791,-2534.253,756.319,1206.341,0.1973085302984977,17870.111,13695.52,0.06111710653900416,14320.324,0.08604373178340177,-0.043630577073535494,0.04761557063915784,0.4045259160107544,0,0
6475,2021.0,4078.092,0.08485017906381295,4.1548307007405505,16.450730468468283,2.854142527987759,0.19762711850774373,1995.178,1.4181289868173046,4.27,354.162,-94.623,44.767,97.061,0.17349640087158433,1602.8819999999998,2486.597,0.05535477505581901,2337.082,0.0608881211535337,0.06397507661263077,0.6400293252183605,0.5328429928267466,1,1
36808,2021.0,4611.7,0.14455330454998339,3.0503057254030015,33.15733211845103,12.344020352781548,0.733977519226977,1079.2,0.4396566672446679,3.05,1497.7,163.3,1083.2,1097.5,0.3722862957937585,8055.000000000001,4056.8,0.11894182417201317,4040.5,0.12842223443694667,0.0040341541888380605,0.13678268586077688,0.21532779202150962,0,0
10917,2021.0,6227.0,0.0689571739656424,8.477618854594938,10.335449316939892,1.1143833996170276,0.16323134041736012,6536.0,0.10617676644101895,8.25,5422.0,496.0,5638.0,732.0,0.10782147591692444,66770.0,7811.0,0.009950248756218905,8083.0,0.012790531869385427,-0.033650872200915505,-0.20279093585968505,5.930195983547061,0,0
6531,2021.0,579.491,0.025516171426251802,-20.43138157894737,-0.4967848092298676,0.7248705588287806,-0.712647758462946,467.981,0.30115967138602884,-20.46,9.223,5.222,13.02,-310.557,-1.4591238406675502,860.6360000000001,273.25,-0.34227719695015907,471.211,0.05794352170922266,-0.4201111603931148,1.1207355901189386,-1.0745482657144916,1,1
6544,2021.0,292.698,-0.06469497050302768,-3.2628462225127923,-0.30648088564525644,0.6068932364790623,0.011776228251241814,253.261,0.11771111884790733,-3.72,-1720.258,31.603,51.231,-259.517,-1.9801993041142716,2125.955,256.279,-0.11919835971754364,345.081,-0.004623890013341743,-0.25733668327146386,0.14210684449369626,-0.45724949020832995,0,0
6581,2021.0,79474.0,0.08246641480022084,5.159420289855072,28.7435393258427,15.21138694811952,0.5834991189677713,29310.0,0.757355948255451,5.14,47967.0,2684.0,9551.0,7120.0,0.5292106436747436,74514.0,70372.0,0.07662670311457415,67161.0,0.09311622340764128,0.04781048525185748,0.12934121525606776,0.07620987786614032,0,0
6603,2021.0,1855.91,0.09787215463737098,-7.263465067538433,-2.8264746658935276,0.7827346152110962,0.206437897711066,1062.759,0.2556763847389057,-7.37,-772.265,1.66,2.623,-724.32,-0.2769296412439812,5144.715,1339.226,-0.13828249973797116,1156.123,-0.012739059676128648,0.15837674711081784,0.3858079218892106,-1.707769636959319,1,1
6610,2021.0,81288.0,0.12111243360003526,1.7273217172624393,21.310448211314476,3.240476770296341,0.8272644841080462,7239.0,0.27172581032101617,1.26,85082.0,475.0,12222.0,9616.0,0.1520604699705873,137698.0,41908.0,0.062348844899467674,51750.0,0.09715861937201846,-0.19018357487922705,0.939677388565429,0.9424968304596338,1,1
6615,2021.0,36347.0,0.012825814018178673,2.0120250011787206,20.983834681609782,1.2641174614086235,0.29174611822391716,23400.0,0.25548845086106237,2.01,13335.0,44.0,1101.0,1963.0,0.060242442841798374,124654.0,33039.0,0.015179752082092842,34438.0,0.023492322587356073,-0.040623729601022125,0.10012409576561034,-0.1550709162563365,0,0
6619,2021.0,1878.144,0.029444932071829993,1.1608011736419577,40.73910422715193,2.4775401019283807,0.5268701260414269,702.93,0.10840364627435112,1.14,1261.862,-1864.095,4.827,284.849,0.060814790823926414,13522.961000000001,1485.702,0.020783892219033588,889.692,0.023984550285009,0.6699059899380909,0.2641458381290461,0.41671885908187833,1,1
17810,2021.0,21111.0,0.06262176454216532,2.4036560108350162,17.057349227669576,26.838738640366326,0.6558706396046255,7172.0,0.4395537183110474,2.4,30338.0,2846.0,4946.0,4467.0,1.5734413525889397,42088.0,20841.0,0.09421267979921542,19796.0,-0.026242617361125205,0.052788442109517074,0.012955232474449402,-0.3353148994846146,0,0
6630,2021.0,45960.0,0.08911218715875624,-2.528926765052311,-15.813032054794519,1.430902193708332,0.2985519591141397,13176.0,0.2999776422115047,-2.51,29995.0,-2047.0,7950.0,-2701.0,-0.09048879359442527,51970.0,18784.0,-0.04313456194704398,32567.0,0.10195138554046006,-0.42321982374796574,1.446763202725724,-3.0659114903765268,1,1
6632,2021.0,9154.7,0.07681821115126485,-15.965654379628717,-5.340213308687616,1.282585954379215,0.5736898185794802,3040.7,0.536547936961673,-15.96,3094.1,1148.0,1651.4,-1136.1,-0.24017504175210871,10517.9,7132.6,-0.08546282017527362,9909.0,0.03061404152299905,-0.28018972651125235,0.2835011075905,-1.898849476225103,1,1
6660,2021.0,1385.28,0.053859962197607254,13.913715105373495,3.384430372720064,0.7394528131237526,0.17990125670802998,1203.613,1.613951974381645,13.82,566.807,49.135,59.837,126.1,0.2184866378354402,775.422,1467.644,0.13867078390231244,1335.769,0.057523900016386076,0.09872590245768542,-0.05611987648230772,-0.6115983433428251,0,0
107889,2021.0,2041.795,0.10856946166677128,2.9401858304297326,34.31755875962868,1.6758578533321278,0.12873425947066158,1091.398,0.6272259330843105,2.94,270.804,257.917,507.935,40.504,0.04883383066582271,1470.6140000000003,1252.658,0.020281001832620646,846.299,0.06858825862533684,0.480160085265373,0.6299700317245411,4.353259299653753,1,1
6684,2021.0,3673.561,-0.0002724410455525058,-1.0556418084023842,-5.835312651478429,15.955508697944122,0.3681624613999423,2245.598,0.6808394109196751,-1.12,4362.064,-2.992,940.424,-181.544,-2.7343022817983287,3984.54,3554.075,-0.034777631315040206,3205.125,0.035597687903565094,0.10887250887250882,0.03361943684362326,-0.9921661989258399,0,0
79086,2021.0,1681.144,0.008051303298261762,-1.3731318260203105,-28.33668207427046,-20.114532352722676,0.5445978165172982,786.756,0.6484356497035397,-1.4,-768.454,482.589,711.027,-57.331,0.7098407745833643,1801.9979999999996,1727.607,-0.021518472796853472,1696.99,-0.3664679816443039,0.0180419448553026,-0.02689442679961355,-1.3741577468935928,0,0
6755,2021.0,1337.435,0.16718897608289632,2.494616902924816,20.05117496853084,2.563416092380339,0.41252533791897633,611.52,0.43716992186269593,2.48,-436.499,168.086,252.34,166.83,0.12784368479171282,2119.0009999999997,1040.93,0.07006528591197636,827.098,0.024903593148995172,0.25853284616816885,0.28484624326323565,1.3861884513386173,1,1
11579,2021.0,470.559,0.0014466106668622992,1.434228650137741,16.82437454981993,0.9141236555282332,0.20238418974771413,413.563,1.0978682047438162,1.43,269.503,41.577,178.921,16.66,0.05433329202350747,258.32800000000003,518.499,0.03527583330157238,517.18,0.021159108365014945,0.0025503693104916543,-0.09245919471397245,-0.9589914530297482,0,0
6858,2021.0,1779.873,0.02265600616599851,2.0190248733034313,24.03635568916868,2.032517047131812,0.3795610277529001,944.936,0.1918186404938932,2.16,619.524,44.095,48.428,173.303,0.08456011690855905,7722.109,1523.012,0.021826975659753944,1457.603,0.010671655267035257,0.04487435879316925,0.16865330017097707,0.03798192288147311,1,1
46077,2021.0,9722.0,-0.013224759688973244,3.7797619047619047,15.424251968503937,1.838288288288288,0.3701968134957826,6048.0,0.19186813186813187,3.78,11814.0,396.0,550.0,1905.0,0.11918168168168168,48168.0,9603.0,0.03806193806193806,10076.0,0.03547035407500524,-0.04694323144104803,0.012391960845569093,-1.3474536600698743,0,0
53780,2021.0,13926.882,0.14576303351751427,5.279658790680918,8.1671944550869,1.748850367938211,0.25481488810974756,8223.924,0.9041894071016193,5.19,3305.912,1380.779,2632.235,1406.839,0.21413110432909402,9061.942,11036.082,0.11526272832128603,10212.957,0.0948803879055922,0.08059614859829528,0.2619407865943728,0.26461550616094187,1,1
6887,2021.0,1761.158,0.04106185887893469,2.2216122346087057,114.05680795804123,3.4257711434119678,0.38162077821675877,876.662,0.49023457086402605,2.23,397.342,38.34,181.895,39.658,0.03003565683402456,2518.118,1417.677,0.013713788550795102,1133.503,0.011094208501794187,0.25070423280750026,0.24228438494805235,1.9942024209315954,1,1
27233,2021.0,596.35,0.002577771263426556,0.1418688216612742,127.58264844981609,2.812384511310247,0.5857573618811073,230.659,0.8639768745946382,0.14,126.71,-61.744,78.575,9.515,0.02204362854574603,554.5329999999999,556.821,0.014763703168106058,540.239,0.010412211365946599,0.030693822548908897,0.0709904978440109,-0.825398056701973,0,0
36972,2021.0,85.205,0.012898480066374143,-1.1180402474578681,-4.373724480061057,0.843583336400103,0.38982325894016456,39.944,0.6411780838018374,-0.28,-43.057,-14.064,45.07,-15.723,-0.19287528060942846,54.352,65.463,-0.15399909890497365,85.035,-0.04081374479154312,-0.23016405009701893,0.3015749354597254,-1.0837568541510314,1,1
22361,2021.0,203.875,0.1508400592983034,-0.7683444511825349,-2.6941041831097077,1.074467578019606,0.25832895637894004,111.554,2.200924801357936,-0.73,-70.944,-1.113,0.734,-8.869,-0.39882183649608777,55.21,150.409,-0.12977948170151743,191.1,0.04219479479687646,-0.21293040293040294,0.3554707497556663,-2.162279717260881,1,1
36579,2021.0,9910.0,0.022668885621495855,5.990172601917148,12.14656151589242,1.3966667585043575,0.16344270323212537,6833.0,0.1720230824312371,5.94,6495.0,3663.0,9841.0,818.0,0.11498453753162778,3963.0,8168.0,0.01722758097805484,8023.0,0.026628895184135977,0.01807304000997133,0.2132713026444662,0.3158484438629171,1,1
39804,2021.0,864.929,0.008349481989668716,-0.9871645165642403,-3.190957481903182,1.0720883928387646,0.19649441252076716,480.739,0.7568604879159525,-1.0,610.072,34.473,84.496,-212.192,-0.3359770222320039,664.929,598.302,-0.2684258796592052,1222.409,-0.0827093726085198,-0.5105549779165566,0.44563949309880285,-1.031105353925893,1,1
6923,2021.0,6707.728,0.07327110043284545,3.8792263820394677,24.1104773964822,6.960664679759044,0.41795981453871806,3554.105,0.976542183401197,3.89,1337.375,13.288,250.604,502.643,0.2886987497300501,5285.188999999999,6106.288,0.08038469405493613,5506.994,0.05405567156115997,0.10882416069456402,0.09849519053146535,-0.08849437950499814,0,0
7027,2021.0,3810.3,0.0204151104886399,4.66256157635468,26.33959852086635,1.9596313472724414,0.3296525627794977,1948.7,0.6334713445195032,4.66,1847.4,279.9,611.3,189.3,0.07439867945291621,3617.5999999999995,2907.0,0.04125081717149706,3238.0,0.053919245265985065,-0.10222359481161211,0.31073271413828696,-0.5050980346943027,1,1
35816,2021.0,415.113,-0.11374240628352751,-4.810026385224274,-1.7006143719144267,2.3183271680071273,0.13083500938439283,582.105,0.4987578139312508,-4.79,101.911,30.501,122.88,-171.362,-1.3632291989849088,1168.996,669.729,-0.12761600066726542,1069.039,-0.020833668942954176,-0.37352238786424063,-0.38017765394659636,-0.108713596345263,0,0
12977,2021.0,25844.0,0.15351759917706514,4.570935748167314,15.268208490566037,1.800645412121025,0.17577243746934773,16806.0,2.062262318957844,4.32,4069.4,527.2,569.7,381.6,0.1179342955156535,8982.3,20390.0,0.038595355611295415,21335.7,0.042681133990306645,-0.04432477022080366,0.26748406081412457,2.9776184658896185,1,1
7172,2021.0,6997.4,0.1269062570082978,8.80722891566265,25.056689466484272,24.949422066549918,0.4372807987614143,3561.9,0.8713092075378199,8.83,5525.6,-288.0,705.2,1023.4,0.9957190114808329,5871.7,6329.8,0.14087298856112435,6694.8,0.11382300016358579,-0.05451992591264862,0.10546936712060404,-0.09914414179384307,0,0
7180,2021.0,932.886,0.06764375071157525,2.6765540504363656,58.01863032606521,2.8413785188414455,0.45870022165931745,434.438,0.6349523933845198,2.68,854.117,24.936,191.785,49.99,0.04897355388903312,1036.233,802.583,0.03954889418950083,898.26,0.037165964619327495,-0.10651370427270503,0.16235454775393948,0.7103828589354805,1,1
7187,2021.0,2424.3,0.177036857542393,0.5305484813226691,73.64077247492563,20.40375715985383,0.5148147805406205,1048.592,1.1708218213337667,0.53,347.991,4.201,98.477,260.824,0.27707147106314267,1682.827,2161.22,0.14129909529226936,2015.477,0.1165729177654359,0.07231191425156412,0.12172754277676516,0.25292279597545947,0,0
43903,2021.0,18916.244,0.12628714593039897,0.23949868584556094,464.6789589140568,12.056991609534924,0.2550548155796982,9335.329,0.9853511599075537,0.24,2185.801,3542.359,4905.004,85.382,0.02594692825711716,5555.935,12531.565,0.006713547169505704,16039.073,0.17767038884973174,-0.21868520705654246,0.5094877615046483,17.810792974542707,1,1
13106,2021.0,615.856,0.1140939167032797,3.0419648715874925,40.86832203789449,3.5854031195083924,0.8214683081438358,89.055,0.1803207693200308,3.04,61.133,199.653,319.128,199.343,0.08773061727819129,2444.6749999999997,498.819,0.0720615756788793,423.056,0.036878707277987824,0.17908503838735307,0.23462819178900557,0.5832836796645255,1,1
7252,2021.0,9662.953,0.03751835200031111,-2.275180525571354,-27.145098732106337,1.4712500371305182,0.37855659754746124,5232.61,0.65110740418656,-2.15,1095.737,77.71,151.294,-122.25,-0.05419947268014065,12233.271,8420.091,-0.009453327780163771,8925.801,-0.0016863168753135506,-0.05665710001825037,0.14760671826468375,-4.9687983821990285,0,0
7383,2021.0,22929.0,0.045313290453132905,-7.554265308555611,-2.8897581840654114,2.517975029409328,0.20109317401805007,18855.0,0.5561813640005656,-7.57,2134.0,-293.0,3006.0,-10518.0,-0.8713445447767376,36491.0,23601.0,-0.24786727624075033,32917.0,-0.18001491689160393,-0.2830148555457666,-0.02847336977246727,-1.1828127179205403,0,0
7504,2021.0,740.858,0.11111749730969103,0.9201972410826753,77.10303490643207,6.6100169876478185,0.6505426664000524,207.968,0.5499638666225549,0.92,663.028,-24.433,279.845,59.903,0.08572966026135502,752.068,595.117,0.05535799767489571,547.512,0.03028316291868461,0.08694786598284608,0.24489470137804834,1.0072528266332452,1,1
7513,2021.0,4143.143,0.05117136520916403,3.022001323828324,16.24751108242377,4.7823216457813675,0.32879596777339887,2356.939,0.2419156862441162,2.92,600.097,-4.01,236.43,515.907,0.29434179927747744,14092.594,3511.509,0.035541983786213635,3230.785,0.027022328025074885,0.08689033779716081,0.17987537551519875,0.439744205527798,1,1
7558,2021.0,19944.6,0.09021275772135852,22.671088332830873,32.416176462765954,18.228039406779658,0.4874603114090743,9411.1,0.9000127440985022,22.45,126.0,64.8,226.6,2030.4,0.5623130608175474,18057.2,18361.7,0.09952160614853738,17900.8,0.07519930523706833,0.0257474526278156,0.0862066148559228,-0.09353595452715334,0,0
7638,2021.0,3538.9,0.1401968685240617,2.1320393150769608,25.712471440997394,4.79804761131851,0.41038925154560846,1707.1,0.9160312588983455,2.13,2188.4,199.1,689.6,344.9,0.18660390629226856,1875.9,2895.3,0.10912139715885721,2992.7,0.1209941137998692,-0.03254586159655149,0.22229129969260522,0.28477889922876737,1,1
7644,2021.0,7998.9,0.039345998131423233,8.08849998615457,16.194597295446766,1.7466676853584089,0.41993327252052426,4642.1,0.49143955490598246,7.79,2570.1,-56.8,345.1,876.3,0.10785496258369436,14905.0,8002.7,0.05381289839230665,7801.0,0.0459329184933767,0.02585565953082936,-0.00047483974158723705,-0.26883703894588357,0,0
7646,2021.0,4601.7,0.12138112638134829,11.589220361539315,14.767171100478468,2.420721137807524,0.5344985033737507,1835.1,0.6011925640126271,11.55,4791.1,738.9,923.4,627.0,0.1639258542706999,5411.000000000001,3942.2,0.09561862351882634,4067.7,0.12180556775270045,-0.030852816087715416,0.16729237481609255,0.2694297607981103,1,1
7652,2021.0,7561.0,0.01408669893638715,1.37634470312255,11.922885279225614,0.9957362682668988,0.7721139430284858,1672.0,0.04307368964869435,1.26,13489.0,359.0,17285.0,1343.0,0.08351470679684099,17769.0,7337.0,0.007884416682322,7694.0,0.011842359367671808,-0.046399792045749934,0.030530189450729182,0.7866507446228157,0,0
7674,2021.0,5590.438,-0.016848618287936594,2.0653976724043526,28.686969483715167,3.133011731386262,0.24825893093251805,3937.201,0.9924551741728045,2.06,1578.374,419.565,564.848,207.463,0.1092137575969741,4175.472,5237.443,0.03931264317328371,5374.207,0.05691934262777616,-0.0254482196164011,0.06739834686506371,-1.4285801443996182,0,0
7710,2021.0,498.853,0.04963063846441551,2.342839328797202,33.93745316748627,4.570933154426009,0.5140780308166221,237.248,0.2725174048045242,2.34,385.007,35.403,36.737,86.425,0.13468698231030446,1691.078,488.243,0.048238923466861795,473.869,0.05138634437538803,0.0303332777624195,0.02173098231823091,0.028850457214489204,0,0
7750,2021.0,15790.0,0.02689977973568282,-5.205987054468105,-8.953153266102799,3.100720272645336,-0.1770557029177719,10650.0,0.26159361628310396,-5.44,14672.0,8515.0,13334.0,-3074.0,-0.3463271744028842,20982.0,9048.0,-0.08887475425002891,22428.0,0.08882023556671172,-0.5965757089352595,0.7451370468611848,-1.302670651105334,1,1
7758,2021.0,3680.451,0.015728551332730708,4.062105502421625,14.9552984194487,1.2988918870724084,0.22887543715687145,2543.842,0.37762460059710257,4.15,1006.975,33.813,83.352,232.324,0.08685161944901462,8421.199999999999,3298.873,0.026594311969306263,3119.917,0.026185403072295294,0.057359218209971655,0.11566919975397658,-0.40857460983071253,0,0
37426,2021.0,168864.0,0.036403551707509856,-0.7263621465404758,-39.59457432766615,1.2676298251408709,0.5346995808104331,79920.0,0.3266883622025978,-0.75,41787.0,-2425.0,9778.0,-5176.0,-0.0320152406400574,484147.0,171760.0,-0.009844777379836085,181265.0,0.02520170609550292,-0.05243703969326676,-0.016860735910572893,-4.697752656354731,0,0
569,2021.0,6667.0,-0.002110060769750169,-4.614184763107873,-0.6458345629820051,4.043937947686117,-1.0645580589254766,4765.0,0.44728682170542633,-5.42,-4401.0,8.0,13.0,-3112.0,-6.261569416498994,4574.0,2308.0,-0.6031007751937985,3038.0,0.13264850379633766,-0.24028966425279788,1.8886481802426343,-0.9965013131195659,1,1
39862,2021.0,991.792,0.15389613434345462,0.9285593028519693,30.563476035223495,5.007051964258972,0.2369621271855532,515.793,1.8826761806884298,1.07,109.286,1.646,20.995,32.819,0.1638246892627165,290.56699999999995,675.973,0.09140535135872821,756.542,-0.027891160992326938,-0.10649640072857829,0.46720653043834603,0.6836665693617425,1,1
7845,2021.0,1298.816,0.0758672444261541,2.5680343639536445,15.755240883034517,1.6433685545838512,0.32162135340797526,765.61,1.1798649298513393,3.59,457.936,9.116,19.488,57.393,0.10430615226920813,837.0339999999999,1128.588,0.060000627260752296,1137.913,0.06345469087243763,-0.008194826845286104,0.1508327219499056,0.26444085486720403,1,1
7879,2021.0,219.644,0.0841960907602745,-3.1252146536920433,-1.0847254910939146,0.5151756083770089,0.3445304317178868,132.045,1.1665942796916895,-3.14,-16.767,-2.124,13.458,-21.839,-0.474936389535263,151.646,201.451,-0.1264687317222888,228.022,0.031980093325687714,-0.11652822973221881,0.09030980238370627,-1.6657463043526022,0,0
7890,2021.0,12030.0,0.008559423311635476,6.852495780901358,10.620947801652893,1.0831764372708501,0.9616658387150191,463.0,0.038378677241615984,6.4,23629.0,165.0,123533.0,2420.0,0.10198491297568377,-48625.0,12078.0,0.007689716751507756,13131.0,0.009128292821953503,-0.08019191226867718,-0.003974167908594138,0.11309994740146868,0,0
7931,2021.0,3298.592,0.1148860331517949,5.795607602514217,8.344250217875473,1.285992088443875,0.11701048433826473,2017.571,1.1548371934346688,6.25,705.841,102.074,533.761,154.905,0.1541171531132849,1219.634,2284.932,0.07829119442022668,1889.708,0.049356943969211156,0.20914553994585391,0.44362808171096574,0.4674195993887387,1,1
12114,2021.0,3660.223,0.11237980202185065,7.774071782887125,29.705154062037426,8.458480276487311,0.529234020613091,1420.719,0.25539510445776625,6.29,-958.192,-150.954,282.6,1357.213,0.2847479012841436,,3017.888,0.11485699797555055,2944.806,0.133785710439469,0.024817254515237974,0.21284255744414637,-0.02156765366814842,1,1
11092,2021.0,17108.0,0.05757847015679594,4.251528848710449,57.6357373358349,7.0436826658514216,0.6619747752769842,4851.0,0.4180308767841538,4.26,11305.0,-1394.0,3024.0,1599.0,0.1222103332314277,30496.0,14351.0,0.046577337605592774,14884.0,0.0690489607849637,-0.03581026605751142,0.19211204794091005,0.23619066947017173,1,1
7965,2021.0,3463.0,0.008895229824452577,2.2114631082865457,4.4404991262135916,0.7519464200575421,0.7115288220551379,1151.0,0.0456459067404933,2.14,3057.0,-244.0,3537.0,412.0,0.1693382655158241,83875.0,3990.0,0.004713311673454445,5462.0,0.00629063359430155,-0.26949835225192237,-0.13208020050125313,0.8872568675122541,0,0
7966,2021.0,732.711,0.3524391705079542,5.166780978509374,12.593914909621892,4.30097854544218,0.3858837035398696,349.851,1.6358044897748223,5.17,342.615,-15.273,141.154,90.398,0.3415124348788624,194.308,569.682,0.2595719265601939,411.204,0.0925346958542645,0.3853999474713281,0.2861754452484017,0.35777075425074784,1,1
8022,2021.0,1384.75,0.0035213305165218895,-9.525085964363864,-0.4293924501366064,-4.863455069231485,0.1625277081289291,921.856,0.9922790886349807,-10.81,-116.769,74.496,152.423,-243.766,11.326363720843789,805.0630000000001,1100.76,-0.21974263628783267,1372.487,-0.07396024139642204,-0.1979814745057695,0.25799447654347907,-1.0160247941683445,1,1
8053,2021.0,334.715,0.07610845031240367,-2.971232428898333,-2.6251732863901416,0.891470203624136,0.11806249999999996,225.776,1.236810574730414,-3.0,42.835,-0.39,0.236,-27.267,-0.33958527928264526,187.01600000000002,256.0,-0.1317348200827117,305.168,-0.011804181230729752,-0.16111781051748547,0.3074804687499999,-1.5777398129410114,1,1
8059,2021.0,51297.843,0.02448025989538674,0.4239472394979725,128.9311379046293,23.97818507128782,0.20233492666652925,42191.146,2.337488431504208,0.42,8852.127,5563.325,6077.66,215.475,0.1859766807380894,13103.541000000001,52893.31,0.009522382315993633,60113.922,0.09318837557987016,-0.12011547009027296,-0.030163871385625082,1.570812542809808,0,0
12087,2021.0,874.553,-0.26404962490329814,-7.682937099177302,-1.4187282622901058,1.5681355805836823,0.29548912131879,600.623,1.16630390916242,-7.74,-217.243,12.411,24.586,-237.203,-1.1053107365693862,664.241,852.539,-0.3245022059577961,1163.314,-0.0329034111266858,-0.2671462734910781,0.025821692614648725,-0.18629328227851946,0,0
89856,2021.0,2799.8,-0.008914403061700738,-12.40044788594679,-1.3523705074399084,4.0812470926885425,0.15133630662955627,2530.8,0.7390765570398274,-12.43,-1117.1,155.1,645.9,-1572.6,-3.0178468624064476,3098.4,2982.1,-0.38974943616942176,4122.5,0.045717530969367835,-0.2766282595512432,-0.061131417457496305,-0.9771278615581481,0,0
8143,2021.0,2809.563,0.07063353261380481,7.183461868037704,57.29410242034569,5.75823024243981,0.5913416439509435,1036.83,0.35472003796123874,7.22,2798.93,74.797,375.88,335.324,0.10050301862125004,6674.159,2537.156,0.04688168248594664,2595.362,0.0731345743618677,-0.022426929268441215,0.10736706769311787,0.5066339104825873,0,0
8147,2021.0,5329.0,0.011561550433558141,1.9824561403508771,9.36716814159292,0.44067027477102416,0.5494736842105263,2354.0,0.4171656686626746,1.97,2798.0,978.0,1455.0,226.0,0.04704412989175687,10562.0,5225.0,0.018043912175648703,5176.0,0.011223448659679065,0.00946676970633694,0.019904306220095695,-0.35925478238798353,0,0
8162,2021.0,1090.8,0.061128379014787605,1.8212278426286208,38.528951928783385,3.2075733201581027,0.45904095904095904,541.5,0.9246259006096436,1.84,343.2,66.4,141.0,33.7,0.0832509881422925,835.3,1001.0,0.03112876408645853,1137.6,0.043089660363157395,-0.12007735583684943,0.08971028971028966,0.9637265021189629,0,0
90870,2021.0,18035.0,0.003011529857167441,-18.678849058689163,-0.5674867850098619,-7.253339495798319,0.13329865400871319,13329.0,1.2975869051636855,-18.69,-3632.0,237.0,810.0,-1521.0,12.781512605042018,8125.0,15379.0,-0.12833277084036449,17450.0,-0.025253288976258885,-0.11868194842406876,0.17270303660836206,-1.0234665692749167,1,1
8171,2021.0,3702.881,0.26633652060350316,4.720279551898293,25.39891942454667,9.024161320841062,0.597871066475432,1255.233,0.8546476702919165,4.72,420.93,140.197,1436.401,784.147,0.3552970569338356,2082.282,3121.469,0.21469680035790695,2294.965,0.1677307684855548,0.360137954173593,0.1862623014997105,0.2405239396186204,1,1
8194,2021.0,18344.0,0.3148403306856865,6.085795025637567,26.96936050402145,16.42468401219114,0.6958716547956573,4398.0,0.7472998811430934,6.05,41691.0,670.0,6568.0,5595.0,0.6090127353869599,12368.0,14461.0,0.28913234458167536,14383.0,0.27844377844377843,0.00542306890078565,0.26851531705967774,0.08891425184963714,1,1
8209,2021.0,12382.0,0.047134643331016614,1.3645757891575843,35.41760038834951,1.8723761368691187,0.18307441421337226,9518.0,0.75445185520948,1.35,4234.0,897.0,2254.0,309.0,0.05286569717707442,12413.0,11651.0,0.02000906559606294,13630.0,0.05426821147955786,-0.14519442406456345,0.06274139558836152,1.3556643914591895,0,0
8216,2021.0,39211.0,0.0812106430621406,16.071253003118454,28.982183275294116,5.354317048135161,0.5327146315724129,15055.0,0.4665759138040897,16.09,25309.0,7914.0,10335.0,6375.0,0.18474512417770309,56542.0,32218.0,0.0923217285523953,25542.0,0.06330826810092324,0.26137342416412185,0.21705257930349495,-0.12035179219969691,1,1
37274,2021.0,12317.38,0.0991679100126118,4.03945723654414,28.219137702153613,2.7123815987881614,0.14717064892672355,6965.853,1.4152282091533164,4.04,2228.323,90.101,541.363,222.974,0.0961185145845601,4593.590999999999,8167.933,0.03863389852827534,7864.758,0.023544964478064097,0.038548547838344195,0.5080167773168559,1.5668626204014302,1,1
8246,2021.0,371.033,-0.11769607037909069,-4.8210784915858005,-1.7921301250496835,0.427788326450679,0.3144610843294597,272.185,0.3173316005649081,-4.86,-549.735,-72.383,152.012,-196.242,-0.2387038309725525,1082.184,397.038,-0.15684591388748356,486.549,-0.0897375671719653,-0.18397119303502826,-0.06549750905454892,-0.24960703494308284,0,0
8249,2021.0,1490.205,0.04376589559353093,-4.976491607503879,-6.852216920969341,-2.50407760755498,-0.09891327210264332,391.845,0.12860250204584645,-4.99,-2249.872,-16.419,157.76,-423.38,0.36544050435588715,2588.349,356.575,-0.1526964237991179,1480.083,0.062120560339145335,-0.7590844567500606,3.179218958143448,-1.2866203052083776,1,1
8260,2021.0,4132.9,0.0713829848956621,3.759448173793541,20.577488084358524,2.7192602350318174,0.3364169418194238,2331.3,0.6968422722945096,3.78,1380.8,104.9,358.7,284.5,0.13214733615123786,4331.500000000001,3513.2,0.05643049825452237,3789.9,0.0745077059198749,-0.07300984194833644,0.17639189343049066,0.2649717281194026,1,1
12146,2021.0,5122.183,0.025025456825385393,7.050039981887724,13.469427158422077,1.123755527817973,0.21194161511262408,3734.258,0.1631355693692347,6.9,8903.353,18.914,275.024,731.773,0.08343009057481098,28372.199999999997,4738.555,0.025192955448239598,4527.532,0.029286543026146514,0.046608836779066416,0.08095885771084216,-0.006648629343958473,0,0
8295,2021.0,3959.584,0.1395982480399436,3.0646198748872964,26.78961938241012,7.922804504371974,0.3820467530008373,2088.614,1.184584617843369,3.06,1007.245,328.064,479.892,329.701,0.295741585249025,2009.383,3379.89,0.11555368165460314,3139.262,0.11756167114415629,0.07665113647729935,0.17151268236540243,0.20808135267564315,1,1
8392,2021.0,1516.0,0.02209837419104166,-1.325832583258326,-19.9044738628649,1.6861795491143317,0.37861358407522255,1242.4,0.2297685536325818,-1.27,1738.5,-49.2,228.4,-147.3,-0.08471359558316081,8317.0,1999.4,-0.016927532234710062,3005.1,0.015813547245270877,-0.33466440384679375,-0.2417725317595279,-2.3054693315384,0,0
8431,2021.0,218.581,-0.10790703416323848,-2.9700880202894226,-1.8652645854785646,0.5328199499243125,0.2992529513284016,172.971,0.8392225127240953,-3.03,115.429,-1.674,10.688,-39.817,-0.2856538177331066,257.776,246.838,-0.1353734951228551,302.663,0.03076945253264912,-0.18444606707790517,-0.11447589107025663,-0.20289393381392765,0,0
60166,2021.0,1592.287,0.03411929560300252,4.805742618219492,90.83299599630428,8.909917059016339,0.5386137088808352,515.213,0.42828755243982797,4.87,1112.11,370.941,675.81,194.82,0.09809119429880807,1917.453,1116.663,0.07472172084713766,1086.427,0.06685803248199727,0.02783067799309121,0.4259333388855904,-0.5433818277177764,1,1
8440,2021.0,47594.0,0.08391858767798617,5.646575342465753,10.533818534691898,1.4232463616100692,0.16394581451893017,36105.0,1.2533375899698165,5.68,14921.0,982.0,1420.0,2061.0,0.1351121017438049,31160.0,43185.0,0.0598154167634084,42405.0,0.06109315043659546,0.01839405730456314,0.10209563505846937,0.40295917371794837,0,0
8443,2021.0,24634.0,-0.02880821415474881,-22.668312783594413,-1.9079496746357336,2.2629691694630876,-0.19544122435688702,18356.0,0.257859206018674,-25.3,1487.0,8874.0,11938.0,-7069.0,-1.1860738255033556,46015.0,15355.0,-0.11871095586753544,43259.0,0.05719336260477847,-0.6450449617420653,0.6042982741777922,-0.7573247225227073,1,1
73033,2021.0,7447.0,0.08772349458829158,2.5533467080065657,12.916381428571427,1.66461117248062,0.2382985211160238,4996.0,0.4690025026814444,2.55,2761.0,-154.0,357.0,532.0,0.12887596899224807,13153.0,6559.0,0.03804075795495174,7320.4,0.019195900079420975,-0.10401070979727879,0.13538649184326879,1.3060396086790558,0,0
10346,2021.0,32.695,-0.04471471021746499,-4.051083883129124,-1.1231562049229908,0.6890003710786972,-0.5304054054054053,49.83,0.24685180552080727,-4.05,31.261,-1.824,15.327,-21.491,-0.6134501755487682,116.18100000000001,32.56,-0.16293280566485469,31.373,-0.023912759867083123,0.03783508112070893,0.004146191646191585,-0.7255634920481202,0,0
8478,2021.0,667.592,0.052349073047060685,-3.102949148866963,-4.150889809039608,0.7514810140595596,0.10295972524727584,544.063,1.2791176855167643,-3.1,251.918,53.039,75.267,-57.237,-0.18104094510603977,373.28499999999997,606.509,-0.12071190858820405,708.804,0.004147590732769176,-0.14432057381166016,0.10071243790281754,-1.4336695000461308,0,0
94457,2021.0,6394.0,0.027703931719602632,3.4386103434662454,22.701030998851895,2.212194898187514,0.40990680013807385,3419.0,0.18089291289416173,3.53,2756.0,125.0,156.0,871.0,0.09744909375699262,30916.0,5794.0,0.02719325632219794,5910.0,0.028617841219368886,-0.019627749576988155,0.10355540214014498,0.01877948677252842,0,0
8524,2021.0,21804.0,0.10268398268398268,7.967516247089823,26.133614735464572,8.243230641585093,0.5284390518609533,9211.0,0.31303887945126446,7.9,49733.0,962.0,1866.0,5349.0,0.31542634744663284,59920.0,19533.0,0.08572390140709638,21708.0,0.09597392700209167,-0.1001934770591487,0.11626478267547227,0.19784541998787658,0,0
27508,2021.0,1371.498,0.013922314347178062,0.21666689142718434,177.36904677434413,3.5739242718537927,0.1713463735989506,1049.31,0.13139078226761972,0.2,-2694.914,-9.12,24.171,64.266,0.02014965032991737,9502.363,1266.283,0.0066683040151457856,1305.47,0.019194265287129978,-0.030017541575065015,0.0830896410991857,1.0878343752108737,0,0
41140,2021.0,287597.0,0.08145387029584461,16.282241014799155,21.537575796922678,5.065478920767739,0.26055743735926984,190141.0,1.3033722103107623,16.23,65481.0,5936.0,19781.0,15403.0,0.23519262188697684,133141.0,257141.0,0.07807328335588908,242155.0,0.07958525266118041,0.06188598211889079,0.11844085540617794,0.04330017638102237,0,0
8593,2021.0,1324.397,0.008268662262372403,5.968045660959047,11.559898150798249,1.0977762758920604,0.8482013363484588,207.76,0.041314763708126034,5.95,2209.586,1828.396,5191.015,286.502,0.09496418234586743,885.2380000000003,1368.655,0.008648463222583868,1289.662,0.0091712188628931,0.06125093241484973,-0.03233685625668999,-0.0439154275663317,0,0
98678,2021.0,97287.0,0.18572148980620992,1.5533194540828128,108.41298585256888,221.61132420091326,0.13647965212459234,73078.0,1.3560440969106524,1.55,-217.0,672.0,6316.0,1343.0,2.0441400304414,49637.0,84628.0,0.02151967696449173,74094.0,0.07674093022451907,0.14217075606661808,0.14958406201257268,7.630310302178667,0,0
8648,2021.0,64388.0,0.023939927139352186,-2.315986360755516,-30.876693063370276,1.505689659382232,0.22536978457949705,43834.0,0.348972883634592,-2.29,45689.0,1412.0,8802.0,-3519.0,-0.048764602358549396,144712.0,56587.0,-0.021701726147527335,77046.0,0.039630393083111455,-0.265542662824806,0.1378585187410536,-2.10313469889951,0,0
39992,2021.0,2153.0,0.047063300773817075,-5.989473684210527,-6.927152899824253,-1.4856954391255184,0.591776798825257,1112.0,0.3411823647294589,-6.02,-3747.0,768.0,1133.0,-569.0,0.21447418017338862,6648.0,2724.0,-0.07126753507014028,3400.0,-0.016647458061211422,-0.1988235294117647,-0.20961820851688692,-1.6603750322990432,0,0
41159,2021.0,473.3,0.023436992793611635,2.144950706101785,20.63916894409938,1.7084350642673523,0.30076445293836607,292.7,0.2832397320522363,2.15,103.7,0.8,6.0,32.2,0.0827763496143959,1438.7,418.6,0.02178767169632587,438.2,0.0322439451415232,-0.044728434504792254,0.13067367415193498,0.07569974067324943,0,0
8667,2021.0,1380.264,0.06802949080861397,2.5875623419292313,28.50945803493131,3.3403265955716144,0.3562001830328956,857.542,0.7651396436244156,2.59,1419.571,3.617,24.77,109.472,0.11716555928488252,1608.7659999999998,1332.001,0.06288386199924176,1322.934,0.04714935657882563,0.0068537054758589675,0.03623345628118892,0.08182749350595313,0,0
8672,2021.0,2103.601,0.03347465245355898,3.565572098715072,16.544329596156047,1.1062043572281477,0.2171752236233819,1552.621,0.8468921280109858,3.55,980.626,95.791,197.221,87.41,0.06686305122240589,2003.937,1983.357,0.03732401222242908,1909.979,0.0337966383472086,0.03841822344643576,0.06062650344844632,-0.10313360058747661,0,0
11013,2021.0,12642.117,0.07573122110646446,11.097104499018373,12.390619554151533,1.8514947256245147,0.1307397690827397,9688.685,0.8270384411702443,11.06,6316.295,1173.487,1224.49,943.953,0.1494271305428116,11681.866000000002,11145.897,0.07004240373457385,11378.259,0.0698351509438005,-0.020421577677217504,0.13423953226913896,0.08121961938154529,0,0
8707,2021.0,11841.84,0.10395138495817184,1.0406387696107324,76.79898379136436,10.249425331886638,0.5671714924941795,3998.829,0.6717180834793935,0.91,-819.466,-560.118,1415.754,407.869,0.1334578249073021,11875.067,9238.83,0.029654510689195144,10474.304,0.061028804614213755,-0.11795284918215092,0.2817467146814045,2.505415619487775,1,1
8737,2021.0,3501.575,0.05674959946322416,6.628645465253239,26.390006965520673,3.141027501095544,0.29505466514468864,2041.067,0.9804260520933509,6.6,1935.249,47.184,400.726,140.693,0.11902336764061447,2284.3349999999996,2895.355,0.04764150943396227,2766.976,0.05564463628464966,0.0463968606883471,0.2093767430936793,0.19117971150529908,1,1
81912,2021.0,583.277,0.02896406578151141,-0.1687515083259593,-102.873154570373,2.113769828637474,0.4623296041289141,244.19,0.5057134012720698,-0.17,-705.475,0.332,320.054,-8.391,-0.020547341407631238,544.354,454.163,-0.00934343209392649,419.349,-0.09624025777178007,0.08301915588209349,0.2842900016073525,-4.099938597545854,1,1
8822,2021.0,3240.487,0.08409494428431244,0.8497490633079402,24.37190094612074,1.9006716596403408,0.29760725657081144,1757.315,0.7931270928614701,0.85,152.549,-74.259,778.35,122.923,0.07798618843241563,2179.92,2501.898,0.038967840269991214,2668.305,0.05253054129182655,-0.062364309927088434,0.29521147544783993,1.1580601773579227,1,1
8837,2021.0,1735.405,0.010193038717319252,-1.5521151785947584,-24.0574929714988,1.3353361955529008,-0.2031177643000383,1179.515,0.06043599787989289,-1.83,-2849.281,123.238,1730.369,-297.005,-0.0555060411795564,14064.251,980.382,-0.018308979102347443,1921.302,0.1721405786718695,-0.4897304015714344,0.7701314385617035,-1.556723488532049,1,1
8844,2021.0,5552.2,0.04902576995600251,4.410637206073229,33.62552689570216,3.2607220709667466,0.3455522186712062,3178.539,0.41557846153451233,4.44,3092.802,923.507,1198.013,584.48,0.09697162756975311,10215.812000000002,4856.826,0.05001152999874646,4929.103,0.05800300559885051,-0.014663317037602996,0.1431745753296494,-0.01971065557819682,0,0
8865,2021.0,569962.0,0.05584007187780773,4.7890818858560795,29.335476683937824,4.897402409638555,0.2653281453963044,409163.0,2.205710189468348,4.77,76997.0,10121.0,17741.0,13510.0,0.16694470188446092,185614.0,556933.0,0.053505798111653256,521426.0,0.06292310619674835,0.06809595225401112,0.023394196429373012,0.04362655728045443,0,0
139184,2021.0,132509.0,0.0312726825367534,0.5267997837348256,72.17163175438597,1.5947213296506275,0.2155055648322667,109466.0,1.600672218780829,0.52,30439.0,-461.0,746.0,456.0,0.02209623491786597,71971.0,139537.0,0.005230917475394039,136866.0,0.05890706825645729,0.019515438458053862,-0.05036656944036349,4.978431639164345,0,0
8910,2021.0,3185.974,0.04741415590143458,60.27794501304436,8.848675910974979,0.7070016029571446,0.3368620121723466,1912.106,0.44744999277635933,58.3,7408.136,209.01,1010.636,300.365,0.07989914085114737,5076.84,2883.421,0.046610715910118984,2932.099,0.05527599980847163,-0.01660175867185942,0.10492848598938564,0.017237237738740068,0,0
8911,2021.0,173.26,0.008733503412057822,-0.1857621817578694,-116.43920089285714,1.3823324048465044,0.20800835038997953,232.939,0.12204988094536598,-0.2,-329.423,-6.448,8.303,-15.68,-0.011871709821492792,2346.474,294.118,-0.006506715444900817,309.18,0.14523035176735932,-0.04871595834141928,-0.41091670689995174,-2.342229191673365,0,0
8915,2021.0,1438.936,0.02149736860267104,1.8701598809919264,21.463405566538984,1.369275192809276,0.34565860573980767,864.968,0.2064778150034278,1.91,743.658,4.3,14.196,129.488,0.06379580298030374,6281.288,1321.891,0.020225872866343638,1345.622,0.03238478009540883,-0.01763571047441257,0.08854360911754436,0.06286481402951977,0,0
8922,2021.0,6280.192,0.13576275794664763,6.998053060588755,32.37328983340691,5.870241639413511,0.24190670965046385,3832.107,2.034710932087989,7.03,601.506,71.613,146.067,269.579,0.18132978358460944,2086.7270000000003,5054.928,0.10851100913036704,4770.362,0.096218508928037,0.05965291522949407,0.24239000041147968,0.2511427092484216,1,1
8979,2021.0,2831.6,0.1997103023718993,4.67705110711825,60.57449309647603,11.308109738473982,0.40844939214681636,1270.0,0.7684515713365309,4.68,1736.1,176.4,615.5,346.2,0.18668104610407119,1965.2000000000003,2146.9,0.12391724532894265,1839.9,0.10322883744768087,0.16685689439643459,0.3189249615724998,0.6116425267666444,1,1
9004,2021.0,16922.0,0.031417419256084496,-0.8278145695364238,-53.3332,1.3960108889121559,0.3208054493307839,11367.0,0.65217052451095,-0.84,6568.0,-407.0,3048.0,-250.0,-0.026175269605276934,20262.0,16736.0,-0.009742031018626763,16569.0,-0.028593098217671597,0.010079063311002475,0.01111376673040153,-4.224935251798562,0,0
9056,2021.0,267.641,0.07402752217584373,-0.8660814535061753,-18.289272834413673,0.8257787947319409,0.42068841970569415,113.183,0.7610461243616562,-0.87,110.95,22.677,34.691,-8.485,-0.045150991086869756,213.584,195.375,-0.03305170244508587,304.011,0.07032941865908655,-0.35734233300768725,0.3698835572616764,-3.2397491414803095,1,1
9057,2021.0,10201.0,0.14768864717878993,1.0663847949851817,31.442683877038895,2.8702117798648494,0.33948486457780136,4975.0,0.46177426276745753,1.07,-411.0,356.0,495.0,797.0,0.09128393082121178,15612.0,7532.0,0.048862730672552264,6554.0,-0.004632451542118737,0.14922184925236498,0.35435475305363784,2.022521360267557,1,1
9088,2021.0,2082.928,0.04411732771711889,2.6549667806808617,21.446596023095186,2.9136009918527686,0.7248541206005044,534.196,0.5633353731199072,2.65,1359.268,-108.688,94.359,148.256,0.13585377319156852,3256.2889999999998,1941.501,0.04301715480819478,1831.483,-0.023443303666947114,0.06007044564432213,0.07284415511503724,0.025575213280133763,0,0
9094,2021.0,10627.0,0.031861715533899014,0.17394888705688377,115.26374407582938,2.0726649054031023,0.6192511983417541,2939.0,0.17477640665685498,0.17,-12844.0,-147.0,142.0,211.0,0.01798193284472473,43541.0,7719.0,0.004777538775048115,8201.0,0.0184622067767159,-0.05877332032678942,0.37673273740121777,5.669064770401185,1,1
36090,2021.0,8245.936,0.2434996822047639,8.916871888918,14.457984998104928,5.960418002828272,0.4181369559362123,3946.887,1.4551752854921587,8.81,1012.645,768.175,1200.337,680.714,0.41225786329212055,2918.095,6783.189,0.14603134149564598,5898.008,0.08782888781122643,0.15008134949969557,0.21564296675206887,0.6674480951202109,1,1
9118,2021.0,3629.847,0.13666028788398146,1.82629373123681,29.55712932521728,2.1947114926776448,0.14238178790108227,2020.148,1.3745305479372119,1.85,913.084,255.144,292.575,61.442,0.07425320194424907,1288.635,2355.533,0.035853416583999535,1985.674,0.10124511990697599,0.18626370693275932,0.540987538701432,2.811639193821474,1,1
37109,2021.0,8316.0,0.0333816381753594,3.8077575411733,24.169080884189494,2.7727139316312788,0.3703550271345126,4559.7,0.1955730917870482,3.8,6322.8,-9.7,24.8,1201.1,0.11472152974774824,36122.6,7241.7,0.0324375271753074,7523.1,0.03247901395636276,-0.03740479323683063,0.14834914453788478,0.029105517043564542,0,0
9152,2021.0,2414.9,0.026523352922981747,-1.666626086533077,-18.750456537618696,4.572385999287495,0.43364412930601304,1014.4,0.8379807242444091,-1.7,962.7,166.8,347.4,-136.9,-0.24385464909155685,1605.0,1791.1,-0.06404978010667166,2273.7,0.051814516129032255,-0.21225315564938205,0.34827759477416126,-1.4141052924585915,1,1
9164,2021.0,2245.832,0.051001905644677936,3.8473049100569745,20.835364462655214,2.513562127730686,0.3090963731109745,1724.264,0.6393671976996088,3.86,2338.111,54.197,166.941,240.395,0.1206392205058823,3602.153,2495.665,0.06158706296357783,2900.197,0.06561362164686899,-0.13948431778944675,-0.10010678516547697,-0.17187306569822758,0,0
9179,2021.0,5242.219,0.10414043501784095,14.10081823495032,4.706819057882412,2.436553537315664,0.22895483392502244,2445.315,0.9401715558757221,13.73,1115.403,493.113,640.311,723.795,0.517664585647332,2165.542,3171.429,0.2145693538417755,3047.519,0.03379605106550891,0.04065930351869843,0.6529517135650837,-0.5146537324494409,1,1
9200,2021.0,7038.0,-0.03440974060349391,0.967810228544353,23.9613090625,0.82270589055794,0.42509256622045,4037.0,0.4763584560070552,0.85,2949.0,-104.0,2648.0,192.0,0.034334763948497854,11110.0,7022.0,0.013024896547045655,9066.0,0.08991825613079019,-0.22545775424663578,0.0022785531187695814,-3.64184367831304,0,0
9229,2021.0,48549.982,0.11534247472494207,0.07509765933038819,852.7562719133416,13.226991196505761,0.2733035873148184,23353.815,1.0429488580593833,0.08,4367.471,7252.818,10469.57,90.47,0.01551086943849521,15520.588,32136.962,0.0029360455163320166,41716.977,0.13552257583070088,-0.22964307792484578,0.5107209573823439,38.284975005782165,1,1
9245,2021.0,2970.0,0.0121137339055794,3.2847827411786215,13.224618923933209,0.97378,0.8076138681169273,566.0,0.036107463272745124,3.06,4634.0,-162.0,7382.0,539.0,0.07363387978142076,4444.0,2942.0,0.006615201462953644,3245.0,0.011796680737870815,-0.0933744221879815,0.009517335146159076,0.8311965211367419,0,0
20219,2021.0,7737.3,0.06859074815717685,4.7614855247905385,15.436359013867488,1.7571468411267408,0.17537335200093337,5654.3,1.1789748792104404,4.76,2549.3,134.5,586.4,324.5,0.1138316904619918,4651.7,6856.8,0.055795319726955415,8382.0,0.10409068860823167,-0.18196134574087328,0.12841267063353168,0.2293279883122491,0,0
135183,2021.0,411.172,0.0871146227590635,2.3328662777367337,52.24045679902153,11.826887500556268,0.8719401151081515,46.481,0.4926080896393823,2.34,3.084,-13.427,356.024,91.572,0.2263932634826766,380.06399999999996,362.963,0.12428018278573165,321.607,0.10262755917632711,0.12859172841387156,0.13282070073258156,-0.29904655105588607,0,0
36685,2021.0,4783.086,0.024225107317344653,4.881016781549021,10.3380099389837,1.4052989686713468,0.19981748837496818,3054.968,0.14350483197160874,4.49,2105.774,1178.236,2814.498,503.472,0.13593515357071692,4754.014000000003,3817.839,0.018924492301118458,3514.961,0.01821990656322728,0.08616823913551251,0.2528254858311208,0.2800928517333553,1,1
6434,2021.0,8658.0,0.10074706510138741,-23.46805234795997,-0.6118956864031491,0.9723033620015636,-0.5156891736487597,9226.0,0.42069251503213767,-23.47,-4697.0,-180.0,10.0,-6097.0,-1.5890018243419337,13690.0,6087.0,-0.42138364779874216,6726.0,0.010890305766277284,-0.09500446030330062,0.42237555446032526,-1.2390863186734418,1,1
46956,2021.0,4472.697,0.08750935952560966,6.2982986166322155,20.58968745266347,3.59147495502716,0.27318299414269404,2032.301,1.2167660053323912,6.3,738.799,16.462,51.821,158.44,0.17443076604655156,2061.279,2796.166,0.06894598027615816,2371.482,0.07865853822221147,0.17907957977332326,0.5995820705923753,0.26924527253216546,1,1
45307,2021.0,1758.225,0.1333254286100757,3.871434164165471,47.53535568379468,9.100037491417627,0.5069970720071747,836.659,0.6988203291449692,3.86,2235.32,119.717,213.345,296.668,0.19143724414204666,2205.2490000000003,1697.067,0.12216231262924783,1552.691,0.12444223323655992,0.09298437358109242,0.03603746935153409,0.0913793766716498,0,0
613,2021.0,1127.515,0.009998617546426641,1.9979874951152796,8.533586942703188,0.7004447719430057,0.7718202933959494,323.889,0.04247325603520525,1.87,2471.538,127.304,716.048,306.771,0.08208093227923748,6221.2540000000035,1419.447,0.009179323516253831,1553.434,0.01009032226350763,-0.08625213559121281,-0.205666009368437,0.08925429294676085,0,0
134803,2021.0,485.072,0.0943164090474871,2.014560313751277,11.243148117925463,1.408407290935761,0.5758730437150777,183.767,0.19997683076210176,2.2,430.867,85.848,184.886,171.566,0.12526805447757763,1920.0640000000003,433.283,0.07918433205671756,378.771,0.1259926231922498,0.14391809299022365,0.11952696043925098,0.19109938289219708,0,0
7722,2021.0,23027.0,0.0118985812235215,3.3225571384198656,14.425636039714412,1.0302219718287415,0.8339540785003888,4057.0,0.04798047240136049,3.11,20171.0,-197.0,20026.0,4482.0,0.07141605188100511,108125.0,24433.0,0.008801558437477907,14682.0,0.0068149438359002106,0.6641465740362349,-0.05754512339868211,0.3518720926576097,0,0
45213,2021.0,131.87,0.07998585748312823,-1.338663620788121,-8.112568259385665,1.041194732663509,0.06370551225467172,99.706,0.6945785175715515,-1.34,22.989,9.709,16.886,-4.688,-0.12834341719823691,134.101,106.49,-0.030577369615695685,162.354,0.028271985800617,-0.34408761102282676,0.2383322377688047,-3.6158514773641826,1,1
17173,2021.0,789.557,0.009163274060413142,0.9440225379715824,16.86400415206955,0.7398202403246832,0.7849870765469947,170.284,0.03800485808168829,0.87,1414.904,818.023,1117.244,107.898,0.043869785233294815,3708.9700000000003,791.971,0.005177775672717818,861.618,0.011189555055834332,-0.08083280525708614,-0.0030480914073873757,0.7697317612068993,0,0
37946,2021.0,6150.603,0.04526777368302984,17.706233291121432,3.3705644232037644,1.6597615617058674,0.4028570847850024,3701.8,1.5354945201655479,16.46,3351.002,506.835,559.556,629.191,0.49242837498659736,3079.268,6199.186,0.1558461599051039,5323.18,0.07602465884943974,0.16456441450411208,-0.007836996663755473,-0.7095355207302266,0,0
76006,2021.0,61121.0,0.012653391014526907,6.076400401409353,11.278058632229902,1.3402376794803903,0.409514477299364,30733.0,0.04664286444022648,6.55,76732.0,23483.0,221888.0,10996.0,0.11883584960715868,331635.0,52047.0,0.009854265133143704,53823.0,0.01009795304820371,-0.032997045872582356,0.1743424212730801,0.2840522193754115,1,1
46064,2021.0,7671.9,0.24645455272204014,10.408176693790713,14.545294959329034,4.477957875956922,0.4729244203844232,3271.4,0.5822966507177033,10.08,7006.8,398.2,2256.5,2372.7,0.30786298170494353,8214.8,6206.7,0.22260061919504642,5617.9,0.22842536225670929,0.10480784634827965,0.23606747547005652,0.10716022989177987,1,1
40896,2021.0,701.678,0.03742884516092908,1.3056844315853748,31.33988505194516,1.804225740381954,0.6205349848388668,262.427,0.09054531619132311,1.22,-661.224,266.124,267.236,228.799,0.05756963490425987,7370.608,691.571,0.029955966631421117,673.599,0.04024012803457009,0.026680562174231225,0.01461455150664208,0.2494621062125761,0,0
46247,2021.0,168088.0,0.18356757015869782,5.8487650244353455,34.79537973397168,13.023855575466595,0.7638149844421914,33778.0,0.4746424790332912,5.82,37752.0,2220.0,136527.0,44281.0,0.37429841763592103,152254.0,143015.0,0.14696111326835065,125843.0,0.13693658482111698,0.13645574247276368,0.175317274411775,0.24908940927457363,1,1
46032,2021.0,42440.0,0.0614563986202732,4.884861407249467,16.11918812745526,42.30132875143184,0.8439190691469651,6318.0,0.3087478166688277,4.67,-21295.0,-7141.0,46554.0,13746.0,2.6242840778923253,83808.0,40479.0,0.10484566041477572,39068.0,0.08779604636254959,0.036116514794716906,0.048444872650016055,-0.4138393675317795,0,0
84923,2021.0,4629.9,-0.01470266006398177,-1.315775715592733,-3.3972355220025823,1.1382536776942023,0.6555597948196193,1625.0,0.2820166419587777,-1.45,-6004.8,-28.4,352.0,-1006.7,-0.33505291885775146,15186.5,4717.8,-0.06017765769212377,8648.5,-0.21421535883704867,-0.45449499913279756,-0.01863156556021886,-0.7556790904158754,0,0
46865,2021.0,670.534,0.054398533892706526,1.0943189496174284,175.11348045923307,6.86253829251545,0.6064544312783269,144.14,0.1924759588982425,1.14,67.854,179.885,717.292,59.926,0.03918909197920413,1168.7149999999997,366.26,0.031492148509081205,270.245,0.015292337118504007,0.35528871949527274,0.8307595697045814,0.7273681367601814,1,1
47606,2021.0,1097.2,0.01953253593767146,2.074119936317,27.905811513859273,2.0370156575875487,0.2649355720421711,753.0,1.2077340249941053,2.08,511.7,109.7,162.9,46.9,0.07299610894941634,632.6,1024.4,0.05529356283895307,1149.613,0.02786515394167131,-0.1089175226793712,0.07106598984771569,-0.6467484651954597,0,0
47472,2021.0,2734.372,0.09949330052889854,2.488930106577165,15.757774754846876,2.2294592984335253,0.20417776406323632,1887.832,1.0999232151700116,2.45,1416.083,-4.108,29.334,169.078,0.14148313027179008,2044.079,2372.178,0.07839749688873063,2463.701,0.07787061119548627,-0.03714858255932848,0.15268415776556396,0.269087719345289,1,1
135295,2021.0,9760.0,0.0866589686540682,-0.693122110787868,-31.235477361111112,1.849316972288463,0.6001175778953557,3401.0,0.23356401384083045,-0.8,,0.0,15.0,-720.0,-0.059205657429487704,36032.0,8505.0,-0.019772614928324272,8751.0,0.03546871135295573,-0.02811107302022626,0.1475602586713698,-5.3827773396795,0,0
47741,2021.0,1857.186,-0.018206476463035744,3.497589429200643,28.436728213331513,2.2493423843983544,0.23203655475242743,1339.339,1.0656884084095828,3.46,380.372,-5.988,91.071,58.763,0.07909990092825914,1453.821,1744.014,0.03590742272904479,1650.333,0.04613059108728955,0.0567649074459517,0.06489168091540551,-1.507039355077659,0,0
35618,2021.0,5336.308,0.058820085503148795,0.008487487821305033,4324.012095531588,3.2578456975188432,0.4447654966472037,2251.13,0.33756653809413867,0.01,801.406,2503.802,3388.845,1.298,0.0007534312174763537,8330.852,4054.377,0.00010807119477201849,5361.789,0.04023827907614237,-0.2438387635171768,0.31618445941262985,543.2716315594795,1,1
47582,2021.0,2713.491,0.015704579335209762,-0.1696857376297802,-237.5567950675279,0.9454328420294968,0.21675788606679694,1666.039,0.3088302464914596,-0.17,2052.006,128.517,825.908,-8.515,-0.003979818138903365,5783.037,2127.106,-0.0012362757421937498,2971.963,0.051087938959872944,-0.2842757463669635,0.27567267451645555,-13.70313636288152,1,1
47405,2021.0,8935.967,0.07225150266297446,3.5298710947070586,11.977774503833203,1.0972930658727222,0.21105631645232975,5698.642,0.6527474501689133,3.43,5156.888,76.961,1395.656,446.624,0.09161076337858587,9258.68,7223.129,0.04036099551651933,7439.322,0.05448831553495161,-0.029060847211614206,0.2371324117290444,0.7901318274818737,1,1
6749,2021.0,2396.0,0.025700442384664,1.7311279135999642,24.70643541935484,1.4655558706467664,0.3962703962703963,1295.0,0.23652001323188884,1.73,1382.0,227.0,257.0,155.0,0.059318790662074246,8659.0,2145.0,0.01709118976733929,2123.0,0.025494400762449368,0.010362694300518135,0.11701631701631701,0.5037245934614051,0,0
47870,2021.0,317.896,0.15878031317124802,1.0723722398941233,15.834054042350497,2.953255151860243,0.6694406446246457,83.852,0.6259348913416292,1.08,107.434,-8.883,53.514,46.186,0.18651288823199222,339.778,253.667,0.11396606137772941,201.014,0.0749113611365438,0.26193697951386463,0.2532020325860282,0.39322453765411913,1,1
47815,2021.0,4733.962,0.10700179765608946,3.002465050314041,53.352827531912496,13.051388977539094,0.6718975909419006,1345.024,0.5603364531305295,2.99,2156.239,431.747,712.583,266.745,0.24462412924099525,6564.796,4099.403,0.036460662001345824,4245.321,0.032622068118021715,-0.034371488045309095,0.15479302717981133,1.9347190035150714,1,1
48086,2021.0,1809.2,0.08929726234102177,3.399458703863427,35.799817147856515,3.8249383997008786,0.4453798223518493,836.7,0.8679093314923483,3.37,460.1,-0.8,218.9,114.3,0.106842400448682,1409.2,1508.6,0.06575768035899206,1600.5,0.07631594219720272,-0.05741955638862861,0.19925758981837474,0.35797464043013166,1,1
35277,2021.0,8970.062,0.21196748636338317,243.91014884979705,16.726897258024426,4.858112536149637,0.21816313421552097,5915.409,1.3096512617573295,244.11,8811.12,1648.978,2809.782,901.248,0.29043716005483594,2564.772,7566.04,0.15600242403638756,7428.442,0.2305988610995547,0.01852313042223389,0.18556893698685176,0.35874482510567757,1,1
47985,2021.0,140.755,0.161439429438254,0.5342857142857143,37.75133689839573,3.3270153347914886,0.43337093741606236,52.739,0.9766834213039236,0.53,25.114,6.368,27.032,7.293,0.08812973547786787,64.575,93.075,0.07652916671038963,85.034,0.055759085580304804,0.09456217512994798,0.5122750470051033,1.1095150565168368,1,1
48067,2021.0,15785.0,0.1770125913145626,10.981210855949895,43.571697718631185,17.278884951749095,0.8970313957102891,1325.0,0.5298962279690331,10.94,19453.0,1828.0,5992.0,5260.0,0.396562123039807,17986.0,12868.0,0.2166035249547027,11171.297,0.14215398990482794,0.1518805739387288,0.22668635374572582,-0.1827806525698027,1,1
4958,2021.0,2296.4,0.042326633834686544,1.936842105263158,7.8478260869565215,0.6347252747252747,0.2598259177163865,1369.1,0.6401896653168587,1.79,63.5,-13.5,536.9,55.2,0.08087912087912089,2215.5,1849.7,0.01910497352299865,1897.5,0.017606641855138848,-0.025191040843214732,0.24149862139806458,1.2154772307710116,1,1
48820,2021.0,5121.6,0.06004457457501202,2.858924835023338,28.92346066150598,5.1763523425692695,0.22528206011540777,3598.1,0.7205200204781333,2.87,-242.3,151.3,289.4,284.2,0.17896725440806044,6041.5,4644.4,0.04409004173195365,4605.0,0.058989918923808116,0.008555917480998836,0.10274739471191129,0.36186250264978875,0,0
48149,2021.0,118.386,0.08077106106127435,4.396493425172198,6.3232211018059585,1.8059437999316619,0.5107861635220126,77.785,1.1363230301947471,4.4,51.075,37.99,52.596,35.106,0.2856050375046779,79.93200000000002,159.0,0.2508915490441308,107.809,0.03300638800865148,0.4748304872506006,-0.255433962264151,-0.6780638432462026,0,0
48193,2021.0,707.12,0.1302663858722022,3.112255586592179,15.744208223481236,1.8713837086030898,0.18582447491398346,396.361,0.8413960096233616,3.1,224.834,0.019,28.278,17.827,0.1188617224848481,511.8499999999999,486.825,0.03081100326309386,514.177,0.015863167131517704,-0.053195689422125124,0.45251373696913677,3.227917694203692,1,1
45065,2021.0,4122.2,0.01218083989791296,2.230944936021112,9.964387574552683,0.5483483771561941,0.19811049174321532,3064.1,0.10812424483374315,2.12,2938.4,337.2,1620.3,301.8,0.05503081579811094,,3821.1,0.008539922297459812,4015.8,0.012173328694742037,-0.048483490213656125,0.07879929863128417,0.42634083468606426,0,0
47969,2021.0,16226.0,0.017495311413920182,1.4317740248094455,79.52372233820459,2.3564406433652954,0.6897387557231349,4608.0,0.19903777858186253,1.42,13054.0,-14.0,906.0,958.0,0.02963192081657903,73276.0,14852.0,0.012838553183505541,10187.0,0.011516785101690762,0.45793658584470404,0.09251279288984648,0.362716745715355,0,0
47489,2021.0,5724.93,0.09677072227539867,3.232752788144656,10.888552978467004,1.2100289259872108,0.1986814318505518,3352.055,0.7809613172325958,3.26,1846.62,227.671,682.529,296.243,0.11112853364263746,4398.248,4183.174,0.05530592882364824,4552.747,0.05358906681351862,-0.08117582637471406,0.3685612886291606,0.7497350525287718,1,1
48912,2021.0,12015.8,0.01175487338053158,3.893170995139673,5.892368978562422,0.42982693404470607,0.09941653751481437,11854.2,0.1863738180664856,3.89,11643.8,112.9,2565.4,793.0,0.07294637107901757,66205.00000000001,13162.8,0.011228191397477974,11999.6,0.016419104238853722,0.09693656455215165,-0.08713951438903578,0.046907107690727985,0,0
41453,2021.0,33.638,-0.1808139441398273,-0.7490748224084393,-17.621737649063032,10.166054054054054,0.7318001212202841,7.965,0.5343096685977474,-0.8,-241.935,11.873,27.186,-17.61,-0.576904176904177,25.527,29.698,-0.3168291893058904,31.34,-0.3245903995400978,-0.05239310784939373,0.13266886659034272,-0.4293014966962021,0,0
135137,2021.0,17596.0,0.09011177987962167,2.5439796481628147,11.31298358490566,3.794861582278481,0.09925303454715219,9647.0,2.0334156066071767,1.63,,76.0,97.0,212.0,0.33544303797468356,4824.0,10710.0,0.04025061704955383,16596.0,0.05755792570798088,-0.3546637744034707,0.6429505135387489,1.2387676633300344,1,1
49614,2021.0,12837.535,0.050052833021932856,59.20554306029167,17.45275774174969,1.1666196670385025,0.1537977940542302,8241.583,0.23350475643114726,55.67,8779.558,1716.296,7641.384,816.03,0.06684443136730009,33575.2,9739.496,0.019564347722973458,9521.823,0.047779122568652264,0.02286043334348883,0.3180902790041703,1.5583696288099735,1,1
48515,2021.0,233.674,-0.0498882839107139,-0.2080069140483426,-50.88773153732744,1.905173055741637,0.6442310492019031,61.093,0.37784726011723496,-0.22,-106.552,85.087,209.401,-14.922,-0.03743874993413971,227.664,171.721,-0.03283370592687779,154.605,0.04768462188121787,0.11070793311988626,0.3607770744405169,0.519422876656612,1,1
1250,2021.0,2103.409,0.013267686750925455,2.524301028782956,12.82335174406936,1.0362946735092355,0.7198445989964516,646.769,0.04244220413445495,2.31,1336.654,3065.999,4252.917,373.695,0.08081308960338775,3449.6709999999957,2308.608,0.006870131037415249,2406.538,0.011695884110131755,-0.040693311304454714,-0.08888429737746731,0.931213055277787,0,0
47807,2021.0,1315.077,0.012012296487592264,-0.2873685637381151,-68.10069878706199,6.097478445545212,0.29382277205553065,756.909,0.5999136935628943,-0.29,-142.05,61.853,102.018,-14.84,-0.08953620967401338,1614.568,1071.84,-0.008306015088514472,1154.179,0.008959396133300464,-0.07133988748712303,0.22693405732198846,-2.446216550244753,1,1
50201,2021.0,1143.67,0.09470972843840225,3.9503586674294766,20.076658014348737,-2.271552458464684,0.3470062828803746,667.037,0.5358034171626032,3.87,1525.606,85.359,236.92,89.764,-0.11314395338313832,1638.4689999999998,1021.506,0.047083284814953524,950.107,0.09852756908573235,0.0751483780247909,0.11959205330169388,1.01153612817436,0,0
49844,2021.0,127.55,-0.044349755235058914,-0.08193839333486204,-123.6294682835821,0.4090999422762898,0.25028405318065794,101.615,0.11513092789897822,-0.92,-541.512,-1.11,1.637,-1.072,-0.0033090811434850925,1152.038,135.538,-0.0009105959561724731,144.083,0.0008924831518921721,-0.05930609440391987,-0.05893550148297904,47.70409860095927,0,0
51727,2021.0,4799.653,0.19406507285824975,1.2706844636196126,100.70950236966824,2.006281011475594,0.10431429519730134,3192.463,1.9276404776339606,1.27,1306.602,-46.356,49.061,28.274,0.019921466835485492,1688.507,3564.267,0.01529125255336444,3440.258,0.030039444596631368,0.036046424425144864,0.34660310240506687,11.691247638542915,1,1
6825,2021.0,47676.5,0.04710799453975198,9.74812030075188,10.143494022367912,3.497469038423181,0.18110563087942474,34916.1,0.6651986090114714,9.71,14286.6,-150.9,11060.4,5704.6,0.34479924084450003,48428.6,42638.1,0.08899768012568196,38997.7,0.07232495313806464,0.0933490949466251,0.118166616242281,-0.4706828933829919,0,0
6921,2021.0,1179.245,0.061964349327085895,3.479852911857874,29.929425937832214,4.138850796406269,0.19059683253594353,796.15,0.24974730131002149,3.49,1192.931,16.014,155.906,157.091,0.1382870090794012,3740.3140000000003,983.626,0.039886149115713275,1003.591,0.05404880981893386,-0.019893562218074926,0.19887538556321196,0.5535305037175133,1,1
52606,2021.0,2988.244,0.15866565411979439,2.1174513606820082,64.43123206195271,15.265000344963411,0.9285420093473794,191.714,0.679077955393675,2.16,2332.908,223.222,928.432,590.644,0.23691926813203915,2706.322,2682.891,0.14950041574016304,2336.319,0.29458228149736765,0.1483410441810387,0.11381491085549135,0.06130577185524923,0,0
102362,2021.0,1908.0,-0.17810812837432513,-9.416743330266788,-2.121752637749121,1.0565925565555827,-0.14119749776586238,6385.0,0.10439796242046535,-13.2,14639.0,9161.0,9513.0,-10236.0,-0.4979810265142301,43456.0,5595.0,-0.19099509264269587,20825.0,0.06635891517599539,-0.7313325330132053,-0.6589812332439678,-0.06747275068725998,0,0
45386,2021.0,1143.178,0.08165069591136218,0.8035058860091412,49.74450180884583,2.8896384214363353,0.3496225405045175,654.841,0.11050592258440366,0.81,-564.087,-54.208,67.223,299.915,0.05808960420471001,8981.839,1006.863,0.03291647798350066,1015.106,0.05094339308943987,-0.008120334231104868,0.13538584693250227,1.4805416895540728,0,0
51808,2021.0,127.0,-0.09476149914821125,-10.768112972036441,-0.6110634256055363,2.597019558823529,-1.46875,632.0,0.044513997565640756,-9.78,102.0,84.0,678.0,-578.0,-4.25,5058.0,256.0,-0.10050426012867328,223.0,-0.04928610653487095,0.14798206278026907,-0.50390625,-0.05713947819833415,0,0
47824,2021.0,464.117,0.003195104981649401,1.8034554813118313,6.60398891096368,1.124602063492152,0.24018973113061,393.739,0.13286997840571513,1.77,-1345.716,-44.093,47.077,305.527,0.17029133129299057,3731.0470000000005,518.207,0.07833812722013196,572.813,0.008407080623037124,-0.09532954035610225,-0.1043791380664483,-0.9592139218152218,0,0
49605,2021.0,64.802,-0.005320987361843692,3.713650913818783,7.345870851374049,1.063428334052412,0.44932918885562134,48.187,0.026697615471473497,3.64,-1178.432,186.58,2987.225,451.294,0.14476545471167618,288.326,87.506,0.13768740059633808,200.242,0.14842544248514103,-0.5629987714865013,-0.2594564944118117,-1.0386454195430952,0,0
49754,2021.0,85.986,0.18242402062768728,1.4121705032314282,45.51150151694349,5.566253702713752,0.38398815796076063,49.106,0.1613654811956867,1.42,-108.501,-0.368,5.742,19.447,0.12230433005251407,488.267,79.716,0.03936567957263936,78.959,0.038797927121927867,0.00958725414455592,0.07865422248983907,3.6340879316225214,0,0
52493,2021.0,1031.753,0.08157378452043243,4.981665967175455,63.98060450060969,10.85169370710888,0.8362201807150729,138.807,0.5671475194381003,5.0,816.562,40.369,583.695,225.525,0.16960911500930678,875.8219999999998,847.522,0.1509175506019638,840.883,0.1668847855502268,0.007895271993844577,0.21737606811386592,-0.4594811259852838,1,1
52520,2021.0,1010.635,0.03541415512987701,0.32943334833327564,339.97772407271196,4.563321006772556,0.5739391669632992,367.46,0.4923630152431418,0.33,393.736,1.5,27.356,9.517,0.0134224117748273,1671.007,862.459,0.0054330916786409335,955.097,0.01612308073652396,-0.09699328968680672,0.17180642789976108,5.518232568962598,1,1
76920,2021.0,4231.0,0.044485333910596385,-0.37951531778692277,-137.9654457831325,2.3054423193074287,0.5882704967085578,1376.0,0.35773924213230573,-0.38,769.0,33.0,438.0,-83.0,-0.01671028790014093,8599.0,3342.0,-0.008884607150503104,4029.2,0.03055946250682909,-0.17055494887322542,0.26600837821663675,-6.007011920395078,1,1
51134,2021.0,1338.219,-0.020976039982360722,-10.408827989983424,-3.779484110781492,-3.347374230422381,-1.0697474594475505,375.773,0.06740706583322567,-10.45,,194.484,377.016,-590.243,0.8856696131817412,2302.124,181.555,-0.21914322799482594,1474.925,0.0667785033386346,-0.8769056053697645,6.370873839883231,-0.9042815962222844,1,1
136228,2021.0,7786.0,0.14654676258992805,3.446113970015863,48.025109279609275,20.871618201114355,0.7372513832809929,1757.0,0.49136600778896317,3.44,4929.0,1670.0,3604.0,1638.0,0.4345980366144866,9548.0,6687.0,0.12036152546109193,6276.0,0.12992637505413598,0.06548757170172084,0.16434873635411992,0.21755487917358413,1,1
52546,2021.0,1316.536,0.25008929847121014,8.125206213912564,52.353132806849096,37.383054590705626,0.7391480670682439,337.689,0.805958013746389,8.13,2110.064,50.968,157.394,236.411,0.7140557324167427,1425.813,1294.562,0.14718286183882856,1160.083,0.13402927765778735,0.11592187800355648,0.016974080808798777,0.6991740434091333,0,0
135180,2021.0,400.618,-0.01451597685118745,29.272340425531915,0.4266826573629888,0.1019604096912886,0.6800739556631106,122.683,0.15340042891139632,73.22,,-21.378,15.544,178.854,0.2389607543963253,2472.395,383.473,0.07154683722848514,443.528,-0.14371091580916054,-0.13540295088472432,0.04470979703916568,-1.2028877503673658,0,0
53307,2021.0,751.651,0.12365802692325374,5.476747645017352,14.952304781561748,2.184238693467337,0.4710783579514951,314.29,1.0882430506972196,5.5,301.148,40.055,212.437,55.233,0.14608040201005024,296.26199999999994,594.209,0.10115452377725603,562.419,0.11779976354354739,0.05652369496763083,0.2649606451602046,0.2224666016475032,1,1
51615,2021.0,7021.0,0.03198231392778187,9.702734839476815,,,0.36257876878332523,3945.0,0.24367101066971142,,1654.0,7.0,35.0,816.0,0.09578589036271863,24728.0,6189.0,0.032127249104295444,6376.0,0.03135153381999241,-0.029328732747804266,0.13443205687510099,-0.004511284985622857,0,0
53034,2021.0,18996.0,0.008774559024083205,1.7542161806901158,30.235726123067597,2.0640151567446767,0.4695680898505244,6423.0,0.022056104726880615,2.13,27369.0,24983.0,90747.0,3299.0,0.06826411736710328,-11510.0,12109.0,0.0060090089597802585,11785.0,0.012598425196850394,0.0274925753075944,0.5687505161450161,0.46023397249254216,1,1
53573,2021.0,3805.566,0.035949384641807074,2.4617420992094643,30.913067629804875,3.107019636227024,0.3108183367116219,2166.854,0.7610024881883665,2.43,758.254,147.11,570.958,134.837,0.10050829226768121,3364.684,3144.097,0.03263617264348229,3412.19,0.0237873651951956,-0.07856918870285648,0.21038441244020128,0.10151962469736646,1,1
56657,2021.0,929.24,0.07613954181833137,3.0483272524890235,24.085340555234357,2.909751956336865,0.48567082310878185,463.21,0.5810627019438223,3.05,638.338,45.776,241.316,98.589,0.12081008153752269,1259.447,900.61,0.06360843286432473,1054.132,0.08979983287754482,-0.14563830715697848,0.03178956485049022,0.19700389381916064,0,0
54000,2021.0,92.774,0.13008304258227743,0.7871144619602467,28.826811215604323,2.5259972836039553,0.4694581913088124,37.2,0.8795850268453009,0.8,27.711,2.563,16.52,5.742,0.08762666341106091,58.078,70.117,0.07203070901701039,59.263,0.010661303874709017,0.18314968867590245,0.32313133762140417,0.8059386664034878,1,1
3510,2021.0,997.157,0.010679669308870177,1.0966430551278104,11.599033924960683,0.8519532168567834,0.8039723697012957,190.591,0.03752947158562988,1.08,1185.872,1330.041,1847.832,178.04,0.07345035994966893,3219.6940000000013,972.266,0.00687234472984301,1041.466,0.010341706402802882,-0.06644479992625774,0.025601018651274524,0.5540066350999452,0,0
52750,2021.0,6010.9,0.21516631774831357,1.4962728159398078,32.634423000814806,10.25765871505927,0.4834522692260018,2917.1,1.4243952884203093,1.5,2668.4,70.8,245.7,859.1,0.31432021074198746,3512.0,5647.3,0.21668726511463668,5333.7,0.20813705623832204,0.05879595777790284,0.0643847502346253,-0.0070190897721583234,0,0
54419,2021.0,2632.529,0.1828969474247634,2.4539031548330748,24.69942625104248,9.756250792629915,0.703534962888936,649.672,0.6038060200539883,2.43,1657.191,-171.914,1614.206,654.694,0.3949990859491377,1923.115,2191.395,0.1803911109102767,2314.329,0.22101762241378298,-0.05311863611439868,0.20130282308757663,0.01389113078710982,1,1
91929,2021.0,10876.3,0.10837693481578374,4.020715001670565,32.524065979724114,7.26837285743468,0.34497435718522135,5632.5,0.6975493417049963,4.04,3427.3,810.8,1738.1,1203.4,0.22347675908559123,9468.499999999998,8598.9,0.09762072797774048,8225.4,0.10679117932596736,0.04540812604858123,0.26484782937352447,0.11018363682450616,1,1
52945,2021.0,8198.2,0.09784460557074368,2.016155088852989,47.25826923076923,5.153195281782438,0.2718434163701067,5115.3,1.5163943272821465,2.02,160.0,461.2,634.7,124.8,0.109043250327654,3215.8,7025.0,0.026938934098905607,6782.518,0.07311993669378983,0.03575102933748203,0.1670035587188613,2.632088976182566,1,1
135230,2021.0,363.468,-0.17347629989582997,-8.325660285921977,-2.966731664726426,-4.8875069672106575,-0.6827592823563274,526.182,0.5386665380394805,-8.34,-2400.823,-9.126,477.17,-274.88,1.6474381641324998,78.72499999999997,312.69,-0.47353179819083563,252.002,-0.45660006941445463,0.24082348552789257,0.16239086635325728,-0.6336543806379858,1,1
91762,2021.0,17870.0,0.057537149221700036,-1.2159754859342036,-93.66142765,1.6191793180050134,0.3458143507972665,4595.0,0.3652816059077435,-1.21,3478.0,796.0,1501.0,-200.0,-0.017287578874578616,16698.0,7024.0,-0.0104009568880337,9671.0,0.03964965647453716,-0.27370489091097094,1.544134396355353,-6.5319092119203495,1,1
55199,2021.0,4122.0,0.014988879218644231,2.6627906976744184,11.525502183406115,0.598354114713217,0.555858310626703,1793.0,0.4170023757876252,2.66,2739.0,1000.0,1294.0,229.0,0.05191566538199955,8000.0,4037.0,0.023654581138312158,4022.0,0.01555609995100441,0.0037294878170064643,0.021055239038890266,-0.3663434946912891,0,0
66234,2021.0,20724.4,0.03890567611838558,0.42831947593852354,210.54377647058826,2.0528233838590744,0.1611577134603633,15100.0,1.9297399283891854,0.41,2991.5,541.3,1567.1,23.8,0.009750102417042196,5233.700000000001,18001.0,0.0025514032717994894,20863.5,0.05048895249246515,-0.1372013324705826,0.15129159491139388,14.248736469223715,1,1
60887,2021.0,9680.14,0.02875543813709812,-2.0173329718925874,-15.619632672953578,2.394560536446885,0.3311398385380163,3452.711,0.14144653611375213,-2.02,3060.33,2772.033,5101.637,-997.204,-0.15330453580980966,31250.774,5162.082,-0.027324450018186085,12899.672,0.06040888813424915,-0.5998284297461207,0.875239486703233,-2.0523702441571423,1,1
55932,2021.0,17931.0,0.06241193250163247,3.5382992511861344,33.329572098930484,6.69096079710145,0.39308713365751086,9236.0,0.5185891974782757,3.54,11198.0,-2999.0,628.0,1496.0,0.20075147611379496,27596.0,15218.0,0.05097972397341966,15455.0,0.06019536459647479,-0.015334843092850211,0.1782757261138126,0.22425010645748983,1,1
71582,2021.0,2283.532,0.018429890810196095,3.250073414252154,4.70450911445588,1.0742359823428023,0.23148699473156611,1427.496,0.38224541125154493,1.84,31.659,1593.053,1626.021,265.622,0.22834177938818756,3165.2260000000006,1857.478,0.05466163832220778,1423.836,-0.005160398309294248,0.3045589520141365,0.2293722994296568,-0.662836838121106,1,1
53148,2021.0,3105.891,0.04568831428066916,-0.724168107173725,-65.20585418251802,2.1045246949277328,0.44702027796649757,1316.131,0.45467068496960866,-0.79,789.169,288.174,493.046,-67.029,-0.03227508820046966,4472.8949999999995,2380.071,-0.012804711011910106,1362.496,0.05503044621867535,0.7468462292733334,0.30495728908927516,-4.568086326834934,1,1
58721,2021.0,1803.255,0.07272272578801241,-0.26165968300236836,-39.173020017406444,1.1233222467543054,0.18235521452562645,1163.623,0.6684151149344848,-0.26,189.531,10.013,361.098,-17.235,-0.028675916389779493,1725.2980000000002,1423.14,-0.008094870853110617,1624.411,-0.004666169664814205,-0.12390398735295437,0.26709599898815295,-9.983803090578922,1,1
55244,2021.0,22845.0,0.08966723585023531,0.4108367626886145,63.334156928213694,3.7288342834676627,0.3118044795041555,9771.0,0.33689255884586183,0.41,-12264.0,1625.0,3754.0,599.0,0.05887556516610969,36917.0,14198.0,0.014213173880030372,14568.0,-0.005856551250949546,-0.025398132894014276,0.6090294407663052,5.308741214811881,1,1
54841,2021.0,416.326,0.2376225855481462,2.8443439927511887,11.872684909442338,2.0677469287607138,1.0,0.0,0.1920284327906089,2.88,,0.0,0.0,279.38,0.1741600105226608,1606.033,308.404,0.17395657498943048,266.292,0.1534893686014731,0.15814218977663627,0.34993709549811297,0.36598795166313214,1,1
35265,2021.0,119.597,0.2970200747714863,0.18359560497142574,116.58775820549414,16.815657417412783,0.3417198648141194,63.108,0.36107114609619223,0.06,-559.859,133.653,169.915,11.212,0.14423175877328392,86.338,95.868,0.042228164664231106,59.702,-0.0972495818621074,0.6057753509095173,0.24751741978553846,6.033696044646567,1,1
56099,2021.0,5141.317,0.153393434844857,11.28905416933248,7.33630991203731,1.323219124754884,0.2198991961507299,3511.403,1.1647912559731166,11.23,1891.731,426.155,745.621,423.475,0.18036576161862594,2943.527,4501.217,0.10958369194891417,3666.944,0.07346813020470248,0.2275117918353811,0.14220598562566533,0.3997834177403524,0,0
91888,2021.0,2208.042,0.1594461448355344,-22.61995405316705,-1.9350171930995461,2.3516490278987594,0.002780064214032343,1463.512,0.8520266222034379,-22.74,343.205,40.425,290.21,-344.615,-1.2153116966014368,1328.519,1467.592,-0.20007001565192353,2294.352,0.12517641490644388,-0.3603457533979092,0.5045339576667083,-1.7969517287034882,1,1
56649,2021.0,307.483,0.02509671179883946,1.0230547550432276,13.762704225352113,1.1963173359451518,0.20274244904567446,177.275,1.3434758440679604,0.98,86.246,2.275,4.131,8.165,0.08692458374142996,144.383,222.356,0.04933296275708726,284.29,-0.08489955718157786,-0.21785500721094664,0.38284102970012057,-0.491279047593102,1,1
966,2021.0,9235.452,0.031866758310853935,2.984226064951497,22.25702696591102,1.8715745637400762,0.1072621730258237,7181.783,0.28121426453808557,2.84,8286.209,1348.656,2713.839,530.67,0.08408915380327255,25466.95,8044.672,0.01855041122402826,7833.002,0.025595204941346136,0.027022845136513325,0.14802095100956258,0.7178464631326917,0,0
1705,2021.0,9630.0,0.09386051550004779,7.555563840165029,11.563663791118422,1.3033103318194459,0.21045647558386413,5950.0,0.2736184736039503,7.55,10854.0,133.0,1489.0,1216.0,0.11270738715358235,,7536.0,0.044150751579406,7924.0,0.07859729219143577,-0.048965169106511865,0.2778662420382166,1.12590980090651,1,1
6261,2021.0,9341.5,0.06141671136587436,1.8367628780555172,10.730835338345866,0.9689077393075356,0.10591830753987637,6406.9,0.3140844700024545,1.87,4678.8,39.8,1849.9,558.6,0.09029192124915139,,7165.9,0.024483677548301132,7213.7,0.050122649611174644,-0.006626280549509985,0.3036045716518512,1.5084757485762559,1,1
133890,2021.0,626.72,0.08767152487788858,2.3850200993142585,19.731489899615816,3.0323818956125583,0.28707198859226185,281.978,1.0789633772079383,2.37,263.429,18.353,21.662,40.345,0.153682358049992,314.64,395.521,0.11005933301507195,362.745,0.12025220321329709,0.09035548387986053,0.5845429193393018,-0.20341580785445518,1,1
62357,2021.0,615.639,0.20789633199685756,-1.2051203557503303,-8.69622685401821,3.0202783691606907,0.4518196827219869,305.468,0.7601612430172362,-1.27,-951.779,-49.906,75.01,-149.594,-0.34730905941869833,612.871,557.24,-0.20406927174632192,629.094,-0.0865588520918802,-0.1142182249393573,0.10480044505060657,-2.018753731111919,0,0
98163,2021.0,12206.0,0.13379310344827586,-7.015706806282722,-2.2535149253731346,2.0933864818024266,-0.20132560066280034,5800.0,0.4870863599677159,-6.78,81.0,393.0,2237.0,-2680.0,-0.92894280762565,6771.0,4828.0,-0.27037933817594834,6220.0,-0.025880294525041918,-0.2237942122186495,1.528169014084507,-1.494834791559444,1,1
57224,2021.0,567.646,0.06681262113828795,3.5652053530226113,28.029240984752395,3.6270561574176443,0.34854600456717194,309.24,0.8320251837777771,3.57,479.152,-5.801,140.914,38.629,0.12940258208885227,400.058,474.692,0.06770769430315184,444.072,0.004341273680128879,0.06895278243167775,0.19581960513343377,-0.01321966689422795,1,1
55442,2021.0,16120.9,0.11661777546675561,15.959999999999999,12.753759398496243,2.1203804609122088,0.38280161480475866,8638.0,0.6972752681636334,15.99,9240.4,983.3,1320.8,1556.1,0.16625532869643256,18112.0,13995.5,0.07752706547028901,11554.8,0.045648993705115694,0.21122823415377168,0.1518630988532028,0.504220168264301,1,1
135226,2021.0,5138.798,0.002797826928691276,-1.1638624122769061,-195.49561666389314,16.844667091133964,0.7938552976890205,890.132,0.4952732785825307,-1.19,-2964.96,653.2,3539.255,-282.431,-0.08616391190035859,5103.56,4317.996,-0.03239477927801293,3627.206,-0.07051764393485384,0.1904468618545514,0.1900886429723417,-1.086366599527666,1,1
57493,2021.0,2045.03,0.06582258720725342,-63.724464901028696,-0.2065140918866713,0.735902908852577,-1.8492547527118601,2943.699,0.2368045515014435,-63.79,-2512.355,6.895,20.236,-2533.621,-3.5634512983085846,4078.639,1033.147,-0.5807237349376603,671.572,0.009441213269847076,0.5384009458405055,0.9794182241249311,-1.1133457843157029,1,1
57312,2021.0,217.247,0.036086303460581816,-0.1278246205733558,-67.6708443271768,1.0036360434629485,0.26737840798693646,141.774,0.09923693872946196,-0.21,-485.149,96.932,211.484,-10.233,-0.014831144098196003,1693.2640000000001,193.516,-0.005247584664929951,234.703,0.04769777734226573,-0.17548561373310104,0.12263068686826942,-7.87674535329551,0,0
11570,2021.0,108332.0,0.016065505804311774,-3.4793808122309664,-16.258639985925402,1.2288456688474019,0.017233635531897197,59079.0,1.1611040290493297,-3.5,27699.0,730.0,3313.0,-1421.0,-0.07558108611244083,42379.0,60115.0,-0.027446208521651794,102729.0,0.04496509728204367,-0.41481957383017454,0.8020793479164934,-1.5853451777005192,1,1
58989,2021.0,2764.8,0.09139347596192955,4.973315253880281,40.05376490955005,5.95678030456621,0.47414704424050225,1236.62,0.5327217890185706,4.98,2828.021,393.27,1025.851,377.778,0.14871961020438132,3236.5539999999996,2351.646,0.08557859984532433,2494.573,0.11157074415980234,-0.057295176368861396,0.1756871569955682,0.06794778282321855,1,1
60464,2021.0,931.032,0.06204713567248516,5.963019790393466,44.28460902065453,7.351826328272971,0.7301171937928037,199.36,0.36431988928722736,6.0,960.271,45.739,270.893,229.296,0.1660131248950182,1733.606,738.691,0.11308800748080602,714.006,0.05098253564776243,0.03457253860611824,0.26038086290478696,-0.4513376170057981,1,1
135220,2021.0,331.856,-0.040166072284026196,-1.6818859538076352,-56.103685143679115,7.061861904601495,0.6487869411184358,78.317,0.3889722299748814,-1.72,127.502,9.872,440.718,-59.786,-0.12587162298726673,111.43799999999993,222.99,-0.10428760814959531,228.732,-0.08494981755285658,-0.025103614710665714,0.48821023364276417,-0.6148528766101339,1,1
58002,2021.0,826.455,0.11044264148637087,-2.254954120214006,-7.405915646042097,5.123395534363394,0.25694236650822855,561.224,1.4669528230427098,-0.51,58.989,-19.576,11.846,-75.444,-0.6917977167484297,413.322,755.29,-0.146530192087323,972.358,0.0677159631132589,-0.22323876596891268,0.09422208688053606,-1.7537193523949919,0,0
56654,2021.0,7826.0,0.11709327614789128,-0.29063097514340347,-139.7648684210526,1.7847819877341844,0.36539822839541597,3317.0,0.845927268607681,-0.94,1899.1,798.0,1176.4,-15.2,-0.012769889943711669,4189.9,5226.9,-0.002459984786936186,6137.1,0.01674842437808576,-0.14831109155790206,0.49725458684880147,-48.59918710461878,1,1
113786,2021.0,130.162,-0.32133747396244067,-2.075391792247995,-3.0162979459504258,-2.847608253471543,-1.5984144574205095,121.928,0.265327701537435,-2.19,-807.795,0.415,126.053,-96.541,0.9440739292000782,48.98700000000002,46.924,-0.5458827387717482,16.544,-0.5129461245265434,1.8363152804642164,1.7738896939732334,-0.41134340557193805,1,1
59152,2021.0,2796.0,0.12040904508137693,0.9551724137931035,22.257761732851986,-24.661600000000004,0.8881064162754304,286.0,0.4018236126395221,1.18,-2729.0,-1244.0,951.0,554.0,-1.108,5358.0,2556.0,0.08709322433579626,2490.0,0.5025210084033613,0.02650602409638554,0.09389671361502347,0.3825305699686617,0,0
137724,2021.0,1506.072,0.12904169853946257,2.094766522247438,8.363700590938937,3.7343641160949868,0.34322518696181964,953.484,2.1969241152632044,2.1,114.409,63.84,65.525,91.38,0.44649662855467603,504.40700000000004,1451.767,0.13828315814641853,886.401,0.032782445539625164,0.637821933865147,0.03740614024151247,-0.06682997214433603,0,0
136081,2021.0,56197.0,0.07876939035958752,2.615100391868488,40.973570396447144,14.464209310951361,0.8359907391228377,7509.0,0.3040812937933783,2.73,-2062.0,-31475.0,8479.0,4616.0,0.3530131538696849,139810.0,45784.0,0.030657855411284164,33266.0,0.08844751164226,0.37630012625503517,0.22743753276253714,1.5693052988499339,1,1
136193,2021.0,1205.7,0.0033950617283950617,0.3437310595053262,212.81172584541065,3.4439861816902515,0.15616835994194483,872.1,0.1498390697944153,0.35,-980.3,195.2,272.9,41.4,0.016183253850363538,6473.2,1033.5,0.006002261721808217,981.3,0.00674047541517421,0.053194741669214354,0.1666182873730044,-0.434369595037872,1,1
56474,2021.0,1994.9,0.009357635236315482,0.5239674548447901,24.67710519125683,0.736419788821395,0.8230128147683484,395.0,0.03537385206952409,0.49,1274.4,3442.3,4243.3,219.6,0.029842227567369237,6710.800000000006,2231.8,0.0034806424923682633,2304.6,0.008882092104769089,-0.03158899592120096,-0.10614750425665385,1.6884792841647047,0,0
136406,2021.0,97.074,-0.1800310398344542,-1.8014643622055087,-25.412659256801597,2.0174833399183463,-0.31023164289271915,160.468,0.2519336311948195,-1.81,128.416,35.901,386.649,-36.168,-0.0793889108389306,93.74599999999998,122.473,-0.07439954580237466,205.197,0.09469222932901074,-0.4031442954819028,-0.20738448474357615,1.4197868131166471,0,0
136566,2021.0,3956.0,0.01241372867302729,-1.6581211716316395,-35.467854223300975,0.7226882265084076,0.08667799712380703,6986.0,0.0423725057888964,1.39,-59.0,450.0,3472.0,-206.0,-0.020375865479723046,176693.0,7649.0,-0.001141160438294242,7476.0,-0.002076296502238969,0.02314071696094168,-0.48280821022355863,-11.878162488337576,0,0
59036,2021.0,1781.46,0.15369454648205708,3.769929924373829,22.491134238810368,3.5192912048552745,0.5453437333391761,622.529,0.7479621591444182,3.74,-109.814,150.045,497.861,217.344,0.1564745987235467,1230.009,1369.23,0.11872737780875706,1281.124,0.1001445993129806,0.0687724217171796,0.3010670230713613,0.2945164739477715,1,1
59709,2021.0,527.159,0.04865101130090873,1.133025644843116,81.47211885286292,5.90233376210915,0.5039864748035581,232.362,0.509088320698289,1.14,528.229,9.333,381.087,60.882,0.07244605694825061,515.205,468.459,0.06616227917651968,418.171,0.07460655157793326,0.12025702404040456,0.12530445567274828,-0.26467147283259734,0,0
57250,2021.0,19263.1,0.02800245648722327,2.6394231569832307,60.25180145110411,2.1377365589953663,0.10003813323164476,15340.3,1.291462730895701,2.63,4101.7,-195.9,1321.1,158.5,0.03548004387437602,8735.9,17045.5,0.012008849423423696,19810.3,0.0594288958811422,-0.1395637622852758,0.13009885306972507,1.3318184365442594,0,0
52965,2021.0,18517.0,0.12197928653624857,-1.0359870521324739,-48.13766725882112,1.4334965892579346,0.6366319334302477,4003.581,0.30772517196882043,-1.04,14157.641,1300.956,3328.928,-604.572,-0.029779103784786116,30794.480000000003,11017.977,-0.01688531594026142,17122.002,0.07366838728640582,-0.35650182729799934,0.6806170497542333,-8.223986034244147,1,1
136231,2021.0,7926.111,0.2769474158840724,4.463636131731334,10.708758193840403,2.202409499776093,0.17147301892768324,4536.051,2.785159417576682,4.45,451.256,120.145,405.382,174.979,0.2056643225955837,1251.484,5474.838,0.08901531145362662,4643.404,0.04778985573575708,0.17905700214756226,0.4477343439203133,2.1112334649118294,1,1
60403,2021.0,515.327,0.13203412553992186,0.3478669367861652,131.7170307224848,16.238020534457775,0.6299764775066157,151.014,0.6001173413795994,0.35,-387.646,64.251,182.332,47.392,0.12327958233942986,470.20500000000004,408.12,0.06968725140317057,404.093,0.07106513555201172,0.009965527737426748,0.26268499460942857,0.8946668562955359,1,1
136491,2021.0,7501.265,0.07596733967882084,1.880171767958788,13.642370573326378,0.947651932164583,0.1703645755157179,5085.101,0.7921069992937446,1.9,1024.623,205.537,534.109,243.439,0.06946387558313627,6988.839,6129.32,0.03146021676157713,4762.059,0.04854503300426293,0.2871155103286203,0.2238331495174017,1.4147112607183618,1,1
641,2021.0,199.554,0.01064168278289575,0.5960813127602254,3.4559043471115127,0.2900237922830247,0.09261932551139514,177.255,0.4821181331089102,0.58,72.79,6.426,21.36,12.169,0.08392124409503121,362.483,195.348,0.030033046469901552,198.179,-0.001022175379873208,-0.014285065521573874,0.021530806560599487,-0.6456675551193047,0,0
36184,2021.0,261.822,0.01076870758660531,1.3225348614412946,14.373912215276473,0.9800137739283137,0.7909601888081486,53.852,0.0390647899950611,1.33,9.208,1.095,104.067,37.273,0.06818003054775604,694.3979999999992,257.616,0.005652063216127541,258.184,0.009699847255928812,-0.002199981408607971,0.016326625675423954,0.9052701951170657,0,0
60162,2021.0,308.632,0.016732011796019894,0.28844307270233194,54.187468790869104,1.2268393001345896,0.584632847664097,116.0,0.5282400384352031,0.29,146.513,-38.663,54.129,8.411,0.02264064602960969,446.486,279.271,0.015909374633522606,254.203,0.024976297849500124,0.09861409975492033,0.10513443930805558,0.05170769948203437,0,0
62773,2021.0,6991.0,0.05717391304347826,2.9218229103031788,46.33066553166069,4.946271307397959,0.7598152424942263,1352.0,0.4236152919927754,2.9,7837.0,1492.0,6366.0,837.0,0.10676020408163266,6826.0,5629.0,0.06298916315472607,5537.0,0.273488120950324,0.016615495755824453,0.24196127198436668,-0.09232143784738449,1,1
137245,2021.0,1050.802,0.10818019733776364,-3.8118078835735054,-0.873601215410201,4.63379569547771,0.45764342203759945,559.328,0.5102561641382081,-3.82,-4311.554,-15.153,281.2,-479.838,-5.304245934802075,1690.822,1031.292,-0.23741122522791752,1390.674,-0.08508490465435713,-0.25842289422251374,0.01891801739953378,-1.4556658904140247,0,0
22981,2021.0,633.655,0.012196887001365748,3.0727147202059966,20.278485207316187,1.5870770022627179,0.9431583278792631,35.087,0.04430922654028463,3.1,1031.387,1440.775,1645.805,164.676,0.07826408067650552,1060.314999999999,617.276,0.011820751478670663,616.346,0.0148167071929341,0.001508892732328838,0.026534321762064328,0.031819933222839755,0,0
132353,2021.0,227.49,-0.2318868757830275,-3.242822691777676,-8.404714839669245,6.742100344202297,0.969110684193807,6.126,0.3264871040548928,-3.56,-586.777,22.336,361.589,-169.431,-0.8021807369811518,233.71699999999993,198.321,-0.2789267728940684,175.338,-0.24210813492063493,0.1310782602744414,0.14707973437003652,-0.1686460450639705,0,0
140628,2021.0,824.091,0.012608417097639118,25.388338833883388,8.131292139700147,0.29554713652918596,0.17344491718099705,570.771,0.047141539581124596,25.39,2497.998,327.534,1276.779,92.312,0.03634688453587952,13293.804,690.542,0.006301904593511725,819.188,0.010484451003776095,-0.1570408746221868,0.193397360334346,1.0007311933316814,1,1
18341,2021.0,852.868,0.011349593049095013,1.3691304794789771,12.095267944295498,0.9212224757926917,0.8829923486176325,105.609,0.039309997786645325,1.36,931.663,313.375,589.712,226.409,0.0761638749993272,5333.4569999999985,902.582,0.009860752030149706,929.704,0.011670090443862325,-0.0291727259428807,-0.05507976006612135,0.15098655907714809,0,0
60568,2021.0,69.856,-0.2649529732865444,-0.22755105180565954,-28.345287568737042,14.041945964050464,-0.14204188996137537,151.091,0.3725976703316511,-0.25,-1331.84,117.631,293.856,-44.372,-0.49538908116556885,51.678,132.299,-0.12496620403749098,82.271,-0.44262566840373707,0.6080879046079422,-0.47198391522233735,1.1201970190841046,0,0
9813,2021.0,3261.463,0.03860261768298646,4.112359363002036,16.287487081650468,1.5804172139861175,0.11490380796817432,2563.035,0.298905450534083,4.12,2491.723,7.256,859.456,246.355,0.09703259969222758,,2895.77,0.025429109448030757,2827.713,0.030876249694503335,0.02406785978633609,0.1262852367418684,0.5180483517080409,0,0
50744,2021.0,6027.0,0.008667568257691107,23.28800493370336,16.653637832183573,2.5539139155196695,0.9253174735003887,304.836,0.035336528578614156,23.05,6294.266,10892.98,17674.763,1208.368,0.15335471692462094,-4145.563000000002,4081.758,0.010461063680277672,3539.847,0.01601095068040583,0.15308881994052273,0.47656965454590894,-0.17144484322066186,1,1
49640,2021.0,1266.216,0.011710066895887994,2.445936207718489,17.232665294781548,1.2305484906078092,0.8070372228945893,248.406,0.0394998080740236,2.35,2119.778,5.209,263.104,220.621,0.07140790293074675,4992.149999999997,1287.326,0.006769448575651513,1439.898,0.012593986892247493,-0.10596028329784464,-0.01639833266787133,0.7298405867217892,0,0
37899,2021.0,354.971,0.01284964736108797,1.407671560197672,20.921073375855155,1.4392281241540619,0.8207971773210367,62.471,0.04178717566856125,1.45,277.071,279.557,404.838,77.764,0.06879322577277817,1004.9930000000002,348.605,0.009321547105434508,346.555,0.013890250714952822,0.0059153669691679855,0.018261355975961287,0.3784887010436887,0,0
14429,2021.0,654.723,0.012564041182570474,1.5895411234212726,11.02834002952314,0.7529679895884,0.8053301703156203,139.011,0.04470544102365885,1.6,769.093,30.363,251.359,155.81,0.06827573212039946,3489.7719999999995,714.086,0.009754504031582031,738.951,0.0136494017727167,-0.03364905115494804,-0.08313144355161711,0.28802460298258536,0,0
136393,2021.0,193.445,-0.08174221391462107,-0.39240688090520087,-89.90668032786886,9.853814279182808,0.6053794953308167,63.556,0.5028442973555216,-0.4,-227.286,139.711,200.491,-13.664,-0.10960046843291543,116.78999999999999,161.056,-0.04266133816229042,141.235,-0.11376059153384868,0.14034056713987322,0.2011039638386647,0.916072430819232,1,1
137131,2021.0,80.943,-0.25935645947736313,-0.7220861176515446,-2.700508917609474,2.3179962379177104,-0.19765513974419704,50.565,0.20330038088726024,-0.88,-340.465,29.169,55.921,-75.749,-0.8583553354712234,140.678,42.22,-0.36475131577046604,29.349,-0.37987741067424136,0.43854986541279084,0.9171719564187589,-0.2889499002093435,1,1
136486,2021.0,195.65,0.01844106875853252,-0.03129196543948109,-331.07540080971654,1.7699968398952401,0.6804622182241508,48.309,0.3012563640167781,-0.03,12.653,42.32,134.471,-1.235,-0.0053462046276054635,365.024,151.184,-0.00246091920812203,149.387,-0.00683256660585608,0.012029159163782638,0.29411842523018317,-8.49356935313826,1,1
136657,2021.0,37.427,-0.8689342560553633,-2.2798468910820944,-4.763477776722746,7.418627545876183,-14.048471006217484,237.194,0.03328314747673537,-2.29,-988.71,28.733,373.606,-231.694,-1.557397324729448,89.80399999999997,15.762,-0.4892466420171758,23.8,-0.4010819875220507,-0.3377310924369748,1.3745083111280294,0.7760658560122686,1,1
136637,2021.0,167.729,0.19675212108079276,0.6486905582356995,24.634241699867196,3.5647323796419426,0.8197929304069703,26.143,0.80300673637365,0.66,-158.78,19.76,71.545,18.825,0.14470639782921185,108.95800000000001,145.072,0.10420068526134584,129.959,0.02370852540053246,0.11629052239552473,0.1561776221462447,0.8882037156216256,1,1
136575,2021.0,80118.0,0.014639601477515335,2.4673741309028947,54.65324383159268,2.5627071972943196,0.5962688422006813,27614.0,0.34170821634476073,2.4,-7417.0,8935.0,10385.0,3064.0,0.046890303623898136,184056.0,68397.0,0.015307600843316914,44998.0,0.03989829845491884,0.5200008889283968,0.17136716522654502,-0.04363841026683278,1,1
136598,2021.0,13874.0,0.03912673660334562,1.459205020920502,122.7860358422939,5.708599233461089,0.33973061008891625,7500.0,0.46242468653313795,1.46,1072.0,977.0,1902.0,279.0,0.046492251291451424,22081.0,11359.0,0.011358085002442599,11088.0,0.008214700442991699,0.02444083694083694,0.22141033541685007,2.4448356914859564,1,1
136838,2021.0,1146.0,0.10350654837346852,3.4641324340895157,7.6238424778761065,2.9431231820400194,0.6319845857418112,382.0,0.14301460457426288,3.29,,-279.0,7.0,791.0,0.386041971693509,7159.0,1038.0,0.10898319096169744,1126.0,0.1325958913949145,-0.07815275310834814,0.10404624277456648,-0.050252176871511324,0,0
136871,2021.0,6099.869,0.08352630669679435,2.4369876137105457,8.247887632631763,2.6902009887744485,0.3679786184645309,4088.394,2.3049992089520965,2.44,194.527,84.656,171.441,287.45,0.32616848199180065,2495.626,6468.759,0.10242645036138774,5634.835,0.05495039814791351,0.14799439557680039,-0.0570263940888817,-0.18452405211650563,0,0
136733,2021.0,3.662,-1.3799004707011682,-9.31320749036609,-4.646089979715368,2.121323871485754,-2.43348728134198,860.892,0.1407627893189734,-9.95,-2906.052,-7.981,1152.751,-618.695,-0.4565826061801136,606.8989999999999,250.734,-0.3473371538670553,44.674,-0.45710144122114776,4.612526301651967,-0.9853948806304689,2.9727983469033967,0,0
136768,2021.0,145.085,-0.24037240266037654,-2.4769469633896626,-27.00098184923418,9.683119225406259,0.5612618909611647,51.471,0.21557713687189334,-2.82,-541.947,382.815,440.731,-110.078,-0.358621004209182,98.15100000000007,117.316,-0.20227675741232462,125.568,-0.15667131208759055,-0.06571738022426092,0.23670258106311165,0.1883342690252695,1,1
137174,2021.0,8586.7,-0.03488819337079076,-2.865638821559759,-4.676095221485874,7.552881690140846,0.34642421081330976,5513.5,0.6213467090919804,-3.2,-1908.6,-76.3,521.9,-573.4,-1.6152112676056338,12044.1,8435.9,-0.04223381061811325,8345.1,-0.06440727292885058,0.010880636541203732,0.017875982408516115,-0.17392740886544827,0,0
136735,2021.0,9358.0,0.01967682308747242,-2.1561354712319876,-5.500582017336486,0.9206328910577684,0.44338365896980464,5014.0,0.6316527592735433,-2.16,-4572.0,-126.0,1517.0,-1269.0,-0.16737008704827222,12393.0,9008.0,-0.08898394222004068,10036.0,0.009865699191649162,-0.10243124750896772,0.03885435168738899,-1.2211277967300584,0,0
2918,2021.0,1335.129,0.010239718573633993,0.8892391878867021,10.683289861051867,0.6297372217642209,0.7695883841284095,331.022,0.038460539701236814,0.86,830.0,784.0,1383.0,286.006,0.05894600164880461,6849.0,1436.655,0.007656636504791989,1547.286,0.011187317636862633,-0.0715000329609394,-0.07066832329264859,0.3373651168140676,0,0
136824,2021.0,452.238,0.0189113522528946,0.5813385479281117,84.47745324136486,2.149427457045291,0.4093779817347448,194.985,0.06667812522848117,0.51,-181.098,98.666,177.523,76.403,0.02544380038190844,4734.625,330.135,0.015431289629489897,267.213,0.017033646253993957,0.23547507044941662,0.3698577854514063,0.2255198824571438,1,1
136846,2021.0,0.0,1.116140237150631,-4.724362859699252,-9.171607111219721,7.515667133917397,-1.4850144687887559,504.945,0.238226770087883,-4.74,-1843.37,46.505,572.929,-327.37,-0.8194493116395495,253.17899999999997,203.196,-0.3838082330541461,117.912,-0.4619434830102128,0.7232851618155912,-1.0,-3.9080674697073805,0,0
73259,2021.0,216.136,-0.055213984484148486,-1.8251578436134046,-15.910952634379989,1.8332149207971384,0.6052572250869409,82.294,0.4520371213599601,-1.88,-16.409,-54.494,7.864,-22.548,-0.11521716913643332,442.065,208.475,-0.04889091263904247,206.547,0.013340951730448851,0.009334437198313204,0.03674781148818804,0.12933020685845495,0,0
136870,2021.0,44.31,-0.19015346443668443,-0.12042178674213926,-10.38018147560492,6.664995224450812,0.5959503830718715,15.505,0.47260366762318806,-0.14,-340.817,9.589,15.841,-20.168,-0.6420885068449538,63.461000000000006,38.374,-0.2483835609690013,29.373,-0.5112284610201191,0.3064378851326048,0.15468807004742793,-0.2344361933823152,1,1
141771,2021.0,29487.0,0.013097995367782125,-1.0226244343891402,-32.57305309734514,2.0854135977337114,0.1646930303692375,19116.0,1.842147629397086,-1.15,627.0,730.0,828.0,-226.0,-0.06402266288951841,10241.0,22885.0,-0.0181920631087499,25939.0,0.034107016300496104,-0.11773776938201164,0.28848590779986893,-1.719984055106006,1,1
136924,2021.0,1299.064,0.10807868688927902,2.1691306636046126,48.73380925072236,6.14442103477476,0.3395728950743021,588.146,0.6921972607594976,2.25,396.049,202.028,250.282,90.674,0.12608127969564958,943.8759999999999,890.554,0.07047780866977937,751.02,0.15268432143583952,0.18579265532209527,0.45871446313193825,0.5335137248048798,1,1
136989,2021.0,540.1,0.04491073071967606,0.5909090909090908,21.306153846153848,1.4310103329506314,0.2131565527791942,308.6,0.7875502008032128,0.58,,-14.4,0.5,11.7,0.06716417910447761,481.1,392.2,0.023493975903614458,522.8,0.10034392069593365,-0.24980872226472833,0.37710351861295266,0.9115849485810835,1,1
137183,2021.0,1158.783,0.0322519189442348,0.40868617914696415,40.49561948618917,1.8304822880283929,0.3990672500607308,635.755,0.12681951061279545,0.41,-536.254,348.564,370.087,121.173,0.04520198261574118,7735.627,1057.947,0.014525397358737504,1168.957,0.03374554927629071,-0.09496499871252767,0.0953129031983644,1.2203811811615748,0,0
137085,2021.0,4619.432,-0.013449330652951586,-4.7191259230585985,-1.1548748833698639,0.25387262351316514,0.08185613937512941,3205.882,0.2655113796870087,-4.65,-430.478,0.0,0.0,-1267.897,-0.21982695023410523,12856.14,3491.699,-0.09641182752895346,4408.69,-0.02238048730030441,-0.20799625285515644,0.3229754340222338,-0.8605012372687094,1,1
137114,2021.0,42078.0,0.002001467743011542,-2.9270655652380047,-2.8868502640845066,,0.07655646200085874,21507.0,0.8974605988208547,-3.06,,-21.0,63.0,-568.0,,23463.0,23290.0,-0.02188740318292166,33669.0,0.011044746237779039,-0.3082657637589474,0.8066981537140404,-1.0914438193642473,1,1
137017,2021.0,483.455,0.2509159350096284,-0.886243544580868,-26.0199356497494,7.359777979107768,0.7145518103646246,268.488,0.2897776320889052,-0.95,-2810.363,341.851,1301.278,-207.303,-0.28285150579066287,1939.497,940.584,-0.06386646218192775,889.152,-0.08905388228830723,0.05784387821204912,-0.4860055029641159,-4.928758951683877,0,0
136934,2021.0,15318.8,0.09804357492218764,14.169327314763846,9.236147707847707,4.547987029715597,0.15181549403953998,8061.4,3.538853930074096,13.25,1741.2,-116.7,163.6,386.1,0.492411682183395,2261.1,9504.3,0.14376140298618612,12101.3,0.05760643048526348,-0.21460504243345757,0.61177572256768,-0.31801183846537345,1,1
137236,2021.0,776.265,-0.0004994440345212428,-0.048096548738248396,-1878.0973348336279,19.16498153813347,0.7559045097448854,157.28,0.2862124199003402,-0.05,-421.071,92.283,1145.542,-6.221,-0.010204466607068164,1097.1689999999999,644.338,-0.002763343872625883,410.926,-0.006450646676489828,0.5680146790419686,0.20474812908752865,-0.8192609904728783,1,1
137001,2021.0,263.097,-0.12331650315709569,-0.7516008290283664,-19.265545540601718,-9.632574544706245,0.5941351751503873,108.829,0.7399605929817977,-0.87,-476.058,-40.27,185.791,-24.297,0.4999897108756045,174.421,268.141,-0.06704988244124822,295.686,-0.13722439799447061,-0.09315625359333875,-0.01881099869098735,0.8391755312196187,0,0
137002,2021.0,55.846,-0.2302347917152764,-1.9765509222315953,-46.00438014384008,20.748413180661842,-3.976522237068142,156.432,0.050499873886870904,-2.1,-556.862,82.533,482.916,-173.387,-0.4510095150894023,133.25799999999998,31.434,-0.2785525747160045,10.68,-0.3247020914799156,1.9432584269662923,0.7766113125914613,-0.17346019167114146,1,1
137062,2021.0,329.701,-0.020120262893086622,0.6117122505573379,59.39066933333332,1.2906924762007788,0.28492374088819206,190.211,0.48685318320253007,0.62,26.24,17.626,121.227,11.25,0.021732243308400817,423.03300000000013,266.001,0.020590517746280894,282.293,0.046169277517184415,-0.05771308534040883,0.2394727839369027,-1.9771615818995514,1,1
137036,2021.0,1721.152,0.08161519294626185,1.8200399290770242,18.834751618544995,17.63119823643035,0.7418466718785588,335.494,0.44076153589179645,8.92,0.0,-41.751,102.667,130.364,0.9360993228639337,2791.007,1299.592,0.0442134430382752,1217.638,0.042466298796645506,0.06730571811983543,0.32437872809312457,0.8459361528485414,1,1
137039,2021.0,1594.754,-0.14588767366449285,-0.9177927678867631,-412.9145633524508,109.75403079623119,0.7872897300484852,251.776,0.5418193836208691,-0.94,-361.713,296.247,639.853,-82.996,-0.2658032448774364,1490.701,1183.657,-0.03799144647731366,902.858,-0.03695130853277656,0.3110112553690614,0.3473109186191608,2.8400136660131827,1,1
137100,2021.0,77.447,-0.6028874405285687,-2.3066761489910217,-9.91036388441409,4.345489110597396,-1.1355796458911358,223.986,0.27692392994722015,-2.47,-771.828,54.659,272.531,-129.739,-0.4384792689026781,98.18099999999998,104.883,-0.3425515455071117,64.188,-0.4857936454603346,0.633997008786689,-0.26158672044087217,0.7599904260716644,0,0
137065,2021.0,9322.256,0.05766813602006231,-3.2612147139457117,-76.32125506353377,35.55316446980553,0.43087692878878825,3280.414,0.85000763888766,-3.28,97.199,977.202,1386.858,-216.499,-0.465835689418488,4531.596,5763.98,-0.0319268636968795,7286.398,0.08314760883318653,-0.2089397257739696,0.6173296923306466,-2.806257469182566,1,1
136993,2021.0,7394.0,0.04820744865993735,3.603448275862069,26.649473684210527,3.612023346303502,0.13761337868480725,6085.0,1.2329197973091037,3.6,538.0,-12.0,176.0,209.0,0.13553826199740596,5030.0,7056.0,0.0365193080552158,6379.0,0.0479728295478667,0.10612948738046715,0.04790249433106576,0.32005372574555707,0,0
60769,2021.0,1807.159,0.10580513625997212,1.1254682454251883,73.49829756302843,6.678862059950717,0.806044918627414,282.867,0.4311344833682065,1.13,-165.641,5.271,304.087,130.695,0.09087097635456472,3053.741,1458.415,0.03863586242860074,1255.631,-0.010305533163100636,0.1614996762583911,0.23912535183744008,1.7385214049641193,1,1
137111,2021.0,1216.548,0.049955525722072104,2.1755502211209197,19.48932255774543,3.684448029882416,0.7254895842542561,316.712,0.1277050038253921,2.31,-1612.096,459.628,486.451,505.711,0.1890495690122459,8547.542000000001,1153.734,0.055976356066080105,1154.229,0.046344224498588965,-0.000428857705013579,0.05444409196573914,-0.1075602409149393,0,0
137212,2021.0,5077.482,-0.015747981651715464,-1.4266658291457286,-37.95562975838877,5.408150129446598,0.7655734162749516,871.211,0.2777729277551762,-1.44,-1191.763,183.61,7474.589,-1135.626,-0.14248611243899373,5710.219999999999,3716.349,-0.08488066079232594,3459.329,0.11537543249285684,0.074297645583869,0.36625542972417274,-0.8144691440345238,1,1
87023,2021.0,2093.669,0.0026966766709039147,0.6166217479041672,7.411350662757115,2.2365283066389616,0.4335106796759686,1128.743,0.49738057574663014,0.62,-328.139,194.299,347.121,91.059,0.30177067695336185,3505.772,1992.523,0.022730466773488885,1626.373,-0.09872554822976139,0.2251328569768435,0.05076277664047038,-0.8813628995050328,0,0
137258,2021.0,0.567,-0.6438520293545006,-0.18355625,-11.658551533930336,3.2901564361763462,-9.451938742261323,32.077,0.024025552102333664,-0.23,-442.514,77.099,109.403,-29.369,-0.2822097090363993,16.643,3.069,-0.2299141217639092,0.031,-0.5292377750351108,98.0,-0.81524926686217,1.8004022737483247,0,0
137249,2021.0,275.111,0.09858019042937875,-1.198019801980198,-36.41842975206612,4.410910045349414,-0.5786998549236312,193.697,0.174468605491124,-1.21,-365.661,113.232,603.003,-69.333,-0.12111752415956845,91.28700000000003,122.694,-0.09859024748167065,156.7,0.04009697873927639,-0.21701340140395653,1.2422530849104274,-1.9998979914083919,1,1
137186,2021.0,219.514,-0.0636145896912424,-0.5998006907097816,-81.5937706608611,6.7619671345007015,0.6655430998527446,39.293,0.2569827391980541,-0.66,-281.594,190.047,349.364,-34.909,-0.08287357085881414,104.68300000000005,117.483,-0.07636007288428853,120.368,-0.04577925381160705,-0.023968164296158372,0.8684745878127048,-0.16691292597847407,1,1
137189,2021.0,1296.44,0.1363091012420613,1.0872036952438962,34.243812969793176,2.682589405233013,0.37526119184384,447.879,0.9201460105092656,1.08,433.65,10.482,401.41,42.838,0.07833792947062738,359.4239999999999,716.906,0.05498240326932111,806.428,0.10849973344014534,-0.11101053038832984,0.808382130990674,1.4791404728959634,1,1
137566,2021.0,75.36,-0.07092198581560283,-0.9615398063004791,-2.9639958546961926,-5.781053191489362,0.27562820493541246,48.17,0.6430305081467871,-1.16,-234.384,4.612,23.76,-27.501,1.9504255319148938,77.851,66.499,-0.26592854034714497,99.219,-0.1686598647461954,-0.3297755470222437,0.13325012406201606,-0.7333043466375562,0,0
137543,2021.0,390.134,-0.10541912448569601,-2.9545240265250325,-55.376093926178065,55.340185498187545,0.8835145837390541,34.094,0.5269099628790852,-2.99,-301.371,165.163,298.262,-94.01,-0.9993515536137599,256.36999999999995,292.689,-0.16924040742994373,254.19,-0.24744276056196435,0.15145757110822622,0.33293017503220135,-0.37710428563383264,1,1
137458,2021.0,351.406,-0.29823035647074975,-2.792110028584684,-49.57899172410836,8.012781089334057,-1.1727668523779657,588.885,0.1540332640923415,-3.07,-1618.887,290.05,1212.38,-186.566,-0.161616459122902,534.252,271.03,-0.10603021786758583,103.714,-0.3546705580644933,1.6132441136201474,0.2965575766520313,1.8126921029549334,1,1
137455,2021.0,23.028,-0.357979567385532,0.16863169714469042,89.72215933412603,3.0303627696274313,0.0414118831524555,129.488,0.49816895746744505,0.18,-392.244,13.378,180.925,8.41,0.03377496475917768,85.339,135.082,0.03101524209221964,19.886,-0.4566168295708687,5.792819068691542,-0.8295257695325803,-12.542052979020058,0,0
137240,2021.0,527.355,0.007860071222879251,-2.4366786140979686,-3.718176023535181,1.5682980343495307,0.22059310852377492,383.377,0.6582056418429324,-2.41,-120.962,6.491,7.912,-89.738,-0.4217923047275257,720.7139999999999,491.883,-0.12008151915740344,512.951,-0.13714886655218753,-0.04107214919163826,0.07211471020547577,-1.0654561274543524,0,0
137407,2021.0,117.317,-0.10929282930149106,-0.11586014902153444,-19.851519434628973,-27.431542968749998,0.14293481426823829,176.552,1.7168336305902356,-0.46,,2.293,18.544,-1.415,1.3818359375,99.31400000000001,205.996,-0.011793042521627523,401.648,0.1017782918737527,-0.48712305302155123,-0.43048894153284534,8.267568492274705,0,0
137505,2021.0,358.003,-0.012937347935601303,-0.26338620035244675,-169.63682964487907,2.828226632687209,0.478973182014153,160.73,0.6679347496600644,-0.27,76.08,13.925,231.219,-5.829,-0.01667224410293373,218.113,308.487,-0.012620926184145571,361.943,0.046832491689747596,-0.14769176362023845,0.16051243650461758,0.02507119896265785,1,1
7609,2021.0,857.56,0.010966982529536488,2.3585188474990284,9.154050230675077,0.7841031772354412,0.8049470339406989,194.957,0.044701211355116996,2.32,960.732,2475.529,3473.731,254.904,0.08565642065278643,1898.9949999999985,999.508,0.011400126441473948,988.154,0.011203038617313971,0.011490111865154664,-0.14201787279341443,-0.037994658582177786,0,0
60767,2021.0,398.174,0.1792609872637058,-0.07998499108845876,-183.53443315089916,-7.1980908575195865,0.2888798769875466,210.424,0.6866357736066215,-0.08,-254.919,0.52,6.164,-5.116,0.039219293807399226,412.764,295.905,-0.011871474350793249,541.389,0.25502457714922444,-0.4534336678432699,0.34561430188743014,-16.100145269801946,1,1
59540,2021.0,2766.538,0.07314164158032298,0.48669822436281707,55.558041197706515,0.9789507132321191,0.36207500586333047,1311.029,0.8435223318472526,0.49,914.589,154.562,351.934,23.545,0.01762032447739592,1945.269,2055.146,0.009663903831330504,3160.464,0.05607380814358063,-0.3497328240410268,0.34615156295465127,6.568539883767966,1,1
137456,2021.0,83.803,-0.5799412967778543,-2.8212470327976837,-11.27161132304873,3.8953862314648475,0.9400780256871082,1.367,0.03180336644760872,-3.23,-936.623,-46.191,658.848,-227.006,-0.3455926681484639,52.964000000000055,22.813,-0.31646670774584074,0.061,-0.5880980627901237,372.983606557377,2.67347564984877,0.8325507315089019,1,1
137641,2021.0,1463.9,0.006008743058720273,-0.4221248797636101,-46.33699868852459,2.9026051756007396,0.42505864272425786,710.8,0.20965252929505335,-0.56,-1118.4,651.1,712.0,-61.0,-0.06264119942493325,5120.0,1236.3,-0.010344418253658703,1782.2,0.02602976422718912,-0.3063068118056335,0.18409771091159116,-1.5808681466060257,1,1
137496,2021.0,1968.65,0.07183816617691002,3.282550720723762,31.052071596787297,9.460033429203401,0.33238972311693804,1103.71,1.391983167126388,3.3,260.657,53.631,231.52,97.239,0.3046506381938831,854.694,1653.225,0.08187333919351743,1511.629,0.06199208898032614,0.09367113226856591,0.19079375160670822,-0.12256948495636745,1,1
137393,2021.0,1808.597,0.02456927537335815,3.694246431056859,20.78096343400607,1.827614062707791,0.3256926237757046,1031.871,0.25383000548044093,3.7,475.858,-9.86,7.993,196.412,0.08794655110730211,5868.406,1530.268,0.03257942990144495,1652.73,0.032715344323178526,-0.07409679742002626,0.1818825199246145,-0.24586539888261022,1,1
137485,2021.0,868.1,0.08685608685608687,0.07204296380386849,255.8195696969697,1.2952889604909859,0.42012298835535783,443.2,0.46184059459786087,0.03,-269.0,69.4,147.8,6.6,0.005063291139240506,1436.8000000000002,764.3,0.003988156384071545,854.8,0.029674845884201623,-0.10587271876462331,0.13581054559727865,20.77850577850578,0,0
137502,2021.0,32.578,-0.48423020155338864,-2.346557027179713,-5.386615306422705,3.070521035055885,-8.990382181726146,78.944,0.04961604390222462,-2.4,-269.505,24.159,131.937,-74.766,-0.5700279044235373,27.096000000000004,7.902,-0.46944990361854294,1.077,-0.5685999228928282,6.337047353760446,3.122753733232093,0.0314842921916022,1,1
137467,2021.0,3208.083,-0.04772231512031708,-4.854919878641304,-0.6920814522155055,1.2744152987154946,0.402680823450305,2034.272,1.0954532676040571,-5.09,-736.264,18.062,182.081,-670.479,-1.8414238593388246,2795.036,3405.67,-0.2156634117251233,1867.909,-0.029810686395519318,0.8232526316860189,-0.05801707153071201,-0.7787185376574577,0,0
137595,2021.0,1636.624,0.03218976032042167,0.3322499540074815,83.10008674787744,2.4356646821908394,0.4244308724380853,821.595,1.365315234316715,0.33,0.005,-43.503,35.794,10.836,0.02931001371371074,875.707,1427.448,0.01036433963202577,1450.201,0.017321747188695696,-0.01568954924179471,0.1465384378275075,2.10581874613173,0,0
137946,2021.0,192.351,0.04386878004543992,0.8493005377247522,26.115608097246092,2.3102437914459677,0.6777639458986608,57.465,0.11860658610669751,0.85,-251.212,-1.408,18.919,80.867,0.08846218639992474,1465.068,178.332,0.05378372248777734,163.401,0.03052221368512326,0.09137642976481161,0.07861180270506699,-0.18434838616071336,0,0
137723,2021.0,1688.875,-0.17546987241392997,-4.011207165526304,-2.9966041403455845,10.726155788857922,0.8250798290982686,233.361,0.21950658486847538,-4.43,-2225.979,1063.489,1499.665,-1272.744,-3.5794370182045214,4462.8279999999995,1334.1,-0.20941135510969405,3974.988,0.02787226687301855,-0.6643763452870801,0.26592834120380787,-0.1620804310157146,1,1
137590,2021.0,631.725,0.029326034158976513,1.198226502082094,121.75494344891784,19.973415863255518,0.7315694272553513,146.62,0.2750799738926537,1.2,164.947,65.99,285.407,64.455,0.16404603622221994,1698.4859999999999,546.212,0.032460436089377376,447.752,0.029836341654189354,0.21989851524951307,0.15655642863942945,-0.09656068457523251,1,1
137562,2021.0,521.494,-0.0717064266381318,-0.7126538264499744,-13.218198865113717,3.4984518416866037,0.47824000251184723,232.646,0.7598723227310529,-0.72,-451.305,-2.012,222.752,-65.381,-0.2646693303215412,348.0810000000001,445.887,-0.11142108276868123,436.16,-0.06260284016231431,0.022301449009537726,0.16956538315761624,-0.3564375353720097,1,1
137494,2021.0,171.546,-0.03400044141062224,0.9182047943631769,50.71853282175327,3.2689705985129915,0.7634796221552486,44.419,0.7417433547928433,0.89,84.489,-6.62,103.155,11.989,0.06445317750025537,143.767,187.802,0.047351791144989934,195.892,0.05622775521107506,-0.04129826639168523,-0.08655924857030277,-1.7180391826470465,0,0
137609,2021.0,250.042,0.24139053894195914,0.23335865664212924,42.2525572519084,6.490864849017883,0.802471544427053,44.548,0.7755105549652523,0.23,-272.151,37.539,158.132,17.816,0.15362063910876575,127.82799999999997,225.527,0.06126315717080853,212.628,-0.06502026980182665,0.06066463494930113,0.10870095376606799,2.940223620355303,0,0
137699,2021.0,164.041,0.3024608604488381,0.10431596654146601,93.65776231499889,1.3904642109888956,0.2621300671474758,118.679,0.1389796179356636,-0.06,-174.918,-41.572,45.951,4.527,0.014846224985734244,1085.927,160.84,0.003911718045229726,156.297,0.0014636044393287935,0.029066456809791655,0.01990176572991789,76.32174378408587,0,0
137615,2021.0,213.578,-0.5381790505185045,-2.5896308602455527,-1.0812351841275554,1.6743823146944083,0.7340022417348726,78.551,0.45845229057703385,-2.77,-1177.498,81.328,269.085,-383.457,-1.5485828978507217,340.973,295.307,-0.5953016352060657,335.001,-0.36262790115676713,-0.11848919853970574,-0.27675944017581705,-0.09595569927804429,0,0
137594,2021.0,498.72,-0.08140240930800081,-2.476872682768799,-51.08457971225112,10.92734417841222,0.5201253379879875,193.27,0.2842877330588931,-2.65,-381.219,307.623,542.537,-137.62,-0.21390690184716582,866.278,402.751,-0.0971411065982825,315.484,-0.07021459550599643,0.27661307704986626,0.23828370382693043,-0.1620189211490818,1,1
137645,2021.0,945.682,-0.09234966614604226,-2.9879644454259373,-13.390386910810959,3.080590144422364,0.8226673363174971,137.35,0.5015547859692384,-3.22,-705.656,328.997,518.866,-216.484,-0.23005983060393842,1003.0889999999999,774.533,-0.14018587495402343,574.671,-0.19819350707346461,0.34778508050693346,0.22097057194464276,-0.34123415660579176,1,1
137668,2021.0,609.591,-0.04442797721934511,-0.6337244283995187,-275.1984808924757,41.531544181914576,0.6332856604155362,159.487,0.40884725807573646,-0.66,-197.844,142.396,603.543,-42.13,-0.15091487441074067,443.054,434.908,-0.03960546824323943,328.006,-0.009436543803640283,0.32591476985177115,0.40165506267992307,0.12176371571945423,1,1
137733,2021.0,1540.611,0.23476085392827964,3.0818053353553454,15.172924604794472,5.654201867515196,0.2866785543149618,672.859,0.7883996242197713,3.16,-420.883,34.712,203.284,178.831,0.3726507588213107,968.1339999999999,943.276,0.14946875908943502,746.534,0.09806391533443624,0.26354057551297055,0.6332558021194223,0.5706349297234071,1,1
137568,2021.0,6685.9,0.002640513013956997,-0.8612921220889246,-4.307481637010676,1.2156702443923668,0.2620062663721815,2873.6,0.4553672712813856,-0.86,,-37.8,39.6,-421.5,-0.28222296618680953,8450.8,3893.8,-0.04929305687120654,6052.9,-0.11989331390989524,-0.35670505047167467,0.7170630232677588,-1.0535676458625027,1,1
78869,2021.0,90.926,-0.0012861911491890944,-1.0127470155796856,-14.060767181672883,13.514464571465147,0.03537198217801257,74.477,0.1126109766823168,-2.27,-778.519,7.702,43.649,-15.016,-0.961147026819433,621.641,77.208,-0.02190144060021849,139.989,0.5177908063607712,-0.44847095128902986,0.17767588850896285,-0.9412736736059151,1,1
137969,2021.0,4.101,-1.9041008822108665,-0.5921725823397744,-4.846560083312441,5.0946456373662015,0.9919893190921228,0.006,0.010251567162136268,-0.61,-312.22,-20.016,54.471,-51.853,-1.0511879662666235,14.723999999999997,0.749,-0.7097122991431934,0.0,-0.37557529269277357,inf,4.475300400534045,1.68291938086688,1,1
138094,2021.0,1282.9,0.14755371472948484,-1.3705606235054468,-3.4073647819063004,0.4155977931034483,0.10304562417238476,745.1,0.8357142857142857,-1.38,-323.0,75.7,102.8,-61.9,-0.1219704433497537,801.7,830.7,-0.06227364185110664,1208.8,-0.10136380390711389,-0.31278954334877557,0.5443601781629951,-3.3694409118111137,1,1
137704,2021.0,0.0,-0.24781995135907214,-0.9712157653813329,-7.063312030675827,4.457403417970392,,0.0,0.0,-1.11,-236.916,33.432,77.858,-37.554,-0.6310642087751432,5.112999999999985,0.0,-0.450541672165369,0.0,-0.8054635980825763,,,-0.44995109959970336,0,0
137909,2021.0,594.463,0.0020067366893898628,-9.444249032711925,-1.4717951582867783,0.6279248988619788,0.27871043495825226,382.088,0.7150257878418527,-9.64,-1256.716,2.824,6.155,-134.25,-0.4266387855174803,692.6419999999999,529.729,-0.1812100376187989,527.555,-0.06030547101180313,0.004120897347196202,0.1222021071151474,-1.0110740923392518,0,0
137661,2021.0,13.163,-0.2742558642155595,-2.8063974776240843,-2.7259146507203047,6.609965726337992,,0.0,0.0,-5.15,-326.613,51.121,93.041,-55.185,-2.424861587134195,4.856000000000009,0.0,-0.5382012171334946,0.121,-0.9397581929207566,-1.0,inf,-0.4904213229463331,1,1
139330,2021.0,874.332,-0.0297835718016191,-0.2769997066289111,-62.59934427739276,17.99806255585344,0.806349494661183,149.26,0.5702302760560546,-0.28,-1322.617,399.925,595.511,-43.433,-0.28751199814649325,751.625,770.77,-0.032132557805756086,696.264,-0.15036390966165308,0.10700826123424444,0.13436174215394997,-0.07310298851205053,0,0
138151,2021.0,2045.0,0.02834467120181406,4.171682528145608,12.227680235934663,2.45802692812842,0.4482406935237124,1082.0,0.40541658052511886,0.15,802.0,336.0,615.0,551.0,0.20102152499087925,4131.0,1961.0,0.11391358279925573,2077.0,0.0240465902686455,-0.05584978334135773,0.04283528811830699,-0.7511739117909717,0,0
138288,2021.0,2769.315,0.10239840770364692,3.133016627078385,33.000144048521605,9.026307295580299,0.3842539263054903,1220.889,0.8214241919073075,2.64,-99.422,20.776,195.009,224.23,0.2735232695441726,2047.725,1982.78,0.09289378879723195,1673.805,-0.08151186891532428,0.18459438226077704,0.3966829401143849,0.10231705509570282,1,1
71879,2021.0,4925.0,0.10677083333333333,6.942652329749104,22.024723799690243,12.238063683304645,0.34519314551263436,2705.4,1.22218606714983,6.92,1136.5,-2.2,16.6,387.4,0.5556511761331038,2972.9,4131.6,0.11459843218458807,3156.0,0.15211146696602504,0.3091254752851712,0.19203214251137563,-0.068304589356393,1,1
137927,2021.0,1338.603,-0.0912356365799242,-1.8570078901003497,-77.0702164287875,38.93890359886159,0.798048494314098,207.922,0.4772512039471946,-1.89,-913.68,207.962,972.895,-218.178,-0.5052393181591872,1168.9560000000001,1029.564,-0.10113573626777064,816.416,-0.1120125657851734,0.26107768588562696,0.30016492418149815,-0.0978892333530314,1,1
138617,2021.0,4941.0,0.11489525767896157,3.390490404425482,30.930628755980862,5.882166888080073,0.6768538261075574,1364.0,0.5847880299251871,3.35,1937.0,167.0,1765.0,627.0,0.19017288444040037,5229.0,4221.0,0.08686616791354947,4303.0,0.09376415521666918,-0.01905647222867767,0.17057569296375266,0.32266980849560534,1,1
137878,2021.0,1632.0,0.004528985507246377,-3.883512805587893,-1.8488415925058548,1.129406809728183,0.1933292155651637,1306.0,1.6061507936507937,-3.91,-1353.0,204.0,387.0,-427.0,-0.6108726752503576,449.0,1619.0,-0.4236111111111111,2951.0,-0.06096794468887492,-0.4513724161301254,0.008029647930821495,-1.0106913756236637,0,0
138319,2021.0,1214.858,0.05574870770406929,1.8797977215261799,12.68221560596672,3.0250439258973536,0.4858441867441836,497.019,0.7126270191848361,1.88,,-2.769,17.154,66.167,0.2385264546735929,1318.348,966.67,0.048778168328802024,1091.871,0.04376241517493197,-0.11466647616797233,0.2567453215678567,0.14290285211778597,1,1
138008,2021.0,1407.558,0.027162923554124623,0.008759469696969698,744.3372972972971,0.5943244514715423,0.1574467522265525,1465.115,0.6873485344079625,0.0,289.293,29.628,93.653,0.555,0.0007984611998210297,2279.491,1738.899,0.00021937929494261557,1775.392,-0.009051882811784947,-0.020554897172004923,-0.1905464319664339,122.81717044550537,0,0
138113,2021.0,504.917,0.01909644000486483,-2.9217983195830866,-3.9770027664531153,1.2058729092560354,0.6447056570347848,89.046,0.10182357422172567,-2.84,,15.519,19.121,-192.304,-0.3032114836398496,2442.211,250.626,-0.07812868823320299,298.283,0.016614218850628186,-0.15977108987102856,1.0146233830488456,-1.2444228930078114,1,1
137888,2021.0,355.535,0.17007379365514363,2.3640182794836844,3.870528447012861,3.4125701932219807,0.7228296623225217,99.852,0.38589708982466964,2.36,,1.318,36.284,147.432,0.8816806903604297,887.726,360.255,0.1579258573705589,340.212,0.10307070283514319,0.05891326584600193,-0.01310183064773555,0.07692176877710848,0,0
137935,2021.0,231.698,-0.0988701730853561,0.7678125407509203,5.470085179765887,1.093839835728953,0.9248272199456002,20.949,0.6083862193026693,-0.19,-355.518,91.78,273.314,76.544,0.19996760558228965,171.54899999999998,278.678,0.16710438129419444,353.88,-0.13016763618513258,-0.21250706454165252,-0.16858166055447502,-1.5916671503142152,0,0
61413,2021.0,3449.0,0.05819095477386935,0.5027402274413847,32.382529010766525,2.93072872902419,0.5507471580991448,658.885,0.324220984841049,0.5,2186.771,-62.092,151.691,200.529,0.0905033923709227,4321.702,1466.624,0.04433018269794488,2066.277,0.15177909831087896,-0.2902093959328783,1.3516593209984291,0.31267121478764054,1,1
138124,2021.0,139.709,0.05543336365273975,-1.527912950857334,-14.555803056398478,4.222538106491982,-47.02307185234015,72.851,0.0050463552807097495,-1.87,-568.632,90.634,293.18,-73.158,-0.2900931051437816,3.9250000000000114,1.517,-0.24336272882410276,1.517,-0.8822825659189295,0.0,91.09558338826632,-1.2277808270830401,1,1
67370,2021.0,1242.872,0.029428997983660134,-29.664720000000003,-0.8660118821279957,1.2190746990513144,-1.0075081752070238,1480.73,0.4511958344904873,-29.66,-50.658,9.203,1.518,-1483.236,-1.4076881902079215,1565.446,737.596,-0.9073122749666923,1260.36,0.046241506845782286,-0.41477355676156014,0.6850308298851947,-1.032435357479034,1,1
138161,2021.0,982.0,0.00721964586846543,-0.6587615283267456,-101.78190000000001,2.161892523364486,0.5714285714285714,393.0,0.07299793026588122,-0.81,,-20.0,108.0,-50.0,-0.021240441801189464,,917.0,-0.003980257920713263,855.0,-0.005793080939947781,0.07251461988304093,0.07088331515812432,-2.8138638279932544,0,0
136980,2021.0,2596.92,0.04206367081542123,2.82672071408099,34.78942914668945,3.506435907655517,0.2937669328666526,1594.021,1.0558130940797843,2.81,-91.678,197.626,375.234,69.037,0.10079026858620323,1665.3150000000003,2257.075,0.03229408352668214,2176.683,0.023031275689564715,0.03693326037829111,0.150568767099011,0.302519415999752,1,1
138453,2021.0,902.0,0.04090493601462523,-3.164851531229638,-1.3713123529411764,-7.59005441860465,0.5281456953642384,285.0,0.1478218306412139,-5.17,-301.0,82.0,423.0,-238.0,5.534883720930233,3609.0,604.0,-0.05824767498776309,1560.0,-0.004655099449851883,-0.6128205128205129,0.49337748344370863,-1.7022586914107507,1,1
138283,2021.0,393.485,0.014622434389038381,2.0023243095433414,4.779445544554456,2.1655187562843223,0.21547333705779517,435.326,1.5133349878772837,1.5,11.681,14.016,71.684,29.29,0.4530899528192436,267.66099999999994,554.89,0.0798817455620495,813.725,0.019977870666338823,-0.3180865771605887,-0.29087747121051016,-0.8169489877048298,0,0
138035,2021.0,2948.037,0.14663255923126783,8.330362065796727,34.880836835776776,6.666246777767371,0.6556453645115969,798.046,0.4890381118563116,8.35,2027.852,-218.061,2872.868,634.557,0.1911148751720858,1731.8160000000003,2317.512,0.133903322677598,2410.706,0.2054498015669165,-0.03865838472215192,0.2720697886353985,0.0950628879039716,1,1
61420,2021.0,49818.0,0.1086289834559012,2.6466839745102666,17.795853397538792,5.262729430379747,0.6743473763209671,16055.0,0.5197621582870336,2.65,-3282.0,40.0,29419.0,11214.0,0.29572784810126584,63216.0,49301.0,0.11822504296121367,51904.0,0.11883263628276053,-0.0501502774352651,0.010486602705827469,-0.08116773963415401,0,0
138303,2021.0,756.556,-0.014254118467948591,0.11447750362844701,729.8377179080825,4.676329486309119,0.6204915686301239,278.396,0.27064938955662377,0.12,220.348,137.077,328.803,8.834,0.006407355185359258,2379.9900000000002,733.57,0.0032592891030756633,531.993,0.015462456645359529,0.37890912098467455,0.031334432978447846,-5.373382666329764,0,0
138248,2021.0,6.308,-0.2508601382357195,10.39433696919805,8.322801180715855,2.4340791976582925,0.5623756955663256,487.601,0.5160134602541813,11.66,-1037.079,1533.726,2099.549,606.073,0.2924591306227664,56.00600000000031,1114.2,0.28068733252255645,6.868,-0.62743900751741,161.2306348281887,-0.9943385388619638,-1.893735160690089,0,0
138867,2021.0,556.0,0.23986194995685936,1.3806605812504766,7.300853038674034,,0.5717255717255717,206.0,0.20494247976139754,1.28,,30.0,320.0,543.0,,2006.0,481.0,0.23135918193438432,503.0,0.26151560178306094,-0.0437375745526839,0.15592515592515593,0.03675137485957445,1,1
138133,2021.0,1.084,-0.13493907439110356,-3.08058856819468,-15.308762905536982,3.9213450787735047,-0.743756786102063,1.606,0.003639525004445674,-3.13,-260.348,-19.915,117.538,-54.434,-0.2561503566924539,135.017,0.921,-0.2151073877220367,1.564,-0.1407570017614259,-0.4111253196930946,0.17698154180238873,-0.3726897257221458,1,1
138604,2021.0,0.0,-0.2610342634172276,-0.5394312718531469,-10.436918090897581,1.6869907998559408,,0.0,0.0,-0.54,-168.246,20.74,248.386,-39.495,-0.1616368726058344,4.128000000000014,0.0,-0.153975407599161,0.0,-0.09068937858831477,,,0.6952984082806865,0,0
138383,2021.0,28.058,-0.8133765010984654,-0.31603400887364175,-3.923628360186333,21.042626633050652,-0.011252068394925574,18.334,0.22926730569817141,-0.39,-422.966,6.131,42.189,-46.798,-5.3630529452211775,34.83100000000001,18.13,-0.5917954424745189,8.335,-2.0714034964543986,1.1751649670065984,0.5476006618863762,0.37442170506996963,1,1
138293,2021.0,454.363,0.04744487492383339,0.6719196134416868,26.93774617961919,2.3750960090497086,0.2266555891167766,329.512,0.7040188625312076,0.7,-62.347,5.149,13.219,24.474,0.08816981172859521,584.53,426.087,0.040438120950859274,442.33,0.039855814787307604,-0.03672145230936178,0.06636203404469043,0.17327100785639318,0,0
138404,2021.0,0.125,-0.53515898658469,-0.9257434963471926,-6.9889769958194545,4.717712401533214,0.5384615384615385,0.126,0.002569049075424646,-1.1,-504.623,5.574,86.343,-44.731,-0.6750218815078622,19.072999999999993,0.273,-0.4209382204865196,0.6,-0.5381363077886723,-0.5449999999999999,-0.5421245421245422,0.2713480518973883,0,0
138388,2021.0,87.955,-0.16799629316249648,-15.647344559585493,-0.18789130569755166,0.0735020827176936,0.21639214558009062,65.367,0.2018784682811846,-19.69,-267.064,7.073,12.279,-96.638,-0.39119469868398155,396.858,83.418,-0.23387196309857725,203.602,-0.11757810913325119,-0.5902888969656487,0.05438874103910417,-0.2816740795403257,0,0
62143,2021.0,388.272,0.2594572471664666,-0.40597415380707436,-2.122056273585828,-11.25812489626556,0.28112995247739686,271.528,0.33342337260634564,-0.22,-463.579,66.126,67.317,-51.143,5.305290456431535,1042.9489999999998,377.715,-0.04514586803596981,1037.933,-0.11589783021285897,-0.636089227339337,0.02794964457328943,-6.747087351598711,0,0
138726,2021.0,1889.0,0.15912636505460218,21.19513688025828,1.112991160815402,1.7271901493848858,-0.6234765875561257,2531.0,0.5071567989590111,22.59,-131.0,11.0,28.0,1766.0,1.5518453427065027,2834.0,1559.0,0.5744957709824333,2634.0,-0.004024144869215292,-0.40812452543659833,0.2116741500962155,-0.7230156023908,1,1
76020,2021.0,6540.425,0.18652189111033432,5.004585004949721,26.90732595546209,7.4715195964355665,0.20256528655491038,3298.493,2.5011382882684052,4.98,2044.239,-70.161,290.729,192.106,0.2776760354708854,982.5649999999998,4136.38,0.11616042820197618,4089.618,0.159500066890288,0.011434319782434489,0.5811953930731703,0.6057266144544147,1,1
62469,2021.0,5736.3,-0.00807830255086649,6.264135949630172,12.265059477921445,1.101689065170706,0.12407559572719801,4477.2,0.35639629337814377,6.24,2751.7,69.3,1182.8,409.9,0.08982337730639436,13154.800000000001,5111.4,0.028580592529581155,5014.3,0.040888129277625085,0.019364617194822697,0.12225613334898473,-1.2826499325549454,0,0
140169,2021.0,9535.5,0.06795715423883857,0.31254800477389016,60.82265671077504,1.7951897227026727,0.24225045372050816,6262.8,1.3005507474429583,0.31,-1192.7,56.3,386.6,52.9,0.029515148133682976,5203.299999999999,8265.0,0.008324154209284028,9286.9,-0.015427726796822073,-0.11003671838826731,0.15372050816696914,7.1638509487300395,1,1
138699,2021.0,13708.0,-0.028665207877461706,1.858415791852931,121.50671609115872,-18.859227307393173,0.31091081639537954,9747.274,3.0952682197031947,1.93,-1890.479,1546.687,2591.138,184.996,-0.15521139830035652,822.1670000000004,14145.156,0.04048115408357548,9127.057,-0.33341279925013073,0.549804717993982,-0.0309049967352782,-1.7081124174049207,0,0
64723,2021.0,534.517,0.09037189701313483,1.512857826711345,44.04247300940399,9.917637125390106,0.3488167353673397,335.067,1.145972900260129,1.51,345.495,37.915,82.288,79.009,0.22518347512576062,354.27299999999997,514.551,0.1759634572212522,469.333,0.1446083182562247,0.09634523888156174,0.038802762019702626,-0.4864166774155648,0,0
138998,2021.0,703.855,-0.002396121189061896,-0.11299853302074335,-80.00103858286823,0.5414754554734139,0.27961698932865675,502.787,0.08159177993889945,-0.09,-469.184,133.837,465.324,-24.726,-0.006768355324694095,7986.872,697.944,-0.002890544729619035,769.615,-0.00422468853526995,-0.09312578367105637,0.00846916084958114,-0.1710485693201165,0,0
138792,2021.0,491.708,0.015742439202110867,-12.375177227614788,-1.0060461980470266,0.5889628207299991,0.6154519072717796,192.539,0.039723227666062726,-12.24,-21.264,189.413,432.887,-680.808,-0.58542323590439,1162.773,500.689,-0.05401335196274899,603.649,0.013087352260476198,-0.1705626945460027,-0.01793728242481859,-1.2914545872466467,0,0
138737,2021.0,122.098,0.09683606283648703,-0.7380890296144533,-4.620038861411124,14.604570835992343,0.5471289454612097,54.364,0.5053420782326099,-0.74,,0.31,10.994,-19.814,-3.161135928525846,224.306,120.043,-0.08341051071783387,113.656,0.022502641884751665,0.056195889350320265,0.01711886573977652,-2.1609575580237115,0,0
138985,2021.0,786.613,0.0274578684595095,0.7989613434894199,42.53021785959532,1.8028149850332291,0.5873227204457643,287.953,0.07749240921600029,0.84,-462.772,65.195,176.576,212.614,0.04238903715435571,8827.764000000001,697.768,0.02361239135794517,665.714,0.03434871414854845,0.048149806072878096,0.12732742114857665,0.16285843493231753,0,0
138732,2021.0,374.889,0.014305671608872542,1.497486724228789,17.135377285708486,1.0520511294890376,0.6703061263184126,121.721,0.041854596898650946,1.48,228.457,-20.725,230.825,73.883,0.06139643802103416,2077.2,369.194,0.008375930222763716,408.866,0.011406627104652118,-0.09702934457744095,0.015425494455489507,0.7079501892211625,0,0
90083,2021.0,26.987,0.21503846324869935,2.4196151458721293,28.971549512570544,4.779006093776449,0.8215856969016193,3.812,0.2946993834567799,2.42,51.506,2.362,18.106,11.694,0.164955143034475,54.058,21.366,0.16129432697480034,25.412,0.18273415683413416,-0.15921611836927435,0.263081531405036,0.3332053723271723,1,1
138809,2021.0,18.437,-0.1379039067703717,-0.8236318976350965,-18.673390435898327,3.2910077434101566,-0.9530871106136917,62.823,0.17002315181884492,-0.81,-279.482,20.254,176.997,-28.837,-0.17624050408561145,9.147999999999996,32.166,-0.15242671233600794,6.829,-0.28162386507512,3.7102064723971293,-0.4268171361064477,-0.09527729977946583,0,0
62450,2021.0,1074.751,0.02939645475867776,-0.17695917156571922,-313.6881773849436,3.22106536264768,0.5057657891324082,476.38,0.5791139848930182,-0.18,352.351,12.596,56.916,-9.843,-0.010268367107425083,1557.643,963.875,-0.005913857038829701,994.852,0.0031018806467344325,-0.031137294793597416,0.11503151342238359,-5.970775344358857,0,0
138612,2021.0,9570.0,-0.026793931266598302,-8.445125907839019,-8.79442187250996,3.0805022388357255,0.491076568796776,1768.0,0.09547890614264119,-13.5,-1357.0,3999.0,3779.0,-1757.0,-0.35027910685805425,32441.0,3474.0,-0.04828913013604507,2528.249,0.014360471393496348,0.37407351886621937,1.7547495682210708,-0.445135350520672,1,1
138922,2021.0,442.056,0.018967303252885623,2.5745536432362877,18.857637760839683,1.7708639577811642,0.7918986812957273,75.716,0.06129629564113696,2.56,295.402,116.513,314.393,64.024,0.09390698772773076,904.7979999999998,363.842,0.01078609405216592,342.722,0.011569281407790887,0.06162429024107004,0.21496693619758028,0.7584960006052294,1,1
43524,2021.0,6986.0,0.012308329219941723,2.474193019826315,14.453197350993376,0.7377356384006181,0.6890307451797811,2387.0,0.041865513310680724,2.22,6385.0,9347.0,13039.0,1057.0,0.0510430751400425,23146.0,7676.0,0.00576496190325554,8066.0,0.010806538227148485,-0.04835110339697496,-0.08989056800416884,1.1350235138572327,0,0
138930,2021.0,326.551,-0.42261980115819325,1.8237281590887149,9.529929070506036,4.485382775630486,0.3154582248704932,316.617,0.5495450003505024,1.85,-763.024,363.69,541.158,132.244,0.4706627659498744,285.28999999999996,462.524,0.15712488222525067,356.071,0.21967979614943497,0.2989656557259647,-0.29398042047547807,-3.6897063989670014,0,0
138727,2021.0,1300.658,-0.0357895288603281,-1.8438902743142145,-215.00194752502028,23.971298424582542,0.8528038811994211,129.978,0.4474719844164742,-1.9,-478.558,102.637,1251.196,-85.031,-0.11149340134136669,708.6300000000001,883.026,-0.04308932048084339,674.86,-0.0342490893843499,0.3084580505586343,0.4729554962141545,-0.16941069246521598,1,1
138899,2021.0,1488.256,0.16039438098770267,2.030151784493368,30.692286397467416,4.615684125492858,0.35695714898079556,574.553,0.9570578235846702,2.05,213.027,3.585,73.148,59.386,0.15038580266453275,755.792,893.491,0.06361097751560925,845.575,0.05185295730233554,0.05666676521893379,0.6656642316486681,1.5214890141932518,1,1
138980,2021.0,235.309,-0.3747933953717979,-2.0700889097888253,-17.91710482801613,8.033451979970534,-1.4418922521112305,430.552,0.21324440036766482,-2.11,-978.51,552.127,686.537,-189.291,-0.4483677500959311,115.51400000000001,176.319,-0.2289330462967442,256.577,-0.08977171601953353,-0.31280278434933767,0.3345640571917945,0.6371310364952237,1,1
138923,2021.0,386.905,-0.22863349021136767,-2.4019026689413874,-72.06786612893517,15.410382793595222,0.7150875022096518,103.152,0.458620672182897,-2.47,-492.235,-21.126,587.97,-83.065,-0.2138315399268908,178.34899999999993,362.048,-0.1052217554989182,390.255,-0.2207752664246399,-0.07227838208350948,0.06865664221318712,1.1728727973343716,0,0
139089,2021.0,443.285,-0.04795623564522299,-0.9919858984607186,-92.36018389189637,69.54350980910746,0.7557381525282001,85.881,0.49729988147201015,-1.0,-414.47,-58.911,530.038,-48.398,-0.7529598456679684,174.125,351.594,-0.06845486459803736,297.891,-0.07446518852220621,0.1802773497688751,0.26078658907717434,-0.2994473668625454,1,1
138865,2021.0,80.683,-0.31256002881383066,-1.776239657181224,-2.1900197894315543,-353.65477558348294,0.6040482306536966,28.208,0.4215992614423179,-1.79,-558.862,-32.641,54.967,-89.947,161.4847396768402,107.50700000000002,71.241,-0.5323000627300595,83.699,-0.522582728322342,-0.148842877453733,0.132536039640095,-0.4128123389451179,0,0
138931,2021.0,5212.97,0.028508965480904484,1.854880454129985,36.73012988427643,2.184098374763117,0.23045434586030958,3398.142,0.5476385244464244,1.85,-220.674,108.484,272.173,192.787,0.05946339916696277,7677.449,4415.777,0.023909175715271132,4675.815,0.01760955325441604,-0.05561340643288915,0.18053289375799553,0.19238596179187392,1,1
138956,2021.0,4416.2,0.0365654270354154,0.5178875638841567,55.12779605263159,4.677976273551989,0.3694884417808219,2356.6,0.5222153914938803,0.52,138.5,343.5,1364.0,121.6,0.08485694347522679,5279.8,3737.6,0.0169898843123009,4482.2,0.036520973892637136,-0.16612377850162866,0.18156035958904107,1.1521881116601569,1,1
140241,2021.0,125.669,-0.0671605081165543,-0.5839042846916863,-9.418153187390542,1.588001024656725,0.1926481108689503,97.055,1.081255621514661,-0.58,-12.271,0.11,0.76,-5.71,-0.16861065997342387,99.528,120.214,-0.05135815794207591,152.489,-0.08919227288822441,-0.21165461115227988,0.04537741028499175,0.3076891930645372,0,0
139088,2021.0,785.521,-0.17539256380694085,-3.0209068523659406,-20.351504698613777,9.468937302977231,0.8026519962615031,131.759,0.4773623123952985,-3.15,-587.135,-51.701,816.075,-192.61,-0.46526964188658737,558.3729999999998,667.648,-0.13771441686406377,599.51,-0.07067275677548446,0.11365615252456178,0.17654961896088947,0.27359624214267064,1,1
80499,2021.0,2173.622,0.05965200256284684,-3.9963091313780184,-4.676815377782165,1.517336101008715,0.24055168006239303,1402.215,1.882932191964527,-4.01,437.189,26.241,62.507,-141.841,-0.32443788741737006,855.8710000000001,1846.36,-0.14465054758575818,2368.779,0.055514432449797785,-0.2205435796247772,0.17724712407114537,-1.412386980612578,1,1
139121,2021.0,6.2,-0.1974848910322935,-0.9283481606155327,-3.8024527324527315,-11.759126952342811,-105.222,53.111,0.012320126158091858,-1.34,-541.086,-56.82,36.996,-7.722,3.0925110132158595,2.6970000000000027,0.5,-0.19027202838557067,7.143,-0.9675440860215054,-0.9300013999720006,11.4,0.0379081607944314,1,1
131265,2021.0,58752.0,0.13708564896929565,11.059848096492313,14.870005316995206,97.59090902097901,0.20179302582811015,41134.0,1.085133712360497,11.1,275.0,1172.0,1909.0,3754.0,6.562937062937063,42046.0,51533.0,0.07904822067803748,51336.0,0.0777886279905899,0.00383746298893564,0.14008499408146236,0.7342028421821659,0,0
35841,2021.0,47.003,0.007811113083614415,0.353792980156129,17.383046993431027,4.200372405372406,0.5449662869100209,19.571,0.602617272880121,0.36,-42.108,4.479,27.866,11.874,0.24163614163614164,42.135999999999996,43.01,0.16636776326850866,36.979,0.05910441426146011,0.1630925660510019,0.09283887468030697,-0.9530491188307456,0,0
55183,2021.0,4710.089,-0.03162998477580594,-7.5752458196766845,-1.8454846658159898,3.0655365162380113,-0.03369740181191543,3230.17,1.464420597217907,-7.68,-480.77,-58.119,71.798,-409.086,-1.6611010500499443,1955.118,3124.87,-0.19171164382309816,5401.516,0.015111310246763633,-0.42148278372219944,0.5072911833132259,-0.8350127089568304,1,1
139170,2021.0,425.442,0.0343993332252415,0.7998102791119012,16.17883682911453,1.5912325064499009,0.33271344040574813,228.926,0.11670794268529984,0.79,-39.467,-65.883,419.253,93.589,0.09835271368745171,2520.307,343.07,0.03183775803181429,397.423,0.03847829401642379,-0.1367635994897125,0.2401026029673245,0.0804571474809102,1,1
61736,2021.0,123.953,0.17919321954291692,-1.103306112740823,-1.323295487208968,1.3451409788166546,0.16037976296673886,92.239,1.1019630264913285,-1.1,-44.467,8.709,11.454,-13.916,-1.016508400292184,85.65799999999999,109.858,-0.13958853680800057,110.758,-0.08575244136549535,-0.008125823868253232,0.12830198984143165,-2.283724463631217,0,0
141769,2021.0,4634.875,0.08808210542523691,2.450723190862025,17.835551629405078,2.289128044821524,0.32238498397761867,2235.332,1.3280831177447703,2.47,279.294,-43.897,167.012,105.56,0.12834635521154777,1993.921,3298.823,0.042497719310535295,3241.307,0.010215477052860428,0.0177446937300293,0.4050086955256466,1.0726313518523598,1,1
138297,2021.0,31.418,-0.2978510028653295,-0.6647858150456225,-3.7606097233413918,4.512440777387437,-1.0851891007059304,61.144,0.2792400723740596,-0.68,-211.701,8.176,70.436,-37.23,-1.1999226480162437,32.78699999999999,29.323,-0.35453766307970663,46.279,-0.18050702708066083,-0.3663864819896714,0.07144562288988163,-0.15988896559526572,0,0
139239,2021.0,3044.621,0.1974901103872338,4.542477075186557,7.060024622949341,2.5482481882558545,0.313975777368186,1526.762,1.2609625601791337,4.57,-777.231,211.89,243.265,266.012,0.36094041088362644,1357.835,2225.522,0.1507202231918497,1755.871,-0.1114642608401274,0.2674746607239369,0.3680480354721275,0.31030930159817616,1,1
139375,2021.0,739.893,-0.005937965243521752,-1.088847564440312,-77.86213862137673,8.058843557122445,0.16866813166637018,434.676,0.4565136534922137,-1.14,12.212,109.774,183.76,-42.158,-0.10350144113444533,938.1009999999999,522.867,-0.036808026905359774,594.519,0.020476768828464848,-0.1205209589601006,0.41506922410479163,-0.8386774368865423,1,1
139367,2021.0,0.346,-1.079451745302557,-1.0837263389107823,-10.79608345752608,7.223368698149329,,16.211,0.0,-1.87,-179.109,15.719,36.13,-16.775,-0.6690730695596682,-0.4170000000000016,0.0,-0.44807414926010997,0.0,-1.2512554494785058,,inf,1.4090917699336594,1,1
139956,2021.0,8.907,-0.562850858474771,-4.013461538461539,-1.1934834690943938,1.7195719710044877,0.6906070885483683,2.645,0.24288311835899765,-4.51,-191.182,11.508,28.696,-20.87,-1.4408008284432172,5.153000000000002,8.549,-0.5929314165577589,19.204,-0.4277133801724329,-0.5548323265986254,0.041876242835419415,-0.05073193499784424,0,0
140122,2021.0,6345.0,0.08052980132450331,1.3279085137732611,18.668454748858448,5.028771943419434,0.27913060978063997,3582.0,0.7016379553798362,1.33,993.0,162.0,1105.0,219.0,0.2693726937269373,5157.0,4969.0,0.030923467946907653,5526.0,-0.0071645081289611464,-0.10079623597538907,0.27691688468504727,1.604164625480057,1,1
139498,2021.0,460.449,-0.07704052002950666,-3.239458592901025,-12.90647767241809,3.9325614471133585,0.4195094385510626,162.304,0.08150392728724948,-4.47,-1360.846,-26.092,353.98,-602.17,-0.30469672260135516,3051.302,279.598,-0.17553494622480492,216.824,-0.30957611364366217,0.2895159207467808,0.6468250845857266,-0.5611100713196902,1,1
139516,2021.0,0.0,-0.6606883720930232,-2.605415656938152,-2.560052167583306,1.6550751653638003,,0.0,0.0,-3.17,-214.491,37.683,47.66,-24.728,-0.6465005621061989,-1.1460000000000008,0.0,-0.49220724934811605,0.0,-1.0121299969484283,,,0.3422971176634338,0,0
139395,2021.0,616.188,-0.046486009206702525,-1.4357923977636347,-10.586488703851098,1.1126176021105803,-0.49017242871359945,551.03,0.12007261975001324,-1.44,-527.427,233.84,428.786,-163.33,-0.10509788781107733,2588.141,369.776,-0.05303605692032382,1149.087,0.016978209663114318,-0.6782001710923541,0.6663818095279304,-0.1235017852752788,1,1
139819,2021.0,3815.7,0.03266775424357229,-2.9268667569181295,-28.340886992526762,-1087.7188488372094,0.5544667892784997,1477.7,0.5155839512506024,-2.94,-1321.9,-297.6,765.2,-495.1,38.37984496124031,5616.7,3316.7,-0.0769637333084612,2988.1,0.02174189043356821,0.10996954586526553,0.15045074923870114,-1.4244564659128987,1,1
63237,2021.0,2255.319,0.018787948820303803,0.3872434219589475,69.74940946282462,0.99064251991738,0.10436742711497696,1838.851,1.1770954028556933,0.38,475.554,32.034,395.99,14.055,0.01420288039062721,1066.0369999999998,2053.131,0.008057973839534237,2268.095,0.013310612009723423,-0.09477733516453234,0.0984778857267267,1.3315971476757456,0,0
139791,2021.0,1963.865,0.05849463704072529,2.7214755338337118,117.25991875828451,15.154538556969928,0.33818666991943236,965.765,0.5987713311140371,2.79,481.861,603.245,1033.54,140.322,0.12923886283947514,1241.518,1459.271,0.05757723597918682,1425.66,0.09805074721133877,0.023575747373146383,0.34578498442030303,0.0159333987805545,1,1
139910,2021.0,590.965,0.01892156788721233,0.6818200945394358,52.84385175584769,3.422000175850176,0.4435439677955638,240.66,0.12309022970038795,0.53,-300.788,-2.575,21.701,48.609,0.06475682718323988,3444.833,432.487,0.0138346192498414,382.926,0.0012914019476403464,0.12942709557460197,0.3664341355925149,0.3676970464820886,1,1
137421,2021.0,683.995,-0.0008117521487556879,0.4504954155575274,26.99250553959786,-6.178915649070073,0.1269305441976477,767.621,2.76994155915757,0.45,-91.861,-26.452,44.507,12.185,-0.22891226751831675,215.30600000000004,879.221,0.038388229919821056,1018.874,0.06650009715034769,-0.13706601601375637,-0.22204428693127212,-1.0211458603444634,0,0
140312,2021.0,1531.4,-0.0642590707132545,-2.5649973724673507,-3.083823821773012,1.3500398293880427,0.19015056943001218,1161.235,1.3808408559944072,-2.65,-414.614,7.806,15.917,-131.787,-0.43778111442561307,884.9229999999999,1433.89,-0.12691132087463816,1851.063,-0.033075874759605405,-0.22536942286675277,0.06800382177154453,-0.4936695145051006,0,0
140115,2021.0,1605.836,0.041964948488595194,50.49618447246185,44.11660055652104,8.980609336326713,0.684051586555984,418.704,0.2952605173674532,51.73,1087.489,449.638,574.909,304.391,0.20356530700548855,3881.8959999999993,1325.229,0.0678181990750251,1167.997,0.056659763800787535,0.13461678411845232,0.2117422724676263,-0.38121405373547723,1,1
139879,2021.0,2329.114,0.12879217100852364,2.7754060841094756,64.1023311934854,30.15457846190317,0.7644007243752263,406.556,0.7176680783318202,2.88,-140.868,800.806,1669.218,349.246,0.4704131331961251,694.3880000000001,1725.625,0.14524749333434256,818.379,0.062173874705644366,1.1085890522606274,0.3497219847881203,-0.11329160970744408,1,1
140138,2021.0,3486.207,0.07608634904532785,7.4812380750477,24.605553005185755,4.506349761342354,0.29834829387962936,1907.116,0.9654581795151678,7.5,876.66,145.2,330.007,247.023,0.18314360829007245,2153.566,2718.038,0.08774357675587144,2624.121,0.07334781638602392,0.03578988926196616,0.2826189332157975,-0.13285562478239793,1,1
140363,2021.0,1742.8,0.1118650748958216,1.8042369608926645,45.132652619926205,3.4961550594557513,0.5016084832598594,836.6,0.5098098766931908,1.79,72.5,-134.6,1553.8,135.5,0.07746398353533043,1587.9999999999998,1678.6,0.04115288829496447,1565.3,-0.013509533976293899,0.07238229093464509,0.03824615751221259,1.7182800413430421,0,0
76223,2021.0,685.169,0.08782354792204847,0.3552468766215623,33.30078539325843,0.903409354853459,0.5856143307388313,244.42,0.9470896242547636,0.34,630.19,51.452,72.276,8.9,0.02712877021321994,524.918,589.837,0.01429055426476704,746.684,0.050353580183050486,-0.21005807008051597,0.16162431315770287,5.145566245710634,1,1
139923,2021.0,1041.678,-0.06344057912415216,0.42918886320233185,105.82753629976582,5.575041314666938,0.22683666274702058,676.579,0.6121094394842795,-0.36,,0.951,10.004,17.08,0.05268044130664766,1404.4,875.079,0.011947297588436582,684.393,-0.002958330066404106,0.2786206171015775,0.19038166839793913,-6.31003590180547,1,1
139930,2021.0,180.08,-0.514352452634311,5.431048205696094,20.64978909271637,4.408985788605852,0.39719301782080924,478.469,0.4619053964954466,5.76,-636.57,570.2,871.849,313.882,0.2135123883740293,842.1740000000001,793.735,0.18266019472844686,66.512,-0.4913055642693029,10.933711210007216,-0.773123271620881,-3.8158978665219143,0,0
139943,2021.0,359.26,0.14583214802860117,0.5892120397196601,11.337174989123207,1.8157670594236701,0.6833678092842909,108.526,0.2755281845820424,0.49,,-6.323,1.796,121.819,0.16016045100880089,1238.775,342.751,0.09792697298505279,487.821,0.13873083753125792,-0.297383671469658,0.04816616144081277,0.48919285037903143,0,0
140161,2021.0,782.12,-0.07226829490567757,-1.384691133583305,-6.203549507658643,-12.134926163723915,0.2093522677434479,522.8,1.4485092773116608,-1.4,-175.56,38.92,50.69,-36.56,1.9561262707330123,306.28000000000003,661.23,-0.08008937764244563,690.45,0.19178700361010828,-0.04232022593960464,0.1828259455862559,-0.09765443267251776,1,1
139954,2021.0,276.868,0.10333676744061715,0.7729111290881774,25.915010466507184,3.7266818971031714,0.7758180222956235,69.5,0.48151018652120636,0.78,-333.147,6.644,174.116,26.752,0.1438039896576377,459.70900000000006,310.016,0.041550631289402194,296.701,-0.07418168996611188,0.044876828861378955,-0.10692351362510329,1.487008361458373,0,0
61248,2021.0,337.661,-0.015889688995434206,-0.5132308667406116,-33.29885458474838,0.7154536137525249,0.16892754841930988,316.248,0.67864047196125,-0.53,46.342,16.2,47.238,-6.478,-0.021485832551135817,495.9310000000001,380.53,-0.011552920866593902,490.215,0.016411249578982823,-0.2237487632977367,-0.1126560323758967,0.37538282992835,0,0
100985,2021.0,12368.0,0.015114674377341132,3.9425361849211495,1.8845736986301367,-0.5926259446153845,0.11205360929680211,10468.0,0.736536298887917,4.43,-3720.0,1460.0,1676.0,511.0,-0.31446153846153846,13547.0,11789.0,0.03192552792702737,13210.0,-0.04324428214491639,-0.10757002271006813,0.04911358045635762,-0.5265646221453578,0,0
65852,2021.0,1345.249,0.07861485046789858,3.3221424352637636,26.133737999438566,3.2720791181394606,0.3783287638137979,679.33,0.8952100542247192,3.31,789.152,87.223,155.576,106.87,0.1252051703514344,947.2070000000001,1092.748,0.08755092527737021,991.329,0.08045745154994084,0.10230609615980174,0.231069743435815,-0.10206716583703987,1,1
65355,2021.0,441.239,0.21135754998770734,6.313325330132052,21.045961209355394,4.498512095299208,0.4678582823366287,221.827,0.20258346070014896,4.54,73.631,6.297,70.171,173.547,0.21374704868787464,1987.5339999999999,416.857,0.08434007790232322,434.338,0.08549761708486384,-0.04024745704957888,0.058490081730665305,1.5060155888459916,0,0
66073,2021.0,14629.585,0.14950979936276707,74.13466803559206,16.13698464833823,-31.85156622553894,0.5674665711207131,5463.748,0.8757681016581401,73.62,-1805.222,1574.515,1826.933,1732.972,-1.973823915660661,7440.614999999999,12631.967,0.12014610223939869,11863.743,0.16342312225259054,0.06475393136887744,0.15813990014381754,0.24439991457117236,1,1
66069,2021.0,16071.7,0.3174902102631041,32.84868771680489,14.707132417738816,4.686411944346186,0.9283637947064293,608.7,0.49507379117069567,32.65,10922.3,577.0,3587.0,3513.2,0.3186489256528167,13100.8,8497.1,0.20469257077601627,7863.4,0.14290924810201822,0.08058854948241229,0.891433547916348,0.5510587856679763,1,1
140142,2021.0,275.602,0.17117771455399816,0.7850574325462324,168.84115034754998,-11.52914315431719,0.8047393403024786,48.583,1.1760499137380946,0.79,-342.028,38.095,45.673,23.306,-0.06828396472415106,162.234,248.811,0.11015999810932811,199.676,0.12326548795097313,0.2460736392956591,0.10767610756759133,0.5539008486920372,0,0
140310,2021.0,630.245,-0.09558029743969838,-3.0566419216609333,-1.4460313354592214,0.49511195543416525,0.4271450964912138,351.195,0.47032238811008287,-2.63,-397.621,27.026,43.728,-101.291,-0.3423936558587306,1199.685,613.061,-0.07770747937653578,1317.44,-0.07219796277020375,-0.5346573658003401,0.028029837161391718,0.23000125865052057,0,0
138122,2021.0,933.869,0.0039302565250128015,-0.7759753059871333,-16.637127367831557,0.9512501935235546,0.07635421737591777,555.923,0.1246188474414562,-0.77,-1459.072,-0.293,34.368,-173.207,-0.057176348566209144,4709.173,601.879,-0.035862451936007574,1266.597,0.034784035564828585,-0.5248062327638546,0.5515892729269505,-1.1095925212259858,1,1
66193,2021.0,20275.0,0.23428378985181858,-5.285076576903535,-3.173085527896996,0.9763984786053882,0.018786572220511243,9558.0,0.807778422754789,-5.92,-670.0,1179.0,1988.0,-1165.0,-0.3077126254622293,8187.0,9741.0,-0.09660834231694171,12937.0,-0.05427291523087526,-0.24704336399474375,1.0814084796222154,-3.4250886024232448,1,1
140026,2021.0,391.228,0.002717217202380326,0.1202700440774424,142.51262757468916,1.0023421247027562,0.5609686644209098,144.926,0.08321220948552235,-0.09,-888.474,-148.594,125.693,10.778,0.007033356564683649,3813.011,330.104,0.002716904956725638,306.214,0.012555634650374634,0.07801733428256052,0.18516588711436405,0.00011492697008601,1,1
11334,2021.0,993.196,0.023323227945501884,1.5622284692052133,71.05874856862425,7.71791612338896,0.5348463978365536,404.899,0.4782966092521497,1.57,128.434,54.994,192.305,79.469,0.1086131726051362,1577.325,870.463,0.04366613312761034,988.479,0.06039412521406982,-0.11939150958189307,0.14099737725785022,-0.4658737498614349,0,0
66249,2021.0,810.456,-0.010949615000248882,-3.215066326603308,-17.585951347925707,9.410472367839098,0.9364866495535225,46.318,0.30516266311818574,-3.23,-1270.439,-285.623,1894.406,-451.286,-0.535113067337644,478.1500000000001,729.264,-0.18884195241771645,1122.599,0.09097921754643823,-0.3503788975404396,0.11133416705061543,-0.9420170419757764,0,0
140224,2021.0,78.452,0.3525927737787407,1.7728898272221982,4.484204194716504,-3.9712356334208603,0.6897114403983442,25.861,0.7913501709077099,1.74,,2.217,2.478,41.147,-0.8856054410055528,98.443,83.345,0.3906855298139005,82.387,0.3925965187926514,0.011628048114386958,-0.05870778091067252,-0.09750234684480101,0,0
140316,2021.0,1752.995,0.0798383710954217,3.707376686066939,25.551760185581962,4.64559012376384,0.4030946124575069,1079.695,0.901770566666085,3.75,726.267,357.176,447.126,242.696,0.18181096292478505,1441.512,1808.821,0.12099379067779077,1408.199,0.08841363523314373,0.28449246164782094,-0.03086319762983735,-0.3401448896825366,0,0
140235,2021.0,84.86,-0.01660233519791387,-0.2542518341758506,-2.595851479850163,5.5452884277172005,0.5538168438504385,30.68,0.9616923076923076,-0.34,-532.438,2.279,28.673,-24.293,-2.136211748153359,37.90899999999999,68.761,-0.33976223776223774,77.429,-0.39336427426929665,-0.11194771984656919,0.23412981195735963,-0.9511354313320363,1,1
140221,2021.0,748.969,0.04241750303364813,1.5732964190445395,65.75366138748667,10.944089603037508,0.6334224914765786,226.546,0.8446275524917075,1.59,66.574,133.83,253.459,77.853,0.166440763481503,440.065,618.003,0.106402054430378,502.363,0.09596826096855678,0.23019211207831797,0.2119180651226612,-0.6013469546172799,1,1
140255,2021.0,625.486,-0.3814969344602895,-2.6645210674645976,-37.35005184053486,17.647629875204633,0.503824759274178,194.007,0.4194644012302701,-2.84,-925.059,-13.126,737.461,-229.743,-0.4724927812831629,186.596,391.005,-0.24646490436655785,302.328,-0.21423790366871706,0.2933138842581568,0.5996879835296224,0.5478752865069326,1,1
140225,2021.0,144.927,-0.18480016006357455,-0.9745022359745896,-25.141040313260856,12.822577968526467,-2.4552762306186957,114.767,0.09685367702805156,-1.12,-548.823,50.923,253.616,-89.127,-0.5100257510729613,85.30600000000001,33.215,-0.25989094302210297,34.505,-0.5306478405315614,-0.03738588610346324,3.363299713984645,-0.2889318961459237,1,1
66622,2021.0,3215.36,0.3056146738700059,6.808458846797505,73.41896473900609,67.5750712400805,0.6158653393210439,1039.72,1.1795960098685543,6.82,2121.98,293.602,383.928,581.776,0.9204034881219071,1836.0750000000003,2706.655,0.2535456673411602,2406.908,0.23341109701360185,0.124536126848222,0.18794600715643475,0.20536342456518453,1,1
66492,2021.0,11141.0,-0.012407851227133452,0.06913446653741527,339.91728260869564,5.936292710706151,0.38830227743271223,5909.0,0.279166546253215,0.06,-3077.0,255.0,1721.0,46.0,0.017463933181473046,31726.0,9660.0,0.0013293645059676907,10189.0,0.009004992867332383,-0.05191873589164785,0.15331262939958593,-10.333671217663019,1,1
26802,2021.0,1335.616,0.012679981402201213,-0.5208698459551702,-65.31382122459823,0.8579427483080233,0.4803549456058229,718.362,0.04109591117966199,-0.54,1371.575,94.202,1860.092,-45.174,-0.013135699798634787,4080.6329999999984,1382.409,-0.0013429214448329333,1441.689,0.010698428146728526,-0.04111843816523534,-0.03384888263892966,-10.442087212911156,0,0
140231,2021.0,2032.707,-0.024178318460718162,-3.2281925193470897,-61.94178284027572,1.891876074522199,0.6442911179730191,389.132,0.06161333070425639,-5.36,-974.143,218.971,786.569,-485.136,-0.030542809518425185,16922.682,1093.962,-0.027323476322340383,553.307,-0.06168101735246537,0.9771338515507665,0.8581148156882964,-0.11510826164717035,1,1
66823,2021.0,261.0,-0.0013817768024059172,-9.539610120282042,-1.6122252173913043,0.6523540925925926,-0.9036144578313253,316.0,0.012556732223903177,-9.47,838.0,-46.0,754.0,-437.0,-0.4046296296296296,12439.0,166.0,-0.03305597579425113,375.775,-0.016216216216216217,-0.5582462909986029,0.572289156626506,-0.9581988802567364,1,1
66830,2021.0,896.167,0.048947516362686974,-6.321055190858254,-9.175683212493029,-2.690577497314261,0.42566606893109793,395.87,0.33218615433180154,-6.43,-55.608,283.578,423.253,-103.994,0.29322911820352965,1614.2680000000003,689.268,-0.050118918814715564,910.178,0.05091263233034612,-0.24271076646546058,0.30017206659818824,-1.9766275394655033,1,1
65727,2021.0,2622.0,-0.007637054161162483,1.821401467240071,54.29884722222222,2.135181321682141,0.19732241835081443,941.3,0.6288947283745374,1.82,139.5,515.7,780.3,28.8,0.03932277444019661,998.3000000000002,1172.7,0.015444843674585724,1514.1,0.04062377145852444,-0.22548048345551805,1.2358659503709388,-1.4944727393861001,1,1
66825,2021.0,1173.751,-0.023793223359631393,-0.696533698581939,-28.64183031002787,2.9759283193156025,0.8691569531246992,135.914,0.5327691526519057,-0.7,-1494.198,69.19,635.027,-110.861,-0.10390147162745014,1268.6689999999999,1038.756,-0.0568596677488678,1170.947,-0.10890643252503734,-0.11289238539404416,0.1299583347773682,-0.581544804927124,0,0
64331,2021.0,5541.352,0.17649111109288868,2.66919524254067,34.64714702247597,9.463231042888202,0.6060269129518635,1817.728,0.743841568757944,2.66,6435.108,382.456,2061.767,1409.594,0.2731316098479711,3844.1490000000003,4613.838,0.2272543189144884,4200.819,0.21509889032827273,0.09831868499928212,0.20102873139455701,-0.2233762071677106,1,1
66837,2021.0,7574.4,0.17436069235064208,10.433825849397822,22.651326887312397,7.070762137791583,0.8989982246917866,626.785,0.5280619799098147,10.44,790.189,2868.164,6659.555,2711.647,0.31215664199133974,4937.114000000001,6205.683,0.23074296312533354,4162.821,0.1414696100783017,0.49073981321800775,0.22055863955667726,-0.24435098696407953,1,1
67219,2021.0,1359.328,0.032899222619070516,1.0248148590539896,64.2067193100032,2.939365975015174,0.4197301107468014,653.222,0.6213226081705958,1.02,619.742,-315.516,29.96,34.319,0.04577972534032322,1669.476,1125.721,0.018941789830523442,1256.524,0.02831188944193511,-0.1040990860500873,0.20751767089714057,0.7368592362932669,1,1
67218,2021.0,531.313,0.05751219072163058,1.801993625822201,22.253130879807333,5.127160251204435,0.8912744543706888,48.073,0.4244170085488135,1.78,39.769,-56.269,105.995,79.722,0.23040174791120566,925.8089999999999,442.15,0.076524647191063,413.298,0.02995673294593831,0.06980919336652966,0.20165780843605116,-0.24844879613705437,1,1
68571,2021.0,481.252,0.1752828962426968,-4.565388698350482,-4.290981840621381,262.47170678336977,0.4280237780834061,250.362,0.7560049258786528,1.17,-481.474,97.899,100.385,-223.631,-61.16821663019694,458.85699999999997,437.714,-0.38624795546674084,1131.157,-0.17640698564799298,-0.613038685169256,0.09946677510886107,-1.4538092532577562,0,0
68568,2021.0,5627.0,0.13467417538214,9.427256743107254,40.76795726190476,9.583512341417912,0.46560251798561153,2377.0,0.8275348837209302,9.43,2667.0,162.0,192.0,504.0,0.23507462686567165,4582.0,4448.0,0.09376744186046512,4485.0,0.11547442156654639,-0.008249721293199555,0.26506294964028776,0.43625732674405243,1,1
69021,2021.0,729.551,0.006797636140186643,-1.2379617742256297,-4.063130303959803,0.4285356948640251,0.5488927590904837,371.176,0.6873811113069674,-1.24,250.101,150.111,312.553,-68.463,-0.10546934575206392,865.3559999999999,822.811,-0.05719438974856791,847.229,0.0023447405283002153,-0.02882101533351668,-0.11334316143075383,-1.1188514497675333,0,0
69773,2021.0,1075.436,0.023277805925791213,-3.260664650325645,-5.455942854541419,0.7106058137725039,3.720988971215947e-05,886.828,0.190526000778121,-3.26,1376.39,40.413,783.285,-175.727,-0.1302443652211294,3831.5200000000004,886.861,-0.03775175877475374,1009.895,0.00020892296673109844,-0.12182850692398714,0.2126319682565813,-1.616601893031752,1,1
69583,2021.0,1935.704,0.012301054712440427,6.247020305005886,10.962026159115466,0.9055391884876307,0.8186667070525602,383.148,0.04527318926012609,6.19,4309.543,-78.248,1180.573,435.03,0.08260691731105113,9346.635000000006,2112.949,0.009321188312558728,2226.328,0.011874176008780797,-0.05092645827568979,-0.0838851292671996,0.31968739392023987,0,0
69779,2021.0,10981.7,0.06517068512771544,26.250656167979002,9.327766834974755,3.487440912871602,0.8807476607708672,1603.3,0.5461088838250288,24.86,13677.3,-1582.5,2610.1,4000.6,0.37387736792426385,21553.9,13444.6,0.16250116780197327,14377.9,0.21621631545514297,-0.06491212207624196,-0.18318878955119525,-0.5989525121005065,0,0
140550,2021.0,415.721,-0.010652404424938871,-7.600766794465745,-19.32568173344737,-17.02903790594533,0.40335046633704547,359.97,0.4889933360242114,-4.86,-45.744,-1027.228,90.673,-182.388,0.8811610447083378,1140.824,603.319,-0.14782646754168835,1631.068,0.003036228285467634,-0.6301080028545714,-0.3109432986529514,-0.927939802647758,0,0
140326,2021.0,535.404,-0.11291107868683214,-1.8927525131641934,-47.63433115155439,65.82148848132408,0.7368100008262736,108.299,0.45063638812776385,-1.94,-616.825,50.204,312.456,-98.849,-1.3818077611272646,596.8059999999999,411.486,-0.10825388064245524,326.947,-0.08098051925590265,0.25857096104261545,0.30114754815473677,0.04302107247091553,1,1
140319,2021.0,192.29,-0.016027019853001746,-0.1067197131989682,-126.21848013109384,7.7899246542438885,0.6450839612422831,59.962,1.8962142384143126,-0.11,-127.03,5.618,28.311,-2.441,-0.061717782104118726,53.287,168.947,-0.027397106524349867,151.593,-0.2332311967349369,0.11447758141866718,0.13816759101966883,-0.4150104924854992,0,0
70142,2021.0,296.904,0.03938319250294835,4.096976939760102,16.883180212395885,2.0668200953027114,0.7138844654746197,94.328,0.10565171035693444,4.14,-29.164,30.674,46.343,185.126,0.12241888490802351,3048.9570000000003,329.685,0.05932595820719125,318.081,0.052742802577710135,0.036481273637846916,-0.0994312753082488,-0.33615581284998985,0,0
140260,2021.0,25371.0,0.054997823305146236,3.5853242320819114,65.32184673964778,13.71109446026275,0.6027314253752214,8523.0,0.30483524915102517,3.58,11882.0,2297.0,13423.0,4202.0,0.20990059443528647,56703.0,21454.0,0.05970530982253229,17772.0,0.04790290846044455,0.2071798334458699,0.18257667567819522,-0.07884535783129774,1,1
70519,2021.0,5256.328,0.21453190098441496,5.746570076372397,33.96460800199797,6.868731883709409,0.2958413042270871,2827.288,0.9189178859388338,5.71,3088.131,-2.141,731.704,672.682,0.2022320376347448,3569.1949999999997,4015.129,0.15395259314186585,4109.111,0.1540501876078695,-0.02287161383569341,0.3091305410112603,0.3934932605307002,1,1
92284,2021.0,936.095,-0.04942459555512111,-7.6819486877461625,-8.820678548411442,17.933043872168184,-0.3861587427283526,728.188,0.14770947238784252,-7.59,-969.043,-340.642,79.754,-417.391,-2.0330685189063864,3453.616,525.328,-0.11736020998201882,1615.225,0.03565981193933767,-0.6747648160472999,0.7819248164955991,-0.578864117892311,1,1
140213,2021.0,2960.2,0.10978235061337553,1.8015748031496062,55.074038461538464,7.44091410125187,0.6611941397334904,920.4,0.37154658351113296,1.81,665.3,218.9,496.2,343.2,0.13510747185261004,6622.200000000001,2716.6,0.04693911045462005,2656.1,0.048768486757015124,0.02277775686156395,0.08967091216962376,1.3388246933122279,0,0
59634,2021.0,1251.1,0.009927766461112772,3.2190805041773314,13.059629899111128,0.9726076670359243,0.15198903197315228,1102.226,0.09648129765459185,3.18,1789.754,-3.185,425.48,133.315,0.07447436677375692,,1299.778,0.00989584698065509,1404.791,0.01478062144915049,-0.07475346866544555,-0.0374510108649324,0.003225543050542334,0,0
70830,2021.0,602.707,-0.01374359382421031,-0.8882878349477922,-47.01178869848463,1.0282684244845108,0.2650248987800915,334.74,0.4202633358893654,-0.89,517.179,-57.361,104.997,-14.122,-0.021872565434160045,882.509,455.444,-0.013031149448515333,438.722,-0.009556691895295587,0.038115252939218996,0.32333942262934623,0.05467241232323882,1,1
70978,2021.0,1472.535,0.045725656893346234,2.3139630860147182,6.486706763266199,1.1576466488017882,0.43684395267904547,638.548,0.09762574327362233,2.26,-162.812,169.241,293.188,1000.833,0.17846446448873968,11174.853,1133.874,0.08617100799363003,1257.122,0.03733496686221065,-0.0980398083877301,0.2986760433698983,-0.46936147135790285,1,1
71111,2021.0,858.482,0.14993161084689613,4.738593572116647,18.00745278137128,4.089957395545631,0.21725910472996002,688.884,2.1599628917898084,4.72,115.428,-0.056,1.535,54.11,0.22712581536110948,369.599,880.092,0.132799289250154,876.201,0.10085764520679574,0.004440761879979551,-0.024554251146471067,0.12900913621962226,0,0
137304,2021.0,4138.7,-0.006608668962275914,-1.2216378662659655,-36.606592865928654,1.0525423069441742,0.4375516142986354,2860.5,0.4426900177570419,-1.19,-1463.1,287.2,644.0,-162.6,-0.028752807200580006,10300.6,5085.8,-0.014153406914801017,4837.4,0.012927601890031323,0.05134989870591652,-0.18622438947658193,-0.5330686807736125,0,0
71844,2021.0,3213.513,0.09035683985093315,3.2317601353235315,29.5504604305788,4.952780677882117,0.15731657679695193,2523.745,1.2591204418811734,3.21,1036.781,36.614,157.515,173.859,0.16760417962073385,2109.239,2994.891,0.0730942865383144,3107.348,0.07388814794393986,-0.0361906680552033,0.07299831613237338,0.23616829892128577,0,0
71429,2021.0,33566.0,0.21927740058195927,4.5959328028293545,25.605248172373994,21.90160934671713,0.6382126915466384,7862.0,0.6105242456593808,4.58,5491.0,-5132.0,11214.0,5198.0,0.8553562613131479,22132.0,21731.0,0.14603584873855144,19550.0,0.13308250144127196,0.11156010230179028,0.5446136855183838,0.5015313190292917,1,1
71542,2021.0,673.418,0.017957035058693914,0.8680002139380649,30.04607554377965,1.7613756242342875,0.336557141105324,411.178,0.15201385913201862,0.87,-818.993,3.903,22.033,97.374,0.058622485378092566,3912.273,619.764,0.02388360330564728,650.753,0.04973260797316766,-0.04762021842388745,0.08657166276195455,-0.24814380690840018,0,0
71560,2021.0,142.153,-0.08937998178550416,-2.28152084193149,-4.87832492933861,1.0754234271956455,0.6059859630179513,58.385,0.534384455319502,-2.32,108.831,1.368,78.724,-44.225,-0.22044932282553972,191.882,148.18,-0.15948948938119162,160.289,-0.033654086634653864,-0.07554479721003925,-0.04067350519638288,-0.43958700894778446,0,0
71859,2021.0,27305.0,0.09160878267012008,0.09808612440191387,593.9678048780488,4.013736951983298,0.877313783466321,3029.0,0.3609133568202085,0.1,14321.0,-5634.0,8261.0,123.0,0.006757499175914734,59302.0,24689.0,0.0017980616018828484,22449.0,0.08739675791455044,0.09978172747115685,0.10595811900036453,49.948634114755315,0,0
71801,2021.0,74.024,-0.07277984511716785,-1.0028211180839426,-13.531825123435528,1.6071989280673162,0.755969528199219,15.248,0.3065585995761049,-1.19,-39.311,30.136,37.979,-17.418,-0.11877177789445689,161.57100000000003,62.484,-0.0854560797550828,38.848,-0.2466361724149444,0.6084225700164746,0.18468727994366557,-0.14833625266037304,1,1
140412,2021.0,1609.954,-0.004818405979596744,-0.8609177482299435,-80.58841874574668,2.2990708945886174,0.46038727335226654,497.626,0.06411698913080585,-1.24,-29.911,344.979,708.06,-173.394,-0.02852855199755311,13467.442,922.191,-0.012055529942654991,858.578,0.004535558624614021,0.07409111344572078,0.7457923575484904,-0.6003157055296081,1,1
72047,2021.0,4204.193,0.08655090228123935,4.353005543251779,49.12927352723803,6.6509473196011575,0.8319219077188416,619.415,0.45893555989978657,4.4,3741.323,507.443,1237.176,664.347,0.13537646380856352,6762.883,3685.281,0.08273248699698707,3360.694,0.08311533201356407,0.09658332475375622,0.1408066304848939,0.04615375921663443,0,0
72078,2021.0,3133.447,0.04155874327871984,-1.3474660835226429,-17.81863031181559,3.3476061653770333,0.4399185887030816,890.227,0.8025143895789155,-1.35,353.682,259.453,366.119,-126.934,-0.18787112739845244,1548.199,1589.46,-0.0640886600020196,1701.063,0.04050296141690997,-0.06560779935840122,0.9713909126369963,-1.6484570480551506,1,1
127429,2021.0,979.234,0.05290325991610452,10.544243703019912,20.579949222707207,2.313902587531868,0.2979519652390477,423.964,0.1741868845262238,10.49,-135.23,17.91,339.849,79.957,0.1124348054745824,3055.908,603.896,0.023062680868996113,563.246,0.029847090182529425,0.07217095194639639,0.6215275477896858,1.2938902990772436,1,1
65792,2021.0,11200.613,0.07263227285678664,7.3365064458294205,19.212141506414916,1.1606886949112265,0.33087770279444617,6391.588,0.6666920021153355,7.24,6864.046,633.84,1340.366,515.595,0.06041433197458355,11970.488,9552.197,0.0359857593840094,9970.672,0.05559339582331093,-0.04197059135031223,0.17256930526034997,1.0183615435682998,1,1
73241,2021.0,30793.0,0.0468843820844311,4.779330970102906,55.135332047181116,2.914247848553374,0.43534118856219944,15383.0,0.30877602602318965,4.74,12488.0,1054.0,3754.0,2501.0,0.05285626730350614,81380.0,27243.0,0.028346688730462772,28228.0,0.026382025585369232,-0.03489443106135752,0.13030870315310356,0.6539632734615242,0,0
72276,2021.0,45.666,-0.2189991707597117,-0.05162505998150814,-47.070163228292905,7.301793212590118,0.2899222488038278,28.494,0.8439294201770805,-0.05,-304.164,11.084,20.748,-4.411,-0.15512572533849128,21.194,40.128,-0.09276746093503543,29.519,-0.6854368480962669,0.35939564348385794,0.13800837320574155,1.360732616289624,0,0
62851,2021.0,690.993,0.010463340029818602,1.4884519572953736,22.62753583340307,0.8875072500870949,0.7843904021459416,158.185,0.04914153160845707,1.49,640.841,218.273,633.203,83.651,0.039222443690794855,2237.327999999999,733.664,0.005603025718283905,695.834,0.012506587382761005,0.054366414978285114,-0.05816150172285942,0.8674445836781408,0,0
72282,2021.0,11138.3,0.097690070898814,5.697553427069716,18.093731163661904,2.593232409395973,0.24809556597484078,6879.7,1.0759036711272076,5.69,2948.3,686.3,1119.1,427.1,0.14332214765100673,6530.0,9149.7,0.05022224312692552,9041.4,0.016134644380581726,0.011978233459420123,0.21734045925002987,0.9451554692992133,1,1
19140,2021.0,155.188,0.011195737134237296,1.7491836309317028,22.24466277407054,2.1444004824628577,0.24082550226830843,112.455,0.06723204742117839,1.75,99.047,466.574,720.209,25.176,0.0964006739163731,-403.2159999999998,148.128,0.011426833724046685,162.678,0.017233453668230512,-0.0894404898019401,0.04766148196154679,-0.02022402665430128,0,0
72909,2021.0,1294.607,0.3263224755533472,2.633966159326425,14.928058153205418,4.898085011433859,0.4677036386109502,479.747,1.065574700820748,2.67,238.077,97.82,322.148,130.139,0.32811266952240004,480.26699999999994,901.278,0.15386243311177164,900.254,0.12032515641383125,0.0011374567622026682,0.43641251644886475,1.1208716705805237,1,1
88206,2021.0,553.525,0.1255781675743514,2.799110141034251,82.09751971928141,11.996676279045309,0.8102302112309876,81.386,0.33789594934873796,2.8,317.911,498.385,730.008,133.372,0.14612714635065607,525.4190000000001,428.867,0.10508119896504017,405.177,0.12346840666085201,0.058468274359107245,0.2906682024963449,0.19505838162477024,1,1
72990,2021.0,11888.0,0.03230010239225542,-0.05788417799525914,-621.0678158536587,3.3229519052590373,0.7004943004135983,2969.0,0.3220911719790753,-0.08,-2171.0,1388.0,1942.0,-82.0,-0.005350384966723215,28322.0,9913.0,-0.0026643272573675146,10735.0,0.153770652707345,-0.07657196087564043,0.1992333299707455,-13.123173796663965,1,1
73007,2021.0,19433.0,0.062309020858243656,-1.0316455696202531,-42.70846625766872,1.33977675134719,0.36239423378251334,10173.0,1.0402947121340549,-1.06,13468.0,1548.0,2271.0,-163.0,-0.03137028483448807,11590.0,15955.0,-0.010627893329855904,19974.0,0.047475094469254554,-0.20121157504756182,0.21798809150736445,-6.8627819196495885,1,1
73119,2021.0,7867.778,-0.10907614199742252,-1.3754025232391605,-19.5288285037772,2.305847795034363,0.34281613789105814,6067.797,1.429940854244974,-1.24,10169.653,378.759,1352.984,-150.773,-0.11807404599760678,4117.901,9233.028,-0.023350570627217578,11158.58,-0.07879016984114658,-0.17256245866409523,-0.14786590054746937,3.6712409618924973,0,0
73083,2021.0,27803.5,0.17387647350297095,6.521153846153846,11.597640813919199,2.3251114864864864,0.24745649362463795,15303.8,1.0752843387636617,6.49,9757.8,1526.1,3040.1,2373.7,0.2004814189189189,14971.699999999999,20336.1,0.1255109108886809,17610.5,0.10370612433201337,0.15477130121234484,0.3671992171556986,0.38534946700519757,1,1
107336,2021.0,7156.0,0.019508463230372,0.6248926140905254,27.108657740585773,3.184215712981816,0.24033902955837735,4983.3,0.840517130922789,0.6,-293.0,26.1,179.0,167.3,0.11746120901495473,6800.6,6559.9,0.02143607616021321,6160.1,0.02836801602216766,0.06490154380610692,0.0908702876568241,-0.08992377688128335,0,0
140448,2021.0,1142.036,0.034416704098391634,0.8030564569955579,18.230349650349652,1.1774237332058186,0.38608255484655357,624.114,0.30207052865440154,0.84,345.694,-112.053,173.034,104.676,0.06458591062641719,3131.007,1016.609,0.031102945830135415,907.675,0.020374787624757845,0.12001432230699324,0.1233778178237651,0.10654162105267673,0,0
73658,2021.0,3303.684,0.048688347857335376,2.201915883587264,16.41297938281017,1.8393825983025678,0.31085668792053744,1857.592,1.1522400960260994,2.23,509.372,155.696,666.397,120.676,0.11206878138340995,1467.7330000000002,2695.509,0.051584960698719824,2383.01,0.04581979437240126,0.13113625205097745,0.22562529006580953,-0.05615227388273134,1,1
73791,2021.0,1077.573,0.043237013146681456,0.6891336035190463,52.703858605258375,2.1856894079871396,0.4990323842119864,449.652,0.09450611422077654,0.7,-2334.13,134.178,167.558,159.327,0.04147114586727942,9329.891,897.567,0.016775767893041593,940.633,0.03482224193977128,-0.04578406243455208,0.20054881696853838,1.5773492708262673,1,1
74202,2021.0,103.37,0.12398647420281424,-0.11045100828382562,-34.685061363636365,-5.483804168163852,0.14987726208825708,74.458,1.7625928236501578,-0.11,-80.367,0.601,6.034,-1.32,0.15810276679841898,31.566000000000003,87.585,-0.026564166549274515,87.519,-0.10036084799278304,0.0007541219620880984,0.18022492435919407,-5.667433249706092,1,1
74249,2021.0,2927.54,0.02586482019209292,-5.553935860058309,-6.672745406824148,5.856186814366819,0.0771979982099862,1830.124,0.721946128470718,-6.32,1106.302,95.669,154.085,-253.365,-0.8776277914601325,2534.5370000000003,1983.225,-0.09223153239797979,2482.692,0.044812121975939534,-0.20117960665277856,0.47615121834385915,-1.28043359488473,1,1
74279,2021.0,2079.928,0.09004843094402265,5.308367705313024,47.97331574169525,3.876474330522266,0.38549694091769005,888.384,0.5261678130640164,5.33,942.891,156.386,687.579,129.986,0.08080480305748575,1914.03,1445.695,0.04730904468019827,1503.873,0.054331071003610294,-0.03868544750786809,0.43870456769927263,0.9034083556904592,1,1
74217,2021.0,4009.5,0.11702066917894255,3.7863894139886582,22.060594108836742,2.784157898053053,0.27689464891408905,2856.7,1.2051860890787065,3.8,925.3,179.2,274.4,200.3,0.1262050280385609,2963.7999999999997,3950.6,0.06110433190970104,3923.9,0.05939348609505677,0.006804454751650098,0.014909127727433831,0.9150961236573821,0,0
140633,2021.0,2180.848,-0.0456920596495089,-1.0133386980309884,-22.825537053843643,8.584646242830058,0.7243238396868742,464.288,0.597345217489998,-1.05,-1557.602,-30.231,1253.535,-282.076,-0.37609832454673703,1498.3749999999998,1684.179,-0.10004681780779162,1643.44,-0.0850125454487007,0.024788857518376107,0.29490273896064484,-0.5432932236056547,1,1
74417,2021.0,1858.3,0.0487226601861182,3.3173956673159792,18.725532384341633,1.4408199890470974,0.31032104339102073,1099.9,0.49691531127313515,3.29,1703.0,126.1,371.8,112.4,0.07694414019715225,2689.2999999999997,1594.8,0.03502212251511186,1791.0,0.04263316841225984,-0.10954773869346736,0.16522447955856534,0.3911966690509586,1,1
74442,2021.0,6499.405,0.07412014020856206,1.6111575924720853,19.94838999621749,3.230396733442966,0.21684906765249234,4630.04,2.148661589940945,1.63,793.149,65.3,143.244,155.981,0.1619377169814455,1999.003,5912.066,0.05668921548923482,5490.011,-0.21671092124403854,0.07687689514647592,0.09934581244526025,0.3074822004308269,0,0
141719,2021.0,3475.7,0.11266008222673787,2.7394475936674265,57.90583487221765,8.835192163522013,0.3332593825106304,1803.2,1.5949165536356666,2.83,252.8,36.2,55.2,121.3,0.15257861635220124,1467.7,2704.5,0.07153387981364628,2357.5,0.05383496154645604,0.1471898197242842,0.2851543723423922,0.5749192203782308,1,1
140635,2021.0,6.761,-0.36170788699539425,-1.1309273094061052,-5.720968930706655,7.751798937583001,0.3893859919777846,3.958,0.09157436708860758,-1.2,-504.636,-13.874,54.131,-51.015,-1.354980079681275,11.399000000000001,6.482,-0.7207137206148282,4.227,-1.641494653956886,0.533475277974923,0.043042270904041946,-0.498125432263413,0,0
74480,2021.0,24.022,-0.44115268492559845,-0.6675858065452434,-11.968498913043481,38.16644367417678,0.7225165107319758,8.067,0.9250938713167441,-0.68,-76.742,1.239,11.878,-9.2,-3.1889081455805894,16.842999999999996,29.072,-0.2927512251002355,25.362,-0.20314667675621137,0.14628183897168998,-0.1737066593285636,0.5069200300512887,0,0
74439,2021.0,277.133,0.04403393984232308,-0.18563432835820898,-535.7306532663316,2.2538402452344877,0.8464802407479924,28.619,0.13684287795872377,-0.18,391.151,-24.311,411.529,-2.985,-0.004207039921073958,946.972,186.419,-0.0021911714509078493,120.282,0.42096172692092865,0.5498495202939759,0.48661348896839896,-21.096072274070053,1,1
114061,2021.0,1317.7,0.01941651882515277,8.69724770642202,13.543364978902952,2.6532146944744706,0.31993883272449236,800.5,0.4579264734487453,1.95,810.8,6.1,126.1,308.1,0.19590513130285497,2304.3,1177.1,0.11985994942618168,1299.1,0.018699121463689853,-0.0939111692710338,0.11944609633845905,-0.8380066159037481,0,0
74858,2021.0,2622.894,0.006921887505428472,-6.66376740862108,-0.9183994015280913,0.3482962860090469,-0.2184687843405982,1372.705,0.2263835266680077,-6.72,187.099,0.0,0.01,-764.614,-0.37924271883183874,4913.414999999999,1126.582,-0.15364706151858634,1589.243,-0.02971934283414852,-0.2911203635944911,1.3281873844957575,-1.0450505687321012,1,1
74911,2021.0,1121.851,0.009924903010056217,0.613578700581302,24.62601779638838,1.04722872177037,0.2926629193582968,758.81,0.6099647418238388,0.6,570.855,-4.873,211.449,19.105,0.04252529704270559,1453.772,1072.77,0.010862884301895505,939.351,0.02704535041387282,0.1420331697097251,0.04575165226469805,-0.08634735175036488,0,0
140490,2021.0,0.0,-0.24429502051302215,-1.353974680484636,-24.121573668061366,3.538841620219183,,0.0,0.0,-1.69,-302.456,299.568,633.32,-89.625,-0.14670857170918555,11.138999999999896,0.0,-0.13847858197932053,0.0,-0.26093928223100193,,,0.7641357747980373,0,0
140639,2021.0,37.312,-0.3413855178529865,-0.681526154356296,-9.610783031777407,6.346015300283115,-0.45865965205954456,146.394,0.2798225632418175,-0.71,-450.162,3.434,316.119,-32.885,-0.6603015882577354,39.548,100.362,-0.0916877403021778,57.489,-0.2995704432111861,0.7457600584459636,-0.6282258225224686,2.7233496727901993,0,0
140563,2021.0,470.347,0.11476752036082104,-2.968566549258192,-15.28010211235955,4.500060515733826,-0.7150879553850433,265.096,0.21826441332798618,-2.98,-289.432,268.912,475.74,-111.25,-0.29450461015531315,221.80200000000002,154.567,-0.1570963788049096,35.233,-0.1902620564441624,3.3869951465955217,2.0429975350495253,-1.7305548430453974,1,1
140562,2021.0,5.398,-1.0518862044032216,-0.846621513519279,-3.118276535433071,8.06199096128008,0.9704433497536945,0.198,0.15310250257113472,-0.87,-177.79,15.377,18.957,-63.5,-2.585399617279427,22.224000000000004,6.699,-1.451262712832819,6.75,-0.4451244842006148,-0.007555555555555578,-0.19420809075981493,-0.27519242718641007,0,0
140631,2021.0,27784.0,0.0593944435778783,-0.250192306198087,-34.533436024844725,0.6928635055143624,0.39811726336075903,16240.0,0.4995279089141905,-0.25,-12314.0,545.0,4621.0,-322.0,-0.020063555361704778,44011.0,26982.0,-0.005961307044339535,29135.0,0.020249792483060827,-0.07389737429208855,0.029723519383292565,-10.963325682792226,0,0
140762,2021.0,37.415,-0.3672693508034356,0.9832209377007064,7.272017636972321,1.7313452566096428,0.18232551072881115,139.927,0.6541990335800354,0.99,-276.041,19.442,181.138,36.741,0.23808320373250388,79.81199999999998,171.128,0.1404558382775705,104.391,-0.12289153230352916,0.6392984069507905,-0.7813624888971998,-3.6148386233517296,0,0
140782,2021.0,17661.203,0.011940745225899276,0.4671460043622653,465.8928856666901,37.02463125133084,0.28899209882772214,6752.853,0.9623111489378948,0.48,-273.895,2103.157,3883.449,213.105,0.07947026535584205,2929.961,9497.578,0.0215921698557685,4713.5,0.08249279649714432,1.0149735865068419,0.8595480868912055,-0.44698725020870367,1,1
140701,2021.0,199.414,0.04497209639617863,1.0192026359143327,29.209108131174677,2.684444226563985,0.713506784950384,49.023,0.10257532315177208,1.08,0.977,5.981,11.064,77.332,0.0919043544400076,1656.739,171.114,0.04635713553521534,161.177,0.05021610295490537,0.061652717199104166,0.16538681814462863,-0.02987758244865154,1,1
141580,2021.0,535.214,-0.040302764503667564,-0.2656397816858702,-52.1006300794448,1.7088057312202656,0.6174082141189304,214.647,0.5366892394110742,-0.27,-230.491,38.462,220.3,-21.902,-0.032798177845730865,808.2920000000001,561.034,-0.02095161384440399,552.765,-0.0302147550978931,0.014959340768681096,-0.04602216621452521,0.9236114603377971,0,0
142355,2021.0,1394.364,-0.4541215440114933,-4.322294242605806,-5.133847617607401,-16.29681140604487,0.8508949423483692,194.982,0.7394103747313473,-4.48,-2520.162,-77.529,719.778,-872.883,3.1743854940595035,994.74,1307.682,-0.4935594021532931,1236.143,-0.3477964124023959,0.057872754204003896,0.06628675778973789,-0.07990498807183274,0,0
142303,2021.0,331.26,-0.15829425451225226,-3.3728806498646113,-12.701309191512488,6.102060772923355,0.31090542663827003,204.812,0.5777525075810589,-3.71,-179.9,-18.049,28.532,-80.966,-0.4804277008704733,466.89000000000004,297.219,-0.15738667288702277,284.707,-0.06587447780320924,0.043946934919057136,0.11453170894189132,0.00576657228074825,0,0
141762,2021.0,29.575,0.008763955900519777,-0.3511309076184416,-7.803357495881384,16.215809654228003,-2.2491765898150495,25.649,0.40854983956112206,-0.39,-255.867,-5.308,17.387,-18.21,-2.078055460458747,-0.062000000000001165,7.894,-0.9424490218403893,2.173,-1.1491634299372573,2.6327657616198805,2.7465163415252087,-1.0092991299236598,1,1
140950,2021.0,970.1,0.014655053228259367,1.3710626419638217,17.249394211576842,2.6521241368727937,0.44818423383525247,498.4,0.6371331828442439,1.38,599.8,157.7,482.7,100.2,0.15375172625441152,847.0999999999999,903.2,0.07068284424379233,1013.5,0.035557944858305816,-0.10883078441045876,0.0740699734278122,-0.7926646361638674,0,0
141925,2021.0,208.057,-0.048352233184590816,-0.03180628943723388,-1412.9280967741934,7.022167695390781,0.72573611927537,51.323,1.0749223089604623,-0.03,20.056,25.085,47.855,-0.62,-0.004969939879759519,122.035,187.13,-0.0035614376719686138,189.492,0.07229558753756128,-0.0124649061701813,0.11183134719179176,12.576605190977194,0,0
140989,2021.0,25.544,-0.284142923143459,-1.853747422598021,-37.820686435124514,11.144430772436012,-1.387393642816206,216.613,0.15845561140198602,-1.98,-665.243,-96.243,402.11,-115.976,-0.29466495251355485,164.08399999999995,90.732,-0.2025420798390505,20.531,-0.26282165911748234,3.419268423359797,-0.7184675748357802,0.402883407582525,0,0
141791,2021.0,11.49,-0.40459799514568395,-6.852685733252199,-18.039642384319805,10.706817366223401,-23.85951879365783,224.208,0.010516582361432747,-7.35,-958.245,153.826,818.15,-247.752,-0.5935160541502668,34.658000000000015,9.019,-0.28889059909188225,26.517,-0.42520735031212453,-0.6598785684655126,0.2739771593303027,0.40052323065383216,1,1
141382,2021.0,0.0,-0.39505732949614,-0.21129242589786063,-16.84868723936614,1.4000094250706883,,0.0,0.0,-0.2,-223.136,11.301,44.259,-5.995,-0.08309308643344238,37.803,0.0,-0.0700931847677396,0.0,-0.5579704947038711,,,4.636173200079292,0,0
141863,2021.0,2928.014,0.2659867272914018,3.212647921193073,7.075160601961891,2.8476020982532173,0.30220666911745137,1231.899,1.1327511589483645,3.15,-106.708,161.056,284.471,152.302,0.4024787928437409,1131.453,1765.421,0.0977218844741021,1916.538,0.09676512444371761,-0.0788489453378957,0.6585358393267102,1.7218747235875569,1,1
141510,2021.0,883.48,0.019700978975767287,0.5791039099345808,54.04902205467037,1.5584578202638628,0.48564669446206427,455.716,0.08358230413348446,0.59,-474.094,424.284,626.385,76.129,0.028834153903607898,9849.812,885.998,0.007181773809171169,884.297,0.0075783323840127245,0.0019235618802280476,-0.0028419928713157693,1.7431912364893776,0,0
137244,2021.0,12.142,-0.26832645053084603,-1.9201546726489167,-6.400526048792486,4.3811292681643605,,0.0,0.0,-2.31,-306.508,-10.509,128.84,-65.051,-0.6844951859841112,10.114000000000004,0.0,-0.4530203211833364,0.0,-0.6681821208114972,,inf,-0.40769444993118786,1,1
141597,2021.0,1391.5,0.047833130822195216,4.477906689706246,16.91192006615215,4.7777952032393705,0.4331880601924184,689.3,0.5209252516598843,4.39,682.7,193.8,258.4,181.4,0.282510512381249,1971.9,1216.1,0.077704005140287,1292.9,0.08577298407806883,-0.05940134581174118,0.1442315599046132,-0.3844187215853653,0,0
141673,2021.0,33.053,-0.20695206664689014,-2.026617749192258,-26.842753164321206,6.836124096897577,-2.246301341518088,188.266,0.08574909584487862,-2.4,-435.108,107.38,600.071,-134.231,-0.25467298585392506,65.79099999999994,57.994,-0.19847202959537025,43.103,-0.297753380399665,0.3454747929378465,-0.43006173052384733,0.042726610237262916,0,0
141750,2021.0,19.569,0.22008165007871494,-0.045543425126283205,-30.520322003577814,1.9201868317388857,0.8738120380147835,1.195,0.7888379841732611,-0.05,-16.887,3.502,5.111,-0.559,-0.06291502532357908,6.604000000000002,9.47,-0.046563931695127035,8.816,-0.3712667924947263,0.07418330308529944,1.0664202745512141,-5.726440445787071,1,1
142273,2021.0,13680.0,0.10280200408239006,-5.825718363260698,-2.9747404387568555,1.3414534377576257,0.07079715864246251,11773.0,1.2347724393333983,-5.83,-2761.0,771.0,1692.0,-547.0,-0.45094806265457543,6390.0,12670.0,-0.053308644381639216,16526.0,-0.04747631019145233,-0.23332929928597362,0.07971586424625099,-2.9284302813334633,0,0
142015,2021.0,12.292,-0.5027649688168053,-4.024030832010882,-9.107783098591549,9.742265276606,1.0,0.0,0.08047136160755972,-9.12,-185.606,22.588,42.534,-17.75,-1.0696637338797155,5.43,4.309,-0.33148449026089233,32.424,-0.7573397243858598,-0.8671046138662719,1.852634021814806,0.5167073681821674,1,1
141920,2021.0,85.077,-0.16066123352701664,-0.6373217606943584,-4.754270428015563,-18.18588970343219,-3.3793456648791946,72.684,0.10032338985099888,-0.68,-409.192,48.513,138.685,-68.876,3.825169387981784,26.306999999999988,16.597,-0.41633269864297157,6.677,-0.5558959113780394,1.48569716938745,4.126046875941435,-0.6141037347037867,1,1
141926,2021.0,2841.839,-0.07307711185467848,-2.9928984199746416,-113.10106542235003,6.569555045657197,0.5788017318887305,742.057,0.18569575142190725,-3.35,-1160.745,680.15,3039.791,-490.979,-0.05808570433111923,6387.600000000001,1761.776,-0.05175045768439154,1134.468,-0.05961791012783962,0.5529534548352179,0.613053532344634,0.4121056146082988,1,1
142018,2021.0,190.283,-0.16245321467846877,-2.2236830835117773,-18.829121969069583,8.959617481831762,0.5013136773608402,69.279,0.6691343634401973,-2.28,-314.663,-43.262,106.089,-51.923,-0.4758383049698036,91.38300000000001,138.923,-0.25009151510480887,152.836,-0.10689340885205956,-0.09103221754037014,0.3697012013849397,-0.35042492501040057,1,1
142756,2021.0,2335.0,0.02197802197802198,-2.3590164896426264,-13.28943656716418,7.142183823529412,0.21498371335504887,723.0,0.293873643905552,-2.36,181.0,374.0,526.0,-201.0,-0.5374331550802139,2588.0,921.0,-0.06413529036375239,1838.0,0.07015264696329977,-0.49891186071817195,1.5352877307274702,-1.3426821934284623,1,1
142757,2021.0,1356.0,-0.047110746176742276,-6.103867478254972,-2.8096940277777778,0.8268872675250357,-0.6189903846153846,1347.0,0.07858694625484085,-6.11,372.0,595.0,981.0,-1440.0,-0.29429797670141017,9459.0,832.0,-0.13601586851799377,2794.0,0.027103631532329496,-0.7022190408017179,0.6298076923076923,-0.6536378682130761,1,1
142019,2021.0,1732.583,-0.15832871059967193,-0.5203752324690953,-101.42681032217375,9.599561867336535,0.0674788954439066,1557.438,1.7465357116340063,-0.54,-142.706,58.447,130.196,-19.027,-0.09464521103290473,530.0689999999998,1670.137,-0.019897370685913934,1436.5,-0.01900137538603348,0.16264323007309428,0.037389747068653736,6.957267977711172,0,0
142631,2021.0,2147.93,0.08917628360444223,1.2974835797497095,31.245096764785533,3.0486506516089755,0.5356311900303257,748.641,0.8637136328691092,1.29,103.594,117.268,156.612,96.006,0.097572130262849,1597.076,1612.169,0.051434862621246094,1681.357,0.06663001383011685,-0.04115009483411309,0.3323231001216372,0.7337712022507933,1,1
142585,2021.0,12152.0,0.02855241264559068,-0.9140866123950144,-25.216428823529412,1.294712443370583,0.1418264053413741,7969.0,0.6248990578734859,-0.91,-6354.0,727.0,1610.0,-170.0,-0.05134400483237692,11847.0,9286.0,-0.011440107671601614,10433.0,-0.07689153167931105,-0.10993961468417521,0.3086366573336205,-3.4958167759616328,1,1
142061,2021.0,0.4,-0.4357737104825291,-0.6649385474860335,-24.197724828605995,9.640212879903602,-239.98387096774195,14.941,0.0015738037822058636,-0.79,-150.14,23.071,37.942,-14.878,-0.3983933592181015,1.0110000000000028,0.062,-0.37766213986546515,0.533,-0.8727034120734909,-0.8836772983114447,5.451612903225807,0.15387184597790257,1,1
75898,2021.0,525.6,-0.1519960543112452,-1.7550123592419664,-33.72625821596244,3.1037029907349623,0.39572961610797647,546.2,0.2797585886722377,-1.78,-1023.2,-51.7,1251.7,-191.7,-0.09202630694637799,1872.3999999999999,903.9,-0.059331476323119775,1080.0,-0.1331605665802833,-0.16305555555555556,-0.4185197477597079,1.5618114318186396,0,0
142231,2021.0,993.3,0.1651760443790332,-0.7777777777777778,-21.818571428571428,2.2804721549636797,0.4475125768585802,494.2,1.0333872458410351,-0.76,24.7,56.4,73.6,-25.9,-0.10451977401129943,737.8,894.5,-0.02992144177449168,874.7,0.04239485849588454,0.022636332456842292,0.1104527669088876,-6.52032370712321,0,0
140680,2021.0,1035.365,-0.061708779523033455,-7.090759618546531,-9.33750452163428,2.8793620472833648,0.688269943194529,291.231,0.3874346787340375,-7.07,-724.593,191.695,252.832,-345.008,-0.3083652640394555,2084.851,934.241,-0.14307664043932217,1084.17,-0.06434040675894363,-0.13828919818847604,0.1082418776311466,-0.5687012266044663,0,0
75930,2021.0,298.836,-0.018704952512571683,-0.42876603181946693,-55.06499640330895,2.79451761871298,0.6967345504231381,76.795,0.3207825144032713,-0.44,26.765,27.664,61.958,-16.682,-0.05074943795955742,717.823,253.227,-0.021132398619718166,276.222,0.0028399052924607117,-0.08324825683689198,0.18011112559087306,-0.11486846102181165,1,1
75933,2021.0,601.602,0.010387030026570106,2.8003484826484684,18.73338276469978,2.3063572730377495,0.32580367020238166,414.415,1.204569950420349,2.78,306.468,-17.149,57.153,38.572,0.12311483206245752,369.908,614.68,0.07558839091496992,753.477,0.00643435627190207,-0.18420867524821596,-0.021276111147263577,-0.8625843214700181,0,0
142225,2021.0,613.253,0.0151047581278022,1.3473031066686434,25.777421448892657,1.2700374044849756,0.7454124013177638,156.953,0.055008552438448766,1.69,345.22,1085.217,1317.898,63.621,0.04926937347100456,431.39499999999975,616.499,0.005676731210734404,417.934,0.013684094864243962,0.4751109026784133,-0.005265215353147338,1.6608196807416011,0,0
142223,2021.0,368.433,-0.06409400851242211,-2.6346582414172475,-56.58039348580238,20.944422147797304,0.7386488948554443,70.863,0.28216108326811973,-2.7,-225.691,-64.032,471.838,-93.396,-0.3701710231664057,479.40799999999996,271.141,-0.09719192793752811,200.882,-0.06240326001796258,0.34975259107336654,0.35882437550942115,-0.3405418549406725,1,1
142249,2021.0,1196.467,0.03850961887883175,5.118652302492606,156.48650321686057,37.42735738714597,0.8184138664382865,151.812,0.3036095793030692,5.24,474.367,306.477,624.038,242.317,0.23917306999491683,781.127,836.033,0.08799863453713169,661.058,0.06265643429022288,0.26468933134460215,0.4311241302675852,-0.562383904234533,1,1
142253,2021.0,392.155,0.04401251839751573,0.12079626291407417,222.10952021822848,5.1333471662846835,0.7141177580082362,90.942,0.6526765874766359,0.13,-505.299,11.601,57.768,6.232,0.023111783597754093,413.92599999999993,318.11,0.01278639619362609,282.851,0.039469967159857344,0.12465573747308659,0.23276539561786788,2.4421362932157225,1,1
4229,2021.0,83064.0,0.06612110555029532,26.12892962184059,15.701753035343033,3.8510928372668993,0.19654848065215688,61501.0,2.188967371100117,25.47,20908.0,619.0,17227.0,3367.0,0.24526515151515152,5395.0,76546.0,0.09628528124910635,64888.0,0.09310724358533398,0.17966342004684996,0.08515141222271576,-0.31327919810267973,0,0
76081,2021.0,409.944,0.15105109489051094,0.24903196758217017,63.7267582715603,-5.303371851584364,0.6569967763949998,123.641,1.1813212382594107,0.25,-1170.024,11.062,81.321,11.062,-0.08322048689476692,201.994,360.466,0.036252449711278174,411.788,0.024979214112713734,-0.1246320922416389,0.13726121187573864,3.166645181043277,0,0
76085,2021.0,9613.0,0.1328950760505285,6.976388782761519,43.9152704271632,15.704912612612612,0.8475617727807556,1166.0,0.6997529960662336,6.99,10853.0,4345.0,7050.0,1826.0,0.3576184880532707,3576.0,7649.0,0.1670478455767999,6784.0,0.24781155498965463,0.1275058962264151,0.2567655902732383,-0.20444902721340244,1,1
142258,2021.0,141.14,0.015536637508673668,1.1231070080494794,13.133209831551667,0.9442531864471915,0.8000888230940044,27.008,0.04522923623186562,1.22,74.607,176.17,277.439,24.696,0.07189812685233168,141.56599999999963,135.1,0.008267810643835333,115.821,0.011006277731063356,0.16645513335232814,0.04470762398223532,0.8791719087396054,0,0
76190,2021.0,1334.223,0.06655238019410455,4.829027031636395,28.566831184884332,2.585723247922537,0.2802264956603802,837.432,1.0488015728426823,4.81,510.5,7.884,50.195,56.63,0.09051487829321195,983.8169999999999,1163.466,0.05104887729429232,1119.138,0.05186998613908901,0.03960905625579685,0.1467657843031082,0.3036991942141232,0,0
76192,2021.0,6820.9,0.07935430105867465,1.277378267021047,121.5145145392101,7.955101343426204,0.654126213592233,1881.0,0.33002403087603466,1.35,3367.3,-121.0,282.0,349.4,0.06546626445073166,15904.4,5438.4,0.021203000218462508,5274.2,0.032743987467075256,0.03113268362974476,0.2542107972933216,2.7425977569710587,1,1
76234,2021.0,1809.927,0.03861678741549601,-3.007842318453251,-0.7347459627260207,1.6025675421968397,0.2462344728413029,998.024,1.0385707495148555,-3.11,159.829,26.819,109.35,-360.144,-2.181117860452159,1049.022,1324.051,-0.2824929130473661,2037.875,-0.008267543248378285,-0.35027859903085323,0.3669616955842335,-1.1367000219542536,1,1
142310,2021.0,992.584,0.3967748998998999,7.605578820356306,6.850234706733238,2.5783409175130454,0.7940656182418332,86.845,0.6020492218695973,9.44,151.319,75.461,299.367,214.31,0.37638723750278813,374.60599999999994,421.712,0.3059556492081643,32.528,-0.0046306728559196,11.96458435809149,1.3537011040710247,0.2968379597722169,1,1
76258,2021.0,42619.0,0.04268347546162536,7.838343320768614,19.63680253608831,1.1671543776181423,0.13139725438572925,32332.0,0.19511568662396345,7.82,42206.0,190.0,12172.0,3533.0,0.05943708887804714,156515.0,37223.0,0.018519295082139075,34643.0,0.025171948028461143,0.07447391969517651,0.1449641350777745,1.3048110239785216,0,0
142426,2021.0,725.289,-0.11870270974474026,-2.4756989306429884,-125.16465397491632,21.672380442420966,0.6891162629259493,168.388,0.17443292063384716,-2.63,232.569,59.309,606.32,-180.117,-0.17315096358405008,2494.0139999999997,541.643,-0.05800561322828255,389.719,-0.05698107928557851,0.38982959516985327,0.3390535832642533,1.0464003936581578,1,1
142433,2021.0,55.146,0.11028440832910105,-0.4472467423287096,-10.285150375939848,5.0279807029634735,0.47752849087578214,21.96,1.292108580036275,-0.45,-157.174,0.112,14.599,-8.512,-0.48885825867218013,15.706000000000003,42.031,-0.2616741984075748,37.503,-0.41470654755173586,0.12073700770605014,0.3120315957269635,-1.4214569453168853,1,1
72297,2021.0,1870.036,0.018582338668492217,-1.8668648249601743,-4.644149851709246,1.0163738185793345,0.504226317652229,799.853,1.0911988799496788,-1.88,144.798,116.497,316.086,-96.095,-0.21885034958664512,984.2070000000001,1613.343,-0.06499470749168923,2217.712,-0.03263161699274396,-0.2725191548767378,0.15910627808221808,-1.2859054126963847,1,1
76444,2021.0,6756.643,0.06394484632798149,2.1494638379051985,12.58453365112767,1.0787199769804088,0.09193835959869952,6320.445,1.8449522034343975,2.02,-3688.478,25.785,480.526,139.713,0.08571791429742391,2082.081,6960.37,0.03703306105831011,8233.859,0.036234676468878735,-0.15466490256877127,-0.02926956469268155,0.7266962141557145,0,0
32214,2021.0,340.711,0.013657331283988798,2.180307464594476,16.18120406085105,1.1336641322042473,0.8378611443708939,52.27,0.042198674813591255,2.17,394.279,393.044,669.551,64.814,0.07006055469920462,464.0440000000002,322.378,0.008484030887244486,325.297,0.014228005676243643,-0.008973338210927367,0.05686802449298658,0.6097691610861802,0,0
76538,2021.0,3227.221,0.05894120874185414,3.2934804351505638,41.56393295645673,4.807823765705482,0.37067018509288785,1843.521,0.7341606740562093,3.32,1362.116,57.997,305.213,214.04,0.11567297470964213,3441.0979999999995,2929.34,0.05364339771927842,2859.732,0.06799379807356239,0.024340742419219765,0.1016887763113875,0.09875979613185078,0,0
76536,2021.0,13327.563,0.18472046446762427,24.637627771606933,18.369057451284082,229.49233633732123,0.5515387014322815,5204.166,1.0006770063264867,23.74,-1141.294,425.234,465.64,1752.302,12.493419270202054,6946.339999999999,11604.493,0.15110425931920637,10149.985,0.12979576678896274,0.14330149256378208,0.14848300567719758,0.22247026854090177,0,0
73128,2021.0,1532.133,-0.16307400051862533,-24.420751561716774,-3.0584644297797894,2.023970008454834,-0.25185699959933106,2765.108,0.0680361089557254,-27.05,4823.434,3440.736,3684.474,-5797.462,-0.661760192058392,28427.291000000005,2208.805,-0.1785747299099186,10950.661,0.06196798816264386,-0.7982948243946187,-0.30635207725444297,-0.0868024798307832,0,0
261,2021.0,4972.0,0.02524708875623838,0.6029022466771077,47.337690574712646,3.5079889948892675,0.2637383532991063,3872.0,0.4595822773748143,0.48,-1579.0,-92.0,1611.0,261.0,0.07410562180579217,9233.0,5259.0,0.022808704011185878,14192.0,0.026737967914438502,-0.6294391206313416,-0.054573112759079674,0.10690588750052017,0,0
76580,2021.0,29285.0,0.04179176173892158,0.3586243597419011,95.22498701587773,2.8341696183691587,0.10190737051902408,24487.787,1.8938424784002907,0.36,2006.754,230.214,1410.113,53.912,0.029762877446195837,7300.265,27266.438,0.003744560829526632,25282.32,0.02213573519859527,0.07847847824092087,0.0740310120449177,10.160657722364917,0,0
78827,2021.0,147.794,0.011895204799516595,-1.6736687835857351,-27.042387624051372,2.3808022760646113,0.731827345408832,34.985,0.35682498871733154,-1.69,216.902,-61.646,98.318,-23.982,-0.08803964757709251,258.30300000000005,130.457,-0.06559538299530913,114.61,0.08222611956094464,0.1382689119623069,0.13289436366005672,-1.1813421045253634,0,0
76678,2021.0,16169.0,0.0066937889883374015,6.106802831202084,18.978834457831326,0.548788761148272,0.05166368761171456,13794.5,0.17182479682479682,6.35,13507.0,1959.0,4997.0,415.0,0.028915830546265328,72648.0,14546.0,0.004902192402192402,14181.0,0.011338311764475896,0.025738664410126226,0.11157706586003024,0.3654684351727495,0,0
136776,2021.0,20820.8,0.07489734381865842,5.5567300916138125,23.71718579581484,14.417547606198443,0.1968376878299716,14832.4,1.976253919333954,5.53,-1909.2,1256.2,1410.2,788.5,0.6078945339603732,5321.500000000001,18467.5,0.08437938082549466,18032.4,0.09210690801810135,0.024128790399503035,0.127429267632327,-0.11237386330727027,0,0
76891,2021.0,534.013,0.015651624273671325,0.5175751145268017,57.18976660433549,2.1191059631200546,0.22567612186702687,386.949,0.1310836616600127,0.52,-1688.36,14.646,15.303,72.195,0.037053936201226045,3715.7830000000004,499.725,0.018937585579157767,469.568,0.01099511624350598,0.06422286016082876,0.06861373755565563,-0.173515324419333,0,0
76994,2021.0,306.892,0.005525434880445714,-0.10153243381091483,-139.75829660920195,0.8493242416295129,-0.2745359500961151,335.491,0.06286921866916718,-0.1,-241.937,3.914,33.924,-8.759,-0.0060770935410326965,4099.927,263.226,-0.0020920102357792746,319.184,0.012309955132307942,-0.17531580530352406,0.16588786821970472,-3.6412083392065657,1,1
76791,2021.0,433.834,0.004226414954407746,-0.3877097360265042,-25.68932135178345,2.7298901549547443,0.1799245999153151,321.504,0.17905295700312074,-0.4,-446.689,68.16,84.832,-36.278,-0.10626556138141129,2016.446,392.042,-0.016568845108838378,483.426,0.038445027614517874,-0.18903410242725882,0.10660082338116843,-1.2550820486669425,0,0
76854,2021.0,50588.0,0.016080048270313757,18.330467827990784,5.997119169655667,1.1838402835699366,0.19992855707619833,35836.0,0.355520807702382,17.53,56071.0,39.0,11313.0,5576.0,0.19740149396396078,112468.0,44791.0,0.0442585346107138,44675.0,0.04040850354314297,0.0025965304980414103,0.1294233216494385,-0.6366791532582462,0,0
142614,2021.0,322.825,-0.2189378508619405,-1.510389744650057,-157.05217864476387,20.15033719541468,0.7609912281363372,63.377,0.5181664872132083,-1.58,-304.673,68.166,335.217,-43.83,-0.12830345538212942,172.15699999999998,265.166,-0.08564912973214861,214.552,-0.17820333625070212,0.23590551474700774,0.21744492129458526,1.5562180438566868,1,1
68938,2021.0,3604.3,-0.020931577542485983,-0.08544303797468354,-174.97037037037038,1.1840100250626566,0.48791074430689285,1675.3,0.3938624160265825,-0.09,-166.2,210.5,528.7,-18.9,-0.006766917293233082,7273.500000000001,3271.5,-0.0022754087308275743,3890.0,-0.02369453667370963,-0.1589974293059126,0.10172703652758679,8.199040708116248,0,0
72766,2021.0,464.479,-0.08052276117602382,0.129581960461285,331.68197059992053,2.339388450502152,0.8110300519969894,76.828,0.7731358667024176,0.13,62.631,26.418,96.821,2.517,0.007053107065997131,405.922,406.562,0.0047864359593124415,459.955,-0.0574270610548404,-0.11608309508538874,0.14245551723968294,-17.823114705913813,0,0
77053,2021.0,2068.421,0.1355035090730086,1.780058380703641,47.66697593730581,-9.786174861257788,0.18811416507742523,1472.139,2.077562244348454,1.29,204.99,102.293,130.204,57.932,-0.20530303567251879,705.1959999999999,1813.234,0.06637716695120136,1619.61,0.006659176347744214,0.1195497681540618,0.14073583442622403,1.0414174828013827,0,0
77332,2021.0,1046.15,0.09989276661075135,1.8131283982868078,35.97097704808176,3.6619377450620894,0.33771511929716197,604.731,0.8927094097898104,1.83,457.8,215.397,268.345,59.69,0.10180256544511547,638.451,913.098,0.058357180357808014,971.684,0.051562719106499164,-0.060293264065272266,0.14571491778538573,0.711747654672044,0,0
77006,2021.0,955.166,0.05097917938502072,4.462727993655829,15.284373167481117,2.603358942669054,0.20765442358518835,697.917,1.1366204271243305,4.46,173.274,-39.504,266.923,33.765,0.1703281458874568,503.28100000000006,880.824,0.04357055293889928,942.311,0.05609289500063304,-0.06525128115876826,0.08440051588058466,0.17003746673839212,0,0
142640,2021.0,425.706,-0.06335959172041035,-0.8132693041156687,-164.00471445929526,18.228315587461797,0.8448272430821893,54.58,0.3158827306567999,-0.83,-201.275,247.411,542.846,-46.911,-0.11114507072286588,567.509,351.737,-0.04212913278341812,288.976,-0.032068341494570995,0.2171841260173856,0.21029632935972045,0.5039377156452758,1,1
77222,2021.0,1165.117,0.038098938118419655,1.1595639154033315,86.17032547554292,3.099490755187734,0.26901067448767674,785.603,0.14928728514928283,1.24,-796.462,397.034,424.533,123.911,0.035969351839891084,6598.811,1074.712,0.017212366466674595,1055.03,0.03254395344508946,0.01865539368548763,0.0841202108099658,1.2134631046918627,0,0
77797,2021.0,2486.265,0.06296163381578015,2.4540185118532802,24.156296993551045,2.104241217249085,0.3251838518060439,1737.217,0.12689751229007937,2.45,1356.049,-17.271,66.636,913.636,0.08710942814665881,20112.889,2574.356,0.045035781973689314,2769.453,0.045831369529417715,-0.07044604114964209,-0.034218655073346635,0.39803576304200594,0,0
77481,2021.0,14838.0,0.03239819004524887,2.092654364649208,18.46458768,1.4362622650902304,0.24643384161337925,7660.0,0.6341630794185539,2.35,5645.0,818.0,1650.0,500.0,0.0777846919726198,12027.0,10165.0,0.03119346185039616,10168.0,0.07689136260564831,-0.0002950432730133753,0.4597147073290703,0.038621176470588145,1,1
77418,2021.0,180.159,0.0247044373440936,0.005419554637959003,725.1518367346939,1.8807862095735481,0.5321644411532858,58.755,0.590684614516311,0.01,-6.614,7.847,37.698,0.147,0.0025936446883215412,170.727,125.589,0.000691387289761824,165.432,-0.027548678638181088,-0.2408421587117365,0.4345125767384086,34.73169149899188,1,1
142617,2021.0,4098.9,0.04852891444031113,2.173853562438437,37.946438263058525,25.09233890969621,0.2810891763104153,2640.2,0.8724521309450278,2.17,1274.1,-580.5,783.5,317.8,0.6612567623803579,3066.5999999999995,3672.5,0.075497695633582,3794.0,0.07848057825536751,-0.03202424881391671,0.11610619469026538,-0.3572133025643624,0,0
77269,2021.0,138.287,-0.19833612148453564,-0.8259064624521372,-52.13665464265018,9.546364299805752,-0.9911923811255569,175.209,0.1684047747094275,-0.84,-503.826,-78.221,315.491,-84.553,-0.18310273962220022,200.1830000000001,87.992,-0.16182299431773595,168.796,0.1943003330046163,-0.4787080262565463,0.5715860532775707,0.2256362102354067,1,1
94547,2021.0,13829.0,0.04300864869095605,-0.8230579531442664,-160.28032958801495,99.52290232558137,0.11819464033850494,9378.0,0.43054937047083114,-0.82,9071.0,641.0,877.0,-267.0,-0.6209302325581395,23297.0,10635.0,-0.010809278976559653,20972.0,0.05081633467725839,-0.4928952889567042,0.3003291020216267,-4.978863787697773,1,1
78142,2021.0,2408.1,0.01870422512133241,-1.2356248460004928,-33.9099688191146,2.492125033807144,0.3803097197855175,1154.307,0.5932719141175653,1.21,259.025,76.109,501.994,-55.162,-0.07349240121985502,2393.62,1862.716,-0.017569004253226547,2131.278,-0.1106667656855093,-0.12600984010532643,0.2927896684196625,-2.0646149805500436,1,1
142947,2021.0,818.1,0.015163398692810456,-1.4823728206047262,-8.580837305699482,1.0999125083019703,0.3021806853582554,515.2,0.6479157525230363,-1.49,16.9,70.8,100.6,-57.9,-0.12818242196147886,965.9999999999999,738.3,-0.0508117595436595,780.6,0.014919626528058522,-0.05418908531898548,0.10808614384396596,-1.2984230191788864,0,0
78332,2021.0,3369.81,0.07452336207451951,-1.2044960699627114,-35.63315902004455,4.270489268583906,0.42432969625749933,1254.092,0.33214015418326226,-1.19,246.392,264.551,535.599,-134.7,-0.11984593524760596,5926.486,2178.49,-0.0205368299916389,3326.119,0.023704144796842772,-0.34503546024661186,0.5468558496940543,-4.628766567423502,1,1
78314,2021.0,3150.339,0.19378239897095081,13.707452525976352,24.105135463634582,6.3854470044487535,0.5546952614292432,1133.586,1.1743484468596974,13.64,1240.636,439.925,1089.361,382.575,0.26489985978639063,846.7119999999998,2545.641,0.17648849820432208,2132.689,0.1564439317937951,0.19362973223006272,0.23754252858120994,0.09798882614212884,1,1
16720,2021.0,195929.0,0.08448066410204495,9.06958561376075,38.33251206896552,8.390216216364035,0.14136998458872277,143186.0,3.001673986608107,9.05,11582.0,3893.0,13305.0,4002.0,0.21887989499015534,28079.0,166761.0,0.07203542371661027,152703.0,0.08059471365638766,0.09206105970413155,0.1749090015051481,0.17276556093283585,1,1
78378,2021.0,-0.189,-0.4992198760717417,-0.097819923405072,-5.234107553732276,1.464085115936787,-199.5169491525424,23.661,0.0013873539163355045,-0.1,-318.199,39.341,82.852,-22.426,-0.27972010527234853,1.4860000000000042,0.118,-0.2636677875232205,60.3,0.3415572635699623,-0.9980431177446103,-2.6016949152542375,0.8933669552932276,0,0
78349,2021.0,1213.871,0.03348704103001298,0.26527006264034986,171.8625899440843,1.289031451089005,0.3435867308525929,690.51,0.09618297829074846,0.27,-1784.431,262.888,419.414,44.889,0.0075003609075622165,10215.128999999999,1051.944,0.004104360795340253,1195.163,0.02150777564972697,-0.11983219025354705,0.15393119785844125,7.158893113887881,1,1
3073,2021.0,518.581,0.017367882262729117,1.430602663872032,25.286545952661434,3.044197632568422,0.9330242449852498,33.76,0.0462252281168325,1.42,1007.124,446.48,729.084,202.034,0.12038803711141169,1499.599000000001,504.063,0.018527580356733457,427.62,0.01994764849719089,0.17876385575978668,0.02880195531114172,-0.06259306783051527,0,0
73833,2021.0,1357.081,-0.2212909520705594,-4.283478835555839,-1.227973850679116,0.4895257331258659,0.28670339044108556,801.923,0.3407776557568211,-4.27,477.426,50.73,224.915,-803.692,-0.3986450793354758,2983.132,1124.249,-0.2436117583475823,2470.685,-0.09588736861191792,-0.5449646555509909,0.20710002855239354,-0.0916245029731933,1,1
78496,2021.0,2986.267,0.19227920488949501,-1.3472064659276775,-64.56322931920175,7.3110662023201,0.9538647362922441,123.029,0.748880485313057,-1.36,-1741.815,-318.942,1801.377,-295.697,-0.11323885560578233,1660.7740000000003,2666.702,-0.08303954205067345,2158.759,0.1304168672940833,0.23529398140320443,0.11983528718244467,-3.3155137918771267,0,0
78458,2021.0,1339.783,0.06225116285195255,1.98420405654579,36.25635164018214,3.147232944118418,0.2701500516183766,753.627,0.8516149358264866,2.55,467.482,-159.309,32.054,64.566,0.08680500937745782,1045.7019999999998,1032.578,0.053250572786339566,1047.439,0.06611915282645131,-0.014187938390684425,0.2975126334281768,0.16902334744316433,1,1
78424,2021.0,1981.572,-0.03394408030779642,-1.4329690436158637,-66.92398585109137,4.749971342774705,0.30126118664734164,1518.604,0.8336520237834495,-1.44,-572.871,57.029,206.933,-57.955,-0.07097561931447997,2184.451,2173.35,-0.022230337054947345,2502.47,0.018097812980895113,-0.13151806015656528,-0.08824073435019672,0.5269260301315222,0,0
78539,2021.0,4548.763,0.08192761042447445,0.012635969575529565,2170.7871197411005,1.8161426546578419,0.28819459038903983,2455.55,0.9727618153338156,0.01,1457.988,173.796,570.33,1.236,0.0008366286302981404,2738.629,3449.749,0.0003485278505052385,3983.789,0.050698011510924165,-0.13405328444854894,0.3185779603095762,234.06761455564956,1,1
143610,2021.0,623.683,0.007663782447466007,-12.125780936975975,-0.931898741922851,2.238468028314755,0.7037459155474948,162.2,0.5089680137434556,-12.15,-1190.991,54.17,67.719,-817.12,-2.40205070316542,991.481,547.503,-0.7596085197524988,606.682,-0.21958874570942377,-0.09754533676621356,0.13914079009612723,-1.0100891212357164,0,0
78457,2021.0,8636.134,0.16505247173502613,4.031924974675685,13.777538111176847,2.328258609780349,0.16937841264199166,4281.022,2.143131642972592,4.0,1180.886,267.942,460.916,246.778,0.16898945159814724,1732.457,5153.998,0.10261504575467245,4416.009,0.09507922033451585,0.16711673368419303,0.6756184228243785,0.6084626822622712,1,1
78498,2021.0,1662.427,0.09476366115207863,0.8688314540928395,88.44062866051489,3.834917280100269,0.18220771865816301,1038.247,1.2121266802432324,1.9,304.14,-24.495,40.254,23.733,0.04336148824564385,968.768,1269.573,0.02265911649209036,1410.395,0.08790083138388378,-0.09984578788211805,0.3094378976238466,3.182142811488606,1,1
78524,2021.0,2758.551,0.11048988766450989,-0.1529576737148972,-129.05531001206273,0.7904961231374878,0.155804648951758,1445.552,1.3922314088559729,-0.15,612.992,5.51,17.887,-4.145,-0.00612525066239894,1113.364,1712.343,-0.0033701187143627223,2132.781,0.04854205829699176,-0.19713135103885485,0.6109803935309689,-33.785161897598954,1,1
97918,2021.0,1198.9,0.023503619863362905,0.12571178274200612,101.34292682926831,4.088476244025865,0.6512364692422776,396.3,0.6397005010414907,0.13,-69426.3,17.0,544.0,28.7,0.04034298566207478,1179.3,1136.3,0.01615718065642065,1130.3,0.0029750426973720458,0.00530832522339202,0.05509108510076576,0.4546857130066734,0,0
78624,2021.0,1750.0,0.010012263342684832,1.1017607167030967,9.575581920881849,0.7720961399027324,0.6212259188852015,670.079,0.031418840438659244,1.02,468.751,1206.061,1947.931,511.109,0.08063177217658093,21921.376000000004,1769.073,0.009077325875055855,1889.39,0.007364596451646405,-0.06368034127416786,-0.010781352719757801,0.10299701481447857,0,0
78732,2021.0,1866.142,0.1406655050157059,-0.2226808366418127,-158.61266075990653,3.757468097544895,0.3860905264874599,737.805,1.0562974121981683,-0.23,1250.386,-16.237,287.166,-18.397,-0.023689584926846478,776.691,1201.814,-0.016169476717869568,1787.157,0.11051603765542797,-0.3275274640112759,0.552771061079335,-9.699446956143642,1,1
78893,2021.0,5897.526,0.06660170405761796,3.386790298964083,25.18018314452022,9.34634778828584,0.5141524370859362,2342.841,0.13862058664358362,3.59,-6290.989,342.24,1011.613,1112.564,0.3711787056767225,32463.307999999994,4822.173,0.03198231883396385,6121.038,0.06729024389697238,-0.21219685288671625,0.2230017463081478,1.082453883452935,1,1
78921,2021.0,10476.0,0.055222630324118824,3.5195970871284357,28.491897656903767,2.261186631246887,0.30071993390770685,5925.0,0.5268295715973388,3.53,7807.0,360.0,564.0,478.0,0.07936244396480159,14720.0,8473.0,0.029720823229496984,9273.0,0.04741379310344827,-0.08627197239296884,0.23639797002242416,0.8580451119305503,1,1
72552,2021.0,15864.0,-0.05968210301085129,-0.33690051525961157,-178.18316470588235,-79.29617277486912,0.42103013464415473,5418.0,0.26215088102641676,-0.34,-3593.0,-917.0,2102.0,-85.0,0.44502617801047123,33560.0,9358.0,-0.0023811524777992547,9730.0,0.018257635523498253,-0.038232271325796506,0.6952340243641804,24.064376837392455,1,1
79026,2021.0,1526.087,0.41180088671088505,8.737597689432551,22.470707278896356,14.698717169276165,0.7508381095415054,232.927,3.3860781501282218,8.74,154.392,86.749,174.475,102.859,0.6541279269424977,65.84200000000001,934.842,0.37256414714362296,713.672,0.400281526614026,0.3099042697485679,0.6324544682416922,0.1053153929815377,1,1
78730,2021.0,1970.302,0.035071272238008114,-0.789193698778034,-39.926826644446386,2.2239530699925325,0.24692840898523433,1546.736,0.9385186424011126,0.25,442.779,-1.755,37.771,-80.407,-0.05570072196814251,1979.6720000000003,2053.903,-0.03674149581530689,2302.468,-0.07097985766392269,-0.10795589775840536,-0.0407034801546129,-1.9545412199412158,0,0
79288,2021.0,1829.411,0.04730016760030986,2.229195446517565,56.83216345965282,2.4678082349959736,0.2872572253547982,1203.613,0.15084747897481962,2.2,-1306.31,-34.926,35.615,254.962,0.043422739603217096,11080.619999999999,1688.706,0.022775056720576562,1664.809,0.03150461468596538,0.0143541991904176,0.0833211938608616,1.0768408254972914,0,0
79127,2021.0,610.97,0.0013427811901759225,0.24297818400160118,25.393226249313564,1.4334314454880808,0.2834473988295408,345.402,1.284859421479673,0.24,93.681,39.99,80.402,10.926,0.056449362968473915,254.51100000000002,482.033,0.02912326342612831,608.932,0.0013175866963995803,-0.20839601137729663,0.26748583603197296,-0.9538931756881605,1,1
79190,2021.0,5414.0,0.04880844855137914,11.57303370786517,24.53721359223301,3.003264637479417,0.3472589272500475,3087.4,0.4470266898533192,11.56,2449.3,283.4,304.4,721.0,0.12239631962245574,10068.6,4729.9,0.06814229547860276,4739.1,0.060395199178806896,-0.001941296870714002,0.14463307892344457,-0.28372755557221585,0,0
79186,2021.0,12731.105,0.12837054859711666,6.442871152555787,21.81946474969224,8.494398016467068,0.35418308169070106,6858.803,1.5066218232186845,6.44,4183.892,1257.515,1341.756,748.958,0.38930368429807055,4731.264,10620.352,0.1062484998118913,8351.931,0.10631981589891078,0.27160437508403745,0.1987460490951711,0.2082104577889717,1,1
79344,2021.0,3327.957,0.011269425023496192,3.517006420695981,41.9447627766364,3.6927117137865446,0.3927365736747218,1900.072,0.29939002651051877,3.53,2829.12,133.614,746.724,375.764,0.08803749191408985,9221.001,3128.909,0.03595502263622834,3589.427,0.05407518591425517,-0.12829847215168327,0.06361578428775007,-0.6865688241246968,0,0
79213,2021.0,2140.303,0.058697524064248295,1.6840577840835804,7.8382108528319225,0.6901187010153901,0.1634355502880245,1779.437,1.0595756869308786,1.8,-263.326,219.734,342.528,52.226,0.08804543715050128,1532.76,2127.077,0.026015701277223184,2087.739,-0.04062025577684196,0.01884239361337801,0.006217922529367605,1.2562345500037755,0,0
81714,2021.0,6894.5,0.049862936583694346,1.6588978436070572,10.506976102941177,0.7730539159332646,0.2538401457953658,4585.6,0.16835369177708806,1.14,5680.5,138.1,1710.1,761.6,0.07357529972080802,26863.0,6145.6,0.020863409863549575,6117.4,0.017460546977065113,0.004609801549678087,0.12185954178599316,1.3899706188876533,0,0
140158,2021.0,18746.1,0.028655616439292684,-2.653225806451613,-13.093495440729484,0.8509675841438865,0.24147268300452815,13334.0,0.6108055330667101,-2.67,-288.3,99.5,251.1,-690.9,-0.06499162794197881,26854.4,17578.8,-0.024006504584828888,18289.0,0.028613873533907885,-0.0388320848597518,0.06640385009215642,-2.193660507219441,0,0
79301,2021.0,157.17,-0.3129502457702189,-1.033530638896898,-7.208301060093866,-68.41337088568166,-9.487031214911294,186.795,0.05321542207549707,-1.09,-1023.439,158.625,302.587,-182.814,9.49091475443879,13.414999999999964,17.812,-0.5461780918094499,48.835,-0.6212674433199074,-0.6352615951674004,7.823826633730068,-0.42701794439715335,1,1
79353,2021.0,863.126,0.001709033023771052,-1.5370332040248114,-6.941945022436718,0.7080291876693859,0.1204103358682879,667.598,0.08264237661020439,-1.58,-2347.827,368.443,482.659,-230.203,-0.10199291198374515,8632.520999999999,758.988,-0.0250656440191398,975.97,0.010935700408343706,-0.22232445669436557,0.1372063853446957,-1.0681822905673621,0,0
79368,2021.0,2312.253,0.11826329755014792,-0.5051918735891648,-26.386014298480784,0.49044799176107107,0.20665740788757225,979.099,1.926528828217076,-0.49,168.628,-0.209,5.533,-5.595,-0.0185874223447726,547.7810000000001,1234.144,-0.008733931205657151,1579.04,0.005936371823787054,-0.21842131928260206,0.8735682383903338,-14.540671979823506,1,1
79332,2021.0,2333.435,0.05046217428425341,5.931683473449584,27.046284704517717,2.08195543019107,0.33669903064103546,1530.433,0.12017712873032255,5.89,85.772,185.918,313.532,827.63,0.07697750182461503,18792.003,2307.298,0.04310765104944262,2331.837,0.04110516728395317,-0.010523462832093416,0.011327968905620416,0.17060830399632468,0,0
79419,2021.0,2692.511,0.20527524016673743,2.974340777256019,31.351484911566818,8.814212782725638,0.49184319973449203,1120.782,0.6383260193658309,3.0,1816.765,291.399,477.718,699.907,0.2811417962366982,2844.6240000000003,2205.583,0.20256270076269203,2041.957,0.23225351377385217,0.0801319518481535,0.22077065338280166,0.013391109981413662,1,1
79412,2021.0,3150.806,0.006457560160891652,-7.596467016284847,-3.17121103117506,0.9007741881264321,0.11743511736916676,2689.823,1.8011611648052648,-3.12,614.481,10.637,32.085,-192.654,-0.28404738103873817,1205.769,3047.734,-0.11385537682894685,3873.111,0.0278615036998231,-0.2131044010873946,0.033819224381130414,-1.056717217409884,0,0
79407,2021.0,650.308,0.007247232937349487,1.127645051194539,19.953087167070223,1.4229440966976044,0.23276107562751727,414.909,0.6378033735826448,1.13,77.897,-34.093,17.175,21.476,0.07131448305633499,701.376,540.782,0.02532899625183693,535.964,-0.009381889221637803,0.008989409736474807,0.20253262867477087,-0.7138760310399629,1,1
129493,2021.0,166.027,-0.008771885101306222,-0.933435565400125,-14.816234256160632,1.3377988561633676,0.07821510825904393,151.688,0.42237936344969196,-0.96,23.249,-0.115,0.501,-16.435,-0.09029277163373053,373.78900000000004,164.559,-0.042184291581108826,171.398,-0.014862441761885826,-0.0399012823953605,0.00892081259609009,-0.7920580203547974,0,0
79542,2021.0,1861.522,0.14507654520842347,8.011234098793986,16.777689722016003,4.190675509017726,0.33335818991496585,1081.721,0.5716182973712087,8.04,1296.069,149.872,268.52,339.444,0.24977667238169524,2485.9900000000002,1622.642,0.11957807164665561,1450.814,0.023942425245354643,0.11843558168035322,0.14721669967867212,0.21323703594346272,0,0
79578,2021.0,339.323,0.02339299769309033,1.5224837973375984,43.73117146890492,1.5829743547897057,0.5870466029416497,102.647,0.06396199046725283,1.76,-127.609,-34.202,7.955,91.381,0.036197849305621296,3823.705,248.568,0.02351433270126497,187.478,0.030054456132976547,0.3258515665838125,0.3651113578578094,-0.005160044714690583,1,1
79725,2021.0,101.907,-0.4688884333805649,-2.4678634690239933,-6.888549635496355,2.8418836066258546,-2.402785861426283,520.337,0.09937501908995967,-2.49,-2311.453,102.592,1061.896,-444.44,-0.41255180800059404,454.7320000000002,152.915,-0.28882865307093275,114.617,-0.222856683369105,0.3341389148206635,-0.3335709381028676,0.6234138420657721,0,0
143232,2021.0,874.514,-0.051058388520555276,-1.0605174754491493,-6.968296299757054,0.8564215735250714,0.25968663206763026,584.279,0.7511208777822085,-1.06,35.555,-80.264,68.772,-107.02,-0.12290257714140687,902.814,789.232,-0.10185212502819443,2052.314,0.1135079391495504,-0.6154428610826608,0.10805694649988855,-0.4987008026938915,0,0
72385,2021.0,1068.656,0.015797968348233726,3.7673890223033895,10.10514172404843,1.000127638370919,0.8002397498410911,234.13,0.05734506379534684,3.78,705.015,1495.457,2117.555,261.988,0.09897215355137418,1363.2599999999989,1172.055,0.012818270963065152,830.885,0.008849680738671872,0.410610373276687,-0.08822026270098256,0.23245704461657424,0,0
80299,2021.0,5905.0,0.024940582381564835,-4.299908157301495,-20.086475533980582,5.107248251110858,0.4780227456897756,1868.0,0.2439917367204598,-5.0,-507.3,1415.2,1869.1,-669.5,-0.2542630359652121,12764.999999999998,3578.7,-0.04564575620598202,5301.4,0.0030927471908133433,-0.3249518994982457,0.6500405175063572,-1.5463943300449976,1,1
79842,2021.0,1573.217,0.17953137370504507,4.316115034852052,21.65141550802139,4.1274719326199385,0.48470872159281353,653.361,1.0287010301248856,4.28,710.013,44.429,274.639,187.0,0.19063289100386058,909.659,1267.945,0.1517156443168699,1136.539,0.12231710679352838,0.11561943760838823,0.24076123175689812,0.18334120725269346,1,1
79940,2021.0,1651.021,0.037587226771641793,8.751980799704612,27.127573224110954,2.571834687962989,0.37483899981225743,1002.295,0.12393607477696077,8.69,-875.922,2.947,84.041,568.87,0.09480518831213201,12702.381000000001,1603.259,0.04397512495384069,1618.589,0.03457473413873859,-0.009471212271923216,0.02979057033205486,-0.14526162663333134,0,0
79912,2021.0,771.634,0.0550077978795246,3.3429110294259154,11.854937104564742,1.7849574957374386,0.3603366394210577,475.188,0.14260175370871633,3.32,-687.687,174.502,189.244,347.402,0.1505665934786057,4785.837,742.872,0.0666873087717877,748.745,0.026646846665903764,-0.007843791945188345,0.038717302577025464,-0.17513843499415827,0,0
79914,2021.0,254.883,-0.025280584026891685,-2.440131701770167,-7.384847296122413,2.754310551014426,0.50109121698065,68.352,0.13731195189175643,-2.43,-201.861,207.895,320.534,-143.775,-0.37296784084630175,656.379,137.003,-0.14409922325231772,395.664,0.05271356891309899,-0.6537390310970925,0.8604191149098928,-0.8245612748194667,1,1
80059,2021.0,476.129,0.06484581122529312,1.5186941596733077,27.74093765466429,2.8574244376775733,0.46331026703787587,239.808,0.11783631483426152,1.53,-323.247,46.94,199.658,195.989,0.10300388808945445,3471.9880000000003,446.828,0.051685707941427315,442.219,0.0678563999149717,0.010422437751430808,0.06557556822759551,0.2546178393992292,0,0
80950,2021.0,4252.0,0.023542567905594305,1.0385881955585579,23.175691869918698,0.6598634490740741,0.08808129849112294,3831.7,1.2567822211587354,1.03,1194.4,-16.8,16.5,49.2,0.028472222222222225,3060.3,4201.8,0.014715999162504113,4489.0,0.0198513388459357,-0.06397861439073287,0.011947260697796138,0.599794050381574,0,0
80328,2021.0,1747.981,0.009578348573201504,1.4974159811626555,18.157946984703987,0.6876338915256492,0.1671917624487453,2325.358,0.8797526902793278,1.5,832.643,503.6,842.087,48.967,0.03786958361013516,2182.776,2792.189,0.015428343133257758,3033.591,0.023766174229771113,-0.07957631730843084,-0.37397468437845716,-0.37917192465377864,0,0
62428,2021.0,1671.03,0.0014320316444545928,-2.737968082432772,-8.166640123917158,1.1652838294256616,0.3639530242820892,952.993,0.722899809083422,-2.79,618.283,6.032,41.334,-87.155,-0.14268827960386832,1948.3779999999997,1498.306,-0.04205037746672952,1537.276,-0.017341343913068685,-0.02535003473676817,0.11527952234056323,-1.0340551436330774,0,0
80356,2021.0,2256.612,0.017062164125421386,0.9317001599103183,9.509497133555099,1.1771713127339551,0.24329708803632868,1778.326,0.5269129168099735,0.94,-245.481,244.381,310.264,113.032,0.12378901809436405,4064.001,2350.098,0.02534278179585061,2477.922,0.03858753631123693,-0.051585158854879236,-0.039779617701049014,-0.32674462247806646,0,0
80790,2021.0,563.004,-0.015175293532530661,0.04929416886051285,299.6297603027754,1.9105269691964477,0.4631794041578646,271.905,0.9635347807312067,0.05,770.174,-13.594,63.31,2.378,0.006376292419237204,412.44,506.51,0.004523673192195238,530.061,-0.09719363513954776,-0.044430735330462046,0.11153580383408034,-4.354639667320094,0,0
80515,2021.0,2207.571,0.11258783134658217,5.595416590479673,52.42326380114156,11.894519465562068,0.4464115463097369,1146.769,1.3217978838666202,5.64,429.991,-13.133,83.357,183.608,0.2268939131810228,1441.1670000000001,2071.519,0.11715686211952797,1962.174,0.10044229040701014,0.05572645443268528,0.0656774087034684,-0.03899925868861445,0,0
80668,2021.0,325.59,-0.027904379590742243,-0.696721492195079,-17.883760067087547,0.8080195765421783,-0.017015685679513573,315.044,0.060175966910823414,-1.51,-1130.277,11.136,52.303,-63.201,-0.04518175000732762,4924.368,309.773,-0.012277316889241316,352.028,0.01624396018892087,-0.12003306555160383,0.05105996971976237,1.2728402176533387,0,0
81098,2021.0,4741.369,0.10612045398817815,1.829956843403206,31.519869011080825,3.23512807629839,0.24723601264640918,2688.815,0.6363285899228105,1.83,1444.491,8.675,81.72,296.819,0.10263773860104174,5276.271,3571.923,0.05287751604172282,3363.905,0.05848174213480435,0.06183825048567054,0.3273995548056327,1.0069107237269652,1,1
80880,2021.0,8696.0,0.12789565894490948,0.031392283728732324,202.91610687022902,-11.6332647702407,0.5548507462686567,3579.0,0.7780896157940579,0.03,-2270.0,-37.0,71.0,131.0,-0.05733041575492341,9039.0,8040.0,0.012677828317042485,7794.0,0.081980446676832,0.03156274056966898,0.08159203980099503,9.08813621280725,0,0
80947,2021.0,14093.3,0.1481753355704698,5.803459119496855,20.634245461934437,1.4888571763693945,0.31942032932738684,5997.2,1.086976365520304,5.74,5115.3,509.2,683.5,369.1,0.07215467021151817,7164.0,8811.9,0.045529678788177826,10973.8,0.0862736899066547,-0.1970055951447994,0.5993486081321848,2.2544779474469916,1,1
81115,2021.0,417.545,-0.013337415375803035,-0.9896988906497624,-7.315356285028022,0.8333310749185668,0.1914067836106938,301.881,1.9745343191698663,-1.65,9.481,1.06,1.11,-8.743,-0.11391530944625408,128.553,373.341,-0.04624017601201621,540.298,-0.10334484856906026,-0.3090091023842398,0.11840113997658978,-0.7115621840985834,0,0
82564,2021.0,2091.518,0.008332795904593642,1.094610340905002,56.79646690401178,2.0447173337758566,0.43760054491788386,928.873,0.07963366945054033,1.15,-3714.567,779.674,846.696,395.486,0.036000783943682765,19859.229,1651.625,0.01906849399610468,1491.591,0.02352394496819044,0.10729080558946796,0.2663395141148869,-0.5630071306996836,1,1
144388,2021.0,5998.019,0.06976566092628221,2.4616908731755056,16.98832313013107,1.1866144506637992,0.2336153199184487,3581.977,0.5519440122947539,2.42,1566.759,-4.951,205.028,410.002,0.06984882743130658,8161.973,4673.863,0.048417796783704115,4843.95,0.03733590992801989,-0.03511328564497972,0.283310828751292,0.4409094498443413,1,1
81687,2021.0,32033.0,0.028655283187744143,5.913214749483629,16.716795210022106,0.819578051556262,0.16866516910810897,26276.0,0.0749688094458755,5.2,43582.0,27022.0,41403.0,2714.0,0.049027223296060116,105899.0,31607.0,0.00643735086645699,33907.0,0.014207216323184712,-0.06783260093785944,0.01347802701933116,3.4514092492701938,0,0
82418,2021.0,155.934,-0.0022925790607079776,-2.143966681674921,-3.4888601879561087,0.29445373980857853,0.12371265947443671,157.496,0.5930815783742402,-2.16,131.395,-0.006,0.164,-19.047,-0.08439826302729529,290.25,179.731,-0.06285184427446659,243.007,0.011604266026780746,-0.2603875608521566,-0.13240342511864953,-0.963524076545844,0,0
82817,2021.0,9436.113,0.04677783275184045,4.918098168247727,15.471427652919372,1.9896674386503868,0.15615714448601228,7038.138,1.9348405328839742,4.92,977.79,14.285,128.313,172.64,0.1286027045005732,2721.107,8340.579,0.04004888264916492,7731.19,0.03815226681288667,0.07882214769007102,0.13134987391163128,0.16801842292635952,0,0
83012,2021.0,513.703,0.06086632020014158,0.8783860656625854,52.664769864154316,2.8142954184773736,0.46257382089954785,482.218,0.5754977952377135,0.88,-529.153,-2.645,299.283,64.853,0.05343791353758278,1198.0839999999998,897.273,0.041595766856409845,780.848,0.28853317185565425,0.1491007212671353,-0.4274841659116011,0.46328159810719227,0,0
143806,2021.0,1501.142,0.015846246053310607,-0.04680781358778001,-538.371653543307,2.181318946204237,0.2156503563419421,880.336,1.4268568333909648,-0.05,-64.764,52.672,150.811,-1.143,-0.004051697246405581,411.13699999999994,1122.377,-0.0014530744665703884,1211.999,0.07290058610753306,-0.07394560556568122,0.3374668226451541,-11.90532276071964,1,1
83594,2021.0,1370.598,0.040456308383624996,0.6204317234783797,61.94073988439306,3.730006091511913,0.5289935580172476,609.634,0.3821550248117528,0.62,911.045,43.976,165.374,72.66,0.060218946342482205,3180.306,1294.322,0.021453227328919664,1258.294,0.020586738311864125,0.0286324181788992,0.05893123967606212,0.8857912501159463,0,0
83595,2021.0,26321.2,0.061132134537653426,5.749776119083224,17.6806884119532,3.2566559757319533,0.3318828819293355,17043.2,1.2325715114031697,5.68,5144.5,877.6,1416.7,1341.9,0.1841928266509272,17798.8,25509.3,0.06483861615771164,23610.8,0.042248628324461295,0.0804081183187355,0.03182760797042653,-0.05716472435257823,0,0
83773,2021.0,1469.681,0.04222961392161173,1.094569780642605,40.14362608677494,4.708245341754356,0.7760219978533752,288.186,0.6827695374022016,1.1,190.275,65.616,320.155,143.659,0.11728500389020556,1513.209,1286.671,0.0762323771761879,1353.215,0.09816095391397366,-0.04917474311177446,0.14223527226462707,-0.4460409672912226,0,0
37635,2021.0,139.06,0.04641690732323012,-2.99783898110258,-1.6745395705521469,1.4039010402602576,-0.27973851172587405,99.643,0.11281584655352529,-3.0,-32.051,14.691,26.86,-65.2,-0.8383803314945544,624.432,77.862,-0.09446961541303653,276.768,-0.039154712150864676,-0.7186741241762054,0.7859803241632634,-1.491342185741816,1,1
73178,2021.0,213988.843,0.026857184365533353,-16.690901256451188,-5.806756538239032,-19.425966921968666,0.027492827759009096,184673.205,4.288981482255267,-16.65,409.505,1223.552,4597.746,-3408.716,3.3454075083126904,7972.029000000001,189893.926,-0.07698992858922327,179589.121,0.021836144100961963,0.057379895522735994,0.12688619118865332,-1.3488402295945592,0,0
144208,2021.0,5694.0,-0.00041564039408866995,-12.027842016959143,-3.010099396795476,0.17720221161848748,-0.16878249304799903,9667.0,0.03336843251879017,-11.58,5182.0,1231.0,8871.0,-1061.0,-0.05886922265993453,235324.0,8271.0,-0.004280486870080567,6334.0,-0.0032561966742791263,0.3058099147458162,-0.31157054769677184,-0.9028988041071022,0,0
85391,2021.0,507.149,0.019106627494284156,-0.2980632153476437,-24.793398243995764,2.80960875254547,0.5511138212025943,170.052,0.6404332544972892,-0.3,-2095.355,5.587,98.645,-29.271,-0.11332084149561365,469.33500000000004,378.831,-0.049484128258749024,402.874,-0.010086374370665745,-0.05967870847957427,0.33872096000591284,-1.3861162794336186,1,1
85159,2021.0,9630.0,0.09400343337477061,4.812523420233552,29.76193308437947,6.657845256123138,0.2075429746668334,5702.6,0.6753033473784968,4.85,526.5,451.4,1214.7,629.3,0.22370338772173046,9136.9,7196.1,0.0590553767325757,7806.9,-0.005268396657986547,-0.07823848134342688,0.33822487180556127,0.5917845008499814,1,1
85575,2021.0,3196.825,0.10035796430931923,4.290750722977217,44.74741423961755,11.140569965803332,0.6226854599557053,1115.724,0.6445979139272647,4.31,2549.009,316.028,463.156,621.674,0.24896566997473393,3988.434,2957.013,0.1355184314518801,2606.572,0.09849642693859943,0.13444516399316794,0.08109940673240189,-0.25945155036011214,0,0
60558,2021.0,193.293,0.016192966535170647,1.114423185355035,65.04710324822074,2.7966344843788407,0.9448122924948499,8.76,0.04946478153426177,1.17,-33.516,49.685,96.467,59.294,0.042993989658645385,3109.1009999999997,158.731,0.018477580033468683,92.993,0.010789924728069973,0.706913423591023,0.2177394459809364,-0.12364246260386294,1,1
144093,2021.0,636.61,-0.012410655090048772,-0.4727875669686898,-66.13964110877485,1.28529255570503,0.22894413866839006,448.571,0.09569166913258505,-0.49,-452.923,120.82,263.336,-62.303,-0.019433013759346033,5713.1089999999995,581.762,-0.010247967488367144,651.76,0.010953600174800555,-0.1073984288695226,0.09427910382596333,0.2110357594456244,0,0
144722,2021.0,1270.79,0.013254235351855069,-0.2866504069818695,-25.152589441312145,0.4432792912257755,0.24721286249837496,706.429,0.371891354642965,-0.37,-89.708,-29.443,50.85,-9.755,-0.017623604609778527,2401.2870000000003,938.418,-0.00386586805084954,1424.259,0.028213283678607412,-0.341118434217372,0.3541833170292982,-4.428527610750294,1,1
145494,2021.0,1565.0,0.057156242679784496,-1.4178302900107411,-41.92321212121212,5.746483904465212,0.3261538461538461,876.0,0.27993109388458226,-1.42,-134.0,399.0,493.0,-132.0,-0.13707165109034267,4123.0,1300.0,-0.028423772609819122,2073.0,0.034634899624972425,-0.3728895320791124,0.20384615384615384,-3.0108605379160545,1,1
145403,2021.0,3074.99,0.03205334765231911,-3.7125960674718033,-4.121105480354335,1.8855280936744874,0.3389228187848816,1256.044,0.5466393691653317,-5.01,-669.212,166.131,201.421,-743.93,-0.45752968533879135,2974.689,1899.996,-0.21403278001804488,1131.251,0.02712883387723792,0.6795529904503953,0.6184191966719927,-1.1497590586339939,1,1
136184,2021.0,632.645,0.0037135397342248624,-6.133660609310864,-2.2172729901871766,3.905415883075921,0.6915617141667528,205.939,0.22643300437480926,-6.65,,-0.008,0.002,-594.732,-1.7613599680146896,2935.167,667.683,-0.20169294943534438,698.365,0.010490008194816275,-0.043934045950183666,-0.05247699881530608,-1.018411847040867,0,0
145860,2021.0,435.137,-0.16123917235028346,-1.2762302107492185,-6.103914430474761,4.620178668879469,0.18372466779036492,291.536,0.8627575078266919,-1.3,-232.767,-50.528,206.124,-101.251,-0.7569206156974442,145.67300000000003,357.154,-0.24458653808990066,370.007,-0.15837313344831144,-0.03473718064793371,0.21834558761766634,-0.3407684101934584,1,1
48476,2021.0,1850.73,-0.05178087878722316,-0.22553191489361704,-19.37641509433962,0.8017644439848339,0.7133506953547853,246.001,0.18559648683829505,-0.39,55.183,11.74,30.272,-52.417,-0.04137836850011802,4334.427000000001,858.195,-0.011335898077479955,768.689,0.02080447967650407,0.11643980855716693,1.1565378497893835,3.567867356719776,1,1
146133,2021.0,420.4,0.0004989604989604989,-0.12913187849305147,-145.89735873015874,4.873559703075292,0.238029146426093,219.6,0.30764304013663535,-0.13,13.3,-5.2,11.6,-18.9,-0.03340402969247084,881.3,288.2,-0.020175064047822374,388.4,0.05839925546765938,-0.2579814624098867,0.4587092297015961,-1.0247315447315446,1,1
145942,2021.0,436.1,-0.24193964405468146,-40.024096385542165,-0.20962372065021076,2.1693769470404987,0.09790462427745672,249.7,0.7631651502619246,-50.86,-433.1,-76.4,47.1,-332.2,-10.348909657320872,276.2,276.8,-0.915908464295561,544.0,-0.15463586782162336,-0.49117647058823527,0.5755057803468209,-0.7358473543087508,1,1
146221,2021.0,1317.037,-0.12640855529887837,0.9784077508266469,8.217432857831598,1.083159782524383,0.8119716049178429,284.078,0.11872093121937925,1.06,-731.188,119.701,208.023,423.132,0.1318124286822838,12445.731000000002,1510.825,0.03324979734166325,1630.242,-0.01691977442736741,-0.073251087875297,-0.12826634454685354,-4.801784233448054,0,0
89399,2021.0,3438.64,0.05012615920639732,-0.044917823076281324,-348.19140663694895,2.7684624957173405,0.22714757255301535,2343.76,1.1454881491131619,-0.04,-111.203,32.209,99.265,-8.076,-0.007950978809204074,2265.261,3032.61,-0.0030504952144317587,2310.417,-0.029317869109925405,0.3125812353354395,0.1338879710876109,-17.432138286679706,0,0
133178,2021.0,0.23,-0.3033535369646702,-0.6818783865141481,-52.37004238036376,2.54410621761658,-150.55357142857142,25.461,0.0013019925135430474,-0.93,-65.991,93.727,98.679,-5.663,-0.04857941872833957,30.109999999999985,0.168,-0.043887997644013556,,,,0.369047619047619,5.91199310174153,1,1
141011,2021.0,8.044,-0.6277092735015573,-5.6392976260545415,-3.0145598135230576,3.0832102763001052,-3.4564965197215773,30.732,0.06005137806417904,-21.57,-147.81,68.639,85.317,-57.487,-1.0227729642215382,22.134,6.896,-0.5006052161797362,,,,0.16647331786542932,0.2539007849174826,1,1
78987,2021.0,6134.0,-0.03301172155330516,-32.62999959449048,-0.9760956296603148,-1.8495249999999999,0.525323910482921,2821.0,0.4441040203258108,-30.2,-1996.0,-71.0,1259.0,-2414.0,1.8948194662480378,12033.0,5943.0,-0.18039157076670154,4240.0,0.0027058146229130683,0.4016509433962264,0.03213865051320882,-0.8169996446452652,0,0
79919,2021.0,17881.106,0.050219903555549304,3.3500957890815655,9.653455314740738,1.234810859529519,0.3523884148350576,10033.728,0.40516361071316337,3.36,8374.12,949.674,3733.045,1762.673,0.12791387324743445,34111.505000000005,15493.435,0.04609506911711985,12807.684,0.04211473435821171,0.20969841229686806,0.15410856275577367,0.08948537267508895,1,1
4009,2021.0,1596.584,-0.0312609044896267,-10.612420812130024,-1.667856968107489,1.4199059579410054,-0.4751856327968439,1246.256,0.2123696905252097,-11.08,411.083,136.583,864.421,-510.935,-0.8513355671932511,3001.607,844.813,-0.12843920231873565,2832.228,0.05427778251665284,-0.7017143393822813,0.8898667515769763,-0.7566093223465417,1,1
85899,2021.0,795.088,0.038025365902464345,3.063587670540677,38.97064906875326,2.4838422344243174,0.46672286319149076,331.5,0.1314822303931937,3.2,-293.708,37.215,58.771,151.571,0.06373622954142344,4578.023,621.628,0.032059194796448615,579.647,0.061115331951795485,0.07242511390553215,0.27904148461780987,0.18609859492405711,1,1
135209,2021.0,1304.056,0.046312756043806136,-4.3439041282767015,-7.831664556900868,10.578410123211864,-0.09628601275566301,478.542,0.18552683923659397,-4.75,217.406,-12.764,11.891,-206.974,-1.3507230865615536,2304.533,436.512,-0.08796833082287497,1354.691,0.04230258225361466,-0.677777441497729,1.9874459350487503,-1.526470783412468,1,1
85682,2021.0,7822.0,0.030237346916657633,2.1939042919840963,33.36517471042471,1.3659473044663764,0.31293921467423674,5191.5,0.40944485084938637,2.18,3249.8,-5.5,598.7,414.4,0.0409393122116515,16946.399999999998,7556.1,0.02245522772223577,8323.0,0.017245383811404016,-0.0921422563979334,0.035190111300803274,0.34656157981046887,0,0
86202,2021.0,55.183,0.27161916468208236,-0.511653879770807,-2.5798690329315748,2.5877277486910994,0.26247830614370005,42.496,1.470273028833886,-0.52,-66.405,-4.989,6.702,-10.537,-1.0030461684911947,31.918,57.62,-0.2688696095942843,82.975,-0.2065494197473893,-0.30557396806266945,-0.04229434224227695,-2.0102263513230336,0,0
86251,2021.0,1345.788,0.2749593221923108,1.6257181246233938,6.557102266710255,-8.647129468555034,0.5908878182170128,500.901,0.8545757975085014,1.62,-1090.411,64.507,145.442,434.374,-1.3187425049713861,1216.281,1224.361,0.30318305423560354,1790.793,0.4878912095947749,-0.3163023308668282,0.09917581497613849,-0.09309139033001528,0,0
86397,2021.0,4030.829,0.07656346346086901,13.093215103390632,4.165516228773807,0.6636087991407621,0.2908798685566015,2277.067,0.5325951023587255,13.64,1605.225,742.851,856.281,360.286,0.15931009812344601,5065.303,3211.116,0.05975696893180309,2739.189,-0.05442490503915876,0.1722871258609757,0.25527355598489754,0.2812474399135962,1,1
110877,2021.0,508.807,0.011278345071059362,-1.8770971228193867,-6.035915703169594,1.3142208459500582,-0.9736538845099761,534.351,0.09067905632047511,-1.93,-729.62,-448.834,416.139,-404.689,-0.21773346590309925,2537.281,270.742,-0.13554164711524905,1131.724,0.034634830442865916,-0.7607702938172205,0.8793057597269724,-1.0832094438211273,1,1
86415,2021.0,1542.448,0.04470065564486727,1.5875831485587582,40.89234636871509,3.6142829964610756,0.7103008452708278,397.429,0.37947894629690276,1.58,458.206,271.255,470.166,133.892,0.08838531699482528,3090.3619999999996,1371.868,0.03703650429748701,1517.557,0.015197503057604051,-0.09600232478911835,0.12434140894021886,0.20693506292655928,0,0
86324,2021.0,1495.303,-0.059497897756168115,-1.8891787603747026,-6.082007823188239,0.9006261966244847,0.005506407948851083,1248.714,0.14453573075882215,-1.89,-2449.243,10.197,91.456,-311.382,-0.14808040745866208,8356.24,1255.628,-0.03584327915206061,2320.508,0.02875259562050647,-0.4588995168299355,0.19088057927985055,0.6599457182406708,1,1
86425,2021.0,8916.678,0.04782270083254354,3.4557374711411506,10.437714178585734,1.1902127335917272,0.215910216605197,6569.617,0.19358154674646774,3.38,12851.358,386.846,4120.674,1405.521,0.11403001780156007,35962.93,8378.654,0.03247334585777645,6806.006,0.04319132659181999,0.23106767757771593,0.06421365531981621,0.47267549953099003,0,0
86434,2021.0,1885.091,0.04810350311803731,-9.30552732115944,-2.637142329827945,2.810025913563483,0.24961053207714468,1284.63,0.5113433661454718,-0.11,-282.824,1015.973,1228.713,-796.488,-1.0655571683712717,2059.464,1711.951,-0.2379033366109629,3513.542,-0.3612488576065854,-0.512756358113835,0.10113607223571228,-1.2021976816436992,0,0
86489,2021.0,11272.898,0.036115563160812506,12.858918567426969,18.204485763909826,0.9623365400749484,0.05437089105879863,8976.442,0.2895101148252106,12.81,11102.351,-6.385,3311.275,514.151,0.05286260499501551,28976.042,9492.561,0.01568090160784817,8125.354,0.03694404610795083,0.1682642996231302,0.1875507568505485,1.3031560342638042,1,1
86779,2021.0,690.6,-0.020595138941470432,-2.6706827309236947,-4.246105263157895,0.9225637116096711,0.7265894143438772,174.6,0.4546490103944184,-2.69,-179.1,70.5,217.8,-199.5,-0.21727292528860814,1165.1,638.6,-0.14203331909440411,851.1,0.0029436232162283224,-0.24967688873222887,0.08142812402129658,-0.8549978337985495,0,0
86699,2021.0,5306.406,-0.0011824378343357333,15.00472338666824,11.051186731461625,1.1976095256343486,0.20466131718359729,4077.979,0.1663612105937007,15.34,5361.231,357.745,7367.966,762.405,0.10836931405971759,18831.724000000002,5127.349,0.024736880357215857,4181.668,0.028438865429041005,0.22614923040279633,0.034921945044115346,-1.0478006044925876,0,0
85225,2021.0,5227.8,0.029373592529973413,9.854395604395604,11.864756063562867,1.3290512772468928,0.11041113375743729,4321.0,0.361306783102866,9.61,3040.5,-95.1,459.7,358.7,0.11201673849228655,12935.6,4857.3,0.026681642702529807,4890.7,0.03403386573796085,-0.00682928824094703,0.07627694398122413,0.10089145775077671,0,0
86607,2021.0,11618.797,0.057147486246522494,7.03739550453458,16.68230809599272,9.328166636069405,0.3083813625677064,7988.613,0.6799065910171318,6.54,786.383,-706.928,521.891,773.642,0.5591652295589802,16032.372,11550.604,0.045539115953388755,11388.479,0.04684666064442875,0.01423587820638735,0.005903847106177402,0.25490987363512735,0,0
86920,2021.0,1774.718,-0.01256107496098495,0.04564829352452704,86.5311645851043,1.583345168648758,0.39019935696755875,865.437,0.5738685185132768,0.05,-1486.058,-13.241,72.211,30.586,0.018297975951676017,2299.9690000000005,1419.213,0.012367659052761696,901.935,-0.1363741473503338,0.5735202647640906,0.2504944641854324,-2.0156388454272647,1,1
86818,2021.0,1455.954,0.07413912641553039,3.5169613245240647,27.572097345461295,4.557621778262732,0.41137823433105486,833.386,0.8592939571344123,3.53,709.692,133.927,483.022,134.675,0.16529833480415201,1039.4160000000002,1415.826,0.08173703101728388,788.948,0.042378455840031956,0.7945745473719434,0.028342465811476782,-0.09295547571512433,0,0
86890,2021.0,16229.0,0.1306267352419098,1.8972332015810278,99.45008333333332,17.28687598475222,0.792570309220652,2965.0,0.8038917946122265,1.9,9469.0,2035.0,5022.0,684.0,0.1738246505717916,11582.0,14294.0,0.03846802766998481,14866.0,0.1356795378534509,-0.038477061751648056,0.1353714845389674,2.395722192012278,0,0
86619,2021.0,2785.874,0.2238637230155622,8.370716910879649,29.557802830295394,66.40918042249638,0.6229271169565797,891.915,0.8328984619285049,8.4,6990.046,100.98,443.146,521.571,2.246756323661176,2324.562,2365.365,0.1836569339981408,2406.596,0.23159376704842094,-0.017132497519317835,0.17777763685519996,0.21892333788948282,1,1
86892,2021.0,2057.622,0.010494063963818447,15.756381843552491,63.103954313398624,12.658153384599467,0.5124979019757065,848.123,1.2617496781680053,15.73,357.108,126.612,163.282,191.96,0.2005920789327114,1093.8960000000002,1739.732,0.13921998803328922,1249.824,0.10439758001701994,0.39198159100801383,0.1827235459254643,-0.9246224330854763,1,1
86847,2021.0,38.524,0.16872769682256972,0.04423221915054034,163.00335227272726,1.6949421009098429,0.44685353287536805,54.111,0.7688269227746428,0.04,-62.09,9.574,44.18,1.056,0.010398203946591043,78.799,97.824,0.008299407409736085,108.885,0.00908788651224648,-0.1015842402534785,-0.6061907098462544,19.330089666960344,0,0
86821,2021.0,6318.0,0.09345701176939956,3.2882882882882885,22.71394520547945,24.206102189781024,0.6988161559888579,1730.0,0.6136752136752137,3.29,181.0,1869.0,4604.0,730.0,1.0656934306569343,4336.0,5744.0,0.07799145299145299,5412.0,0.10888061685721882,0.06134515890613452,0.09993036211699165,0.19829812350901357,0,0
87091,2021.0,3217.17,0.04408261065093814,4.117220721345729,31.59898601634268,142.13978670090864,0.876219915345877,400.639,0.6618548745109498,4.08,4980.684,207.134,877.008,504.446,4.49823885574668,3921.0730000000003,3236.7,0.10315137146709631,3010.564,0.15534848388876912,0.07511416465486201,-0.006033923440541214,-0.5726415458761029,0,0
87143,2021.0,1362.379,-0.007891567278962446,0.07561706579207782,438.92208263226763,8.209551503453437,0.6123082103646023,573.357,0.41156759241840163,0.1,-390.134,-259.728,372.347,21.396,0.018703892623081947,3145.8630000000003,1478.899,0.005954362135199309,1823.092,0.039846859541544,-0.18879628674800844,-0.07878834186783545,-2.3253421776803456,0,0
58729,2021.0,717.695,0.011410020540558433,3.276904071839217,12.319555017471618,0.8632523929071803,0.8295806230143569,111.949,0.03668140300448858,3.58,864.349,-40.831,341.032,137.938,0.07007171863617752,2587.401999999999,656.903,0.007702445212813985,628.862,0.011289443576514862,0.04459006904535503,0.09254334353778264,0.48135043162350977,0,0
87198,2021.0,15.754,0.007052896725440807,-0.6466516698390725,-2.0567487289269466,12.426952303961196,0.20532389034739612,13.016,1.4716082659478886,-0.76,-28.346,-0.503,0.069,-7.474,-6.042037186742117,9.047,16.379,-0.67151841868823,19.842,-0.04044257916825639,-0.17452877734099373,-0.03815861774223101,-1.010502908824479,0,0
86930,2021.0,3243.224,0.08809783458530573,4.515924254140666,14.592804549273845,2.786809562377134,0.4423049875657773,1780.385,1.3399759909000475,4.53,728.097,92.925,125.211,251.117,0.19097148549939352,2131.444,3192.399,0.10540372644736677,3363.817,0.12498285550118833,-0.05095937145213313,0.01592062896899801,-0.1641867175417438,0,0
52141,2021.0,21735.0,0.030883543576484106,4.84533695594565,10.108688094415657,0.9636039523652726,0.13467880876199853,17579.0,0.2741158532471563,4.79,15088.0,35.0,4954.0,1737.0,0.09532433322357589,68456.0,20315.0,0.02343781624860007,20480.0,0.029442083115636074,-0.008056640625,0.06989908934285011,0.31768007944548865,0,0
86605,2021.0,470.252,0.033962121225163684,-2.19049648890584,-12.102279156467324,16.523292688042734,0.22964822161155996,375.367,0.8569908491168334,-2.18,43.256,2.714,13.806,-97.637,-1.3653042104232795,531.7449999999999,487.267,-0.1717210800961696,668.21,0.13164651407755273,-0.27078762664431844,-0.034919253715108935,-1.1977749103729358,0,0
87619,2021.0,3386.115,0.03233022552234619,0.8635309558658167,49.1933725264169,2.876703062623115,0.7433679257660457,798.058,0.30383879661023905,0.86,2177.221,753.72,1692.85,234.225,0.05847745163392329,8500.503,3109.736,0.022885107332594547,2868.755,0.03598461048843738,0.08400194509464899,0.08887539006526596,0.41271898149672454,0,0
87590,2021.0,53.903,-0.10731817528292974,-0.4553237410071942,-5.51256122610207,2.0090406541517907,0.4414669711392963,20.301,1.2995459258464728,-0.46,-56.963,-1.027,11.626,-6.329,-0.3644477715075435,15.195000000000002,36.347,-0.22628624548607384,43.447,-0.25315255795248903,-0.16341749718047277,0.48301097752221633,-0.5257415003178603,1,1
87424,2021.0,185.786,-0.33009554140127384,-1.1135921999113627,-10.748997703964488,1.731477877939088,0.18281721769843848,444.679,1.0819944961863024,-1.12,37.222,0.742,1.295,-32.665,-0.1610827284203882,454.05999999999995,544.161,-0.06495017139766644,590.366,-0.07055252691141725,-0.07826500848626114,-0.6585826621165427,4.082288996286369,0,0
87679,2021.0,1046.487,0.05214364138243261,1.7947299238834713,25.112413517058133,3.4905122219723244,0.49495372693287354,500.265,0.7436433933933934,1.83,845.264,32.151,240.297,58.711,0.1389954900034328,1061.869,990.533,0.044077327327327324,996.81,0.06451135203385736,-0.006297087709794174,0.05648877927338116,0.18300370154485943,0,0
7088,2021.0,2078.7,-0.08505652620760534,-11.261097365740067,-1.054959353796446,-0.35070882921589697,0.6461095100864552,675.4,0.7550342208331685,-11.59,-2909.6,-2.0,97.1,-619.0,0.332438238453276,2227.2999999999997,1908.5,-0.24488665585314714,2432.8,-0.052908810306649665,-0.21551298914830655,0.08917998428084874,-0.6526698202019967,0,0
90908,2021.0,4491.531,0.0311569573795378,1.1887793862068246,24.798545753779628,7.476089762819458,0.578109455135547,1749.694,0.2931084698592514,1.19,-3206.232,11.508,218.076,342.693,0.3014729104298386,13571.328000000001,4147.27,0.02421984121156241,4262.584,0.019351564065121805,-0.027052604711132824,0.08300906379377264,0.2864228591500283,0,0
87757,2021.0,1446.99,0.18818698735016726,0.8268065897604074,7.87366728884741,2.256629353233831,0.19450589217020156,1084.009,3.3249388511426807,0.82,-146.743,-55.977,225.549,21.43,0.2866046113518429,148.054,1345.769,0.05294626312538604,1409.172,0.00030200381786916027,-0.04499308813970191,0.07521424553545222,2.5543015926262345,0,0
118991,2021.0,10.988,-0.37287331589114114,-0.7108130108498087,-4.99428112008785,-6.710519160237764,-7.996962684408446,62.205,0.05043770061278085,-1.0,-1094.132,20.452,123.268,-63.745,1.343640655958855,10.818000000000012,6.914,-0.4650204260285964,6.011,-1.4566068129056713,0.150224588254866,0.5892392247613538,-0.1981571238158658,1,1
87649,2021.0,1288.755,0.05984851807986431,0.9776654973771441,16.65191217617433,2.7919148078955582,0.29604557102329904,779.909,0.5411627190190953,0.98,,0.699,3.14,60.758,0.1676633156815617,2012.128,1107.897,0.029677817055341966,1267.705,0.03434436844833833,-0.1260608737837273,0.16324441712541887,1.016607824229837,1,1
87867,2021.0,2212.5,-0.1064399006306134,-1.3691480856356044,-8.056104460665045,1.818930012818165,0.028970157622578034,1558.6,1.1468276650471563,-1.38,-1898.6,44.6,84.3,-123.3,-0.22578282365867056,1209.2,1605.1,-0.0880965990282938,1836.6,-0.05387744215509768,-0.12604813241859958,0.3784187901065355,0.2082180447899961,1,1
94807,2021.0,38.35,-0.37442476074119324,-0.18763123831439665,-19.3464586846543,-4.667564818581943,0.8478329994594423,9.571,0.9258692260134838,-0.22,-347.352,0.473,38.981,-6.523,0.24126197433147167,21.731999999999992,62.898,-0.09601966614655401,54.693,-0.4026260133944307,0.15001919806922287,-0.39028267989443227,2.8994590979905293,0,0
87952,2021.0,32.702,-0.21429875107553514,0.18014928996237406,15.542664645443827,1.2448977389239653,0.5437345856278929,13.505,0.32124639128264126,0.18,32.8,-11.89,19.663,5.937,0.08009551562247047,71.00300000000001,29.599,0.06443595476350691,43.23,0.16057517595706022,-0.3153134397409206,0.10483462279131045,-4.325763571938294,0,0
7308,2021.0,33823.0,0.030398618697391796,10.685419968304279,13.136591768631813,1.2132936543269066,0.2524567517503375,23810.0,0.27278099414203005,10.56,41273.0,227.0,11359.0,2697.0,0.09235985069004486,100788.0,31851.0,0.02309787263197561,31330.0,0.023809956230362687,0.016629428662623683,0.0619132837273555,0.316078722129127,0,0
88457,2021.0,2776.222,0.07577326519417371,6.1100896145703425,18.284510874208525,2.7512281055092163,0.3336583681222131,1640.05,0.8861913260888117,5.92,1399.836,-74.42,294.953,210.682,0.15046768953442446,2469.286,2461.275,0.07585684694438574,2352.717,0.07787098178964638,0.046141546135808086,0.12796091456663725,-0.0011018352802523994,0,0
88426,2021.0,1133.5,0.043232810615199034,4.356149732620321,22.003375890007362,7.957711774107618,0.32135003346400237,709.8,0.6029284602524932,4.38,-723.6,74.8,801.0,407.3,0.3616586751909075,894.3,1045.9,0.23479564189773447,788.087,0.02833910140577624,0.3271377398688217,0.08375561717181365,-0.8158704724424607,0,0
129266,2021.0,5051.0,0.04615473374487971,2.4270186335403725,29.975047984644917,3.278299658882183,0.6086677092482701,1826.7,0.29314351026149865,2.44,1466.0,-451.5,215.2,625.2,0.1093676200472317,15680.3,4667.9,0.039262478334045066,4632.9,0.026193021963909185,0.007554663385784283,0.08207116690588924,0.17554305543820622,0,0
88511,2021.0,30.168,-0.2650363707356578,-0.3895872329439101,-7.572116718785596,4.484115771400539,0.5014199854699161,7.549,0.1185353938653765,-0.44,-569.912,3.443,66.373,-48.287,-0.5921878832474858,57.69199999999999,15.141,-0.3780277764729829,4.131,-0.448519453186659,2.6652142338416844,0.992470774717654,-0.2988970990215066,1,1
89245,2021.0,1906.715,0.07188558316364431,5.011862958000277,72.58777884564415,7.68567041625507,0.9068647597658237,156.588,0.2830185217293232,5.05,3786.818,40.578,913.151,433.887,0.1058810524096409,5008.7480000000005,1681.297,0.07303769490909152,1515.892,0.09326421551071559,0.10911397381871529,0.13407387273039795,-0.015774207371703396,0,0
90085,2021.0,443.199,0.00861866921965888,2.1293557536466774,7.405995908853051,0.6012828123461128,0.8314298391997608,34.951,0.03222388276821582,2.11,161.947,759.634,876.828,42.042,0.08118865035117635,68.2150000000006,207.338,0.006534048169372376,250.436,0.00569458301728235,-0.17209187177562335,1.1375676431720187,0.31903974324185935,1,1
88638,2021.0,1591.445,0.1795958542702275,9.806415987378385,35.73170875587899,14.866224515409288,0.5730932976197887,637.846,0.7171544618669207,9.83,593.856,225.806,605.177,372.938,0.4160513178078371,1396.1169999999997,1494.111,0.17900554289455445,1435.351,0.2261285918481152,0.040937721853400305,0.06514509296832686,0.0032977267973248675,0,0
88930,2021.0,1211.653,-0.039559945805886426,-0.7587217208554827,-175.6375181268636,19.88188508443815,0.7139625185623435,291.048,0.6342586186046918,-0.76,336.931,103.536,465.168,-61.373,-0.11319839460540197,1115.0659999999998,1017.517,-0.03825621999399101,911.383,-0.09182767878539255,0.11645378507169873,0.19079386388630357,0.03407879325506275,1,1
89429,2021.0,1131.686,0.023889794785504882,3.53282280191654,26.984087610701536,1.331486570814594,0.5253923260088765,487.732,0.44762168596924745,3.81,228.526,-218.477,209.077,86.268,0.04934339785817119,2022.6809999999998,1027.653,0.03757632936914994,997.137,0.04534348790214418,0.03060361815878869,0.10123358760204067,-0.36423287780955166,0,0
89046,2021.0,2273.062,0.07059781530886355,2.538631063183345,28.728081467871355,7.6647494501936135,0.2547284901664642,1452.719,1.2854376922305872,2.54,685.156,53.424,159.015,118.648,0.2668033874369803,1290.7350000000001,1949.248,0.07824279481511573,1643.704,0.05604639203711828,0.18588748339117026,0.16612252519946147,-0.09770841550735661,1,1
79116,2021.0,1787.401,0.06417368913470604,2.411863802124623,34.504435916609836,6.98214172641773,0.6471785810807366,553.526,0.2708921665609647,2.41,-716.397,95.381,121.569,243.386,0.20235490136086093,5657.855,1568.856,0.04202511948235336,1753.644,0.06263277090060772,-0.10537372465563137,0.13930214117803041,0.5270316878373903,0,0
82558,2021.0,2494.922,0.06705318614446233,-1.2646582593803517,-18.360691378694803,2.743281407783866,0.378785298244193,1119.76,0.7309933053999647,-1.27,956.468,184.517,469.11,-81.229,-0.14941057235824398,1696.3309999999997,1802.533,-0.032941341547884966,2592.262,0.03951276306504589,-0.3046486041920146,0.3841200133367878,-3.0355329501984882,1,1
89683,2021.0,2646.9,-0.005079388280864592,-0.6255458515283843,-110.83120418848168,2.613319616476688,0.43419921509998133,1513.8,0.4793170784141601,-0.63,1195.2,18.6,53.3,-57.3,-0.023579276572980534,5347.4,2675.5,-0.010265321843816622,3308.9,-0.053876029206151935,-0.191423131554293,-0.010689590730704508,-0.5051895733864212,0,0
90468,2021.0,3712.768,0.08947467435688695,-1.8272888988605587,-12.625261399215933,1.536944154990028,0.6098466620421683,1219.379,0.9428284757739445,-1.82,2047.163,431.893,1109.343,-114.021,-0.1217356303676593,1916.1629999999998,3125.384,-0.03439649196265832,3623.073,0.011087806877550416,-0.1373665393990129,0.18793978595910135,-3.601273247691156,1,1
90175,2021.0,0.0,-1.4220604582780505,-1.1012095863310583,-3.0965949101126395,3.7107560915652957,,0.0,0.0,-1.38,-887.124,-18.409,180.025,-160.868,-1.1983343638029544,-17.611999999999995,0.0,-0.8174270063720159,0.0,-0.4277710081880402,,,0.7396788302720478,0,0
90402,2021.0,183.982,0.17975961631812976,0.33686374643362343,11.84455152043558,5.588512278050624,0.5938542369935628,60.759,0.7038926086076854,0.34,-223.309,29.936,53.137,56.201,0.47182134911640017,143.20000000000002,149.599,0.2644367174670989,123.864,-0.015269188179373413,0.20776819737776903,0.22983442402689866,-0.32021688198237686,1,1
90227,2021.0,1087.038,-0.003483499264852207,-2.5936463840845954,-14.840110909562064,2.923944545046088,0.07247177300227352,722.09,0.7348427069803969,-2.74,222.066,29.27,51.664,-57.885,-0.1970298310346236,969.99,778.51,-0.05463818074727399,1161.45,0.04219632043757765,-0.32970855396271903,0.39630576357400676,-0.9362442303676809,1,1
90320,2021.0,1691.184,0.24787938858133407,4.506705503974756,12.525779629978723,2.3789102537873754,0.35750255167269274,912.126,1.7566403436917661,4.49,858.951,143.212,209.509,74.266,0.18992113258114343,500.2420000000001,1419.657,0.09189448702370552,1184.234,0.035522806488784156,0.19879770383218184,0.19126239648027663,1.6974348147499858,1,1
90991,2021.0,1861.003,0.009296591093045226,5.161000528448124,11.83685211099355,0.9364341790659906,0.7535913385008887,467.333,0.04207064529157977,4.72,2095.395,35.998,5125.001,292.99,0.07911175794756035,2863.115999999998,1896.577,0.006499223793170516,1792.279,0.009713034879865239,0.058192948754072334,-0.018756950021011576,0.4304155986772183,0,0
90334,2021.0,25554.7,0.08821650847407275,6.761782742278557,8.78318666298749,1.4457351309613928,0.15576773511903305,17259.4,1.543261972341325,6.74,2990.7,21.4,49.5,543.6,0.16460257380772142,12522.300000000001,20443.9,0.04103508665982245,23179.4,0.031256499817108596,-0.11801427129261326,0.24999143998943446,1.149782433881046,1,1
90373,2021.0,1459.942,-0.024278233851891307,-7.025161642128223,-2.6163099066332527,-1.4406985136526338,0.2231041135058263,1452.577,0.7628594801575725,-8.55,-1784.583,104.419,589.882,-450.91,0.5506604970611332,1681.58,1869.719,-0.18397468721120716,2900.117,-0.009437200473906775,-0.35529532084395216,-0.21916501891460696,-0.8680349225216002,0,0
90344,2021.0,26950.0,0.01980066445182724,-5.012524912691301,-3.9600800685780997,0.9483477543033603,0.1570208220351708,22350.975,3.4947100107921845,-4.81,599.687,1.845,46.993,-274.14,-0.23947691407256638,5906.530999999999,26514.267,-0.036132992187133416,21387.068,-0.03968686659801294,0.23973360911369435,0.016433907073501227,-1.5479940423776488,0,0
90377,2021.0,27.31,-0.1346112037104138,-0.5780971864289699,-2.041179282136128,1.408136076852351,0.47215782535569795,11.612,0.43641882240914137,-0.58,-215.056,-3.213,6.108,-21.759,-0.6898639865571795,42.475,21.999,-0.43165767338517697,67.154,-0.12238990259294827,-0.6724096852011794,0.24142006454838857,-0.6881528766655389,1,1
90535,2021.0,1821.019,0.09055027297991859,5.509664518995779,18.084585668776967,2.392274177201686,0.252054583143906,1173.02,1.456500197348564,5.58,485.271,43.332,129.562,74.397,0.13228249853309865,683.398,1568.323,0.06909242878038588,1588.404,0.07598835348301035,-0.012642249704735006,0.16112497234306958,0.3105672296994749,1,1
90441,2021.0,18408.85,0.25648439730676165,2.6115952473520014,14.117807894383303,1.7896675890714366,0.17968351135793412,7876.254,1.036254681583265,2.61,4760.871,-13.275,1368.618,550.822,0.12676667670081038,7127.489,9601.482,0.059448309773330536,10464.991,0.08109256364819446,-0.08251407000732251,0.917292559627774,3.3144102546347693,1,1
90454,2021.0,494.315,0.03652836447203398,0.5253194510175107,79.76099099099099,4.289333354865799,0.597092546727723,180.899,0.6969442021179166,0.53,127.291,21.46,90.652,9.99,0.053777332773489235,552.9089999999999,448.984,0.01550717303769842,461.697,-0.014972776769509984,-0.027535374932044224,0.10096350872191441,1.3555785689133921,0,0
90460,2021.0,2125.476,-0.02794997664161051,-3.3992608848171386,-1.8268677251978744,0.9283558486318251,0.2319813882624387,1401.369,0.3075113181348516,-4.01,,-29.387,27.018,-416.678,-0.5081680714082742,5708.168,1824.655,-0.07022324824023922,2480.82,0.014550503733076717,-0.2644952072298676,0.16486459084046032,-0.6019839961547855,1,1
90745,2021.0,2787.635,-0.0024312347460913844,0.053860409461687755,892.492286643186,1.4009068501434634,0.4802267800241744,1172.664,0.4217442597552242,0.06,258.867,-8.36,295.949,3.691,0.001569657095203041,4908.384,2256.107,0.000689975281649555,2309.238,-4.3408216602086705e-05,-0.023008022559822705,0.2355952089151801,-4.523654847864871,1,1
94474,2021.0,10788.0,0.14657262508265373,10.759398496240602,11.075897973445143,2.344963752034325,0.42121436897319064,5462.0,0.6728219021816626,10.62,9282.0,-34.0,1158.0,1431.0,0.21171770972037285,12269.0,9437.0,0.1020248110651647,7726.0,0.06680682083625321,0.2214600051773233,0.14315990251139132,0.4366370645767303,0,0
90624,2021.0,22831.7,0.09510267428612439,17.747169811320756,16.49108016159898,2.9140541048281046,0.16957856799981702,10898.7,1.6608623024259372,19.74,1831.9,76.2,160.2,470.3,0.17670486567724966,7583.700000000001,13124.3,0.05951582490730312,12672.7,0.044625980045694374,0.03563565775249146,0.7396508766181817,0.5979392780701329,1,1
1299,2021.0,1777.159,0.09292540958284091,0.04216214003561268,827.9940242718446,1.6841426626289395,0.1628340376890215,1129.326,1.0974744015086555,0.04,975.419,-20.778,169.51,2.06,0.002034003402512488,1006.8799999999999,1348.987,0.0016759222046675247,1351.609,0.015240814987063828,-0.0019399101367332148,0.3174026139614392,54.4473288342616,1,1
90733,2021.0,958.956,0.05935183193071185,1.6124737150539488,35.59747949012586,1.3241633950921512,0.4019722317400017,539.314,0.0901757155593384,1.63,-103.133,746.786,823.13,187.105,0.03719823465196325,8732.478000000001,901.821,0.01870917539038236,842.095,0.021959655707007142,0.07092548940440212,0.0633551447571081,2.172338207980147,0,0
90737,2021.0,159.518,-0.22894412186998683,-0.3559314978890409,-19.441943298194026,11.21068531684103,0.6669730150810947,38.048,0.5159948512973376,-0.37,-909.294,1.482,133.594,-59.857,-0.5766237019054775,63.608000000000004,114.249,-0.270338504618025,93.774,-0.43038632313408043,0.21834410390939912,0.39623103922134995,-0.15312055826648294,1,1
52628,2021.0,1909.71,0.020452544338108634,2.4570043505282784,78.15614976779011,5.866302396369221,0.40210693668699554,1174.085,0.3744502531543227,2.45,589.065,283.697,402.086,98.833,0.075058743474424,4782.454,1963.704,0.018846038848014352,2271.575,0.06804287408465781,-0.13553195470103338,-0.02749599736009089,0.08524366860591218,0,0
90800,2021.0,3620.684,0.10281041357371404,2.3374999191268286,16.851337481420792,2.4259817691844545,0.4963049490721958,1779.13,0.8448282996290047,2.34,-4318.48,184.547,1239.291,361.291,0.1439637519490181,2649.7220000000007,3532.157,0.08641429619387325,3572.131,0.06509413753619638,-0.011190519048713416,0.025063155459963994,0.18973848196432183,0,0
58929,2021.0,5677.105,0.04620873969192029,2.8051100793225325,13.218732581416292,3.257244397476839,0.22074554703295024,3835.446,0.7558746824506349,2.79,2134.442,205.657,409.481,308.722,0.24641124838670797,5299.564,4921.943,0.04741118369626078,4489.927,0.0393047416386622,0.09621893629896446,0.15342761994602525,-0.02536203297609978,1,1
90776,2021.0,33197.219,0.043711954591995894,4.577494913342975,26.108166641898254,4.467907170693026,0.15615935303800274,16952.724,0.932614755833856,4.58,2769.206,115.557,628.734,746.919,0.17113063632445763,20113.474000000002,20089.959,0.03467342470995923,21424.117,0.04214141591226183,-0.06227365169822399,0.6524284096348827,0.2606760064124998,1,1
90977,2021.0,0.0,-1.3516856724742525,-0.6910813339130664,-4.6593647404243965,6.105282170426442,,0.0,0.0,-0.74,-2328.005,9.25,52.451,-52.451,-1.3103250143645855,4.152999999999999,0.0,-0.9005854981885614,3.345,-0.8647363872082974,-1.0,,0.5008965558439865,0,0
90992,2021.0,2995.443,0.014907859492154337,-0.06445556946182729,-2248.370485436893,5.286451977072844,0.20214242558504852,1980.841,0.5039264531652049,-0.06,918.941,282.129,1834.643,-3.399,-0.002351237045368706,2944.4750000000004,2482.7,-0.0006899126009217914,2750.109,0.07444694402733043,-0.09723578229081106,0.20652636242800196,-22.608330493218944,1,1
90972,2021.0,93.452,-0.1638760136908326,-1.7823426004297154,-1.7168416438356167,0.3719357085199665,-0.036464123621786866,260.11,1.0847918458738757,-1.79,11.067,-6.544,51.157,-27.375,-0.216639496051028,110.07199999999999,250.959,-0.11833079021193639,303.308,-0.19540543641233182,-0.17259353528426546,-0.6276204479616192,0.38489748439372734,0,0
91266,2021.0,3504.8,0.06385701425509901,5.113499995658327,34.555588178357105,6.107431483373411,0.5823331669024767,1408.695,0.5594973506266695,5.14,1862.307,66.855,3270.398,588.886,0.17674222333737108,2686.8189999999995,3372.772,0.09768823887921771,3088.97,0.08172817343567128,0.09187593275428384,0.03914524907109056,-0.34631829800870717,0,0
90861,2021.0,158.444,0.1418205549379746,-0.2368786166288789,-13.720107142857142,1.2952399897503675,0.37289336045329075,69.062,0.8723631783651904,-0.24,-622.491,8.561,30.538,-7.0,-0.09440450983829855,79.21900000000001,110.128,-0.05544949738991294,87.265,-0.32843504134645224,0.26199507248037585,0.43872584628795575,-3.557652667989265,1,1
91783,2021.0,8230.0,0.05771527132811463,2.13959451879157,43.04553932584269,3.3397863340113743,0.21134892714235842,5873.4,0.9130296194586112,2.14,2124.2,733.5,1178.2,186.9,0.0775872805014737,5751.900000000001,7447.4,0.022913397410749315,8547.6,0.06815630907372401,-0.12871449295708745,0.10508365335553353,1.5188439013866528,0,0
91072,2021.0,1854.0,0.020915904720794257,10.217259191735035,3.989328178438661,0.9751288323489322,0.8680037313432836,283.0,0.06907661576132483,9.59,854.0,198.0,623.0,538.0,0.24443434802362562,10442.0,2144.0,0.017333591081899608,1404.0,0.009369895985558326,0.5270655270655271,-0.13526119402985073,0.20666886751675115,0,0
91140,2021.0,328.304,0.014873694475137225,-0.3623251983025658,-48.18875441674286,2.1367746897686657,0.9446943431768173,13.623,0.19683572676878622,-0.36,-357.832,33.985,502.649,-40.471,-0.044341770515368584,739.7670000000002,246.322,-0.03234034596203159,224.027,-0.06752796519157032,0.09951925437558873,0.3328245142537003,-1.459911421250698,1,1
91098,2021.0,469822.0,0.07933439385184604,42.40755467196819,76.80070273311142,17.539246606141063,0.4377408927017282,217068.0,1.2019614253023865,42.64,52371.0,5967.0,84629.0,21331.0,0.22837351719412444,164027.0,386064.0,0.06641137004000686,280522.0,0.051445517829237106,0.37623430604373276,0.21695366571345684,0.19459053177271043,1,1
105517,2021.0,736.612,0.012880314584047344,1.8931525814825498,15.022560927301647,1.2898470416114631,0.8086121788812569,136.671,0.04013094251025633,1.91,185.434,1093.413,1608.619,164.089,0.08586066302898633,953.3969999999997,714.105,0.009221397729417173,657.419,0.014379124336792398,0.08622507107339465,0.031517773996821125,0.39678549412936204,0,0
91230,2021.0,2385.882,0.018903337273079756,5.6402004535810955,31.598167736546305,2.077561840168,0.44866196191448693,1276.406,0.10141573386716016,6.03,-6.625,355.016,597.705,770.959,0.06574944020456924,21945.152,2315.106,0.03377269670006121,1736.079,0.019747420720357678,0.33352572089173377,0.030571386364166408,-0.4402775282956455,0,0
139185,2021.0,4645.714,0.13761394217554446,6.517684373250886,28.031427963866406,4.442055741263763,0.5667335025690438,1739.698,0.5560234966011075,6.43,384.685,682.697,1399.08,733.611,0.15846698024052663,5508.522,4015.307,0.10158748841994773,3239.141,0.050958878970204624,0.23962093653842167,0.15700094662749328,0.35463475193587485,1,1
91214,2021.0,6218.5,0.07768586482322938,-1.6543715846994533,-74.4451857968621,3.461569651359238,0.6473141247045991,1552.1,0.557946117274168,-1.65,5752.1,958.2,2778.0,-121.1,-0.04649823375825526,4753.6,4400.8,-0.015353407290015848,6159.8,0.05278918666465199,-0.28556121952011426,0.41303853844755495,-6.05984524189283,1,1
91210,2021.0,4254.485,0.07069737179121453,3.487724375650364,19.61450866863395,3.3881657793929705,0.22438847251957725,2684.808,1.7096525809724097,3.4,727.86,-27.931,88.561,214.509,0.17273773392096592,1682.803,3461.537,0.10594596143037345,2886.815,0.13795015500661043,0.19908515093623932,0.2290739633867845,-0.332703476029371,1,1
91208,2021.0,2892.131,0.02258838239201175,5.604499129842858,16.8668060802519,2.539666369511962,0.3729926890609138,1725.721,0.12040822129836178,5.54,-559.543,1027.443,1719.329,872.727,0.15057186034085435,20802.596999999998,2752.314,0.03818005712613291,3032.51,0.024502528904874137,-0.09239738698306035,0.05079979973215266,-0.4083722211994598,0,0
91255,2021.0,804.589,0.016112737633239563,0.6387498280113882,49.048936885884245,1.0777323167248527,0.6462778345162958,248.331,0.0355711212662156,0.75,390.847,553.916,883.611,60.351,0.021972592784880778,2638.756000000002,702.051,0.003057830185467121,561.343,0.013562995689882108,0.25066314178675086,0.146054916238279,4.269336966394733,0,0
91272,2021.0,674.728,-0.026456259339956354,0.14749136961973114,28.476242446108056,0.3627886533493901,0.2912092481136383,519.937,0.29362424838228574,0.13,412.904,28.759,291.32,22.174,0.012740046515476047,2156.9359999999997,733.555,0.00887571359152184,751.909,0.022304582184292477,-0.024409868747414968,-0.08019439578491047,-3.9807473018538597,0,0
100892,2021.0,781.461,0.010894737614316172,-0.4474640760450308,-19.353508948791,1.415895471895352,0.5689075054001852,377.193,0.3147688869606385,-0.46,-2406.994,-2.588,1.097,-68.445,-0.0731596257630481,2747.806,874.97,-0.024622965893711667,965.485,0.03129607151182887,-0.09375080917880649,-0.10687109272317909,-1.4424624418254393,0,0
91299,2021.0,253.739,-0.001900435709650505,-1.5195230054875473,-95.85244808667271,4.808099549560535,0.47118176796420086,104.348,0.49350613621982853,-1.66,-136.692,-2.696,86.334,-14.399,-0.05016146843962613,298.386,197.323,-0.03601199482791823,122.661,-0.0059936831080417636,0.6086857273297952,0.28590686336615595,-0.9472277023605148,1,1
91410,2021.0,638.13,-0.1926718285164369,-1.51724927841664,-21.38079777757647,22.057639684992274,0.6490953218219798,186.802,0.7846947785185634,-1.57,-595.248,-35.239,161.047,-165.585,-1.0316565319244382,486.126,532.344,-0.2440784246671256,446.237,-0.24601472080566225,0.19296248406116037,0.19871737072269047,-0.2106150767762331,1,1
98544,2021.0,12.685,-0.22835053325509957,-1.005137912385073,-3.7706268496099007,3.3672026907984303,0.5866342367384758,3.569,0.2625273656044758,-1.14,-294.409,1.2,22.748,-11.151,-0.8930087290782414,9.204999999999998,8.634,-0.3390598394551204,10.31,-0.4623398395401748,-0.16256062075654704,0.46919156821867036,-0.32651848823480273,1,1
97101,2021.0,1862.616,-0.014831929002457316,0.4526738995971179,14.469577339956055,0.5636924522235034,0.2607194493790294,1408.688,0.5137026647777284,0.45,-446.519,17.675,136.768,54.157,0.03895707794220998,3487.188,1905.485,0.014600269861146868,1980.689,0.04981655651617998,-0.03796860587401665,-0.02249768431659127,-2.0158667711976284,0,0
91360,2021.0,19367.0,0.06201870364398581,7.875941688680169,18.838382236024845,1.3734329897840893,0.055931621046540446,15662.0,1.1587957950616423,7.79,3598.7,187.7,839.8,402.5,0.07290610056513548,11092.400000000001,16589.9,0.028114413439038873,17983.2,0.039151295291312546,-0.07747786823257258,0.1673970307235124,1.2059398030288766,1,1
73211,2021.0,1313.917,0.013716943894925403,-6.917530173548991,-2.1886424229693713,1.2328070674268101,0.7648739748258502,334.969,0.04873020257275696,-6.92,-810.022,1210.425,2573.181,-1523.42,-0.5632747745765788,2039.7929999999983,1424.636,-0.05210914591754625,1470.9,0.012275014543203028,-0.03145285199537706,-0.07771739588217626,-1.2632348631587649,0,0
91441,2021.0,50.829,0.15161725067385443,-0.0854373024236038,-26.335101134681796,4.662525111363438,0.3820481927710844,10.258,0.7662127855988923,-0.09,-76.341,-0.851,4.582,-2.027,-0.17704603022098,14.189999999999998,16.6,-0.09356104315716594,22.291,-0.13619130941965588,-0.25530483154636396,2.061987951807229,-2.620516889910733,1,1
91775,2021.0,133.671,0.32343859877891457,0.7298564692471112,9.960862589187462,4.323922861787615,0.8815851599324579,14.797,0.8339996395939426,0.71,-95.193,-43.097,117.89,56.342,0.4340912067676993,30.662999999999997,124.959,0.37603700168856913,26.742,-0.03646646455082944,3.672761947498317,0.06971886778863458,-0.13987560445771277,0,0
101282,2021.0,3818.0,0.06773315180394826,3.38865836791148,6.179436734693878,3.276974025974026,0.13797634691195795,2624.0,1.0554785020804438,3.3,122.0,207.0,315.0,245.0,0.5303030303030303,2146.0,3044.0,0.08495145631067962,4388.0,0.10337477797513321,-0.3062898814949863,0.2542706964520368,-0.2026840416220948,1,1
92073,2021.0,6584.0,0.2639959772041569,3.013333333333333,36.02654867256637,-4.127233557217083,0.5107926397735315,2765.0,0.9658236500341764,2.99,-7891.0,256.0,988.0,904.0,-0.11456089215562033,4649.0,5652.0,0.1544771018455229,5597.0,0.24737143949531637,0.00982669287118099,0.164897381457891,0.7089651090693873,1,1
91859,2021.0,337.814,-0.08330345603868762,0.03496192540714802,2020.1976629570745,3.5267658887103353,0.5739414408494756,129.682,0.5791107931627574,0.04,103.348,51.999,185.633,0.629,0.0017457528802147081,325.83799999999997,304.376,0.0011967457647757197,387.605,-0.1276533248980162,-0.2147263322196567,0.10985754461587,-70.60831489075659,0,0
91863,2021.0,1915.364,0.18041273880438763,-9.624588590235875,-7.633573041712677,11.474843698126948,0.3002125314758065,1065.495,1.3354635053814181,-9.59,-56.606,-4.939,63.548,-140.365,-1.5032074279533505,824.4549999999999,1522.598,-0.12311347770906225,1870.667,0.062045188873850195,-0.18606678794248255,0.257957780057507,-2.4654182642028286,1,1
92114,2021.0,769.491,0.005118733271315406,-0.2943790268829149,-102.69073962264152,2.7521841056655676,0.28604519093959,462.647,1.0428027962304958,-0.29,122.707,4.516,73.919,-7.95,-0.026800703897732557,461.3860000000001,648.006,-0.012793526958133787,830.129,0.10011640476977263,-0.21939120305398324,0.18747511597114844,-1.4001033716555427,1,1
92189,2021.0,23102.138,0.12012401054507953,3.7708752177992224,24.89342515417015,6.705852421336292,0.1551161570733233,13693.122,3.1505235546117634,3.74,4326.835,-204.062,243.796,506.421,0.26938247267322823,3617.098,16207.106,0.09844393496593679,15309.508,0.12431815145677926,0.058630100980384216,0.425432646642775,0.22022764111008364,1,1
92180,2021.0,1069.298,0.1495772906848657,1.357443820224719,78.62572167615107,-1030.4863143254522,0.4209272522452691,448.244,0.48765570929351304,1.36,1019.854,201.013,234.779,75.387,-13.106223922114047,1269.2250000000001,774.072,0.0474928701161004,1114.82,0.1607287087357356,-0.3056529305179311,0.38139346210688413,2.1494683374412022,1,1
92345,2021.0,322.945,-0.12667528349428853,-0.8687108250042351,-34.09650156006241,1.007251998986105,0.34979025845747497,237.309,0.31704471616752317,-0.87,975.552,-52.991,345.955,-30.768,-0.02954121252621149,767.7930000000001,364.973,-0.02672754375540753,414.806,0.0014255344718270462,-0.12013567788315495,-0.11515372370010937,3.7395033622818223,0,0
93581,2021.0,525.593,0.016997664256225058,-1.7657198772167342,-18.406090580590305,0.9217470329074599,0.12223138891584981,361.746,0.061472050666859575,-2.05,-966.776,496.57,1028.01,-131.728,-0.05007837100831535,5574.399,412.12,-0.019648622464923028,653.765,0.030747649072726747,-0.3696205823193349,0.27533970688149073,-1.8650817270559046,1,1
92673,2021.0,13481.9,0.09646223953803876,15.836603836161627,8.280815846422337,1.6366264762693157,0.16300521572458024,9082.9,2.132235626989429,15.55,1633.9,59.2,87.3,286.5,0.1976407284768212,4559.499999999999,10851.8,0.056293472707981296,12043.8,0.03123765753473843,-0.09897208522227205,0.24236532188208412,0.7135599368408183,1,1
93593,2021.0,3717.93,0.23114869012185293,25.679064417177916,44.38167923429544,94.63365688511543,0.5973109484480145,1242.367,1.0961532380498618,25.24,4760.671,-113.531,94.254,602.739,2.1322685062350755,2544.494,3085.177,0.21415118372428407,3008.652,0.20116329386255655,0.025434978854317513,0.2050945537322493,0.07937152670355004,1,1
93558,2021.0,12396.4,0.0701292436332938,-1.2285126831950655,-31.395687262819887,1.9799429188578863,0.14576009809315846,8343.397,2.607330552940168,-1.19,718.154,141.21,243.493,-51.385,-0.06306416872748695,3397.402,9767.042,-0.013717324084695299,10454.343,0.03540549270640022,-0.06574310791218552,0.2692071970203466,-6.112458027549152,1,1
93630,2021.0,2412.4,0.06373079176242621,4.595454545454545,22.130563798219587,1.6098140087059756,0.5641430332922318,883.7,0.2570066802722813,4.34,3907.2,502.3,1039.7,202.2,0.0727416627693636,6536.8,2027.5,0.02563094981556364,2239.6,0.0020513490559874565,-0.0947044115020539,0.1898397040690506,1.4864779581335514,1,1
93605,2021.0,94.864,-0.08574443814090246,-1.4075049374588546,-4.390748362956033,0.5248604087718208,0.575176357640773,40.71,0.5128743075811502,-1.42,69.868,13.761,32.686,-19.242,-0.1195378020749208,152.566,95.828,-0.10298375658968664,95.809,-0.0007227686991648556,0.0001983112233715565,-0.01005969027841548,-0.1673984230102422,0,0
93608,2021.0,58.183,-0.317149535407168,-0.12627524463876744,-12.353965375103051,1.2990927808239963,0.7719579207193441,15.521,0.8325015900973628,-0.13,-609.503,3.391,33.905,-4.852,-0.10515593506859411,45.101,68.062,-0.05934732619012672,172.113,-0.12519874306746626,-0.6045504988002068,-0.14514707178748784,4.343956598670327,0,0
92330,2021.0,718.0,0.004674717569146864,-1.9522373807481808,-5.147939538043479,3.778806682180851,0.7379619260918253,234.0,0.31689141234918383,-1.97,-1319.0,-208.0,739.0,-1104.0,-0.7340425531914894,2059.0,893.0,-0.39176721078779275,1040.0,-0.03909465020576132,-0.14134615384615384,-0.1959686450167973,-1.0119323859690723,0,0
94558,2021.0,6894.0,0.016716673810544362,5.192789781544706,15.14985264367816,1.786563442900712,0.24903958576916652,4496.0,0.8729950422863809,5.18,2824.0,401.0,665.0,348.0,0.11792612673669943,5594.0,5987.0,0.05074365704286964,6209.0,0.06837748344370861,-0.035754549846996296,0.15149490562886253,-0.6705662385266861,1,1
93735,2021.0,703.277,0.16206516199813306,1.1880487397763313,68.90289704394739,6.051537553167466,0.5545013700088878,217.545,0.5405700407045416,1.19,619.463,80.184,449.192,71.176,0.08782704084717509,419.43500000000006,488.318,0.07879212565825233,420.669,0.24066297132962472,0.1608128956495487,0.4402029005688917,1.0568700316712307,1,1
94392,2021.0,2772.7,0.0017691287041132243,0.22713823232499045,61.372318773946354,1.6676913274336285,0.3322163161543794,1733.7,1.1028887000849616,0.22,948.0,-51.5,489.8,26.1,0.027173347214992195,1682.8999999999999,2596.2,0.0110875106202209,3723.7,0.07784361113276682,-0.302790235518436,0.06798397658115708,-0.8404395030849605,0,0
94540,2021.0,1320.695,0.026483935085329216,2.5960878439242427,27.187061549239168,1.8002602638789782,0.5278930634333309,562.167,0.08096216142417448,2.61,-2090.841,60.261,311.779,455.359,0.0662175373612364,14225.408,1190.762,0.030960719996061908,1255.995,0.021708611059391713,-0.05193730866763001,0.10911752306506253,-0.1445956331539487,0,0
94122,2021.0,61.931,-0.6726643883559106,-0.33011659346178923,-3.0595250890255743,2.7658393327480244,0.05722140939273605,58.638,0.799981993105932,-0.41,-337.349,36.887,58.679,-30.89,-0.9040093649400058,14.914000000000001,62.197,-0.39730925554355095,61.303,-0.7701056051990252,0.014583299349134717,-0.004276733604514773,0.6930498823533615,0,0
94244,2021.0,1327.576,0.3956266975305531,7.181528157222173,30.132862430174455,-17.66288543070843,0.8942138346882184,133.825,0.7159685552744621,7.08,-15665.358,-107.0,1166.907,814.888,-0.5861668625620235,587.6630000000002,1265.052,0.46119383556604465,1231.661,0.3302567571139083,0.02711054421630615,0.04942405529575078,-0.14216828799330758,0,0
94210,2021.0,693.034,0.129375419649695,1.7736290713939082,7.120992886113436,1.5917825463611717,0.8373843687164818,111.768,0.9525957115355562,1.79,142.699,0.997,410.36,124.264,0.22353379252285002,297.898,687.314,0.17222601823657652,627.704,0.11680291615065444,0.09496514280616344,0.008322251547327754,-0.24880444328696152,0,0
94243,2021.0,923.996,0.03173383757762244,1.5668896932470477,50.20136410304274,3.107242226946585,0.47377637739922923,419.195,0.49456764676666337,1.57,309.57,-31.094,226.838,85.712,0.06189557360570312,1342.005,796.61,0.0532134697526572,654.744,0.033010415835966284,0.21667399777623006,0.15991011912981254,-0.4036502839389116,1,1
94373,2021.0,12980.213,0.03780232247071591,3.2219522776572664,22.352907117658148,2.2928064001016537,0.1683618872354739,9316.569,1.3339258361720125,3.15,3031.97,17.063,185.895,445.596,0.10257307418820717,7414.354,11202.672,0.05305805765757527,12160.953,0.04825484217952629,-0.07879982761219446,0.15867116345100518,-0.28752909285365164,1,1
94449,2021.0,105.136,0.021773762539056076,0.08213867758923346,473.71105966162065,4.059192857960398,0.8917186709394501,10.272,0.5621137334605334,0.08,115.002,0.424,61.098,1.123,0.008568921445194765,106.15000000000002,94.864,0.006654302187090772,100.077,0.04749006974634848,-0.052089890784096184,0.10828132906054974,2.27213311431765,0,0
100236,2021.0,214.481,-0.08935609502411831,-0.13602473630401715,-152.03117140238314,3.22270163985389,0.7192372421658763,60.558,0.5748648065180716,-0.14,163.511,4.112,115.253,-5.455,-0.021197637366907596,254.26599999999996,215.691,-0.014538796331585837,254.57,0.022854096783420444,-0.15272420159484618,-0.005609877092692824,5.146044898503073,0,0
67952,2021.0,1.775,-0.6122885585180495,-0.8906080245757315,-9.93703150633071,3.5859560308018588,-15.975711779786804,125.807,0.013729871130773732,-1.07,-906.453,228.532,411.643,-166.411,-0.36086793410258466,126.66000000000003,7.411,-0.3082986890761284,4.113,-0.8291583305546293,0.8018477996596156,-0.7604911617865334,0.9860238794815528,0,0
131058,2021.0,3500.0,0.08900184842883549,-0.016776412364215912,-1244.0085250000002,3.6392253291077523,0.558664546899841,2776.0,0.44499469402193137,-0.02,-2321.0,156.0,610.0,-6.0,-0.0029254022428083864,13293.0,6290.0,-0.00042447824548991865,6498.0,-0.02898247084293596,-0.03200984918436442,-0.4435612082670906,-210.6735212569316,0,0
81668,2021.0,5481.101,0.1597145763560287,5.6281497501589355,18.56738086918334,7.776181376777409,0.4569094672998141,2852.463,1.2679381263612353,5.62,2381.663,1034.761,1750.827,947.257,0.41880873945359176,1568.3179999999995,5252.279,0.22867468878986902,2975.851,0.19028049388315674,0.7649670632030973,0.043566230963739586,-0.30156425618756744,0,0
136194,2021.0,647.986,-0.2406100490890551,-12.71247259501451,-2.0003976260269747,1.8434611659571833,-0.32279898242686195,1693.061,0.06956279953217828,-15.75,-535.566,3047.606,3300.482,-4012.514,-0.9215473673694136,15015.699,1279.908,-0.2180795080600003,6462.376,0.055753692372229026,-0.8019446717430246,-0.4937245489519559,0.1033134255918074,0,0
94871,2021.0,9356.9,0.03674026548229379,3.804829743658992,58.993441263456766,24.364067863686333,0.6947833115712243,2454.4,0.17024992854647655,3.81,-5102.4,283.4,1861.4,1690.6,0.4129962135092219,45233.0,8041.5,0.03579239311082177,7580.3,0.044105827819520764,0.06084191918525649,0.16357644718025238,0.02648250896600246,1,1
94545,2021.0,3144.774,0.11545263190841724,1.630335687979231,53.59632414616758,3.1586596252341397,0.4918771895346311,1277.249,0.8861622007698732,1.63,1812.606,104.716,791.949,108.013,0.05893425856258093,1837.9249999999997,2513.662,0.03807872251390852,3057.965,0.11273366578079957,-0.17799516999050033,0.2510727377030007,2.0319460393201836,1,1
131596,2021.0,9.028,-0.9909135048900604,-2.532957417849504,-3.0517686343747603,6.95267401189227,-6.3433454168824435,14.18,0.17026717220703644,-3.32,-269.836,7.228,7.788,-13.027,-2.2782441413081496,2.302999999999999,1.931,-1.148664138964818,5.389,-2.4187938288920057,-0.6416774911857488,3.675297773174521,-0.1373339940924101,1,1
94649,2021.0,663.643,0.20468846116789077,1.3732743557857288,76.59066781292987,30.524721033179993,0.5397341619313336,269.887,1.2598987563706994,1.37,218.262,94.027,204.705,87.24,0.3985436072673449,242.90199999999996,586.372,0.18744682131101045,617.949,0.23037023307787977,-0.05109968622006023,0.1317781203740971,0.09198150033322311,0,0
94650,2021.0,565.933,0.07504861711322386,3.185623293903549,15.987452156526704,1.8744922231950205,0.2730672163942617,369.553,0.9102307926447154,3.14,208.516,20.038,45.677,24.507,0.11724771432262139,493.403,508.373,0.04387925014771446,451.37,0.0389072149095253,0.12628885393357997,0.11322395170475223,0.7103441116377628,0,0
94713,2021.0,6138.329,0.10648161795025762,1.3924943066931872,10.829487723947029,1.5745207440859716,0.2792909896251704,3640.005,1.00563047569137,1.4,589.772,-196.335,832.778,338.138,0.14539198752719074,3553.0989999999993,5050.589,0.06732717269002259,4052.65,0.025744870480224637,0.24624356902273817,0.21536894013747698,0.5815548714707495,1,1
94773,2021.0,0.0,0.44103147516116803,0.05272220400131191,37.365660964230166,2.4794757481940146,0.6646554341226473,8.837,1.3814216816942755,0.05,-88.845,-0.313,2.763,0.643,0.06635706914344686,15.435,26.352,0.0337072761585238,25.75,-0.48934988895618814,0.02337864077669904,-1.0,12.084162395294621,0,0
94821,2021.0,41.314,-0.38886720274806774,-6.521449704142012,-0.4814880344788477,-0.4379135577485129,0.3569664794123095,20.833,0.7092226527440294,-7.26,-212.116,1.051,3.372,-26.451,0.9095003954200048,37.797999999999995,32.398,-0.5790372364878177,24.22,-0.5188203337213815,0.33765483071841473,0.27520217297364025,-0.32842453257969517,1,1
106791,2021.0,6151.361,0.04204423097697648,0.7787577285265861,131.70976831788622,3.9301483189253434,0.4010392968037032,3261.934,0.3892115728264359,0.78,2658.35,291.168,617.294,204.677,0.029839459662853483,13067.171,5445.99,0.014627764114770027,5388.679,0.04126172549325051,0.010635445161977489,0.12952117062278853,1.874275975952015,0,0
94852,2021.0,278.809,0.2001773143619815,0.18249416472157387,78.85183628722821,3.063136414289466,0.3099523137438305,165.254,1.2437715858630451,0.19,-26.956,23.501,49.455,5.473,0.03884673532689318,136.99199999999996,239.482,0.028424524137214677,282.472,0.12014865667019382,-0.1521920756747571,0.16421693488445907,6.042415675831852,1,1
94940,2021.0,18507.0,0.1197064754649339,2.6264150943396225,31.202227011494255,4.0082595053525285,0.36307950996877253,10606.0,0.9839862908467766,2.58,10799.0,35.0,2724.0,1392.0,0.12846068660022147,13810.0,16652.0,0.08225491934054245,16783.0,0.11367563564551962,-0.007805517487934219,0.11139803026663464,0.4553108364174401,0,0
135389,2021.0,3757.62,0.12427573833988814,12.946653965229816,36.71682283906334,22.325733178830763,0.4886170135498293,1457.441,0.9833303028347868,13.82,43.369,59.413,103.096,271.815,0.6080518806512373,2570.311,2849.999,0.09378386668382607,2647.046,0.09010734785300205,0.07667150476417862,0.3184636205135511,0.325129179828546,1,1
138275,2021.0,417.957,0.023042470787307364,-4.331635064866852,-1.5375256456893418,1.3037059047305706,0.2396495914773065,282.347,0.48319718100928827,-4.42,-272.602,-1.438,83.229,-82.47,-0.8479246563370725,676.2169999999999,371.338,-0.10731266802168375,431.408,-0.07696851086836765,-0.13924173867893036,0.12554330555989412,-1.2147227462712171,0,0
95014,2021.0,1944.135,0.04031544724992356,5.762622418429999,160.39225423549718,6.777142125763135,0.8490186067790664,250.481,0.23990140873583962,5.97,1166.713,2685.181,3755.912,227.128,0.04225354994894294,3143.7760000000003,1659.019,0.032843702913199775,1399.719,0.08172396059560155,0.18525146833042913,0.17185818848367618,0.22749396913223552,1,1
95031,2021.0,11295.0,0.05170907633740734,3.0338770388958594,31.741563275434242,3.6186706585414727,0.39455956508036566,6147.4,0.433284970555603,3.03,5739.4,-63.2,38.2,967.2,0.11400417260929527,22616.8,10153.6,0.04127336348894768,10299.4,0.047315705481444904,-0.014156164436763237,0.11241333123227226,0.25284377056534696,0,0
95098,2021.0,254.8,0.3057302585604473,4.492526220166818,5.148550919117647,-0.873343217960711,0.30521901211556385,149.1,0.4412913839193913,0.59,-406.9,21.3,152.2,54.4,-0.16962893670096663,329.20000000000005,214.6,0.11186510384536294,209.7,-0.03619214740074578,0.023366714353838847,0.18732525629077362,1.733026190035763,1,1
67844,2021.0,76.424,0.17059299227108218,0.13840703640361593,50.792215357458076,3.8912421394279537,0.3238180893911547,34.584,0.9447687306044037,0.14,0.761,0.904,5.416,2.266,0.0766109946581919,45.429,51.146,0.041857543963351555,44.312,0.005937846836847947,0.15422458927604268,0.49423219802135077,3.075561442889367,1,1
95154,2021.0,40806.9,0.0686806189060149,1.7300941342403846,11.323083300667445,1.759021453581906,0.2558189980036545,20241.5,0.4242879449417924,1.71,,748.1,1158.1,3775.6,0.15534827457095718,62094.5,27199.7,0.05889556005846503,32789.2,0.07437327078460214,-0.17046771497932237,0.5002702235686424,0.16614255536132674,1,1
95399,2021.0,6340.0,0.02807377049180328,2.4501160092807424,64.97243371212122,7.251970193425643,0.6628424657534246,1969.0,0.15063970284770944,2.36,-8476.0,43.0,376.0,1056.0,0.11161610823380193,38162.0,5840.0,0.02723895996698308,5763.0,0.02236263879137738,0.0133610966510498,0.08561643835616438,0.030647665176353686,0,0
97625,2021.0,64989.0,0.014778126596666092,26.362876254180602,10.003081509673326,1.1167268349679567,0.3912856555385248,32565.0,0.04599889254600921,24.94,111513.0,22296.0,263902.0,9459.0,0.11163828205218992,426885.0,53498.0,0.008133080200992581,53922.0,0.008525954512129293,-0.007863209821594155,0.214793076376687,0.817039329682564,1,1
99886,2021.0,26.046,-0.10134714218969008,-0.16656724235766562,-9.90590932914046,6.982934113300493,0.2880981511691137,20.947,0.6176841044588126,-0.19,-252.058,6.911,10.426,-11.448,-0.7049261083743843,36.004,29.424,-0.2403224452095054,26.726,-0.1452665021800115,0.1009503853925017,-0.11480424143556281,-0.5782868216851784,0,0
106248,2021.0,864.126,0.39096157402568166,5.047339647956425,3.447360632258013,3.2618468076160725,0.4442704129079159,588.626,2.3728124411946556,4.46,325.254,-11.994,113.017,252.049,0.946186707910385,276.034,1059.195,0.564641074580858,678.39,-0.08399626317457312,0.5613363994162649,-0.18416722133318225,-0.3075927494012039,0,0
97870,2021.0,42078.0,0.02072774301793142,-3.585370580580858,-2.2982282625482626,0.815287111354609,0.07655646200085874,21507.0,0.9507286606523248,-3.83,,-22.0,60.0,-2590.0,-0.3547459252157239,22000.0,23290.0,-0.10572723190594767,33669.0,0.07570526903093071,-0.3082657637589474,0.8066981537140404,-1.1960492357954695,1,1
97054,2021.0,2184.949,0.16719881679970422,5.482040173296573,14.932396956656058,-9.279596210342087,0.6558184379132318,638.992,2.32029929911915,5.03,-224.232,2.65,4.243,139.189,-0.6214404986204002,703.9889999999999,1856.555,0.17395667736484796,1698.352,0.10153924790612907,0.09315088980376268,0.1768835289016485,-0.038847951498694966,1,1
97071,2021.0,885.2,0.007236392233542268,-7.114494468314756,-2.2362797625125816,2.4544368055333186,0.4762302768917759,395.421,0.7094133389463555,-7.14,-1257.546,64.312,150.762,-342.755,-1.097553555989625,904.1400000000001,754.952,-0.32208003818859754,717.945,0.042325233040194386,0.05154573121896516,0.17252487575369035,-1.0224676831083364,1,1
107971,2021.0,1053.953,0.013646130101241523,1.1702544538494632,15.364179936129407,0.7788261864801603,0.6507550998927437,401.486,0.03855055935690171,1.12,1376.444,-24.149,305.002,225.769,0.05069103523375975,6395.613999999998,1149.583,0.007571024654547206,1321.588,0.013961749199328057,-0.13015024349494692,-0.08318668595482023,0.8024152243442464,0,0
97161,2021.0,293.712,-0.021914808656603082,-4.2824962026619975,-1.8423834200006015,0.49204193264574797,-0.6316204441733185,283.512,0.08771431225227007,-4.93,-528.518,-13.378,23.607,-166.345,-0.26706815058376254,1898.928,173.761,-0.08397072571868179,530.904,-0.0017286805488808102,-0.6727073067823939,0.6903217638020038,-0.7390184678167253,1,1
97159,2021.0,26914.0,0.22069839545567702,6.987096774193549,74.36421975992613,19.069780382406915,0.7012293853073464,4982.0,0.5791740474453823,7.02,18927.0,-10049.0,11561.0,4332.0,0.2564375776949032,16029.0,16675.0,0.1504636865687194,10918.0,0.16147848686110308,0.5272943762593881,0.6140329835082459,0.46678843572585343,1,1
97164,2021.0,5156.6,0.0010468974572812606,-4.954104148278906,-1.683452699091395,2.550396761133603,0.20482720557017917,3745.9,0.7962408938018695,-4.96,-752.0,25.0,557.0,-561.3,-1.51497975708502,4780.400000000001,4710.8,-0.09487348511738755,6530.9,-0.07291635312885651,-0.2786905326984029,0.09463360787976569,-1.0110346684954803,0,0
97234,2021.0,1904.629,0.014341563110962036,4.010857203404797,12.643182598710453,1.3624070466439242,0.7659212417424119,428.502,0.03509772520471064,3.99,4044.739,756.822,6287.699,567.797,0.10775823539738194,1006.4620000000004,1830.589,0.010886322969306101,2091.677,0.015251007690815045,-0.12482233155501551,0.0404459985283425,0.31739276442541314,0,0
133288,2021.0,15618.0,0.032765035819403564,6.680862883066383,19.501971868070953,4.450544876660341,0.1959283636920251,10506.0,0.7456911311494122,6.72,4005.0,2424.0,2853.0,1804.0,0.2282099936748893,12098.0,13066.0,0.10295628352927748,14357.0,0.07355672784010699,-0.08992129274918158,0.19531608755548752,-0.6817577840201834,1,1
97262,2021.0,2643.455,0.0941999326895934,2.1192045622870683,32.03560487182624,2.6834255252347616,0.24184069197657512,1379.809,0.5954295824736973,2.11,783.129,161.534,914.445,114.454,0.0837638476305064,2097.0879999999997,1819.946,0.03744577994756138,1977.33,0.03824802429306793,-0.0795942002599465,0.4524908980815915,1.5156354820625941,1,1
97519,2021.0,2949.6,0.12144571944585159,6.342736018261862,23.720047557840616,3.5174673429624295,0.4711158798283262,1232.3,0.5968543470464676,6.36,1487.6,193.7,836.0,350.1,0.14829090601041975,2957.2000000000003,2330.0,0.0896818484553512,1899.773,0.04109275477707006,0.2264623194455338,0.2659227467811158,0.35418394622312316,1,1
97520,2021.0,10958.0,0.04927879531322702,1.4404296875,1546.2538847457627,18.64479444103822,1.0,0.0,0.3127000091432751,1.45,23170.0,4250.0,11083.0,59.0,0.012058042100960556,10056.0,6840.0,0.0026972661607387767,15066.0,0.22731520418652462,-0.5459976105137395,0.6020467836257309,17.2699045539242,1,1
97535,2021.0,1196.952,0.2268089068922691,1.5166753022452504,55.19968570468767,16.472838304184485,0.4352662429001704,497.435,1.1432058996070045,1.52,737.311,-27.132,121.701,175.631,0.2984226829172975,610.169,880.831,0.2279465588221552,745.347,0.24439120017425395,0.1817730533563562,0.35888950320776625,-0.00499087126282833,1,1
97536,2021.0,1009.418,0.0019166551990757287,-1.0525071151787715,-4.123487563561827,96.8958466098555,0.6146575121384698,365.312,0.968267408036867,-1.06,-986.657,24.265,193.872,-126.845,-23.49851796961838,736.777,948.019,-0.1295542382298629,995.789,-0.034157600868836825,-0.047972010134677105,0.06476557959281407,-1.0147942300094812,0,0
97594,2021.0,1008.474,0.0655693270136014,-1.947675619834711,-15.084647412947197,2.12553269407553,0.27508937508937503,456.237,0.7988834899696882,-1.95,44.399,44.77,336.472,-37.707,-0.14090701863214775,442.54100000000005,629.37,-0.04786294192015354,725.614,0.05552061011190834,-0.13263801415077442,0.6023547356880691,-2.369939338935459,1,1
97612,2021.0,751.012,-0.06155515704655037,-2.194578141089906,-4.921219161800424,0.5383373013566954,0.42488475894319855,723.878,0.15651615740029176,-2.43,1460.872,5.316,16.352,-483.775,-0.10939104389729011,7907.227,1258.666,-0.06015782109497369,1924.346,-0.008909803388351985,-0.3459253169648286,-0.4033270144740543,0.023227835153315227,0,0
97651,2021.0,18217.512,0.03688327007959216,2.0085888345151304,39.082164876690534,1.175367599339897,0.1923868215101499,9954.636,1.0375229772797023,1.53,2338.528,298.233,449.135,100.56,0.030074270528470965,9723.75,12325.995,0.00846449398975473,8358.917,0.04452814921770914,0.4745923425247555,0.4779749626703562,3.357409920100954,1,1
97735,2021.0,2603.416,0.06628425863669836,5.031849948444328,24.398581288767602,3.360315262325133,0.8629645290030467,322.146,0.5025357423812293,5.05,1926.815,250.572,1209.889,307.441,0.13772584653813968,3403.559,2350.822,0.06572173102575503,2242.447,0.12616498661612996,0.048328901418851815,0.10744922414372506,0.008559233029374828,0,0
97813,2021.0,6310.188,0.11423062939820806,0.6374018650490837,56.38515035915749,2.23965002508629,0.5063894962339309,2277.238,0.7937264478562871,0.64,2109.115,545.95,1471.593,98.564,0.03972056491505923,3596.6989999999996,4613.431,0.01695762949668199,5242.544,0.07082853816200188,-0.12000147256751689,0.36778636117024416,5.736238070336363,1,1
97828,2021.0,2308.834,0.02424314396922411,0.2194884309636766,1285.3980447228676,-6.4222183214347455,0.7712451119416956,476.528,0.227466030313546,0.22,-7411.61,201.688,340.231,24.104,-0.0049962876074075395,8707.818000000001,2083.138,0.002632010550754541,2014.645,0.015060644321517928,0.03399755291875241,0.1083442383557882,8.210884037784012,0,0
97829,2021.0,1685.5,0.09204697142636048,11.566719841822634,13.122994425019426,1.9897848521442034,0.9607631632171509,58.2,0.32140845070422536,11.65,3825.0,0.3,1835.0,514.8,0.15162582469368519,2775.8999999999996,1483.3,0.11154929577464788,1448.8,-0.026703122604384934,0.023812810601877416,0.1363176700600014,-0.17483144302126333,0,0
97882,2021.0,4735.4,0.028434792393383593,0.7866951480012206,28.613370830100855,1.6235340596456476,0.624012958088682,1671.3,0.4739771600396661,0.78,-2613.4,106.5,1832.1,257.8,0.05674039837129966,7269.199999999999,4445.1,0.027488990541995887,4445.4,0.0390373060864252,-6.748549061935314e-05,0.06530786708960411,0.03440656905690197,0,0
98004,2021.0,1846.275,-0.010674084778018848,4.727056635541787,18.550655674543126,3.881359115265896,0.7182022677248308,524.272,0.3181341719077568,4.75,-877.748,211.712,1065.386,859.1,0.20923029263015458,4591.205,1860.455,0.14690442235149673,1704.048,-0.005084819124105365,0.09178556003117279,-0.0076217914434908865,-1.0726600643272608,0,0
98046,2021.0,4194.1,0.21363782862931074,9.290985423348719,29.48772250912153,-614.4137736842105,0.30618309897911444,2521.4,1.7879950799507995,9.32,2288.6,86.6,129.0,356.3,-20.83625730994152,1563.2,3634.1,0.17530135301353014,3807.2,0.20084525038085407,-0.04546648455557888,0.15409592471313405,0.2186889887428405,1,1
98042,2021.0,761.027,0.05902181351776399,0.9409802332107003,50.63868327755872,3.878232481894447,0.37803875955062055,380.723,0.7790320466401363,0.95,223.387,12.476,83.204,30.181,0.07658636107572614,676.944,612.133,0.03840989817514486,565.527,0.05796325324906478,0.08241162667741768,0.2432379891298133,0.536630304215624,1,1
98083,2021.0,2122.245,0.11020183360128691,0.9177711405637482,21.813717075155093,3.2192330666826763,0.4176829657158086,867.441,1.9235145622292382,0.92,167.28,67.583,240.506,58.998,0.14757838178570892,508.62299999999993,1489.637,0.07618199074163745,1248.623,0.05732801266407228,0.19302383505669837,0.4246725880197659,0.44656017161620104,1,1
98142,2021.0,855.575,0.011229191766761857,0.26239288426076585,107.3199834642414,1.035436266906773,0.7841177843379263,179.459,0.2694560002178255,0.26,372.751,126.939,476.453,19.352,0.009648121752197028,2590.621,831.282,0.006272856282483393,891.82,-0.0008825500247876704,-0.0678814110470723,0.02922353665783694,0.7901241892180375,0,0
98161,2021.0,1569.976,0.08250278085732836,-1.0159204371241009,-4.40979414951246,0.5371273768935734,0.3398593058355024,876.752,0.6131667540775322,-1.02,,19.092,55.574,-129.22,-0.12180327667969658,2062.931,1328.129,-0.059657915731001064,1961.72,0.15441099720338006,-0.32297728523948377,0.18209601627552763,-2.3829309966063064,1,1
98365,2021.0,78.287,0.06074387018496373,0.2338665195808053,47.50573113207547,9.88485638405358,0.7180079473112514,20.509,0.7761485513046262,0.24,-339.699,14.748,46.615,7.208,0.2080771340319275,44.660999999999994,72.729,0.07692225601622112,67.232,0.05651218916940098,0.08176166111375535,0.07642068500873114,-0.21032126031048465,0,0
98522,2021.0,1384.293,0.02634779665295491,-0.5852779223395504,-7.0393907624791145,0.39332062149892,0.011811886851849708,1613.476,0.25210857102623296,-0.59,-2120.45,38.625,90.849,-139.453,-0.05587424178742442,6385.575,1632.762,-0.021532407390251165,1043.342,-0.013260641321248856,0.5649346043770881,-0.15217710848243654,-2.2236345047458057,0,0
98427,2021.0,19374.0,0.038657565117132225,32.33398674385215,22.31521914436334,3.119311306294816,0.41079913606911445,9548.0,0.09156298380626278,32.13,23997.0,3835.0,8681.0,4932.0,0.13978403197007058,167404.0,16205.0,0.02786724073634607,14539.0,0.0265445789991816,0.11458834857968224,0.19555692687442147,0.38720462075431783,1,1
98563,2021.0,758.667,-0.060471030061866105,-9.274436278186089,-4.144726304326732,3.7314827631393754,0.3395471962610779,510.709,0.6839910201251096,-7.52,-172.429,-8.031,77.652,-185.498,-0.9002965429210691,991.6399999999999,773.271,-0.1640808542557106,964.313,-0.09105371036986427,-0.19811202379310455,-0.018886005035750636,-0.6314559042481247,0,0
98558,2021.0,87.807,0.001750632172729041,0.18541429269086765,35.434161545215105,1.6958252331998096,0.5300815947118364,36.398,0.8848979218791057,0.19,-56.87,-1.333,36.343,3.417,0.04785848343090843,46.757999999999996,77.456,0.03903759810809884,90.617,0.042022927709358227,-0.14523764856483884,0.13363716174344142,-0.9551552283549472,0,0
98561,2021.0,1095.174,0.1473406380209739,1.6938452836979714,28.36740785149995,9.614350272895157,0.45236176705771974,533.513,0.7509369300759565,1.7,-36.742,371.655,593.397,131.771,0.3389224113540847,696.651,974.207,0.10157154507516253,960.442,0.0776642179810589,0.014331943001243163,0.12416970931229193,0.450609399630009,0,0
98564,2021.0,40.367,-0.046945014447841195,-0.1427276161692482,-10.649655902593965,2.3254190267021153,0.17730782284065846,38.785,2.1157885288573737,-0.14,-131.075,4.648,12.96,-1.889,-0.2183562593919778,8.832999999999998,47.144,-0.08477695000448793,59.283,-0.39822164389503356,-0.20476359158612084,-0.1437510605803496,-0.4462526141202766,0,0
98634,2021.0,3461.223,0.08006735250328893,3.423600270419765,30.666547408330253,4.018285929749422,0.7459861938890276,812.374,0.411913375999629,3.43,584.849,-40.68,1098.073,557.054,0.13103157248989483,6547.5109999999995,3198.149,0.07174712427535344,2893.617,0.06822360175404595,0.10524267724443134,0.08225820623116686,0.11596601692360305,0,0
98636,2021.0,79.573,0.0279107693228403,0.027055205129541782,365.17926782273605,2.553081969421432,0.11094318164813625,59.413,0.6074243071525309,0.03,-75.834,1.111,12.605,0.519,0.006991311376035563,92.58,66.827,0.004717452757301145,53.979,-0.1709490261085785,0.2380184886715204,0.19073129124455676,4.91649153871083,1,1
125410,2021.0,484.329,-0.004464166334185128,0.03722507249609636,1446.3370086289551,8.691012741000211,0.45268062855497154,243.255,0.4496954967515943,0.04,-7.175,77.616,296.259,4.172,0.006008981785814079,667.107,444.448,0.004221257857944353,408.83,0.011283907394722527,0.08712178656165154,0.08973153214774289,-2.05754409809001,0,0
98675,2021.0,51682.0,0.032661711967773406,16.63130836056181,39.77738766294227,5.383858141146817,0.37846211041576305,30093.0,0.3357488592707654,15.85,-5195.0,-2548.0,998.0,3222.0,0.13534971644612476,142445.0,48417.0,0.022343037044228395,45764.0,0.0112559721434934,0.05797133117734464,0.0674349918417085,0.4618295580461614,0,0
112093,2021.0,8598.0,0.0005568962316688324,-18.18979505142865,-7.278806584992344,12.59088927152318,0.676860934795153,1680.0,0.2781701444622793,-19.0,-1959.0,41.0,4159.0,-2612.0,-1.7298013245033113,13929.0,5199.0,-0.13975387907972178,12067.0,0.026382144191258873,-0.5691555481892765,0.6537795729948067,-1.003984835593373,1,1
98701,2021.0,35.089,0.07112579762989972,0.19990376785846473,56.477174597296795,4.767559431706288,0.1295967953769372,26.509,0.31682097160095707,0.19,-113.042,-26.956,59.522,5.401,0.08441568590675357,36.458999999999996,30.456,0.05618433371476126,35.953,-0.16054722542611816,-0.15289405612883494,0.15212109272392957,0.2659364795708684,1,1
98743,2021.0,6319.0,0.11303129378794956,2.348153808973279,43.47670906815021,6.414888943156166,0.5746394455890617,2271.0,0.5545860600394723,2.33,-441.0,59.0,1441.0,719.0,0.14754771188179766,7832.0,5339.0,0.07468577957826945,5163.0,0.11330935251798561,0.03408870811543676,0.18355497284135605,0.5134245692581229,1,1
98783,2021.0,277.302,0.45099336531216117,-0.27013496932515335,-24.91347202034884,2.6187145503504388,0.26744719055196275,250.903,1.6067901726863731,-0.28,-115.776,-1.683,10.965,-5.504,-0.10511238851861046,170.148,342.505,-0.025820858412186093,294.022,-0.010657734470158343,0.1648958241220045,-0.190370943489876,-18.466242140862207,0,0
98785,2021.0,4614.3,0.03085867930673652,10.876271920329076,36.03992276685743,4.486292808028248,0.4236277622966755,1778.8,0.6069461925739458,10.95,2897.8,473.6,673.1,401.9,0.12448119928142229,4182.599999999999,3086.2,0.07903949024543737,3163.6,0.08784226385431679,-0.024465798457453565,0.4951396539433609,-0.6095789685521426,1,1
98809,2021.0,2015.364,0.03710378239740336,0.13257721562908306,30.17109675308743,1.9702646009888656,0.1302608036096308,1788.81,0.520780897880637,0.14,-1294.434,214.563,850.677,48.908,0.06530304871291254,2882.655,2056.72,0.012383966778922846,2104.231,0.01422504928347446,-0.022578794818629903,-0.020107744369675877,1.9961144970570277,0,0
98964,2021.0,7730.3,0.10732697019191506,4.861330802488664,28.368775054229936,4.028588023288051,0.2697275539935718,4862.3,0.8957380401442179,4.86,2691.0,295.1,1080.2,461.0,0.14200782429227118,5966.0,6658.2,0.06201904966905236,6964.3,0.09624367727134525,-0.04395273035337369,0.16101949475834315,0.7305484486562756,1,1
47734,2021.0,295.665,-0.05134797556861347,-0.9226022611950573,-3.44677238909095,-3.0616352763266437,-1.2343767721447203,197.005,0.4110221244301071,-1.05,-1463.135,40.697,99.871,-180.914,0.8882615185199733,97.62800000000003,88.17,-0.8433668664982238,150.048,-0.6930633791482923,-0.41238803582853484,2.3533514800952706,-0.9391154933773751,1,1
99972,2021.0,720.86,0.7157497815464651,0.2852817302219693,446.3657728832495,4.661792270809216,0.6173465647580798,339.29,0.44478694869843644,0.29,995.478,-24.426,724.683,12.531,0.010443883814605436,1213.855,886.677,0.00628597026215872,837.554,0.011502502010624216,0.058650546711018096,-0.1870094747016106,112.86464645804149,0,0
100170,2021.0,5232.5,0.1767812198621598,1.3189171872497198,69.17037770221035,12.451061145967689,0.7780817545539521,973.4,0.6060853104143925,1.32,4403.9,15.8,1419.2,823.4,0.18000568392978158,5621.400000000001,4386.3,0.11377485456881899,4348.0,0.1613569457930673,0.008808647654093877,0.19291886099901961,0.5537811103527288,1,1
102810,2021.0,149.236,-0.1070591891375024,-0.17567048790139206,-19.92366527703066,17.416372773761243,-0.2602351294869317,136.888,0.9840819728569098,-0.18,-1305.976,7.852,57.327,-29.744,-0.8741550578969023,49.34400000000001,108.621,-0.26947398938194206,59.288,-0.4533065887821969,0.832090810956686,0.3739148046878596,-0.6027104902293156,1,1
100191,2021.0,1199.831,-0.031883155073376766,4.911554332874829,29.07633517237516,3.865646976253661,0.5518861924086467,500.216,0.469718283485527,4.9,539.614,68.859,257.354,142.828,0.13294821900135248,2069.8590000000004,1116.27,0.06010098183564089,1037.696,0.017338221549001977,0.07571967127174055,0.07485733738253283,-1.5304930818030251,0,0
100272,2021.0,256.712,0.012008143760798598,0.4474327628361858,48.81180327868852,2.0589205596565905,0.6210696576344015,92.772,0.4893456696108236,0.44,62.278,-94.972,46.494,14.091,0.04218079278696769,444.486,244.826,0.028164369104940308,254.112,0.03221365188828788,-0.036542941695000636,0.04854876524552129,-0.5736405912003103,0,0
100222,2021.0,64590.0,0.00862699879427359,6.0554747337640595,7.75331449047531,0.5622759656911398,0.18587593362851648,54609.0,0.08435809272762486,5.72,54563.0,3962.0,38634.0,5407.0,0.07252072212237452,737884.0,67077.0,0.006800009054940854,69744.0,0.007966637090577112,-0.03823984858912595,-0.037076792343128044,0.2686746038970719,0,0
100230,2021.0,0.298,-0.6409951135425721,-0.4139622321479052,-8.261623245808721,3.0946679371494716,-7.328651802458845,199.846,0.11774491137849137,-0.53,-1400.024,90.151,152.275,-58.574,-0.37458352252016036,46.04400000000001,23.995,-0.28742614874281114,322.073,0.3115353769914895,-0.9254982566064215,-0.9875807459887477,1.2301210810020435,0,0
100231,2021.0,469.624,-0.10531611520103552,-1.5927110163720875,-39.071745822257746,17.233700181196554,0.7407533686105504,95.045,0.36427697052557945,-1.63,-391.805,477.629,654.152,-107.594,-0.4410783244648142,338.16499999999996,366.62,-0.10690637817557469,291.609,-0.1873788301378947,0.25723142975696917,0.2809557580055644,-0.014875286224058988,1,1
100225,2021.0,110.701,-0.24695985582949984,-0.8517066371961736,-18.322036389632714,4.449501870606984,-1.0480404765127929,242.062,0.1259304245911246,-0.9,-772.562,50.901,641.423,-120.996,-0.24284974530040102,284.57399999999996,118.192,-0.12891801182675403,102.428,-0.14930762522038665,0.15390322958566013,-0.06337992419114662,0.9156350018907823,0,0
100271,2021.0,1434.97,0.08831876598430036,0.358701267861899,55.95185129852122,3.3283543299418397,0.9725266268234741,27.131,0.4620421806054555,0.36,-443.094,52.635,1206.536,111.781,0.05948604474557943,907.165,987.538,0.05229929075160492,967.775,0.17023763436868591,0.02042106894681102,0.4530782612922237,0.6887182352772173,1,1
100420,2021.0,6739.8,0.10488260959900271,0.5686646820868198,57.555886678052936,3.8094075625264936,0.4110180780209325,3095.1,0.6062528841716659,0.57,1367.9,187.3,1081.5,234.2,0.06618623710611841,7013.6,5255.0,0.027018920166128287,5517.9,0.025126105275651296,-0.04764493738559953,0.28254995242626074,2.8818209223063853,1,1
100694,2021.0,55.102,-0.18593808630394,-0.519371953248889,-5.429634739341852,2.7244709665216567,0.6189450495655366,15.568,0.567131236291957,-0.65,-415.087,24.0,31.507,-26.529,-0.5017779459050501,39.53599999999999,40.855,-0.368263971792665,68.755,-0.1403869650617876,-0.4057886699149153,0.3487210867702852,-0.495095636429446,1,1
101614,2021.0,23.045,0.18699697260577422,0.1899506244554168,36.009357798165134,4.240361554251144,0.5660307464345249,9.372,0.5198093679295239,0.19,-2.341,1.368,23.785,3.27,0.1177572112787641,16.970000000000002,21.596,0.07870793818899534,17.572,0.0479809113779599,0.22900068290462106,0.06709575847379151,1.3758337076084082,0,0
108564,2021.0,24379.0,0.09434043654559572,2.0881784532739363,17.982179607843136,5.458875952380952,0.17211041460464094,7528.0,0.6101865521406523,2.08,-1609.0,3545.0,3930.0,510.0,0.30357142857142855,10323.0,9093.0,0.034223594148436454,9821.0,0.3541616790359907,-0.07412687099073414,1.6810733531287805,1.7565905596126812,1,1
100929,2021.0,188.461,-0.34953856348330686,-2.86182770063155,-11.632426366078413,12.400067673369968,0.8196797090254421,29.647,0.2065087828375128,-3.01,-1830.396,45.327,532.756,-294.09,-1.0659915036754577,220.54600000000005,164.413,-0.36938787045236166,136.467,-0.34263416763325827,0.204782108495094,0.1462658062318673,-0.0537356761193778,0,0
101197,2021.0,2773.0,0.018352730528200537,-2.011277520382143,-62.40809571428571,9.030628837209303,0.1369701726844584,2199.0,1.1219726992514312,-2.01,1319.0,31.0,500.0,-56.0,-0.14470284237726097,1271.0,2548.0,-0.024658740642888595,2945.0,0.030823425803610745,-0.13480475382003396,0.08830455259026687,-1.744268768384704,0,0
101005,2021.0,5710.1,0.12575433419402435,9.011045029736618,90.78858193475392,9.894709962492936,0.723594087959625,1226.8,0.39738917888064174,9.06,3286.2,455.9,5171.5,1060.6,0.10898628166264193,5915.799999999999,4438.4,0.09496011245512091,4478.5,0.14171084535404593,-0.00895389081165577,0.2865221701514061,0.32428586006000243,1,1
101204,2021.0,436.75,0.04673396455808127,-1.535123367198839,-9.282641580788503,0.6855841072550799,0.2511722384578086,285.704,0.9079173121449869,-1.53,125.242,15.853,16.458,-10.577,-0.07385657426157391,353.97299999999996,381.535,-0.02516949011377076,431.73,0.021804925024074842,-0.11626479512658372,0.14471804683711842,-2.856770413180207,0,0
101336,2021.0,2298.893,0.12817648194051434,2.1858298875105597,43.96499496557265,9.400773472012201,0.5024474093388257,925.106,0.6372538468709558,2.19,540.405,228.982,580.893,294.969,0.21382405432716634,2255.185,1859.313,0.10109655015464257,1591.066,0.10129224517762908,0.1685957716398943,0.2364206564467628,0.2678620758517367,1,1
101334,2021.0,662.428,0.13096755350220382,1.486099961347486,19.594913368812776,2.033614810569724,0.42843897505057316,271.24,0.7597530674453751,1.5,-88.534,57.698,203.479,49.982,0.10378279159970266,397.13199999999995,474.56,0.08001933963472424,342.958,0.03107861060329067,0.3837262871838533,0.395878287255563,0.636698754326769,1,1
101558,2021.0,760.192,0.03440685411973097,-0.045978363123236124,-59.81074168797954,0.847380244945286,0.38904908349950296,210.183,0.4603309047360991,-0.05,-552.842,86.054,147.899,-3.91,-0.0141676933111095,549.746,344.026,-0.005231854096836133,273.575,-0.030039622066443155,0.2575198757196382,1.2096934534017778,-7.576416980079371,1,1
101602,2021.0,2417.9,0.07591780821917808,1.0382466921513025,52.13597154626109,8.559151383687057,0.5156729559748429,962.6,0.6518530665792063,1.03,1410.2,3.6,731.8,157.8,0.1641697877652934,2182.6000000000004,1987.5,0.05175467366349623,2072.6,0.07115280534006856,-0.04105953874360702,0.2165534591194969,0.46687830963418225,1,1
101671,2021.0,90.5,-0.6837777364922172,-0.4210559114589825,-5.20120948406003,7.2698576748034744,0.7369015911704292,26.77,0.8292231712087625,-2.61,-487.378,38.354,43.962,-33.783,-1.3977244517997518,65.324,101.749,-0.275321097926718,308.384,-0.6143293789131778,-0.6700574608280585,-0.11055636910436462,1.4835646147038748,0,0
101677,2021.0,6635.537,0.0179159859102312,4.1485516189108536,172.15164848002982,5.986250889130211,0.6644279571129332,2012.944,0.22211205671925865,4.22,-4272.34,-260.918,1620.536,369.777,0.03477312556681463,25308.6,5998.545,0.01369197530359067,5562.14,0.021174086289878227,0.07845990931547925,0.10619108467136618,0.3085026457455555,0,0
105645,2021.0,1426.948,0.013707596523668071,4.117613711272249,15.640126664553454,1.042081201326511,0.7079742650958037,390.988,0.03832729412936702,4.04,1583.572,3434.742,3961.449,312.321,0.06662869321181829,3265.836,1338.882,0.00894060778304439,1331.762,0.014417329581173447,0.005346300615275191,0.06577577411601622,0.5331839687301955,0,0
102017,2021.0,2248.74,0.017984847037577006,1.6627798070619089,8.296348044047653,1.0200020567738843,0.22002050042701313,1642.108,0.7269898865447675,-0.15,612.931,51.411,451.565,177.535,0.12294590961690681,2117.277,2105.322,0.0613047075495935,2689.308,0.011598364810570713,-0.21715102918669035,0.06812164599999414,-0.7066318761405419,0,0
102119,2021.0,6.812,-0.7707587818593441,-0.1711431848594915,-39.2069366098855,72.22967383475667,0.3227262954203397,3.15,0.23723539913287425,-0.18,-440.066,4.928,16.631,-17.905,-1.8422677230167714,1.8249999999999993,4.651,-0.9132874266768681,4.538,-1.1018947063928262,0.024900837373292097,0.46463126209417344,-0.1560611048113688,1,1
102092,2021.0,13.977,-0.39422763343841727,-0.002859487159330428,-723.906030927835,10.502637666708212,-0.4156620504134702,42.627,0.3980777620602583,-0.07,-489.789,-13.612,55.712,-0.582,-0.014508288670073538,18.251000000000005,30.111,-0.007694239896352506,29.564,-0.23922343641013719,0.0185022324448654,-0.5358174753412375,50.236722372706744,0,0
102112,2021.0,1221.079,0.037490294185418334,2.347696608727361,34.5828331046623,2.102033759357384,0.31371979110189463,736.682,0.45257450175115954,2.35,570.208,35.671,49.206,77.258,0.060782578251924575,2271.0809999999997,1073.442,0.03257279001221406,1258.094,0.04094015833628335,-0.14677122695124534,0.1375360755401782,0.1509696949926709,0,0
102158,2021.0,5746.3,0.09951803779347204,-2.3609703113685736,-5.624806011347952,1.6112879985942716,0.7267303583665901,1355.8,0.6261073673052169,-2.34,-1084.9,457.1,1434.4,-652.1,-0.28646107889650324,6359.0,4961.4,-0.08229221877287297,6027.1,0.09355415642766783,-0.17681803852599104,0.15820131414520108,-2.209325003961097,1,1
116863,2021.0,47.818,-0.4628406050346749,-1.264542661777822,-3.756298734375612,3.4513428859447,0.34779796735448104,21.177,0.5003698452813906,-1.34,-97.198,4.795,23.066,-25.521,-0.9188148041474655,36.098,32.47,-0.39328422609874875,34.464,-0.24538391142852017,-0.05785747446610956,0.47268247613181397,0.17686033235022602,1,1
137635,2021.0,4540.0,0.10214566334239952,4.092872082700092,19.692772794117644,8.824438550247114,0.19657907783837383,3241.0,1.3256654617154124,4.03,-140.0,187.0,1746.0,272.0,0.44810543657331137,1247.0,4034.0,0.0893854748603352,3856.0,0.07714701601164484,0.04616182572614108,0.12543381259295985,0.14275460864309464,0,0
102669,2021.0,262.399,-0.22296298698591108,-1.1188744353564926,-13.826395090590298,-55.29712780494822,0.3715714140049453,197.221,1.3801243656384952,-1.19,-739.394,27.941,40.015,-111.215,3.999388665132336,135.04000000000002,313.832,-0.4890850242310703,219.496,-0.24864754326932015,0.4297845974414111,-0.16388704784725583,-0.5441222365447623,0,0
103378,2021.0,1767.087,-0.0891002745896563,-5.3225256079737555,-24.892318000596326,7.48079885205857,0.8093323615336286,284.36,0.30281485097131183,-5.61,-1967.763,1314.066,1839.987,-848.533,-0.3005264054508447,3049.3959999999997,1491.391,-0.1722877460969257,876.293,-0.02395851636503043,0.7019318880785309,0.18485829671762796,-0.4828403260930105,1,1
102974,2021.0,805.018,0.11552557040481673,0.7671886878516041,19.004451226762853,1.4549207090967573,0.38347555900088315,388.112,1.2091102557601738,0.78,359.836,-21.233,74.391,25.229,0.0765568388024737,430.26599999999996,629.516,0.04845729519594963,703.353,0.05345052071030516,-0.10497858116763559,0.2787887837640347,1.3840697244379645,1,1
104023,2021.0,1618.5,0.007413215440743536,-1.8177275550845908,-7.927480639049568,,0.5469341857658528,671.246,0.2546947594110935,-3.15,,137.446,153.625,-198.983,,5591.662,1481.564,-0.03420704560309079,1498.021,-0.01708586108743755,-0.010985827301486348,0.0924266518354927,-1.216716039343477,0,0
103355,2021.0,3952.584,0.12992354567653577,22.51950291656099,23.729653446613753,13.031220165343946,0.7499009887371907,618.23,0.5118226185859402,22.55,2259.301,410.34,960.843,1775.888,0.5491534124028059,3726.7080000000005,2471.941,0.36770280782403314,2406.796,0.1770606813606739,0.027067104981061955,0.5989799109282948,-0.6466615350440521,1,1
103562,2021.0,1574.371,-0.18132871133593792,3.3922786923306543,51.629012791891405,9.083219024683924,0.9240049348758191,165.33,0.5437608381701545,3.51,-869.003,283.862,2559.42,613.67,0.1759324560649064,1363.4189999999999,2175.536,0.15338275880513064,916.713,-0.07192186651410376,1.373192045929315,-0.2763296033713071,-2.1821974826147965,0,0
108342,2021.0,439.442,0.07381601661204372,-0.6828205826300027,-6.517085326953749,8.354411940095073,0.8466842817554939,7.137,0.13177098666183565,-0.75,-1293.791,-7.79,165.036,-75.24,-1.2819245906666894,184.92399999999998,46.551,-0.2129803664032247,35.219,-0.5468201298608225,0.3217581419120361,8.44001202981676,-1.346586015690722,1,1
108857,2021.0,484.145,-0.23977249679341603,-1.7638908029416556,-30.307998607875447,13.611044626153692,0.7412072302520628,114.323,0.5644594539339856,-1.79,-1985.67,137.331,631.958,-281.584,-0.4490908423962016,142.16499999999996,441.755,-0.3597984196591943,339.076,-0.30038828728407024,0.3028200167514067,0.09595816685719456,-0.3335921346721544,0,0
103365,2021.0,8523.762,0.021322131613334207,1.959293672820884,109.94778525970027,2.3513028486003957,0.729134331542907,2010.787,0.1679479303268698,1.95,2368.601,411.498,2089.771,584.52,0.0213856317618999,41983.053,7423.558,0.013223972148484855,4911.892,0.009681012402787563,0.5113438976264136,0.14820440548858116,0.6123847943658294,0,0
103403,2021.0,2733.1,0.12229140722291407,3.6615498386518466,11.590720287894829,4.110247477435165,0.5407063673232002,1115.074,0.2961824242141803,3.62,,-62.152,47.201,816.965,0.35461536257827264,8049.759,2427.802,0.09966656020471926,2727.912,0.12098622745527857,-0.11001454592376869,0.12575078198304465,0.2270053965113518,0,0
103419,2021.0,573.161,-0.05893909083875817,-7.677780509794278,-0.6538347890508409,0.4042140567109846,0.11953140304823115,561.805,0.5537595681530211,-7.83,257.942,63.518,72.011,-468.383,-0.6182204793626449,1033.816,638.075,-0.40649072257997326,1017.354,-0.13415847400291805,-0.37280926796375696,-0.10173412216432252,-0.8550050774475857,0,0
103515,2021.0,298.014,0.21850181796282772,0.574094304526263,25.32684941370088,5.826562784699298,0.23166475555092256,184.266,2.0082145668302323,0.57,81.132,11.769,31.573,19.444,0.23005478058188097,81.77000000000001,239.825,0.1628175713017702,292.136,0.26954869993509223,-0.17906386066763436,0.24263108516626716,0.34200391404838576,1,1
105397,2021.0,1339.6,0.03574636249326387,3.481624758220503,17.267799999999998,2.504473983640581,0.4569308044081266,724.4,0.7875191876254576,3.54,701.4,435.6,763.4,118.8,0.14503723599072152,869.8000000000001,1333.9,0.07013815090329437,1472.2,-0.016243438785643355,-0.09394104061948101,0.004273183896843705,-0.4903435286945257,0,0
104415,2021.0,28720.0,0.06409109878972158,2.504978247910404,23.341520050632912,3.00888765610269,0.420939769007938,15392.0,0.3919923315145259,2.48,17712.0,2322.0,3650.0,3555.0,0.128907099862209,57951.0,26581.0,0.0524258958855626,25868.0,0.059954453206091496,0.02756301221586516,0.0804710131296791,0.22250841320141215,0,0
104724,2021.0,1132.018,0.03633565710274372,0.7524951499427343,159.4960446045847,5.307286551049454,0.5226606351882072,425.886,0.4890140005174009,0.76,285.2,362.71,485.928,32.194,0.033275349017005636,1298.2669999999998,892.208,0.017645343611195154,897.027,0.0494338375738429,-0.005372190580662648,0.268782615712928,1.0592207158658233,1,1
105238,2021.0,70948.0,0.008238212764323547,-0.9434033654779952,-82.75357377005348,0.459026126659251,0.23825638687731235,43443.0,0.06062471165764168,-1.0,61487.0,-2619.0,61904.0,-374.0,-0.005546903967371153,877456.0,57031.0,-0.00039756697515312705,64845.0,0.004668998563385057,-0.12050273729663043,0.24402517928845716,-21.721572160641646,1,1
104579,2021.0,50533.389,0.1368081915621196,8.054419505303027,29.78861478993367,8.950068311604634,0.33157811420699673,29629.163,1.1954887015265114,8.03,10813.696,2288.477,8509.639,5107.839,0.300452651951748,27219.079999999998,44327.039,0.13775708803190023,43215.013,0.1604273666090632,0.02573239998793933,0.1400127357931579,-0.006888186178564554,0,0
104398,2021.0,3655.0,0.03683436034213189,4.299798792756539,17.233364529714553,2.4203272870662462,0.5510682531959127,2029.8,0.200531332189062,6.17,4827.1,-494.9,4146.2,213.7,0.14044426919032596,18072.699999999997,4521.4,0.009477937295705435,5581.3,0.010492624967918234,-0.18990199415906697,-0.19162206396248943,2.8863266545160595,0,0
104406,2021.0,8998.0,0.12073205604804117,7.72302562710813,27.279464056224903,2.5111225693160817,0.23011120615911035,7200.0,0.2427136591316083,7.68,75.0,1201.0,2096.0,996.0,0.09205175600739371,36122.0,9352.0,0.025849316135060082,9039.0,0.029469880878450854,0.03462772430578604,-0.03785286569717707,3.6706092887420425,0,0
105040,2021.0,1676.652,0.18013152131046428,-0.35829394366586503,-24.756209689862676,2.078639611336032,0.2423814915287471,633.685,2.3430819697848295,-0.36,-156.017,0.568,1.6,-12.962,-0.08396437246963563,305.496,836.417,-0.03631086944951018,822.224,-0.15093337936156748,0.01726171943412012,1.004564708751735,-5.96081542638176,1,1
104697,2021.0,59152.0,0.0872412779713674,8.190857715144146,8.00648751091703,1.7042997211377577,0.07662918631362592,38186.0,1.7482561826252379,7.97,990.0,59.0,1544.0,1145.0,0.21286484476668527,19475.0,41355.0,0.04840414288733883,41140.0,-0.06988043893650707,0.005226057365094798,0.4303469955265385,0.8023514676093412,1,1
104617,2021.0,473.438,0.023351550981059316,-0.48988558622316586,-40.907510985372895,1.6531413253416494,0.581020679169754,174.163,0.692352022172107,-0.49,68.266,18.785,82.082,-16.613,-0.040411681999737284,494.88300000000004,415.684,-0.02767016325945962,495.175,-0.025173205338884896,-0.16053112535972128,0.1389372696567584,-1.843925305466931,0,0
104692,2021.0,111.06,-0.07848981619473423,-1.0953324287652646,-19.720040631271214,3.3941988691120915,0.6668218885582536,29.335,0.30616176368314907,-1.17,-76.458,-63.79,148.796,-40.363,-0.17211926347300283,134.385,88.046,-0.14035398845538632,85.585,-0.022617974150886684,0.02875503885026597,0.2613860936328737,-0.44077245642589324,1,1
105124,2021.0,3984.235,0.10453315010092895,1.5018170998661087,45.444947994056456,3.9178447730020483,0.3313674900176044,1600.515,1.0170838667571416,1.49,469.598,-69.972,47.839,70.665,0.08621078790791983,2198.215,2393.714,0.030025404640819,2222.107,0.059010812540185933,0.07722715422794671,0.6644574080278597,2.4814901364832234,1,1
104723,2021.0,7836.2,0.01712112685663614,-0.6690751445086706,-230.30298056155507,2.6233032097226547,0.7665171898355755,1640.1,0.2876806578834206,-0.67,9789.1,184.2,802.1,-138.9,-0.011390661133981728,23285.600000000002,7024.5,-0.005688496459535501,7982.2,0.045927747811369914,-0.11997945428578585,0.11555270837782046,-4.009780700124437,0,0
105505,2021.0,9837.7,0.06652837827705994,13.191599688877366,11.047939858490567,3.1039159580342357,0.17154154631369367,5908.4,1.9399396131980524,13.25,1343.3,-2.1,1.4,254.4,0.28094975151849805,3577.3,7131.8,0.06920001088050486,7210.3,0.06333940164187819,-0.01088720302900018,0.3794133318376848,-0.03860740149388574,1,1
108771,2021.0,12806.0,0.038589640519122545,1.0778818641476893,110.5872581818182,4.492096898079764,0.18600787595372878,13229.0,1.005133279732822,0.87,710.0,1678.0,2054.0,110.0,0.04062038404726736,12860.0,16252.0,0.006803141814583462,16648.0,0.029657417893544733,-0.02378664103796252,-0.21203544179177947,4.672326341397204,0,0
105740,2021.0,1161.82,0.13579891584753956,2.550843593251254,4.002597425813372,0.9624622804528924,0.3490365074547738,677.791,1.4874584639296908,2.63,153.073,56.431,64.654,55.94,0.24045942623303157,554.4580000000001,1041.212,0.07991497069974884,996.495,0.012260452961672476,0.044874284366705285,0.11583423932878217,0.6992925688198538,0,0
105051,2021.0,138639.0,0.06263082290170326,18.630730926116843,17.23442849737533,2.3734391725654387,0.20930194392247287,96360.0,1.4069964786699762,18.23,23952.0,804.0,30733.0,4572.0,0.13771499141540408,39030.0,121867.0,0.052785314321999656,104213.0,0.06206344492789175,0.1694030495235719,0.13762544413171737,0.1865198437513183,0,0
105426,2021.0,6010.7,-0.10896465007287172,-3.297090352220521,-98.57176033441708,48.59743531028166,0.26333058273409565,3749.5,2.0584809512254307,-3.3,425.6,121.5,618.5,-215.3,-0.49301580032058623,1512.2999999999997,5089.8,-0.08707433470840412,6466.0,-0.16700358194134127,-0.21283637488400864,0.180930488427836,0.2513980202981077,1,1
105143,2021.0,1212.463,0.04681251898268219,1.0885273947776666,22.415604896176028,-3.0698785686533103,0.6180996775326458,526.306,0.9304268100844331,1.11,2592.692,-16.849,165.887,75.079,-0.13695274264835983,1292.2350000000001,1378.124,0.05068884546987727,1413.337,0.0798337331160224,-0.02491479385312913,-0.12020761557015193,-0.07647296858435366,0,0
105248,2021.0,125982.0,0.017186602870813396,3.1093126320984936,19.306517903761062,1.3543702467698755,0.12803851865184718,96888.0,1.616947278045373,3.17,7129.0,-1174.0,12380.0,1808.0,0.07015093314709192,49474.0,111115.0,0.026310045256770324,74639.0,0.032224227935795484,0.4886989375527539,0.13379831705890294,-0.3467665029427955,0,0
105016,2021.0,13879.7,0.005614835296851674,5.107208196121478,9.71372187992549,0.8187991352082565,0.1335612215539327,12648.1,0.0492125313987871,5.08,14221.1,333.9,5754.8,1395.8,0.08429303878880842,,14597.8,0.004705561887847965,15999.6,0.005049842839850222,-0.08761469036725925,-0.049192344051843334,0.193233758406598,0,0
105174,2021.0,10997.989,0.050524638375478055,7.429378701345669,21.200965293567616,2.936503967397778,0.46579947341866546,5398.802,0.8536006512362373,7.17,4169.875,416.327,834.992,493.021,0.13850803143801735,7364.004999999999,10106.321,0.04164156735899651,9709.003,0.04328531963079604,0.04092263644372129,0.08822874317963972,0.2133222061479967,0,0
105208,2021.0,3461.0,0.08567592514894688,6.3874668793249825,17.110069150221506,1.9969119482961224,0.4398280371584043,1863.3,0.9526305238136152,6.29,2390.6,99.7,560.7,248.3,0.11670975323149237,2604.5,3326.3,0.07111149296904087,3672.7,0.10414827890556044,-0.09431753206088155,0.040495445389772365,0.20481122771879906,0,0
125348,2021.0,538.537,-0.0002933345884220609,1.8789557409216804,8.637776636526166,1.0599221053031254,0.22100015810570758,418.802,0.1437546292458708,1.85,-1798.956,-6.172,9.214,232.688,0.12270774643802226,3618.599,537.615,0.062219203649383256,534.909,0.06519102684660896,0.005058804394766245,0.0017149819108470288,-1.004714534600524,0,0
105419,2021.0,2553.956,0.051908931964168334,2.9781819080329126,29.86385746287231,2.2790068329226316,0.15072880069123687,2138.791,1.1376541335993176,2.99,1042.446,32.339,41.193,120.53,0.07631321023266886,2030.111,2518.384,0.054448190872688894,2222.559,0.05402971847997593,0.13310107853154846,0.01412493090807443,-0.04663624020966778,0,0
105312,2021.0,934.593,-0.07952917664380231,-0.23955932952429057,-28.802885755699037,1.0382511922178101,0.09722515815361135,1050.597,2.5621458104912747,-0.24,-249.823,52.618,128.189,-7.589,-0.0360467767370281,302.563,1163.742,-0.01670827774181759,1410.902,-0.05782361123562363,-0.1751787154600391,-0.19690704640719336,3.759866808100523,0,0
108640,2021.0,365.978,0.26551128479596753,0.9081338073414142,28.806327645244362,5.835210896208569,0.9857096028529928,5.057,0.6189519196965007,0.92,82.871,44.921,440.696,106.011,0.20256698347912822,120.481,353.874,0.18542111587442345,306.486,0.22842168066900792,0.15461717664102123,0.03420426479481393,0.4319366138201066,0,0
108597,2021.0,231.27,0.007356587570863346,-1.3505854403529611,-17.851517778615403,7.493683016877636,0.5246643147823379,70.199,1.1126321261479812,-1.43,-60.235,20.731,47.047,-23.877,-0.4197784810126582,79.00200000000001,147.683,-0.17988744321306682,181.712,-0.10856529919639875,-0.18726886501717002,0.5659893149516195,-1.0408955035407885,1,1
105408,2021.0,571.309,0.048940792661064825,0.1316558647858686,454.7461679536679,-9.64198501872659,0.6309871685448523,204.07,0.5527523371351865,0.14,-809.08,-28.121,371.301,6.216,-0.02120300444116985,619.4010000000001,553.016,0.006213036381645955,531.245,0.04025215529264347,0.04098109158674427,0.03307860893717362,6.877113484421517,0,0
105617,2021.0,874.509,0.006104345211246429,-0.11048606571085401,-668.2290615109398,3.8313703876405696,0.726981522409035,347.745,0.3905519126604615,-0.23,-250.675,288.476,741.913,-7.267,-0.005733618317912449,2442.407,1273.705,-0.002228255953539928,1303.634,0.009510427186745083,-0.022958130886429846,-0.31341323147824646,-3.7395170655995487,0,0
105561,2021.0,6037.0,-0.013341152323706201,-4.284810126582278,-3.3933825701624816,1.1629055935206276,-0.1995265471761921,3547.0,0.22057287781590332,-4.88,2968.0,951.0,3053.0,-1354.0,-0.34269805112629714,9988.0,2957.0,-0.10099955243920633,8094.0,0.04774290988420876,-0.6346676550531257,1.0415962123774096,-0.867908797598519,1,1
105639,2021.0,29697.844,0.11475309345727251,6.234875083259012,86.72667740399328,21.64314676861957,0.40220133128202307,14942.609,0.6363499885528032,6.26,7617.542,3195.084,8205.55,2761.395,0.2495558162317311,25989.09,24996.056,0.07029963753640847,20156.447,0.05494854677364819,0.2401022858840152,0.1881011948444987,0.6323426048653723,1,1
105810,2021.0,1055.83,-0.026533333932043414,-0.7714738689768416,-87.01526091743119,4.657930027894551,0.10005087924815771,953.38,2.465809638195259,-0.78,89.512,-3.918,4.055,-13.625,-0.05353003575217067,404.839,1059.371,-0.03171377762881031,1195.777,0.09387744645967824,-0.11407310894924383,-0.0033425494939923472,-0.16334994075447928,0,0
105627,2021.0,280.629,0.0480761706012782,0.9849280973451328,27.25072020216201,1.9410688,0.5223450591331176,126.334,0.8106365241271087,0.98,19.624,5.314,12.671,14.246,0.07123,305.885,264.488,0.04366295606120047,274.634,0.06027285925044686,-0.03694371417959908,0.061027343395541646,0.10107457071600741,0,0
119022,2021.0,13340.852,0.014759304493608889,-1.1867299181763191,-35.25654772763856,1.995640714605483,0.06600163021443547,12366.116,1.0185418808025357,1.07,-744.426,737.895,1708.332,-186.37,-0.05660340683444301,8938.474999999999,13239.976,-0.014337310756844919,20173.329,-0.018051264207375246,-0.34368908572303564,0.007619047043589822,-2.02943325592371,0,0
105739,2021.0,166.703,0.2614326732307237,0.2536752372871322,16.55660223250749,3.9330228948389605,0.8923059225032115,16.851,0.6522505773383245,0.26,-340.882,47.696,111.584,25.711,0.23755012288190402,124.09700000000001,156.471,0.10717650295547199,111.389,-0.08367731882671332,0.40472578082216387,0.06539230911798352,1.4392722847034827,0,0
118588,2021.0,726.149,0.04954744554812714,1.016609507405072,12.954826709831627,2.470239277925854,0.28545626300945603,524.19,0.7657438644543352,1.02,41.905,29.515,216.51,66.103,0.1906809973807793,670.206,733.601,0.0689993152572378,711.518,0.05497063122805141,0.031036460075500507,-0.010158110471496083,-0.28191395286448473,0,0
113612,2021.0,4798.0,0.0352057986021227,12.845958760613078,36.98595090128755,-6.508856918429003,0.5502645502645502,2295.0,0.27741234030986683,8.14,-4760.0,3250.0,4717.0,699.0,-0.17598187311178248,13460.0,5103.0,0.03799945637401468,5223.203,0.05473914025399743,-0.023013273656030682,-0.05976876347246718,-0.07351836153641338,0,0
117584,2021.0,7336.844,0.016680627994690608,-0.953684643886373,-34.183207424994606,0.7417071777147085,0.28613297834911294,3459.426,1.4071527297857638,-1.23,-141.289,465.945,483.151,-13.899,-0.021697998332724493,2802.6340000000005,4846.037,-0.004035878345809644,6117.359,0.010320669659645391,-0.2078220356202734,0.5139884404514451,-5.133084936023829,1,1
106977,2021.0,769.674,0.08223650687884608,1.0140112089671736,42.42556652191079,4.477159514248393,0.4768099351802727,362.893,0.7201035696006196,1.02,-159.832,43.161,256.939,78.523,0.10552975201724536,644.233,693.616,0.0815216093569777,589.464,0.04684705708659073,0.17668933132472878,0.10965433323337408,0.008769423561523243,0,0
105787,2021.0,558.18,0.06650583201736772,1.1642177441925552,21.868761343830762,3.833403425970797,0.349200362100181,353.707,1.4039761102729957,1.18,-79.469,70.205,100.337,16.639,0.17529129179747582,231.60200000000003,543.496,0.04298239269255409,603.88,-0.12608831508230717,-0.0999933761674505,0.027017678142985356,0.5472808248036092,0,0
106225,2021.0,860.187,0.0617316310497211,9.279642809184907,8.394719667754377,1.3114842784784086,0.20819027911533733,663.512,0.40791511157475174,9.25,798.556,9.362,162.782,138.211,0.15622728695945085,1807.0660000000003,837.969,0.0672797627189765,874.264,0.04924236244289105,-0.041514919978404646,0.02651410732377923,-0.08246360339333553,0,0
105798,2021.0,1162.078,-0.05382358196680725,-17.755852842809364,-1.083023168204935,2.476850380654942,0.08450757728368914,795.302,0.8912283185550183,-19.29,77.194,-13.929,16.116,-276.068,-2.2869782045015863,938.4440000000001,868.715,-0.28322248314677057,1315.014,-0.006385849803649057,-0.33938726127630575,0.33769763386150803,-0.8099600661331855,1,1
105698,2021.0,1141.8,0.05966731766448918,8.979353330736268,8.410405206073753,1.4379960315252667,0.4176908752327747,625.4,0.5154540218851987,-1.15,789.9,108.3,229.5,184.4,0.17097821047751507,1784.3,1074.0,0.08850067191399502,1205.7,0.018819714018967128,-0.10923115202786766,0.06312849162011169,-0.3257981394483208,0,0
106252,2021.0,4689.7,0.013397682593227067,5.878591394336424,30.96830308284249,2.477003014829084,0.6415758866410025,1750.4,0.03917548267441898,5.88,5130.8,81.9,1738.8,2105.2,0.0799851063263918,122851.5,4883.6,0.016887588280405198,4868.0,0.028139221674313604,0.003204601479046911,-0.03970431648783695,-0.206655066977651,0,0
106121,2021.0,3763.664,-0.060314140504384946,-19.16102810321815,-5.888514926871271,-34.582689738833,0.1973136577282558,1682.319,0.15111243359282028,-19.37,-1528.816,1128.092,3482.032,-2067.245,5.872905166805398,10239.037,2095.861,-0.149049208312283,6611.099,0.008866160234227826,-0.6829784276411531,0.7957603104404349,-0.5953407523103595,1,1
111307,2021.0,5886.0,0.05901068854088988,5.656808177816581,23.465529646302254,3.403286050054407,0.27901190687755467,4057.0,0.31297625006952556,5.67,4260.0,2420.0,6724.0,933.0,0.145033421420799,10856.0,5627.0,0.051893876188887036,4262.0,0.055587474863544956,0.3202721726888785,0.04602807890527812,0.13714166053232488,0,0
106071,2021.0,12293.368,0.16809615827862004,6.243388673024843,10.732953450347102,2.432603800585929,0.3542884253464022,6188.512,1.2361915778424448,6.29,3225.346,1588.733,1658.067,530.251,0.22664812736211568,4836.6990000000005,9584.019,0.06839425301040558,8750.743,0.04487581013070712,0.09522345702530628,0.28269445208737587,1.4577526748197058,1,1
96967,2021.0,3515.121,0.10611166166999345,2.5060986751941523,37.53643099975391,4.390447457605436,0.4699771521105615,1616.893,0.8992006083865377,2.51,919.843,888.012,1102.323,109.717,0.11696496818342211,1818.117,3050.61,0.03234028379581322,3553.923,0.09581939307337828,-0.14162180778818215,0.15226823487761462,2.281098655161792,1,1
106314,2021.0,489.148,0.012184786203699793,1.2491914805890916,14.37729946055224,0.8605359560488136,0.8153531922706202,80.458,0.0337266822918509,1.39,735.745,345.605,532.353,96.951,0.05985379649425205,2515.2609999999995,435.74,0.0075040977988645435,435.264,0.011483112027044084,0.0010935891780620476,0.12256850415385324,0.6237509865001348,0,0
107343,2021.0,1014.815,0.007311439467843504,1.3134076994709833,45.30200334897192,1.103556524563946,0.6409562566201019,446.086,0.032932853693634245,1.12,1728.83,4780.797,9206.38,66.289,0.024359993885104642,-2476.8730000000014,1242.428,0.0017571126363035287,1442.752,0.009919666816486102,-0.13884853391296623,-0.18320015324831704,3.161053376307576,0,0
106180,2021.0,1095.732,0.0419486501323907,3.276055720083361,12.106021200088389,1.3472525498969012,0.34556144372046915,697.248,0.23925430170392906,3.28,1266.179,-2.76,121.047,149.339,0.11128780692099438,4193.981,1065.414,0.033536257419334706,993.056,0.01947561547063434,0.072863967389553,0.028456543653453008,0.25084470839629186,0,0
106021,2021.0,2288.704,0.13723614686356864,5.272706483210733,34.289790371548364,4.934680969698988,0.17287855458233967,1507.318,1.1766506927414846,5.29,696.54,25.06,25.308,138.34,0.14391108595967078,1434.0849999999998,1822.366,0.08932226393263318,1786.735,0.08032744387377772,0.019941961174992424,0.255897004224179,0.536415903733386,1,1
106095,2021.0,72.42,-0.030763200739683628,0.13637049328707196,69.51650442477876,0.49965747543173356,0.47937697450591443,35.431,0.22182131088229834,0.14,139.286,17.333,28.925,1.808,0.007187609324809973,275.503,68.055,0.0058930707527028925,78.444,-0.04837792286191844,-0.13243842741318643,0.06413929909631907,-6.220232715783006,0,0
106073,2021.0,194.248,0.114174223100093,-6.917788108637143,-1.9876295405510556,0.824298126381256,-0.24547519203788834,160.68,0.1399438319862628,-9.2,,1.525,99.79,-84.819,-0.4147141655747003,820.702,129.011,-0.09200685123937359,210.348,-0.022523107411592337,-0.38667826649171855,0.5056700591422436,-2.240931751952327,1,1
110915,2021.0,443.31,0.3646318595400881,0.9559727467970082,44.677005848859274,38.18103835230094,0.545001008991233,121.755,0.4614294286837586,0.95,-474.571,27.524,368.013,129.085,0.8546015478625859,209.983,267.594,0.22258951172912314,195.992,-0.12766092805112092,0.36533123800971473,0.6566514944281262,0.6381358524377428,1,1
107029,2021.0,27771.0,0.05397657465803915,11.40677966101695,18.645052005943537,5.986698473282443,0.13782628842094424,16746.0,2.0376626101552664,11.4,1897.0,1715.0,6029.0,673.0,0.321087786259542,-1054.0,19423.0,0.07060428031892572,16829.0,0.1085899513776337,0.15413868916750847,0.42979972197909694,-0.2355056320350235,1,1
107240,2021.0,1168.073,0.04579098792709714,1.9175959735517616,21.18798775153106,1.7916159498914974,0.3073720405161878,869.388,1.1348623330642047,1.95,-193.355,156.252,353.318,58.293,0.08455809824422963,661.819,1255.202,0.05270428981256538,998.763,0.02698331158919161,0.25675660792400196,-0.06941432534364979,-0.1311715215223338,0,0
107711,2021.0,1533.481,0.174091949692648,-103.18751149772673,-0.2422773806358414,0.774147056812966,-5.074737144701265,4479.985,0.36081196121216863,-103.11,39.073,19.715,28.367,-3926.388,-3.1952923330327696,1840.68,737.478,-1.9209898529311036,1581.314,-0.03157978404605851,-0.533629627006401,1.0793582995018158,-1.0906261682887148,1,1
107476,2021.0,13088.504,0.08653495745014697,2.1031681452662303,16.75567409068909,1.8913969402293396,0.39735227017679337,7008.088,0.9408032808941168,2.09,4677.031,-222.703,312.154,638.423,0.11288098168968114,11115.973,11628.83,0.05165011897140682,12506.109,0.04235225848977884,-0.07014803725123461,0.12552200006363504,0.6754067400706701,0,0
107678,2021.0,877.696,-0.02245202674308164,1.4007349081364828,14.920739019637235,1.503076443653102,0.9121577991524854,78.357,0.33023394254946736,1.77,265.514,95.637,257.135,146.762,0.10073739924509756,2430.996,892.02,0.05433263141683475,280.067,-0.05966916202663308,2.1850235836424856,-0.016057935920719215,-1.4132328245034158,0,0
107740,2021.0,31614.169,0.014279750368497794,10.348698492167484,15.49083685463754,1.889236601143296,0.12169894563297293,21672.573,1.8320821258943956,10.28,2938.485,1337.721,1568.87,529.16,0.12195833051961355,8007.905,24675.563,0.0392884481597554,23757.293,0.04280336058594832,0.03865213094774715,0.28119342201027,-0.6365407381214647,1,1
107789,2021.0,3689.471,0.0060497433353071065,7.014761651048359,3.943113305334644,0.4027024339405916,0.3520263445603765,1572.38,0.03399106430994488,6.93,4797.84,6802.13,9600.909,671.46,0.10212804014426237,61788.66499999999,2426.611,0.009405561930427082,3467.996,0.003530877682442598,-0.3002843717236122,0.520421278894722,-0.3567908669299035,1,1
110861,2021.0,100.294,0.32572423909057574,-1.0960427576526481,-5.018052408629691,1.19559324023002,0.12574500219237694,53.834,0.4198307777270217,-1.12,32.454,18.852,30.932,-20.302,-0.23825842037319564,107.89,61.577,-0.1384186376311609,70.086,0.20447183240409897,-0.12140798447621494,0.6287574906214983,-3.3531819461951446,1,1
107748,2021.0,1589.081,0.061674036430458046,-0.10733593375761309,-146.5492445011157,0.8251294164101552,0.5471824107409063,627.247,0.7892551011803424,-0.11,491.01,-20.595,60.26,-3.137,-0.005630390106882286,1625.457,1385.209,-0.0017873788377080527,1542.876,0.02582294379899381,-0.10219032508121192,0.14717779049948407,-35.50529631957731,0,0
107850,2021.0,335.083,0.02844684628440993,0.2452905320550127,20.710134865134865,0.9395245918355786,0.47784120946532305,157.045,0.6804840027059987,0.05,-32.971,8.364,126.974,8.008,0.04536545019884207,302.536,300.761,0.01811842590518597,331.504,-0.029084080642895693,-0.09273794584680725,0.11411718939623156,0.5700506453084149,0,0
107886,2021.0,4930.8,0.14444650043946894,1.7022938018545632,15.860951834862385,10.985504368546465,0.47363267970301065,1935.4,1.1113159644562656,1.68,1980.1,0.1,65.0,348.8,0.6926131850675139,2919.5,3676.9,0.10542223296862722,3106.0,0.061891697694166824,0.1838055376690277,0.3410209687508499,0.3701711334691138,1,1
107820,2021.0,836.6,-0.13078668220001227,1.8581230307135073,33.21631505546752,5.540442717420037,0.3359538262513683,667.3,0.44435109440636744,1.22,255.3,-13.7,10.6,63.1,0.16679883690192968,2168.3,1004.9,0.0279018350652222,1490.5,0.025581204977079244,-0.3257967125125797,-0.16747935117922177,-5.68738639929204,0,0
107794,2021.0,1939.4,0.056091017488076315,0.5530408592472066,26.96003333333334,2.1628953295668554,0.24975591896509639,1229.5,0.8046349486915108,0.55,-600.0,-30.3,357.3,63.9,0.08022598870056497,1568.4,1638.8,0.03137428192664604,1731.1,0.044307661003153934,-0.053318699093062194,0.18342689773004647,0.7878024306410805,1,1
142361,2021.0,12077.0,-0.04292019000774854,1.2998001250751063,15.125402452830189,1.149176437701589,0.2914445512540418,8108.0,0.453943192637258,1.3,-447.0,-31.0,425.0,636.0,0.07597658583203919,23903.0,11443.0,0.025230085687083466,11809.0,0.03486624586714758,-0.030993310187145396,0.055405051122957266,-2.701151178797681,0,0
108973,2021.0,26492.0,0.015166633406505687,4.430903155603917,50.906100196463655,4.995773744969031,0.8015245623941276,4218.0,0.32053815176241685,4.48,5891.0,2050.0,11966.0,4072.0,0.09813703516255753,50019.0,21252.0,0.06141687154039909,17098.0,0.0022856728222617278,0.2429523920926424,0.24656502917372483,-0.7530542825430419,1,1
107892,2021.0,34.796,-0.23730312812324092,-0.41264773929730797,-10.00853659596662,5.888066941113299,0.9113893404350983,2.562,0.13785951327433627,-0.51,-277.234,2.741,182.63,-46.016,-0.5883044823442174,24.661,28.913,-0.2194079951174855,4.915,-0.2034646698039026,4.882604272634792,0.20347248642479157,0.0815609886785265,1,1
108669,2021.0,871.0,0.021364235500878733,4.668136742878513,6.745732127071822,0.367598228210146,0.4162812210915819,631.0,0.07049693491587322,4.22,6641.0,115.0,1376.0,362.0,0.054493451753725726,13925.0,1081.0,0.023607669231772533,940.0,0.028060868351249477,0.15,-0.1942645698427382,-0.0950298696948219,0,0
108811,2021.0,7832.0,0.009115568059210858,0.35191775405298537,10.74114606741573,0.12481551116333724,0.1489656766439385,7364.0,0.08182738044578097,1.44,6009.0,-685.0,4286.0,178.0,0.011620315968142055,89577.0,8653.0,0.0016832628821621418,8093.0,0.003384578950484498,0.06919560113678487,-0.09488038830463423,4.415415593018936,0,0
108734,2021.0,70.428,-0.25592432834632284,-1.79243821727804,-11.593147144316129,13.01510543908699,-1.6499247689331515,147.94,0.10458539948258065,-1.97,-992.157,46.552,464.06,-127.29,-1.1226550717479693,61.69300000000004,55.828,-0.23845875725689067,26.868,-0.4198968993906436,1.0778621408366833,0.26151751809128027,0.07324357172010496,1,1
110938,2021.0,699.352,0.16850446796109905,7.877305617681884,72.43085741389618,22.704447988138977,0.5997504233115617,276.801,0.5194201117746421,8.01,794.719,333.797,607.96,299.377,0.31346374734179283,550.037,691.571,0.2248538975792175,519.415,0.21457279591174222,0.33144210313525807,0.011251194743562048,-0.2506046380551005,0,0
110849,2021.0,2056.264,0.017594934890408757,2.0541920221623893,13.499224853774585,2.1418258829129786,0.26999724072607023,1436.579,0.5223284504335686,2.06,831.234,40.867,52.182,131.988,0.15866287924777342,3588.8510000000006,1967.909,0.03503266030889937,1660.414,0.023667504236907413,0.18519176542717666,0.04489790940536377,-0.4977562441657021,0,0
109717,2021.0,257637.0,0.21163309841121392,59.63816344846584,29.387893567756837,5.317694865195198,0.6107260843601221,71053.0,0.57108217360833,59.15,164034.0,7967.0,136694.0,40269.0,0.18094848659141563,177333.0,182527.0,0.12599181517821387,161857.0,0.1244721991671167,0.12770532012826136,0.4115007642704915,0.6797368790334635,1,1
111245,2021.0,558.01,-0.034761780646610355,0.2655563753908858,8.171522889653348,-1.482585723476374,0.48330515760138937,179.104,0.36853139864466894,0.26,-734.459,11.293,43.726,37.79,-0.18143322162795386,829.077,346.634,0.04017725195676719,534.896,0.07381149504990939,-0.35196000717896553,0.6097959230773669,-1.8652105097684588,1,1
111848,2021.0,1699.3,0.06752366646871835,5.212364212783812,44.42705661896244,7.8133473808400185,0.5991363799928031,557.0,0.515393175074184,5.22,1367.4,88.4,464.2,223.6,0.17586912065439672,2167.3,1389.5,0.08293768545994065,1179.0,0.06411067527099414,0.17854113655640375,0.22295789852464912,-0.18585060465266245,1,1
109516,2021.0,35.021,-0.175715339837665,-0.09018862803636857,-56.43727053866988,10.834573500101099,0.7169357867067218,7.538,0.48020051933064045,-0.11,-487.959,13.757,44.191,-6.646,-0.1919755047806118,9.655999999999999,26.63,-0.11984275822273513,28.903,-0.1053344040380865,-0.07864235546483063,0.315095756665415,0.46621575173601426,1,1
109438,2021.0,1665.674,0.07901578284051795,3.667679166856986,31.589458818254844,5.973492159249291,0.5612223007465391,611.553,0.14833839372454727,3.71,-453.993,57.276,128.009,481.779,0.18909764151443276,9137.827,1393.765,0.05127573370705869,1327.195,0.049220398957992594,0.05015841681139559,0.19508955957424665,0.5409976050648013,1,1
110733,2021.0,6642.0,-0.008191556395715185,-1.1724637681159422,-26.499752781211367,1.21746266113919,0.2447039847924077,5244.7,0.9980452748832195,-1.52,659.6,552.3,624.6,-80.9,-0.04594241581009711,5378.299999999999,6943.9,-0.011627739849083723,7105.16,-0.0016599893755674343,-0.022696181366781355,-0.04347700859747399,-0.29551602443524844,0,0
59062,2021.0,3075.7,-0.08781280138064058,2.207676286819399,26.974063342318058,1.6222041659912465,0.18075459620923856,2303.8,1.5122882495294434,2.21,310.1,86.8,151.4,37.1,0.06013940671097423,1280.0,2812.1,0.019951599892444206,3291.8,0.019380684278908617,-0.14572574275472394,0.09373777603925888,-5.40129121744747,0,0
109428,2021.0,11778.0,0.10916084294923885,2.581553625909411,31.608872727272725,1.726117491312262,0.21068763326226012,5923.0,0.5423924828333936,2.57,5874.0,587.0,1313.0,330.0,0.054608638093662086,11993.0,7504.0,0.023852547885796892,8118.0,0.03174722871578312,-0.07563439270756343,0.5695628997867804,3.5764856430385437,1,1
111908,2021.0,568.081,-0.06562020917908641,-1.8773146605481876,-4.394574960380349,1.0128864488174296,-0.5089486092724065,452.502,0.09529730933880519,-1.97,-576.531,-44.946,134.846,-394.375,-0.230485646040673,3011.927,299.879,-0.12532680304553268,939.288,0.053560867846782295,-0.6807379632232073,0.8943673948492558,-0.47640722028754035,1,1
109011,2021.0,72.092,-0.36618884987858413,-7.096433315489998,-30.950759379443866,8.141175421024126,-27.52067472757128,382.12,0.009076448654859199,-7.96,-1120.479,839.326,1390.106,-357.937,-0.2630363708113455,67.90499999999997,13.398,-0.24248371414945047,3.335,-0.493419713095789,3.017391304347826,4.3808031049410365,0.5101585323494766,1,1
111016,2021.0,1207.798,0.1526164614632762,3.631232465151214,100.8555644714829,17.15120667875732,0.5745027544490391,359.312,0.698765650716472,3.67,308.886,161.995,595.113,164.375,0.17005711850045574,575.2089999999998,844.452,0.13601673491982977,627.921,0.11380368579270683,0.34483796528544186,0.4302743080719804,0.12204179546899545,1,1
110967,2021.0,663.084,0.014029940723206704,1.5264633906721685,59.14324611495974,2.798553277020573,0.5056695900711995,348.672,0.18136908146003058,1.66,543.483,383.668,536.778,85.456,0.04731822246585659,3276.4300000000003,705.342,0.02197384563126593,746.044,0.02710203433693463,-0.05455710387054919,-0.05991136214772414,-0.3615163700229186,0,0
110905,2021.0,4485.806,0.04699696669412553,1.2715330550501267,109.71794987626193,2.3321896953596926,0.25300023123468457,2888.052,0.10716739145939366,1.01,-3862.928,26.399,123.652,356.398,0.021256227426687223,34765.827,3866.202,0.009879008903659194,3283.308,0.02513255191762176,0.1775325373068869,0.1602616728251652,3.757255221899619,1,1
110900,2021.0,411.522,0.17747180126462503,-1.4426589667943006,-3.8886529173737108,1.327820021394188,0.46236731816223414,137.263,0.9768070030454677,-1.54,-5.673,8.114,34.84,-22.983,-0.34146015332501334,208.631,255.31,-0.08793214269317294,338.543,0.0008780133350377782,-0.24585650862667371,0.6118522580392464,-3.018281322722777,1,1
111114,2021.0,235.984,5.003006798384195,-10.62246743435361,-3.5349602370689652,3.706715367231638,0.5855962219598583,351.0,0.20268006700167504,-2.36,707.0,1481.0,1839.0,-928.0,-1.048587570621469,2310.0,847.0,-0.22206269442450347,1688.0,0.022737210319195452,-0.4982227488151659,-0.7213884297520661,-23.529704106085727,0,0
111086,2021.0,4277.178,0.22477672844744484,8.547183768360986,3.4233498182537523,4.685699925539836,0.15424068745705974,2619.594,2.9550990812208404,8.58,-207.698,-11.561,0.082,80.882,1.3687470385162122,882.8850000000001,3097.328,0.07716790856096095,2637.268,-0.01817536093882698,0.17444567635902,0.38092510706002075,1.9128264927625473,1,1
111098,2021.0,4293.0,-0.04790866942519567,-2.2059506992929174,-27.017829554896146,15.312829734275143,0.32887287699433865,2608.0,0.18676406978420723,-2.21,842.0,-2105.0,2137.0,-1685.0,-0.5667675748402288,18572.0,3886.0,-0.08098236170519536,13739.0,0.1162981162981163,-0.7171555426159109,0.1047349459598559,-0.4084061218219309,0,0
112107,2021.0,1282.233,-0.028842952768503283,0.4667163124148028,10.477456797468697,1.0127882300350555,0.5700675138877386,560.644,0.3718039517577624,0.47,-143.932,143.166,155.561,36.977,0.09666355582394197,3326.456,1304.028,0.010542867733013998,1336.542,-0.006012193103985308,-0.024326957177552143,-0.016713598174272388,-3.7357786798542767,0,0
111811,2021.0,12357.4,0.07399575248225662,1.7570932649594295,13.095491547815643,0.9104000375727973,0.22948270500017287,6689.4,0.438695691719977,1.76,8704.8,62.1,582.1,666.1,0.06952011188344084,17798.600000000002,8681.7,0.03365875349927741,8906.3,-0.05530999818638755,-0.025218104038714006,0.4233848209452064,1.1984103625181832,1,1
112036,2021.0,1573.157,0.031970144349840426,0.7969845923085307,27.34055364468652,1.607417106037011,0.7573033619369041,308.141,0.07544440809188227,0.81,-122.735,-911.622,556.369,431.45,0.05879241243344036,15833.894999999999,1269.655,0.025637271440858034,870.248,0.025898626360314838,0.4589576764324651,0.23904288960386874,0.24701821032677113,1,1
111228,2021.0,8537.0,0.15782881002087681,17.386658258005745,7.473546559193955,4.20731421440726,0.2864721485411141,4035.0,0.5183793198276653,16.95,7763.0,492.0,1488.0,1985.0,0.5629608621667612,8624.0,5655.0,0.18195984966541387,6297.0,0.0899113550021106,-0.10195331110052405,0.5096374889478338,-0.13261738613715604,1,1
129010,2021.0,164.204,0.011425805878612033,3.005101520253035,9.56373680100499,0.8511432145619802,0.5286064840209013,81.643,0.04078865684633348,2.99,109.536,92.445,419.806,29.453,0.0889969299941984,555.4649999999997,173.195,0.006936391409076821,164.203,0.006155729042558408,0.05476148426033623,-0.05191258408152652,0.6472262311582438,0,0
111313,2021.0,1750.98,0.06482073264755502,1.7884293835692786,11.512895163300923,2.31302638444232,0.16798422524033438,1157.403,1.308578438058829,1.78,286.493,1.037,15.297,48.132,0.2009074478342718,949.836,1391.083,0.04527731082951021,1511.998,0.03804262563550294,-0.0799703438761162,0.2587171290282463,0.43163830757605565,1,1
111514,2021.0,1281.256,0.09988997603428806,2.306778866765706,28.732706439664078,2.732700671656301,0.9521256817055033,55.62,0.39823879752855784,2.3,2432.544,274.386,1126.927,231.363,0.09510766684630667,1777.7809999999997,1161.792,0.07930655652009976,1241.62,0.09042299651740819,-0.0642934231085195,0.10282735635983048,0.2595424693413787,0,0
111342,2021.0,1850.542,1.3292159333599048e-05,-5.513668869376301,-36.913714773557494,4.7213015100569855,0.6354931087161807,568.583,0.19061471197470084,-5.56,1204.041,348.272,1329.653,-243.638,-0.12790101291672246,6075.500999999999,1559.869,-0.02977236370239563,1723.691,0.011930707756586858,-0.0950413966308347,0.18634449431330452,-1.000446459658577,1,1
79633,2021.0,8453.0,0.1112649063032368,4.699017478163657,5.350054584139265,1.5720251321398124,0.22848122299767365,4643.0,0.6906920693217032,1.18,218.0,1068.0,1593.0,1034.0,0.29383347541915317,6244.0,6018.0,0.11867324687248938,6797.0,0.06754807692307692,-0.1146093864940415,0.4046194749086075,-0.06242637464206751,1,1
111951,2021.0,2219.622,0.039966556396710755,3.5836865767501607,59.52529481343417,4.345182597774682,0.3939508647714914,1250.403,0.8308134885320418,3.59,635.297,254.897,286.569,111.596,0.07299724615213538,2131.921,2063.204,0.04493761259973408,2080.241,0.04472561025466115,-0.008189916456795057,0.07581315274689253,-0.1106212794903292,0,0
115837,2021.0,1122.293,0.0894517438561264,2.6662296254358,31.928982855737846,3.972453974848853,0.3490047306335125,623.936,0.7680639688682277,2.61,566.395,98.475,407.506,89.476,0.12441529981701178,833.359,958.434,0.0717037288727795,991.346,0.057188476258739844,-0.03319930680105638,0.17096534555326703,0.24751871712050522,1,1
111761,2021.0,203.05,-0.20654925646852454,-5.4360113299858375,-0.4433397676539204,1.2275613994819163,-0.039650704952649655,112.747,0.5934432150244607,-6.29,-50.382,-12.21,54.229,-84.443,-2.768895301177165,109.859,108.447,-0.462088627682744,229.958,-0.3066165855090905,-0.5284051870341541,0.8723431722408181,-0.553009435648057,1,1
111803,2021.0,2448.5,0.031807714450201495,5.136316337148804,71.98154781199351,19.45255516014235,0.7030155187626511,572.2,0.44906188089966204,5.23,-198.9,371.8,2707.7,493.6,0.2702436353681905,1419.5,1926.7,0.11504486656566834,1476.0,0.04221294363256785,0.3053523035230353,0.2708257642601339,-0.7235190460928089,1,1
111860,2021.0,1183.867,0.13838438444012383,2.9777335052150478,14.467379275060017,1.9956802437947432,0.3579773724779237,636.021,0.9922753624930386,3.06,380.968,21.699,375.542,76.227,0.13794345235940905,553.0710000000001,990.652,0.07635191172758633,1034.129,0.07315331120974604,-0.04204214367839976,0.1950382172548987,0.8124547415899849,1,1
111974,2021.0,19893.856,0.16103796565034365,2.683725787261724,15.206471612600748,4.135896773286907,0.26469019172381786,6293.424,2.050682480722606,2.69,562.374,409.71,423.806,313.537,0.27198267150018696,3149.5080000000003,8558.874,0.07512259591136915,7280.431,0.0682596345888124,0.17559990610446005,1.3243543484808866,1.1436688082549602,1,1
112461,2021.0,9168.0,0.020971359469152774,3.7237076648841354,30.9610770703686,3.31714483536773,0.5800582241630277,3462.0,0.06532488114104595,3.79,10847.0,-197.0,1583.0,2089.0,0.10713919376346293,123978.0,8244.0,0.01655309033280507,6547.0,0.02045654175441567,0.2592026882541622,0.11208151382823872,0.26691506223412165,0,0
111983,2021.0,335.336,0.11756897246519632,1.8343027647680918,3.5435807680428293,1.8897515016416486,0.6083317695627698,114.796,1.1953790937640199,1.49,2.038,-0.618,38.026,48.565,0.533288677567066,191.488,293.095,0.19807088380439658,273.342,0.010345907590250716,0.07226478184838057,0.14412050700284884,-0.4064298083240711,0,0
112244,2021.0,660.385,0.09349494084920368,-0.942294824761773,-14.655710333006857,-151.567285388706,0.8284064075230534,65.836,0.25973426375544195,-0.96,-295.811,-44.261,252.248,-81.68,10.34185869840466,1170.4,383.674,-0.055294585151833324,533.227,0.010137961469976793,-0.28046779326628246,0.7212138430021321,-2.690851655591159,1,1
129495,2021.0,2330.191,-0.14499708734768085,-15.83742676214713,-2.189118252648493,0.9649305562418671,0.12215215798006178,2085.274,0.9094524997473146,-15.82,108.374,81.836,442.527,-267.605,-0.4407850307193095,1784.1329999999998,2375.439,-0.10245434052184887,3108.4,0.025622044770377092,-0.23580009007849706,-0.01904826855162353,0.41523615894789284,0,0
112161,2021.0,429.123,0.07887435888346371,-0.7399151674711131,-23.962206452123034,5.641078608391348,0.17631810130045936,228.776,0.5118137224189845,-0.8,23.677,89.835,95.402,-25.294,-0.2354156583894866,443.171,277.748,-0.04660993524657529,468.026,0.08494272212785485,-0.40655433672488284,0.5450084249031496,-2.6922220223264324,1,1
112108,2021.0,547.129,0.1512940128112838,-5.396225061001866,-1.3639164261680254,0.41297341992016046,0.26788727640904486,260.31,0.288414507032314,-5.38,-968.83,17.43,179.364,-225.573,-0.3027849888723936,1041.581,355.56,-0.18297481605017485,389.496,-0.03661802141681688,-0.08712798077515553,0.5387810777365284,-1.8268570291651305,1,1
112277,2021.0,13248.277,0.021473845572405705,3.0091856562444796,5.523088934546522,1.3181193304270875,0.09640959628071481,7519.317,3.275575280456603,2.77,,-2.328,31.375,102.21,0.23865618425630378,2301.252,8321.599,0.04023223774847471,13081.73,0.012771206087963118,-0.36387626101440707,0.5920350163472188,-0.46625276708055285,1,1
112154,2021.0,6538.0,0.0741010101010101,1.4816199668154517,26.126807728706627,2.834427806297057,0.41488845780795347,2413.0,0.3430092323047492,1.48,1607.0,396.0,683.0,317.0,0.10848733744010951,11255.0,4124.0,0.026366131581136154,4590.0,0.040502793296089384,-0.10152505446623093,0.5853540252182348,1.8104619698562916,1,1
111957,2021.0,4327.6,-0.002400614557326676,0.24686940966010734,172.11528985507246,1.273560857908847,0.22710765836168068,3362.7,0.7931166487412729,0.87,-207.2,162.3,364.6,13.8,0.00739946380697051,4493.4,4350.8,0.0025156315511238314,4288.9,-0.07024166245086975,0.014432605096878116,-0.005332352670773149,-1.954279078052677,0,0
124145,2021.0,473.722,0.035725848974570075,-2.119905063463603,-0.17161145858371887,0.5194178653407722,-1.8882096216752584,686.926,0.1979077388035235,-2.12,-1038.254,6.448,62.437,-777.967,-3.0267085288327613,1067.305,237.838,-0.6473552999678805,570.983,0.01892242441789947,-0.5834587019228243,0.9917843237834155,-1.0551873893306236,1,1
112100,2021.0,12191.0,0.029686002265663577,2.477642276422764,12.144610336341264,1.414782110091743,0.638271952019492,3860.0,0.3130518966174788,1.82,7892.0,570.0,2418.0,1219.0,0.1164946483180428,31272.0,10671.0,0.03576143397776278,11144.0,0.060738105824811026,-0.042444364680545583,0.14244213288351606,-0.16988781031199804,0,0
139085,2021.0,5739.0,0.036049212767788004,1.5949120337097458,38.31559277777777,8.593160170742962,0.6092995169082126,1941.0,0.21811476489441103,1.61,-232.0,27.0,1560.0,486.0,0.2242731887401938,20753.0,4968.0,0.021337313957061947,5603.0,0.028756708407871198,-0.11333214349455649,0.15519323671497584,0.6894916033166819,1,1
116042,2021.0,3953.0,-0.06989518307419901,-8.24600632923386,-4.740476594277836,4.816855551663749,-0.03800516917293222,3534.2,0.4061117141187276,-8.38,2172.3,-474.1,1873.6,-870.3,-1.0161120840630473,5951.4,3404.8,-0.10380610455754481,7863.1,0.0696949776492243,-0.5669901184011394,0.16100798872180444,-0.3266755999359105,1,1
112491,2021.0,315.934,0.04687736147666968,4.4799544772644975,12.819326689914783,2.5299426866841683,0.317933173675978,231.546,0.23080249242787357,4.49,245.664,17.944,231.909,86.602,0.1973537883759936,1200.565,339.477,0.05887867940755547,370.37,0.062086963278330985,-0.08341118341118349,-0.069350795488354,-0.20383130280170225,0,0
112495,2021.0,2745.891,-0.015488731164203795,0.4367265872931354,10.143646228312951,1.0394007750795193,0.20501973165878504,2722.367,0.4961701062251096,0.45,-3311.184,163.451,581.384,82.019,0.10246816102264522,6249.141,3424.446,0.011883783812761908,4057.088,-0.03724143375857416,-0.15593499574078754,-0.19815029934769007,-2.303350128901753,0,0
112230,2021.0,13443.0,0.01568368953113724,13.137385882876865,14.792136101694917,3.8675876563831606,0.4438507138682475,6661.0,0.07220149141262215,12.39,15921.0,2690.0,11987.0,1534.0,0.2614624169081302,134257.0,11977.0,0.009247481658759486,12886.0,0.012468055958057802,-0.0705416731336334,0.12240126909910662,0.6959957434769484,0,0
113414,2021.0,2313.416,0.46968418218486174,4.7506833090379015,13.189681551871276,14.198446012668898,0.5485331010980907,625.711,1.2388687816376351,4.64,496.992,27.228,137.344,312.861,1.0764813355675371,868.6009999999999,1385.951,0.279659039815933,1230.593,0.16174428331271437,0.12624645191383335,0.6691903249104767,0.6794886462243459,1,1
112489,2021.0,1334.318,-0.024027434934004627,2.7873823550120873,9.198594499924218,10.811802843873943,0.1657958676385477,938.337,0.6831711491531641,3.53,-2076.447,-211.853,238.283,475.048,1.1753755254634843,1242.133,1124.829,0.288523044892079,1864.225,0.010202488948723273,-0.3966237980930413,0.1862407530389064,-1.08327735118348,1,1
112493,2021.0,5683.466,0.07213613185569728,-1.206963848907819,-14.225778191730537,4.661397863833561,0.5200098688908025,2147.796,0.889484772080146,-1.21,614.67,732.507,1528.515,-549.177,-0.32767260961113803,2926.1589999999997,4474.667,-0.10916668853272396,5267.132,0.019023105251107095,-0.15045474463142358,0.27014278380938733,-1.660788861742139,1,1
115750,2021.0,13737.0,0.056783048035593094,4.422535211267606,23.769171974522294,3.865106162610047,0.1641863869236399,10278.0,0.9828950523539285,4.42,1282.0,-30.0,687.0,628.0,0.16261004660797515,11093.0,12297.0,0.05019582767164895,11094.0,0.07120743034055728,0.10843699296917253,0.11710173212978775,0.1312304362632248,0,0
115257,2021.0,0.398,-0.8301375639066042,-0.3726886370414554,-6.761676502950886,4.361696375280283,,79.233,0.0,-0.38,-764.101,35.328,115.069,-79.976,-0.6450613798777242,30.31599999999999,0.0,-0.5464894598380539,0.0,-1.079568158073208,,inf,0.5190367333939182,1,1
112304,2021.0,15643.0,0.039907727797001157,4.896225411650065,7.983701058163981,1.3642367872111125,0.208573019113008,8530.0,0.21361609354870678,5.11,3698.0,1343.0,3951.0,1427.0,0.17087773919291102,46389.0,10778.0,0.02828262808443167,8477.0,0.0994661421747682,0.27144036805473637,0.4513824457227686,0.41103322074120074,1,1
112520,2021.0,11325.0,0.02922272047832586,-1.468668407310705,-12.610062222222222,0.7591341806020067,0.13097949886104784,5341.0,0.4743381955699622,-1.75,,55.0,66.0,-306.0,-0.06020066889632107,12194.0,6146.0,-0.0236165779115536,7638.0,0.0012033694344163659,-0.1953390940036659,0.8426618939147413,-2.237381664175386,1,1
113391,2021.0,67085.0,0.05162179251248077,-0.23978934062371873,-25.77262185185185,0.9013254336445571,0.26515406307401757,28404.0,0.40625788278819475,-0.24,,76.0,367.0,-648.0,-0.03497220573155594,91968.0,38653.0,-0.006810729000252249,53827.0,0.03632686084142395,-0.2819031341148494,0.7355703308928155,-8.57948121420906,1,1
113285,2021.0,3148.0,-0.12223318764979559,-1.9087392072967642,-1.6398259060402685,-1.8999538102643856,0.14072833083502329,1949.0,1.254327268705414,-1.86,,90.3,109.4,-149.0,1.1586314152410575,1519.6,2268.2,-0.0823978322181054,3452.6,-0.02346861879642588,-0.34304582054104155,0.3878846662551804,0.48345149816862665,1,1
113280,2021.0,7547.061,0.09814942466193234,12.705474804471269,109.14271377815756,19.221124682261337,0.1730515182716269,4948.984,1.0002904947704256,12.74,3271.934,127.355,951.603,355.766,0.17611001244966304,4909.303,5984.634,0.05946384493395841,5586.369,0.06859650621282277,0.07129228305541584,0.26107310823017743,0.6505731301253528,1,1
104503,2021.0,13877.0,0.005028276519033896,0.25483870967741934,555.0962025316456,1.7790101419878297,0.6128903760356915,4859.0,0.14971016912764484,0.26,3497.0,819.0,4030.0,158.0,0.003204868154158215,78236.0,12552.0,0.001884497030128098,10333.0,0.0035558313247261533,0.21474886286654407,0.1055608667941364,1.6682326576508852,0,0
115936,2021.0,58.939,0.03045390734674778,0.034349829191086596,35.808038321167885,2.5974988417499505,0.1812883006966485,41.015,0.8670751337037229,0.04,-66.161,1.211,2.505,1.096,0.07253954596598054,48.032,50.097,0.018969486127697874,54.573,-0.05347426110784889,-0.0820185806167885,0.17649759466634726,0.6054155153038744,1,1
113545,2021.0,257.531,0.19934970419757722,-0.11254249418500627,-66.28607313195548,2.2372994678710367,0.32905700689521217,138.174,1.047326505080505,-0.11,-132.128,39.539,76.036,-3.774,-0.0337521799400796,98.64099999999999,205.94,-0.019193018501378195,226.525,-0.10283901902468458,-0.0908729720781371,0.2505147130232107,-11.386573856700158,1,1
128542,2021.0,1970.129,0.06412472199285167,-7.078153923383428,-3.926164971941738,1.4655938070331902,0.25477913188113743,1164.892,0.6351797288615771,-7.08,202.599,50.868,85.901,-225.602,-0.37328890087579814,2198.827,1563.15,-0.09167246725562454,1804.436,0.018113709824052873,-0.13371823661243726,0.26035825096759735,-1.6994981580897432,1,1
113800,2021.0,1841.668,0.03643177204436909,0.3510015408320493,55.412862159789285,1.5855991538815184,0.38573269253317466,958.722,0.6006335149496752,-0.34,-212.458,-29.57,70.744,22.78,0.02861428000793864,2426.103,1560.757,0.008766535386708886,1450.253,0.159416605176194,0.07619636022128562,0.17998381554591766,3.1557776746790993,1,1
113866,2021.0,243.212,-0.25229480485199796,-0.9621212121212122,-15.091653543307086,9.178858022790267,0.7784151704047328,32.099,0.5545491782882823,-1.18,-636.795,60.652,107.765,-78.994,-0.608207576224207,135.85900000000004,144.861,-0.302400630878598,113.427,-0.3354084778873538,0.27712978391388277,0.6789335984150324,-0.16569352345933283,1,1
113834,2021.0,1409.015,-0.01764730460240436,-0.1454449058937881,-88.5214914945322,5.317980287802725,0.5564484980776226,553.523,0.8940405606389289,-0.15,-631.233,19.362,43.078,-36.212,-0.0600755838838437,1335.294,1247.934,-0.025942875810625318,1189.346,-0.014275664981314573,0.04926068612497958,0.1290781403503712,-0.3197629772726805,0,0
113869,2021.0,87.513,0.010611423788938626,0.10607574536663981,93.14099058037071,4.117662072485962,0.5111936236862157,40.415,0.6311430359841834,0.15,-13.205,-9.64,15.366,3.291,0.04420891432255985,111.24300000000001,82.681,0.025121753866353184,70.516,0.061751652720632426,0.17251403936695206,0.05844147990469404,-0.5776002007904777,0,0
113906,2021.0,280.615,-0.05089919997160188,-0.24314438259684198,-19.33007849000187,4.779596599048104,0.580148798299448,122.458,0.6048045121356959,-1.16,-373.984,-5.33,33.671,-10.702,-0.24726214130585464,435.835,291.67,-0.022191579143813957,308.749,-0.1965948840557645,-0.05531677835393801,-0.03790242397229748,1.2936267690436243,0,0
134916,2021.0,158.554,0.004447157975250821,1.3385230009987663,11.953474081552034,0.667060203839192,0.7559818952372949,40.65,0.0447468768567754,1.34,244.793,50.579,177.311,22.783,0.055804714118105246,759.785,166.586,0.006119770541509574,160.154,0.007809151315036227,0.040161344705720844,-0.048215336222731865,-0.27331295428703556,0,0
133968,2021.0,229.973,-0.38655517731434047,-2.3345518288120735,-7.650290638048496,-6.756264728002005,0.9328290976136102,16.03,1.245654602206888,-2.35,-1345.801,21.55,115.283,-109.208,0.8831383077657105,66.37399999999998,238.645,-0.5700326753035254,173.317,-0.6068555470885371,0.37692782589128593,-0.03633849441639254,-0.3218718960127832,0,0
134562,2021.0,2673.664,-0.23124260150668077,-5.565410335464336,-29.652800072688823,16.89088140250501,0.7886246655467763,471.237,0.3798909974395441,-5.68,-2470.043,992.411,1858.911,-907.98,-0.5696218016882004,4000.2559999999994,2229.385,-0.1547213369853826,2358.926,-0.06189351868959317,-0.05491524532774649,0.19928321039210364,0.494574736828493,1,1
134187,2021.0,117929.0,0.23718724960388465,10.23025623025623,26.70118849927949,6.066200327383273,0.8856511370906764,9830.0,0.539587988651485,10.22,78272.0,-1325.0,62195.0,29146.0,0.22718840127835374,95790.0,85965.0,0.18294458811418815,70697.0,0.13859315019193857,0.21596390228722576,0.3718257430349561,0.29649776497263736,1,1
137066,2021.0,624.798,-0.0025011401191888656,-0.09740914522192755,-95.67890138822403,1.515268718567845,0.20191055216428466,488.323,0.1474126622168095,-0.1,-93.993,296.342,567.939,-16.712,-0.015837020456783184,3550.4469999999997,611.865,-0.004026313665542759,742.602,0.012575556343426504,-0.17605258267551122,0.021137015518128986,-0.37880147277305964,0,0
135237,2021.0,6797.0,0.09529216525460739,-28.572693689590608,-1.6939249944653532,0.8700772344780532,-1.4493423391397084,6890.0,0.15965718826267097,-28.59,-3864.0,-20.0,108.0,-4517.0,-0.5136456675005686,17203.0,2813.0,-0.2563709631647653,3964.0,0.010199311546470613,-0.29036326942482343,1.416281549946676,-1.3716964046094593,1,1
134350,2021.0,496.785,0.1152049739419132,0.507813319349764,13.607362660057827,1.551140162537315,0.4129354560803151,220.104,0.7047093651614116,0.52,-6.913,19.037,69.286,24.21,0.11399271124671582,420.561,374.923,0.04550538038626005,430.912,0.043068945420841616,-0.12993140130699535,0.32503207325237454,1.5316780777136045,1,1
134539,2021.0,111476.0,0.023689606792099867,-9.098795754353116,-7.686731506918239,1.6095005130636324,0.021753029050819443,62734.0,1.171926682626414,-9.06,15711.0,900.0,2514.0,-3975.0,-0.20938685208596713,46658.0,64129.0,-0.07264121635204035,107293.0,0.05238419618528611,-0.4023002432591129,0.7383087214832603,-1.3261179806969803,1,1
134366,2021.0,253.155,-0.1285433722444116,-1.4966571870478471,-6.8552772731060925,-69.11147034111913,0.8570743192217138,32.174,0.9217508803537794,-1.52,-1337.631,24.244,102.239,-59.995,10.081498907746598,129.905,225.11,-0.24565965113422322,272.26,-0.32181094485004574,-0.1731800484830676,0.12458353693749716,-0.4767420223430252,0,0
135012,2021.0,958.102,0.07622429893172251,1.0257837415006918,63.58065288165421,4.317440106433193,0.7840165669254616,170.42,0.4698118768551074,1.04,1049.037,43.673,426.741,102.285,0.06790493508252356,1234.539,789.042,0.06090259811787542,785.368,0.10130691864703928,0.004678061749396433,0.2142598239383961,0.25157712950426736,1,1
134864,2021.0,5896.0,0.021300240785330618,0.605088744102449,909.6682186948852,38.03109384751564,0.8393511294652221,726.05,0.5185834125927117,0.61,-139.512,901.439,3094.672,118.503,0.041807653676281475,5586.148999999999,4519.484,0.013597501427701504,3460.437,0.10406065325790419,0.3060442944055911,0.3045737079719719,0.5664819671897009,1,1
135031,2021.0,4119.252,0.06543329313222865,-1.8065356947732656,-10.74985678732319,411.6196670687576,0.11974536998341943,2790.901,0.9430279881038884,-1.85,-1129.542,43.263,110.408,-158.715,-38.2907117008444,3110.242,3170.561,-0.047207004417170545,4139.389,0.03634414725707779,-0.23405096742538573,0.29921865562592875,-2.3860928889702793,1,1
134940,2021.0,4256.1,-0.04871309170442118,-2.7725856697819315,-92.30373033707865,22.36803049555273,0.766782067832414,794.9,0.37597899706576654,-2.76,-439.4,1996.7,3750.6,-267.0,-0.24233073153022328,5251.199999999999,3408.4,-0.029452644119399036,2899.6,-0.012423773550559753,0.1754724789626156,0.248709071705199,0.6539462978923586,1,1
134568,2021.0,0.0,-0.12946415229670363,1.1223064008103345,1.7196729864558284,1.5134368454553864,,0.0,0.0,1.14,-20.945,-8.049,11.125,161.767,0.8800724657392648,173.914,0.0,0.8731654656842901,0.0,-0.5406164635682044,,,-1.1482698954375663,0,0
134947,2021.0,2848.354,0.09679356769404887,2.205434879771163,79.6804302007928,11.145950326913002,0.3324589465465459,1309.807,0.8476595946897532,2.21,560.252,66.293,409.711,123.361,0.13988315950134145,1766.4370000000001,1962.137,0.05329298375216544,1846.73,0.08937534366590237,0.062492622094188065,0.4516590839477569,0.8162534892806762,1,1
131722,2021.0,7983.0,0.04757281553398058,-3.118043947097188,-4.207766222222221,0.8592148837209301,0.19627069602957725,5000.0,0.8971733487164696,-3.13,-3114.0,257.0,523.0,-360.0,-0.2041973908111174,6283.0,6221.0,-0.05191808479953851,5598.0,-0.024923770383136683,0.11128974633797785,0.283234206719177,-1.9163052858683927,1,1
113965,2021.0,1161.464,0.022509773313889404,0.7645553314462956,26.603699122106946,2.4736251427440665,0.39169700245065553,536.901,0.8306856993885298,0.77,82.616,3.077,100.32,45.108,0.092980496110353,938.732,882.621,0.04245374914942857,744.956,0.04734630711159133,0.18479614903430533,0.3159260883210347,-0.469781261611087,1,1
115259,2021.0,769.591,0.041201842956572886,-0.6659352007228605,-96.85627059507657,7.608706355289137,0.8505498485083043,108.123,0.8001477593336673,-0.66,-676.124,101.155,397.237,-30.954,-0.07855667277443064,506.56199999999995,723.472,-0.03423459890972192,670.885,-0.006679872579507641,0.07838452193744083,0.06374676559701002,-2.2035146976666464,0,0
113781,2021.0,285.205,-0.07255801797231126,-14.175944211305849,-0.5854989181870819,1.495066586629316,-1.2053692451901354,327.032,0.42796618729743685,-14.18,-240.167,-5.98,6.035,-229.707,-2.5534916294270658,301.31,148.289,-0.6629408046822916,224.685,-1.995178443761053,-0.34001379709370905,0.9233051676118931,-0.8905512868421426,1,1
128212,2021.0,6204.515,0.054648866174440786,1.9206012562012889,14.401740033591382,3.5172550731744114,0.148478599667047,4710.372,0.7225897696514577,1.93,551.217,241.179,577.061,258.995,0.24422431351840676,6901.251,5531.713,0.0338316787929669,5453.922,0.02022386587556238,0.014263313630081284,0.12162633889357612,0.615316417162292,0,0
116019,2021.0,7339.0,0.002903694144216809,-0.5114871488853843,-60.470727499999995,2.755628088607595,0.12900988382174441,5023.0,1.0108676599474145,-0.51,222.0,-276.0,436.0,-72.0,-0.04556962025316456,4695.0,5767.0,-0.012620508326029798,5639.0,0.037658463832960475,0.02269906011704203,0.2725853996878793,-1.2300774318438457,1,1
115787,2021.0,538.199,-0.09081678111393798,1.753201666409505,40.27488756875687,2.185512692852316,0.11370788676227828,516.508,0.560347761874268,1.75,316.505,20.293,93.379,45.45,0.05426489866970407,909.7219999999999,582.774,0.043700998632721234,506.201,0.09018869145697203,0.15126995007911873,-0.07648762642121996,-3.078139721181078,0,0
115319,2021.0,1553.048,0.038459417345125854,2.9063458487572715,25.575070507105295,1.8817318440989554,0.3546870178349233,972.406,0.9037869836681082,2.92,574.625,75.505,81.987,54.959,0.07357679985969817,1493.9379999999999,1506.875,0.032963071811142636,1478.525,0.049339508465757284,0.01917451514177975,0.03064155951887184,0.16674251615485872,0,0
114121,2021.0,3307.085,0.1946312801811996,8.603042944785276,12.744327873715678,3.629590575053658,0.2729600307590137,1664.02,0.6789783582248952,8.64,788.815,194.338,1890.434,350.574,0.2848004705324198,1442.4930000000002,2288.76,0.10400048889194777,2028.837,0.1144595212907809,0.12811428419335819,0.44492432583582364,0.8714458196769969,1,1
116289,2021.0,1707.91,0.03804816398998465,-11.221077654516641,-16.864690346726924,4.439284663329343,0.16052048687319018,831.146,0.30380355485321076,-11.53,1015.595,33.534,702.796,-184.093,-0.2632295388803811,2521.932,990.073,-0.0564888728645182,1840.965,0.07709471526366886,-0.4621989011197931,0.7250344166541256,-1.6735514812136296,1,1
119157,2021.0,305.514,-0.27670857546898825,-1.0564329951194942,-21.85656838310722,21.129389866610794,0.1437217788612652,223.391,0.2942810088886884,-1.07,-2024.848,19.819,483.269,-276.852,-0.9667295202178923,386.188,260.886,-0.31229075486170643,182.237,-0.41917791784824165,0.43157536614408726,0.17106322301694987,-0.11393926601661727,1,1
113970,2021.0,377.438,-0.015088833697806447,-0.1458129132286636,-13.16755805426546,1.0000089106705279,0.32515385700795607,248.697,1.3548726282081918,-0.14,-78.224,16.431,37.981,-8.182,-0.07594490235390214,213.06500000000003,368.524,-0.030080992944827002,376.437,0.05224985253254486,-0.021020781697867134,0.024188383931575658,-0.4983930974126551,0,0
115331,2021.0,5070.8,0.09132430441434804,1.810068093385214,12.121090957947064,48.34795284030011,0.4629989658738366,2596.4,0.5091456672598802,1.81,-702.6,-9.4,1447.4,744.3,3.9887459807073955,7548.0,4835.0,0.07837789454840306,5292.1,0.12083119255580294,-0.08637402921335582,0.04876938986556364,0.1651793524250615,0,0
115842,2021.0,917.008,0.006977418935492203,0.2873580905484886,101.54577497471291,2.1008815509966596,0.2250526235475228,690.661,0.09634124524028938,0.28,-1052.551,18.713,172.517,50.421,0.020689009971314162,8996.713000000002,891.236,0.005450432799236824,955.258,0.03890269443672848,-0.06702063735660947,0.028917144280527322,0.280158694272717,0,0
114128,2021.0,6801.24,0.010920554184468332,-0.216681670403266,-67.28764815623389,6.247906108177573,0.403997689196996,3971.968,0.8656265838355064,-0.21,502.587,580.68,910.603,-75.579,-0.09285368532528705,5839.759999999999,6664.35,-0.009816890106267488,6966.923,0.08168631270171034,-0.04342993312829773,0.020540637871660314,-2.1124250211883515,0,0
116048,2021.0,2858.277,0.06321945747804146,3.758775240611436,26.317083003853348,1.8988730880025968,0.34760516233349514,1768.859,0.38139799078089237,3.76,2654.036,-172.916,1748.813,398.355,0.0721536306939703,5176.768999999999,2711.332,0.056035851241206316,3063.117,-0.015292410316605703,-0.1148454335893798,0.05419660889924221,0.12819661123578388,0,0
114805,2021.0,1.858,-0.5338444300288967,-0.6295398009950249,-3.3675392670157067,-5.931462873548218,0.6777196044211751,0.554,0.043719321447646176,-0.68,-766.322,6.333,34.258,-40.492,1.7613641306711905,2.0790000000000006,1.719,-1.029832905211221,3.049,-0.9600726323091362,-0.4362085929813053,0.08086096567771961,-0.48162034119563885,0,0
116055,2021.0,353.755,-0.021340087520472995,-1.1921052631578948,-34.980132450331126,2.997517202241612,0.330945316896005,261.587,0.9528590890591072,-1.23,20.028,22.953,28.405,-14.496,-0.08569199120380223,340.54599999999994,390.98,-0.03532826578086045,443.099,0.011004448606883634,-0.11762382672946671,-0.09520947363036478,-0.39594862502324507,0,0
115727,2021.0,1106.6,0.1071345029239766,-2.0682890178236004,-35.966926942482345,7.90490676424928,0.44529832426086025,519.7,0.5451847541460576,-1.76,760.5,91.6,136.9,-99.1,-0.2197826569084054,1500.3,936.9,-0.05766656968286296,1038.1,0.14364159914283803,-0.09748579134958091,0.1811292560572099,-2.857826874620119,1,1
116030,2021.0,3874.997,0.08424547931040781,1.007481940144479,8.625464788732392,63.25136048695201,0.48817100272313635,1798.736,1.2138692784856866,0.99,12.406,442.656,514.151,113.245,7.333095901055495,2144.663,3514.33,0.03911545769523966,3876.411,0.12944007136709737,-0.09340624613850289,0.10262752786448624,1.1537643753727689,0,0
116452,2021.0,1460.86,0.0878134324121443,2.9867295562168943,74.92810975609756,4.611362509299723,0.5216052981367908,574.42,0.4090077323977246,3.0,2042.126,195.569,1393.388,159.572,0.06154382546564184,1516.5639999999999,1200.724,0.05435569029532991,1314.581,0.06600923808505309,-0.08661086688458146,0.21664928826274812,0.6155333863856566,1,1
116021,2021.0,1792.7,0.07803311929705982,5.7457627118644075,15.594100294985248,3.2880165860400825,0.7064420727787065,456.6,0.5394700332963375,5.79,701.6,453.5,621.5,305.1,0.2108500345542502,2125.6,1555.4,0.10581992230854607,1106.0,0.02341769432389464,0.4063291139240507,0.15256525652565253,-0.2625857438306036,1,1
137313,2021.0,102.846,0.11484496658847647,-0.35902799138726543,-26.07039067854695,3.5447827032400356,0.1324499322391205,86.421,0.16402174772116548,-0.36,-600.386,0.437,11.924,-17.508,-0.13596968096672982,590.596,99.615,-0.028827915064018127,17.442,-0.14057225490122238,4.711214310285518,0.032434874265923896,-4.983811050276801,0,0
116591,2021.0,1899.8,0.00670604754757178,-0.39426689549608046,-140.5900435294118,1.795485606250313,0.43453070683661643,976.0,0.41016135548109595,-0.39,290.6,87.1,254.4,-25.5,-0.012771072269244253,3790.1000000000004,1726.0,-0.006059741926285021,1834.1,0.029693956159394918,-0.05893898914999177,0.10069524913093857,-2.106655634703404,0,0
116594,2021.0,1652.37,-0.025505256469227012,-0.5965498390329831,-10.5272008960391,1.1422702296598561,0.15795391540689446,1303.068,0.8807211944783547,-0.58,-21.382,61.99,64.964,-29.463,-0.1085065480311713,1664.525,1547.502,-0.01676811309640683,1462.765,-0.018224224361389926,0.057929332462835686,0.06776598673216573,0.5210570397865713,0,0
117769,2021.0,114.6,-0.05957915341326157,-0.8380210402224473,-4.439029357798165,-0.613638807863031,0.5188053097345133,43.5,0.10200857594222523,-0.84,-266.4,124.4,180.6,-65.4,0.13823715916296767,691.9,90.4,-0.07379823967501693,444.8,0.03194690265486726,-0.7967625899280575,0.26769911504424765,-0.19267514136341904,1,1
118854,2021.0,3557.422,0.04989598405683588,1.608655002003473,17.64828379275988,1.3963732098278807,0.16732763729677136,2780.527,1.7404362242956752,1.65,696.059,-49.75,210.783,84.308,0.07912232295361978,1290.19,3339.281,0.04394140451130642,3500.36,0.04274233712945607,-0.04601783816521734,0.06532573928339666,0.13551181651458843,0,0
117568,2021.0,274.911,0.370024827567671,0.04759259259259259,383.4630350194553,1.4348946579112127,0.3732913736894595,149.559,1.3272562444035352,0.05,-745.71,9.671,41.618,0.257,0.0037419373625893625,106.18799999999999,238.642,0.0014293580124693412,243.858,0.05755557263007334,-0.021389497166383747,0.15198079131083383,257.8748405505635,1,1
117580,2021.0,703.1,0.03153415098329457,4.193943637318396,7.675353505843072,0.758168989116095,0.22083216193421426,554.3,0.1813593025034416,4.01,1363.0,5.4,316.0,119.8,0.0987796833773087,3583.7,711.4,0.030540967725488196,835.9,0.039234784346045305,-0.14894126091637755,-0.011667135226314245,0.03251970490042799,0,0
117777,2021.0,582.44,-0.04393292993847095,-0.03320458236404336,-373.1412690019829,6.762121237528298,0.35001486874949317,288.518,2.374054007797917,-0.04,-169.676,33.529,35.802,-1.513,-0.01812214782785756,105.86900000000003,443.884,-0.008092077465730345,280.657,-0.35872012371227796,0.5815889145825689,0.3121446143587064,4.429128690935711,1,1
116812,2021.0,168.882,0.33078501156095574,-7.719689378757516,-0.40157056170295613,0.8696828197960427,-1.3610492624547732,271.464,0.44080480922586185,-7.77,-934.19,22.298,28.266,-277.353,-2.165703621570128,194.182,114.976,-1.0633396209054105,266.845,-0.7393666826287789,-0.5691281455526617,0.4688456721402728,-1.3110812435252808,1,1
118573,2021.0,9434.0,0.08420291352412439,2.4442148760330578,14.4218089602705,31.6530612244898,0.45840765364034375,3340.0,0.32212065813528334,2.2,,-655.0,1307.0,1183.0,2.1948051948051948,17826.0,6167.0,0.061791590493601466,6838.0,0.06061700371440363,-0.09812810763381105,0.5297551483703583,0.36269212123361055,1,1
118570,2021.0,4993.7,0.06742776915687579,4.018245004344049,31.404257297297296,10.786831786112142,0.32956502539191873,3036.4,0.9262137510736635,4.03,2202.1,203.4,477.1,462.5,0.3434831043445971,4260.9,4529.0,0.09458464558877663,4362.2,0.12423016466101477,0.038237586538902434,0.10260543166261864,-0.28711717703072165,0,0
118952,2021.0,1510.464,-0.08082800416774207,-5.2019632978005665,-3.3468133093828425,2.6198970776917485,-0.48241902347335763,1017.399,0.12337221337994672,-5.25,-370.716,167.025,655.338,-616.828,-0.782803471692558,4836.938,686.31,-0.11088201488354502,3283.099,0.0328389570586359,-0.7909566540637367,1.2008480132884558,-0.2710449548321023,1,1
119091,2021.0,263.427,0.0012027883396704688,0.606905379938129,97.39574232481836,8.208895193228843,0.7549940691216908,36.353,0.3249811638134955,0.61,39.191,30.129,82.7,17.068,0.08428392245168045,369.565,148.376,0.03738325944875682,133.957,0.07614797299736471,0.1076390184910084,0.7754016822127568,-0.9678254823841888,1,1
119067,2021.0,1098.8,0.00819992190550566,0.10300377175575988,2481.753780882353,27.95879010934393,0.6952675807164971,275.6,0.48288750066741415,0.11,-660.8,708.3,947.6,6.8,0.01126573889993373,871.2000000000002,904.4,0.003630733087724918,738.2,0.0101496193892729,0.22514223787591428,0.21494913754975672,1.2584755495325815,1,1
122075,2021.0,8.421,-0.2428893152056051,-0.2642046814417692,-2.63810616903705,2.3641868809871727,0.6054962754177571,3.919,0.6519228245176532,-0.31,-136.063,5.015,11.952,-11.039,-0.896168209124858,2.984,9.934,-0.7244389027431422,6.599,-0.8607843137254901,0.5053796029701468,-0.15230521441513992,-0.664720773158528,0,0
119179,2021.0,1425.205,-0.10759539926311598,-1.0264452797211479,-10.209993856513305,4.951254468851751,0.3688163730196902,855.63,0.782452148546289,-1.1,-1539.162,182.586,301.307,-206.723,-0.4849419635735801,1255.428,1355.596,-0.11932084153681075,1298.865,-0.2374310493275966,0.04367736446820878,0.05134936957618636,-0.0982681828478174,0,0
119198,2021.0,14923.0,0.10534898891063274,-0.7288497480780746,-134.10171336099586,3.4443688500479595,0.3652645415708183,7726.0,0.6325745764473547,-0.78,9903.0,18.0,945.0,-241.0,-0.02568474901417457,17021.0,12172.0,-0.012524685583619166,13448.0,0.09363257845028942,-0.09488399762046401,0.22601051593821886,-9.411308068955996,1,1
134029,2021.0,3094.238,-0.026805242433735964,4.248028342027025,38.853318930834476,2.5332811112416627,0.9448951521154255,130.244,0.36162833555771423,4.28,1026.014,420.425,2132.769,238.616,0.06520115091715419,4376.187,2363.567,0.0365085089263133,2161.761,0.0944893902161387,0.09335259540717038,0.30913911050543513,-1.7342190415894045,1,1
119194,2021.0,13221.0,0.049427622866058306,3.7214976010854643,24.326228229623137,2.8241988614163613,0.17957229985331583,10627.0,0.1147410287982,3.6,20000.0,6625.0,18450.0,1141.0,0.11609686609686609,18744.0,12953.0,0.010107273516463074,13989.0,0.02593950664935612,-0.07405818857673886,0.02069018760132788,3.8903022942387873,0,0
137332,2021.0,2527.9,-0.11727579355911841,-20.4566425804496,-0.10363381926739448,-0.16484210599285987,-0.7644880875724401,2192.2,0.12089836907866569,-39.15,-5296.6,45.9,321.4,-4589.1,1.5906207757096809,9656.2,1242.4,-0.44656689112918924,5471.0,-0.010902470056596324,-0.7729117163224274,1.0346909207984545,-0.7373835904794133,1,1
119320,2021.0,251.423,-0.16423011508990198,-1.7713352200823727,-28.66199431050608,18.85314020352538,0.6346623142015022,92.22,0.467476957095844,-1.78,-442.204,23.057,329.134,-76.984,-0.657774891700915,206.591,252.424,-0.14257061953327121,250.334,-0.13458028041698245,0.00834884594182174,-0.00396555002693882,0.1519211716098082,0,0
119329,2021.0,46.245,0.11624263955130984,-1.3946177501443593,-1.9288439428808026,0.635904352242786,0.7421330234221348,17.307,0.13115766434769013,-1.49,-476.857,8.654,23.333,-103.853,-0.329681597409606,475.0300000000001,67.116,-0.20294887829281635,78.119,-0.008897208625137747,-0.1408492172198825,-0.31096906847845524,-1.5727680809528495,0,0
134337,2021.0,2402.0,0.09916984518734574,2.6688564976390885,16.16047923076923,6.391512288359789,0.5530994714079769,930.0,0.46482019209291936,2.62,-1063.0,118.0,310.0,299.0,0.3955026455026455,4010.0,2081.0,0.06678579405852134,2698.0,0.13573033707865167,-0.22868791697553745,0.154252763094666,0.4848943040259092,1,1
119951,2021.0,4022.211,0.07425688942648126,1.630693058832242,25.363448857517287,4.262795190785883,0.38038948319353894,2298.369,0.7611300103231489,1.62,196.318,213.344,680.44,308.276,0.16806843638389754,4179.1630000000005,3709.377,0.06325539708214588,3520.543,0.06844822755413785,0.053637748495047446,0.08433599496627057,0.17392179721911194,0,0
119897,2021.0,6256.617,0.19733461636045724,4.5178323475485795,72.75170363024759,16.745483227714278,0.6007227822482173,1757.57,1.0517689055400976,4.52,2169.273,57.012,1150.517,588.913,0.23017307351070876,2862.452,4401.879,0.1407127232412194,3979.296,0.19674683072902224,0.10619541748088107,0.4213514274245158,0.40239355628255963,1,1
120077,2021.0,7069.409,0.008246975247788422,-0.014176859835572488,-118165.80113154174,50.5838788116577,0.43415809627113866,2248.353,0.6088358667625244,-0.08,-154.169,1056.8,3749.53,-0.707,-0.00042807545268827747,2011.0750000000003,3973.465,-0.00010833037608261423,2296.314,-0.03597032932491874,0.7303665787866992,0.7791547176079314,-77.12800348352124,1,1
119765,2021.0,12851.0,0.06346770818803181,4.908133478335528,28.0860332361516,6.386151408684122,0.8675108353870995,1559.0,0.40553487730907084,4.9,7062.0,1739.0,4771.0,2058.0,0.2273781902552204,24114.0,11767.0,0.07092638544251448,10811.0,0.24385791435308435,0.08842845250208121,0.09212203620294043,-0.10516082566378478,0,0
119734,2021.0,258.615,-0.05472811540528604,-0.4442801766880014,-20.437553769986206,-6714.962666666667,0.8497466100534173,37.298,1.228686544705789,-0.77,-151.424,26.743,95.812,-49.284,328.56,97.455,248.234,-0.2439415538132573,299.255,-0.15302154744385818,-0.1704933919232761,0.04181941232868987,-0.7756507058769428,0,0
122406,2021.0,2043.544,0.13183623667374106,7.288363024233104,61.266157917124985,-83.1870336887513,0.8279428332124172,291.704,0.40379436518478456,7.19,2495.436,-206.046,1300.521,601.822,-1.357797461386085,2883.8730000000005,1695.39,0.14333712741271176,1557.796,0.13406021588135777,0.08832607093611747,0.20535334052931772,-0.08023664870760312,1,1
130452,2021.0,7720.83,0.057543670854397114,5.94732669778913,17.523839751184838,6.29915383761239,0.15479968117936382,4962.712,0.9000653169866627,5.96,1943.019,327.256,1804.029,472.64,0.3594619630772694,3034.329,5871.64,0.07245111611416508,5624.856,0.0952138331815821,0.043873834281268814,0.31493586119039985,-0.2057586695597278,1,1
121815,2021.0,284.1,0.018269324006331508,0.2711097937926071,49.38958424439307,1.318122792406838,0.3913992270708236,172.912,0.09927641160536828,0.27,-298.121,1.178,6.636,32.014,0.026688274715664918,2837.525,284.114,0.011186478107851991,295.04,0.01676323729123602,-0.037032266811279975,-4.927599484697397e-05,0.6331613784241834,0,0
121968,2021.0,7242.0,0.006400409626216078,-2.546478200753996,-5.851218359375,1.4699822374877332,0.02010178117048346,3851.0,0.9879336349924586,-2.54,-490.0,22.0,847.0,-256.0,-0.2512266928361138,2849.0,3930.0,-0.06435394670688788,6364.0,0.0973111395646607,-0.38246385920804526,0.8427480916030534,-1.0994563652073732,1,1
122122,2021.0,8630.889,0.20691825734266733,3.125399928901529,89.51174453322716,7.871423806068268,0.3652386486047602,3905.022,1.2086425280782653,3.12,1189.478,653.726,1046.051,175.835,0.08793732986788522,3566.8660000000004,6151.953,0.03454539703483459,7398.068,0.14514053823784837,-0.16843789486660568,0.40295106285759963,4.989748999961322,1,1
122320,2021.0,418.803,0.024465000385883288,1.2709838611655075,23.981421740516417,1.470646965871141,0.6203645291110524,122.161,0.8673029340894514,1.27,111.18,24.946,227.686,18.822,0.06132442779180581,139.57499999999996,321.785,0.05073069231142425,286.27,0.02821381978433179,0.12406120096412494,0.3014994483894525,-0.517747555351735,1,1
122321,2021.0,2627.461,0.06828402072108447,3.1208215867901736,23.36564201832494,4.869135692605953,0.16959530441239395,1995.127,0.943831224185627,3.19,551.055,177.387,250.011,170.478,0.20838869690750383,2244.666,2402.596,0.06697025194278078,2036.524,0.046798585381570584,0.17975334442412666,0.09359251409725138,0.019617199281647815,0,0
122316,2021.0,1152.344,0.06882084595934589,2.1246930234166923,14.467972389991374,3.904660421957242,0.40571758090993726,652.345,1.6277975170090222,2.13,147.925,160.948,169.941,61.427,0.26988304350500425,433.8639999999999,1097.702,0.09109095007325595,1092.602,0.01621284242352045,0.004667756419995487,0.04977853734437949,-0.2444820708972768,0,0
127656,2021.0,258.973,-0.03806652352602484,-0.6864603286621636,-45.960412689087974,4.657050061013721,0.8063201504999049,45.814,0.696706222626716,-0.79,-362.806,111.226,232.154,-27.236,-0.10132742045894225,95.82600000000002,236.545,-0.08021936916637949,248.017,-0.0011666369288625977,-0.04625489381776253,0.09481494007482731,-0.5254696724543829,0,0
125057,2021.0,3930.0,0.05127268298623797,3.9106884797405375,39.24372928067701,4.311094524325999,0.4903362456976436,1925.0,0.16159671415736107,3.91,53.0,485.0,576.0,709.0,0.10985435388906105,22608.0,3777.0,0.030334146237111198,3610.0,0.029118019412012943,0.04626038781163435,0.04050833995234313,0.6902629329158535,0,0
124672,2021.0,24105.0,0.14851138776298012,5.1158192090395485,39.088558807288784,13.64658398663411,0.6809484573835027,6970.0,0.2699736773810848,4.9,14403.0,8339.0,22923.0,10866.0,0.34911965043053594,57822.0,21846.0,0.13428243057872688,22977.0,0.16645079505056906,-0.04922313617965792,0.10340565778632244,0.10596291058278923,0,0
125191,2021.0,3854.303,0.008415043665288958,0.3597137480273762,106.30675143695015,1.2788118486634399,0.44992606086618686,1689.15,0.41770367034212785,0.45,65.261,-8.563,101.069,42.625,0.01202945091800585,6920.228999999999,3070.769,0.005798097788642911,3327.458,-0.07143062140847388,-0.07714267167309108,0.25515888691073807,0.45134559161317,1,1
129599,2021.0,1879.35,0.09178824370932392,3.0897135700283163,20.2025199376096,2.3527715363876975,0.13181462703948513,1425.418,1.1885416613881556,3.07,866.915,44.591,495.525,113.479,0.11645931020752066,634.2589999999999,1641.836,0.08214859413039213,1584.335,0.09635407123931944,0.03629346066330667,0.14466365702786385,0.11734406024807983,0,0
124636,2021.0,31651.0,0.22061031726810365,5.172810127817724,16.004840300397223,-10.259806911753003,0.6981598940545062,8661.0,0.6402766930715162,5.16,20457.0,420.0,7285.0,8056.0,-0.6410440041378213,34750.0,28694.0,0.17976124065603036,29805.0,0.1675801749271137,-0.03727562489515182,0.10305290304593295,0.2272407358949931,0,0
124671,2021.0,2864.8,0.06224314428752895,-0.8034759358288771,-35.29663893510815,2.003142587346553,0.36317044100119183,1602.9,0.6312384009630335,-0.82,378.6,-87.6,311.8,-60.1,-0.05675165250236072,3404.0,2517.0,-0.015072478306665998,1807.3,0.054473660594094954,0.39268522104797215,0.13818037346046888,-5.129589243462444,0,0
130453,2021.0,81.69,-0.4854180140835751,-3.7566922635280613,-5.321170486620212,3.0139466387498004,-16.3418602946566,236.595,0.020952805123400857,-3.9,-1324.911,104.846,505.109,-209.383,-0.566406704376077,134.07599999999996,13.643,-0.32156865756454167,3.648,-1.0126807483403741,2.739857456140351,4.987685992816829,0.5095314878010069,1,1
125272,2021.0,1278.0,-0.002843601895734597,-3.048228405867085,-3.9432740594059403,0.5822670760233918,0.024282560706401765,1326.0,1.091566265060241,-2.95,18.0,95.0,137.0,-101.0,-0.1476608187134503,1028.0,1359.0,-0.08112449799196787,2444.0,0.0557815223707147,-0.4439443535188216,-0.059602649006622516,-0.9649476796020834,0,0
124983,2021.0,1072.149,0.07943422976817974,1.1734796524919981,15.509429551122194,1.6782456663078094,0.22643155666043896,658.75,1.231335266091659,1.18,180.493,20.753,51.621,38.496,0.10820808468654342,562.629,851.573,0.055663439779636635,893.841,-0.07243725876207158,-0.04728805234935523,0.2590218337124356,0.42704493438867885,1,1
138238,2021.0,296.397,-0.054113772698152734,-0.37851176149349725,-191.40752645078555,12.899788784891909,0.6986170223836331,57.924,0.5215420977935529,-0.4,-354.623,96.46,224.703,-18.714,-0.06739436543634916,134.155,192.194,-0.05078274461277953,127.068,-0.14477777191964994,0.5125287247772845,0.5421761345307347,0.06559369941054632,1,1
126770,2021.0,130.581,-0.21523977704622585,-0.7112673222167071,-8.43564692568842,3.2165264293419633,0.7119901661680638,38.894,0.415830913575381,-0.74,-676.649,45.8,68.536,-53.02,-0.3813016900395541,247.00099999999998,135.044,-0.16326053018102768,117.243,-0.24466413908735254,0.15182995999761195,-0.033048487900240085,0.31838220056961825,0,0
129352,2021.0,104.754,-0.086365536583287,-0.3735046590856059,-58.446392753019566,8.249695125894311,-0.3181475903614458,91.026,0.31155987475524033,-0.4,-366.419,58.596,150.755,-24.01,-0.14114977396048276,67.92099999999999,69.056,-0.10832588903025546,68.458,-0.08006144640545236,0.008735282947208493,0.5169427710843375,-0.20272487623743324,1,1
134521,2021.0,2666.0,-0.008378216636744464,-3.337434073496632,-1.986556094890511,1.5551896285714286,0.186328125,2083.0,1.4373947220662548,-3.63,-1015.0,87.0,119.0,-274.0,-0.7828571428571428,1398.0,2560.0,-0.15384615384615385,3662.0,0.016774193548387096,-0.3009284543965046,0.04140625,-0.945541591861161,0,0
127973,2021.0,170.072,-0.010658656410038986,-8.239029238960349,-0.41024250575745125,0.8545176740471292,0.8609814361981786,39.398,0.03282820472634127,-9.89,-2585.75,103.082,414.696,-1674.352,-2.0829574265333393,8216.433,283.401,-0.1939512219080348,784.535,0.01629339121551005,-0.6387656382443103,-0.3998892029315352,-0.9450446545003311,0,0
128260,2021.0,677.131,0.0068659450902267,-3.4022371211602924,-2.280852193322006,1.1514297460676781,0.3387205921315758,391.855,1.015871410374876,-3.41,-37.909,10.744,25.76,-99.461,-0.5048243588246938,543.313,592.571,-0.17051051493794928,748.586,0.008418093065769476,-0.20841292783995424,0.14270019963852423,-1.040266989356787,0,0
129351,2021.0,59.029,-0.07470950102529049,-0.9335548172757475,-4.520355871886121,-0.8871229553390921,0.8634199134199134,6.941,0.9993117687543015,-1.04,-393.092,1.783,11.242,-5.339,0.196250689211542,32.152,50.82,-0.10498476059384526,53.943,-0.20757717307042478,-0.05789444413547629,0.16153089334907522,-0.28837765974130974,1,1
126122,2021.0,8803.0,0.10771871008939975,2.837658060266329,32.720644287664996,4.780691328057458,0.7760326490230027,1811.0,0.34990696265524257,2.85,9069.0,2854.0,8817.0,2197.0,0.1461062711977123,13997.0,8086.0,0.09507118438703535,6489.0,0.07573696145124717,0.24610879950685777,0.08867177838238932,0.1330321672534997,0,0
126377,2021.0,1868.3,0.05529093116652657,3.4290396797882066,33.20754806985294,5.670979799089626,0.35154531774510933,1120.4,0.9567528656071764,3.4,407.9,8.0,51.3,108.8,0.1707738188667399,1613.9,1727.8,0.06024696827066836,1945.7,0.06736644211185962,-0.11199054324921627,0.08131728209283483,-0.08226201660266229,0,0
134381,2021.0,910.9,0.11218335343787696,0.9887076537013803,39.94102791878173,3.28693831372276,0.41288116670155606,841.4,0.42136367645761663,0.98,42.2,-317.8,255.6,118.2,0.08229478521200306,3016.1,1433.1,0.034753462115198024,2068.3,0.04965399354856497,-0.30711212106560953,-0.36438489986742023,2.2279763399117036,0,0
135203,2021.0,13850.0,0.04099094061066995,4.184131736526946,11.548393559928444,3.085827915869981,0.2521991630369801,8756.0,0.7010957427698941,4.22,1057.0,0.0,750.0,559.0,0.26720841300191206,14836.0,11709.0,0.03347104963774624,8878.0,0.024530936911773635,0.3188781257039874,0.1828507985310445,0.22466851366511423,1,1
122620,2021.0,2498.289,0.07582785355706757,3.5113541293175565,17.115903946629455,2.3427475261363004,0.14181771582349667,1928.672,2.256737148532071,3.52,270.503,10.271,22.668,58.759,0.13687547753489498,810.611,2247.392,0.059003332801129474,2071.159,0.037395658769822725,0.08508907331595485,0.11163917999174172,0.28514526141506424,0,0
128065,2021.0,27450.0,0.08913590048961229,7.2727272727272725,48.074125,5.9604343637429835,0.7519675150703282,5925.0,0.31459312815245016,6.62,-108.0,2563.0,7618.0,2960.0,0.12398425064924186,67479.0,23888.0,0.038981733896988134,22597.0,0.040359741010178835,0.057131477629773865,0.14911252511721365,1.2866068688776113,0,0
98003,2021.0,1503.037,0.05543311580061099,5.004980634834431,2.8851260481405814,1.2127657730595118,0.47861715578625147,783.482,0.5150434361180937,-0.83,631.28,399.926,537.465,700.407,0.4203510532377331,2344.2479999999996,1502.7,0.24006124173898025,1771.677,-0.05682870626710409,-0.1518205632290761,0.0002242629932787576,-0.7690876069828727,0,0
113619,2021.0,2827.168,-0.030555317617044525,-3.05059315141487,-4.317193196966214,0.7259816619566763,0.04440929262537826,1838.288,1.2183788001522564,-3.14,37.203,4.914,274.81,-108.775,-0.1681605684144132,1164.049,1923.719,-0.06889215835917911,2417.238,-0.09825593651698428,-0.204166490846164,0.4696366777060475,-0.5564761165161932,1,1
132275,2021.0,304.171,-0.06959401185833676,-1.5593850312552797,-0.6797551462621885,-1.9813334385978763,0.42092994724573674,174.64,0.4247907646281653,-1.31,,14.207,16.577,-73.84,2.914775194410453,673.623,301.587,-0.10400498052019393,476.581,-0.025506965068848007,-0.36718627053953057,0.00856800856800858,-0.33085885396782344,0,0
127330,2021.0,1772.6,-0.01662623513401574,4.652145055210282,8.114536316472114,1.2005963346766455,0.21684683720432402,1463.4,1.0378804710064429,4.65,504.5,14.4,35.9,77.1,0.14795624640184224,1621.1,1868.6,0.0428238169295712,1761.5,-0.0029823720509133513,0.06080045415838769,-0.05137536123300867,-1.388247389562671,0,0
134157,2021.0,1054.979,-0.015210398269958554,-1.5420817170584022,-4.552287938016021,0.8441776484738158,0.3201558131424484,575.07,0.37645970287683683,-1.55,-403.975,-34.82,150.92,-114.094,-0.18544030166108635,2005.4630000000002,845.885,-0.05077734365786108,1474.477,-0.12888830400973825,-0.4263152290608806,0.24718962979601253,-0.7004491142260892,1,1
134687,2021.0,107.243,-0.01732420285239056,-5.399404732540739,-0.6037702601460619,0.7771111511806579,0.5547501878742334,18.367,0.01236537431403812,-5.72,-660.377,23.466,107.745,-328.354,-1.2870974317162658,3225.578,41.251,-0.09842719249258619,346.701,0.013698778776319418,-0.8810185145125051,1.5997672783690091,-0.8239896677567485,1,1
48363,2021.0,86.951,-1.017365700528701,-0.6122262438910481,-1.976393550707264,-2.9251026201401595,0.8003761252928844,12.95,0.3572049997246847,-0.67,-878.945,-80.344,80.486,-183.524,1.4800203224167547,80.056,64.872,-1.0105390672319805,49.647,-0.6622341025467506,0.30666505529034993,0.340347145147367,0.006755437288950717,1,1
128044,2021.0,725.034,0.004128018977821936,0.535166508281986,32.8682750653963,0.8619324768470301,0.47233210948789456,389.621,0.06425185287414013,0.27,-100.734,-46.352,184.999,52.373,0.02622384275207896,11182.203000000001,738.383,0.0045573398772416765,786.261,0.019229483514678986,-0.060893265722196485,-0.018078693577723275,-0.09420427507802782,0,0
128362,2021.0,3028.0,-0.017614853606284217,-6.940536484712061,-10.69802027027027,2.3421701183431956,-0.015004840271055178,2097.0,0.22631175375178003,-6.93,3197.0,174.0,1893.0,-703.0,-0.21893491124260356,7134.0,2066.0,-0.07700733924854858,5020.0,0.09100629678032553,-0.5884462151394423,0.46563407550822844,-0.7712574700259337,1,1
128415,2021.0,3342.2,0.1025155851396327,3.006153846153846,49.408648925281476,28.196407710280376,0.8068146777674993,501.2,0.6414637161577451,2.98,-351.4,-160.7,1837.3,488.5,0.570677570093458,2065.6000000000004,2594.4,0.12078130794906664,2156.2,0.0840303693218376,0.20322790093683346,0.28823620104841186,-0.1512297152564085,1,1
128504,2021.0,2251.6,0.008965647414118535,0.0038550501156515036,4827.433999999999,1.4938216363411312,0.40622571650591943,1299.0,0.32180577211614836,-0.16,568.0,251.4,812.3,0.5,0.0003094442381482857,5297.0,2187.7,7.354888058603749e-05,2781.9,0.028642192913146538,-0.21359502498292543,0.029208758056406315,120.90052850132123,0,0
128197,2021.0,450.853,0.02655614822682775,0.13192769354468184,84.66759101050225,0.6852953298911543,0.5521642787407409,192.199,0.06184031169938991,0.01,-438.724,-126.784,325.498,18.377,0.008093950964143405,6609.747000000001,429.173,0.0026479750778816195,489.521,0.033414905689494005,-0.12327969586595879,0.05051575937908491,9.028851271543187,0,0
124121,2021.0,614.5,-0.0029297707019785937,-0.41813868830936324,-94.0477432475827,3.713968828530145,0.7554277310909967,142.693,0.1735935296846218,-0.42,258.735,13.617,244.726,-56.054,-0.03949024931680756,3101.833,583.439,-0.016678027545196313,560.444,-0.04470717584958647,0.041029969095931096,0.053237784926959006,-0.8243335014264058,0,0
128346,2021.0,1893.498,0.03378869410185197,8.059412947925203,3.224800635968257,0.719680679445815,-0.016468303757722975,1454.187,0.18275301892555362,7.54,185.894,526.039,1046.613,216.363,0.22317059585599117,2102.7559999999994,1430.627,0.02763892435539771,864.758,0.004771577045829883,0.6543668864584079,0.32354415231922795,0.22250394651314462,1,1
128493,2021.0,733.044,-0.02952441947936415,-2.9977807198120496,-6.271305928333109,0.7542376685262776,-0.9034180199057098,843.001,0.07288698541200447,-3.25,-914.044,79.425,136.3,-391.729,-0.12026803940766312,5771.62,442.888,-0.06446764398326237,1612.213,0.01776425682324763,-0.7252918814077297,0.6551453189068117,-0.5420273232409497,1,1
128641,2021.0,222.752,0.029838435272372243,1.167003042003042,50.13697299329532,2.5190278708260503,0.4941813088193782,94.971,0.08774429624921722,1.17,5.743,-4.903,107.836,79.795,0.05024291895649371,2005.6960000000001,187.757,0.037290519763344576,174.837,0.026330067764970138,0.07389740157975724,0.18638452893900095,-0.19983857930286886,1,1
129244,2021.0,679.394,0.3212502964831705,0.539003895560349,55.21295902520607,6.595026201730135,0.5186932205550598,260.502,1.2664945992998746,0.57,-669.283,33.35,133.789,33.484,0.1194470703647552,280.448,541.239,0.07835227166364028,424.33,-0.05584821809022704,0.2755143402540477,0.2552569197711177,3.100076355951376,1,1
129356,2021.0,385.276,0.07241583123053491,1.284583086764167,84.53326306322118,9.159355796359108,0.7226465790231263,86.709,0.5938365453654423,1.29,92.469,-29.56,187.478,45.586,0.10835209081552857,333.6259999999999,312.63,0.08659000338108644,279.124,0.07534418022528161,0.12003983892463553,0.23237053385791515,-0.16369293910487992,1,1
131553,2021.0,5951.598,0.060274650485638695,0.6842834235580432,71.57852771782854,12.810163318104632,0.40448356619041725,1401.857,0.09945543308731339,0.44,-2.071,845.221,2466.531,156.614,0.17896656618314208,20474.102,2354.019,0.006616817110455141,2931.849,0.09871007386108151,-0.19708723061794806,1.528271012256061,8.109311845781495,1,1
129075,2021.0,413.753,0.46892833342354917,0.6610508227647136,17.23014268761302,29.2054219348659,0.41560061921889085,227.637,0.6965245566288414,0.67,-1466.056,185.54,364.299,106.176,1.6950191570881226,194.27800000000013,389.523,0.18985834295952705,428.413,0.05339567173517932,-0.09077689052386362,0.06220428575462799,1.4698853161460106,0,0
129390,2021.0,84.049,-0.1265654811812162,-0.5884605030957437,-3.8745166209210122,0.9358087802003535,0.18765549998743433,64.648,0.5102849521659956,-0.59,-56.252,0.691,4.123,-19.674,-0.24152916912197994,143.787,79.582,-0.12615096565698017,109.723,-0.0635743762127299,-0.27470083756368313,0.05613078334296717,0.0032858688165981866,0,0
129105,2021.0,578.487,0.05240092099262539,0.346715188661176,30.168854270246385,2.133734723220705,0.13042201415755228,426.388,1.3681066497027123,0.35,-48.758,44.987,107.509,18.102,0.0707264089019473,214.13899999999995,490.339,0.050506826038553936,455.154,0.19247653345080726,0.07730350606607873,0.17976950640271316,0.037501761695055084,1,1
129429,2021.0,1870.296,-0.011462109771377122,-6.240461128811316,-0.9614674102044893,40.23387346475385,0.0873678182417034,1102.801,0.8285290550218484,-6.27,114.732,-151.265,55.874,-405.449,-41.84632056971824,1252.353,1208.374,-0.27799859714753333,2019.194,-0.09178221951942746,-0.40155626452931215,0.547779081641942,-0.9587691812513205,1,1
129707,2021.0,1414.41,0.010047662913183155,0.4280823185401784,130.3487614024469,2.9857413906471573,0.6303433324670251,457.995,0.30106770714998565,0.43,655.318,430.547,1496.701,23.131,0.022905790270064723,2439.308,1238.974,0.005620777461097907,1076.654,0.04059879947492268,0.1507633835939865,0.14159780592651675,0.7875930834700835,0,0
129580,2021.0,1579.926,0.10559117638604897,-183.65799034489623,-0.20178811676205344,0.8129844247779882,-3.6819540418744356,5072.12,0.5017672230721383,-184.6,-49.912,0.207,20.226,-3690.24,-4.028901393319664,2000.8319999999999,1083.334,-1.7092064656603847,2071.744,-0.01710076990334904,-0.47709079886318,0.4583923332970255,-1.0617778943079599,1,1
129245,2021.0,892.398,0.039955863760301,-1.3227567886658795,-28.871520696195468,7.277949667235124,0.6160352363998027,183.764,0.46809109954403283,-1.35,-210.954,56.917,149.016,-98.593,-0.2520805794685478,840.6750000000001,478.596,-0.09642894169058,317.18,-0.02819248191036723,0.5089097673245475,0.8646165032720708,-1.4143555146390685,1,1
129722,2021.0,1186.517,0.005932583788375956,-0.05749251303286871,-1431.316803858521,4.559281539058747,0.31508570169199485,683.702,0.46552938268611055,-0.06,-80.31,301.959,384.565,-3.11,-0.0031853755414370244,1741.7219999999998,998.23,-0.001450363523590559,900.127,-0.009313585114247088,0.10898795392205775,0.18862085892028893,-5.090411605008578,1,1
130780,2021.0,2833.736,0.06280628460109337,8.416991370449168,32.41419504811024,6.8029206496610986,0.5482622427899558,1079.136,0.21339391146375403,8.38,4053.787,-198.618,1476.619,704.216,0.20987473665670167,8663.481999999998,2388.855,0.06290687662305121,2648.848,0.0730758871607647,-0.09815323491570672,0.18623189770831627,-0.0015990624134877899,1,1
131108,2021.0,290.289,-0.13325719073067446,-0.0865291238083913,-105.05133531836923,2.5423300093677073,0.37437190668250875,232.21,1.1467540412279402,-0.09,-417.179,14.167,123.275,-4.366,-0.02420083477913828,156.85,371.163,-0.013489297543131148,356.804,-0.051022024088753705,0.04024338292171623,-0.21789348615028983,8.878734626810129,0,0
129751,2021.0,11063.0,0.08967599693251534,0.18539976825028967,857.6601875,4.986396438953489,0.5702508128193219,3701.0,0.4339194840530055,0.19,-4211.0,1230.0,2275.0,52.0,0.005813953488372093,16581.0,8612.0,0.002620043331485867,8877.0,0.012140287769784174,-0.02985242762194435,0.28460287970274034,33.22691367537754,1,1
129614,2021.0,53823.0,0.08882844312822906,0.7510416666666667,939.588349514563,30.481133858267714,0.29125443937087775,22351.0,0.6047403543760067,0.74,-5036.0,13118.0,19622.0,721.0,0.03244094488188976,26475.0,31536.0,0.013826033596686355,24578.0,-0.025124602873881487,0.28309870615998045,0.7067161339421614,5.424723512137155,1,1
129601,2021.0,906.804,0.0010494773802864434,0.009405486093222632,2553.8286657303374,1.0501028171263123,0.26229718005673114,599.461,0.09731560984991741,0.0,-8.133,91.282,155.304,1.424,0.00041118765374418984,7959.038,812.605,0.0001705347966432429,822.938,0.005814853624851471,-0.012556231453645317,0.11592225004768608,5.154036600999031,0,0
129704,2021.0,1215.697,0.03166906461238904,1.12082944530845,46.608340116924445,5.112028294708136,0.2186820372478265,806.535,0.5897868362880525,1.13,359.1,21.573,88.485,54.052,0.10968054819982427,1430.8500000000001,1032.275,0.030882427720366964,866.933,0.03234030536828982,0.19072062085536035,0.17768714732023907,0.02547199006324517,1,1
129597,2021.0,317.919,0.04377891657952452,0.7946224677716391,39.61629739501251,1.6574975855528793,0.4365298800646376,152.031,0.6713628457750562,0.8,67.404,11.528,98.438,10.787,0.04183878086904583,292.962,269.812,0.026840878157292972,283.958,0.05990070542880514,-0.04981722649124171,0.17829822246601326,0.6310538099003773,1,1
130199,2021.0,540.453,0.03446650152836656,0.2598012809002214,32.52485888722498,0.8966085225161715,0.5986285748453891,187.951,0.911412706043555,0.26,316.534,14.258,65.47,8.681,0.027566868948610223,421.22400000000005,468.272,0.01689610675240907,495.212,0.029990972991864477,-0.054400943434327116,0.1541433184132299,1.0399078931868302,1,1
129657,2021.0,2124.074,0.12228090094267963,2.9237968335239373,20.617027595363695,9.300199557761355,0.30132290032191894,1483.652,0.9258832449750447,2.92,1558.148,-44.102,49.387,278.67,0.45109313235108445,2059.724,2123.516,0.12150409221178259,1894.92,0.12788167925934812,0.12063622738690816,0.00026277174271349625,0.006393272166858853,0,0
12177,2021.0,15.337,-0.32018450771433116,-0.3981907633708935,-4.696241530490235,4.611690802348337,-0.09743033858317916,17.211,0.5195971242089918,-0.57,-27.529,0.804,1.467,-2.509,-0.981996086105675,26.785,15.683,-0.083126263128251,43.026,-0.1780528667163068,-0.6354994654395018,-0.022062105464515723,2.851785171917759,0,0
131837,2021.0,562.28,0.032972019538339614,1.2777131660451297,24.51254384185766,1.876088167265951,0.35579520395488756,311.703,0.10310963153836877,1.32,-782.096,8.475,20.339,202.147,0.07653584137858184,4602.5419999999995,483.857,0.04307740238662793,406.037,0.011833181459644218,0.19165741053155266,0.16207887867696436,-0.23458663448623415,1,1
130723,2021.0,450.477,0.005737830052916231,-3.556186742409089,-2.0808805993655364,0.25696714593318054,0.3477961995126354,327.33,0.11723282845282697,-6.95,-192.446,-61.537,75.716,-177.788,-0.12348961589219977,4163.450999999999,501.883,-0.041528782813865385,470.427,-0.0015184800107324924,0.06686691027513293,-0.10242626269469181,-1.1381651390707392,0,0
136512,2021.0,589.796,0.1407548857573142,1.4477251933793562,27.159850626220845,8.398347135823013,0.5556691500779494,226.87,0.4760376624938583,1.45,331.68,89.984,221.105,104.436,0.3092191945899373,808.126,510.588,0.09736905160365811,487.374,0.10227483898006871,0.04763077226113826,0.15513094706495262,0.4455813571057327,1,1
130212,2021.0,130.513,-0.09029681559764222,0.15290648694187026,169.64617079889808,14.868078011034576,0.4942643834053718,39.899,0.19057200830958015,0.18,-1036.784,52.02,319.65,29.403,0.08764169530628244,90.75100000000003,78.893,0.07102517029808203,90.891,-0.5685305943169915,-0.1320042688495011,0.6543039306402343,-2.2713354324766835,1,1
130583,2021.0,16949.8,0.0046816848805249795,-6.81349808385439,-3.8717263401763304,2.2669563887109536,0.24979722286115513,6196.9,0.5203109154242017,-7.26,-2035.3,-88.3,242.8,-1553.9,-0.5855156562040771,14799.100000000002,8260.3,-0.09787914863596565,8671.1,-0.011118729105877726,-0.04737576547381544,1.0519593719356441,-1.0478312791413542,1,1
131018,2021.0,376.152,0.00958936382490365,0.46370461009326014,62.28102842063973,1.3736740488358885,0.3350579260251182,229.411,0.12246047558148573,0.46,-174.807,29.598,139.049,28.043,0.022056059183195142,2618.998,345.009,0.0099538247313305,367.437,0.016520967210723592,-0.06103903526318796,0.09026721042059764,-0.036615162137592965,0,0
132182,2021.0,3230.775,-0.05533578648774448,-4.388371378851469,-5.571543037088873,1.0617085871640377,-0.09639938078100715,1984.507,0.21550895512169854,-5.06,1524.26,882.167,1967.463,-428.7,-0.19055916468676865,6403.508000000002,1810.022,-0.05104285420877325,3830.536,0.047598379876116856,-0.5274755282289476,0.7849368681706632,0.08410447153704358,1,1
131096,2021.0,541.533,0.020227884123809298,3.334853450053853,17.943816991128553,4.213794812873576,0.754947666340042,105.286,0.33710680079371497,3.41,-253.557,21.729,521.662,145.523,0.23483268999883813,742.4199999999998,429.647,0.1141792982888366,421.026,-0.013255280874540499,0.0204761701177599,0.26041378154624617,-0.8228410541406612,1,1
130440,2021.0,8363.7,0.07745982748534373,4.46954772984161,18.017482946278726,10.242845601469789,0.23864802089035445,5983.418,1.4290014857441478,4.4,1727.753,249.054,990.955,608.958,0.568494813177293,4136.902,7858.938,0.1107276691527258,7463.841,0.10066884078860801,0.05293480930260971,0.0642277620716693,-0.3004474123039292,0,0
131129,2021.0,2.818,-0.4506053175509994,-0.40864469902441,-3.0344208623294286,-2.1977915695067263,-7.064807976366322,43.679,0.08169545214571235,-0.47,-438.485,12.59,42.886,-40.379,0.724286995515695,20.671999999999997,5.416,-0.6090806244814843,2.289,-0.5827750777179387,1.3660987330712102,-0.47968980797636634,-0.26018773305323295,0,0
131514,2021.0,195.704,-0.11114550616090843,-0.19089439599699365,-9.219757294644301,2.270890057920187,0.3491811450095323,126.65,1.2751272827347604,-0.19,-303.989,6.943,34.006,-18.541,-0.24630692385355227,117.40299999999999,194.601,-0.12149030554408864,216.135,-0.11571000346826538,-0.09963217433548473,0.005668007872518685,-0.08514917578691988,0,0
131719,2021.0,532.581,0.06934425734966612,-9.170651970857463,-1.7468768906407552,0.5457916694511538,0.2883815826696728,249.033,0.3388128340175044,-8.77,,-6.435,30.559,-98.181,-0.31243854239262225,977.5600000000002,349.953,-0.09505557276740763,404.177,-0.030729686147519017,-0.13415904418113858,0.5218643646432523,-1.7295128032035034,1,1
134618,2021.0,579.775,0.03162770431553821,2.401263524249073,10.477817093343836,1.7857885395605608,0.9038810754097353,50.02,0.34598517919662364,2.41,335.473,107.259,422.533,126.95,0.1704351701935134,1075.422,520.397,0.08440252057373768,392.755,0.09743838135901445,0.324991406856692,0.11410134954659601,-0.6252753578857057,0,0
131300,2021.0,9524.0,0.051190364166745085,17.185185185185187,9.920172413793102,3.6320042083114146,0.20478581348146566,7444.0,1.1476032855216378,17.14,1986.0,437.0,512.0,696.0,0.3661230931088901,7185.0,9361.0,0.08532548731151159,8899.0,0.07808277627648984,0.0519159456118665,0.01741266958658263,-0.40005775789060394,0,0
132030,2021.0,355.674,0.03155799952565619,0.03506290254619876,555.8581459227468,1.707914949058579,0.44757604614365215,152.569,0.44698306138104926,0.04,147.806,-3.556,42.086,1.165,0.003072573392305643,556.07,276.181,0.0018854854841894354,383.486,0.019226773822082283,-0.2798146477315991,0.28782935828315487,15.737333588766862,1,1
132067,2021.0,786.183,-0.059267706821705915,-2.4511130100664835,-5.772887639977154,1.015312115554964,-0.4514492289973768,680.541,0.08347082838125662,-2.61,-779.211,7.63,934.79,-404.441,-0.17587595305405634,4510.057,468.87,-0.07200082176582807,1573.239,0.021848104727073863,-0.7019715377002478,0.6767611491458186,-0.17684680024256827,1,1
136534,2021.0,1503.73,0.09826894521582827,-3.9840927645678135,-7.929032245670319,-23.405794542687826,0.01527170149544094,425.185,0.16824581761391044,-3.99,-371.8,394.3,435.225,-312.321,2.9519106263527504,2025.7640000000001,431.779,-0.12169814188043913,1398.244,0.03889384912441459,-0.691199104019041,2.4826381088473504,-1.8074810650138882,1,1
132086,2021.0,7947.915,-0.03043583190082277,-4.937088136796457,-0.41319902409595244,,0.1403299736771772,4493.515,0.8788840256511271,-5.67,,-17.875,4.829,-639.817,,5262.525000000001,5227.023,-0.10758034556955788,7584.0,-0.061089879631977664,-0.31078283227848097,0.5205433379573803,-0.7170874313547917,1,1
132448,2021.0,1456.0,0.026866410796087654,0.04470056660988487,97.31420270270269,0.767723987206823,0.2144786196549138,1047.1,0.8262055286971612,0.04,-63.7,-48.7,48.4,3.7,0.00788912579957356,1460.9,1333.0,0.00229329366555101,1600.3,-0.08684000456152356,-0.16703118165343997,0.09227306826706677,10.715207345515626,0,0
132500,2021.0,1745.757,-0.004584673983395341,-2.224091213950369,-11.550785255057114,2.7789394642908967,0.26629969837113215,815.604,1.1409242295948478,-2.46,40.483,53.048,193.281,-82.903,-0.24058446269479675,723.529,1111.631,-0.08508762476586355,1591.834,0.02386652973969077,-0.3016665054270734,0.5704464880882234,-0.9461182046624168,1,1
132318,2021.0,119983.0,0.11406416548557506,-15.093701996927804,-2.7402157541217176,1.2129086895806118,0.048409980079966754,66401.0,0.8194062800911247,-16.99,4138.0,-973.0,416.0,-9826.0,-0.4426325510158115,76939.0,69779.0,-0.11538551868291881,123949.0,0.026756361865335445,-0.4370345868058637,0.71947147422577,-1.9885483619398128,1,1
139874,2021.0,2171.06,-0.002407168405914672,-4.7682656027152435,-1.2897771459077156,13.414240992321323,0.37521897238327323,1156.276,0.6594404684913886,-5.24,-595.373,116.133,119.681,-528.238,-10.400433156133099,2567.846,1850.69,-0.18822250846708752,2348.789,-0.14810785913572622,-0.21206630310342908,0.17310840821531423,-0.9872110491698415,1,1
132286,2021.0,3077.608,0.043589903262267554,5.7883451120383995,6.179659178511454,2.4043067582136985,0.5020913293138508,1401.591,0.5365563560716066,4.7,1712.501,72.356,888.526,239.979,0.3890678577508289,4237.282,2814.956,0.04574219198229318,3060.321,0.06798416062648503,-0.08017622987915313,0.09330589891991208,-0.04705259251368576,0,0
134480,2021.0,1382.049,0.06995242529058472,1.03902700020161,168.879153251987,46.75473021304027,0.4658591858475643,413.652,0.6452993162247874,1.07,-50.752,383.27,679.379,133.995,0.27685317762860207,448.11400000000015,774.425,0.11165300949419299,624.333,0.2259433585288192,0.240403758891489,0.7846131000419667,-0.37348374569139664,1,1
132796,2021.0,1898.094,0.6920251182679842,5.971250471046351,29.233407783916256,-37.62760622491183,0.4794604904632152,668.633,1.7418106423342026,5.81,-295.969,-95.53,143.542,380.297,-1.2871440272390662,438.36199999999997,1284.5,0.5156912120262905,1161.733,0.36842892454887455,0.1056757447709586,0.47769093032308296,0.3419370005333811,1,1
138077,2021.0,4827.5,0.09337464453970545,0.20572916666666669,248.91949367088606,3.3312959512112488,0.14386427277219563,2598.8,1.0668845775340925,0.2,553.1,131.3,589.9,7.9,0.013383025580213452,1941.3999999999996,3035.5,0.0027766062139744133,3775.8,0.03334783239089459,-0.1960644101912178,0.5903475539449844,32.62905552460379,1,1
133811,2021.0,2800.5,-0.01638648193870009,-0.3970044378698225,-24.861183046110853,3.6292340642529317,0.6630038484909864,665.5,0.3181825505518408,-0.42,-2335.0,1047.1,1572.8,-429.4,-0.1459799422063573,4576.5,1974.8,-0.06918553129783292,1321.659,0.011452996683070107,0.4941826900887444,0.41811829045979343,-0.7631516065380948,1,1
134069,2021.0,3244.05,0.08355751434966924,3.122232108808949,22.682490452965073,2.372922897385334,0.14366529599260328,1830.114,1.4623997022029593,3.07,892.371,34.782,237.739,122.813,0.1046147424730931,1090.721,2137.148,0.08403802386481986,2625.216,0.2032252517574995,-0.18591536848777387,0.5179341814418094,-0.005717763139261207,1,1
134264,2021.0,488.098,0.03593866777516687,1.8996526870075063,80.75160320050328,6.374724220772369,0.5764822339115321,183.974,0.5837041993861898,1.9,359.481,2.378,161.691,50.867,0.07894238588606298,564.2649999999999,434.395,0.06835088228496487,458.728,0.09449030455699922,-0.053044505676566565,0.1236271135717493,-0.4742033083737927,0,0
134194,2021.0,3758.144,0.13670762627557068,5.830897554715905,61.45709072013694,10.139243214131188,0.34854809853663016,1732.522,0.9772706895005828,5.87,1322.368,385.845,1382.256,327.16,0.16498085241788024,1328.887,2659.478,0.1202205390595488,2293.798,0.11632477916485459,0.15942118704436936,0.413113400449261,0.13714035342875425,1,1
133794,2021.0,930.614,0.02654207448621005,4.967992705983973,3.890907483965689,0.38537871250186556,0.7357788069145765,57.624,0.18438264069015195,4.98,333.761,13.75,24.743,103.528,0.09904597168912378,1137.5249999999999,218.09,0.08752701190045419,313.22,0.055596451350307295,-0.30371623778813617,3.267109908753267,-0.6967556196663407,1,1
134374,2021.0,234.185,-0.015277128367442362,-0.2953537454500964,-140.6110490886495,7.500664526892651,0.6725229311561335,64.978,0.4877329341405679,-0.3,-159.509,9.272,230.203,-9.656,-0.053343350864012026,173.491,198.42,-0.023735254571420845,180.501,-0.04853490977311685,0.09927368823441411,0.18024896683802044,-0.3563528749408379,1,1
134343,2021.0,606.92,0.03348160949437682,-0.688779933630303,-49.377164373453695,7.580314180432189,0.5964187405784879,213.913,0.46233780054220586,-0.69,-834.718,53.922,333.152,-46.078,-0.15351862093781027,790.2330000000002,530.037,-0.040192668008806484,499.708,-0.3471481782313983,0.06069344497186358,0.14505213786962026,-1.833027792209285,0,0
134596,2021.0,357.277,0.027307668211150247,-0.40370853595856565,-28.238194104397216,1.9511317422402068,0.28346097623841254,397.538,0.975489808226211,-0.4,-8.327,40.206,53.619,-10.211,-0.0690954858879017,501.78499999999997,554.803,-0.017953627561130423,660.943,-0.14839942951704152,-0.16058873458074296,-0.35602907698768754,-2.5210111782797204,0,0
134260,2021.0,211.093,0.02493209157935584,-0.1452632631131769,-126.6665749182866,9.249928393758951,0.649050179120662,69.261,1.0564766090480346,-0.15,-206.626,14.713,37.472,-5.813,-0.07302580337177457,138.875,197.353,-0.031118343923812786,184.455,-0.1267043449588412,0.06992491393564823,0.06962143975515944,-1.801202391759575,0,0
133773,2021.0,1394.075,0.05682523559618532,-72.72653910149751,-0.2708777324396887,-11.042951079606397,-0.8524687237888222,1254.477,0.46942139594207727,-74.92,-2420.027,7.9,48.757,-874.173,40.76729002471669,1355.5739999999998,677.192,-0.6059662694699192,837.281,-0.15123361789265943,-0.19120104242183922,1.058611147207882,-1.0937762355087757,1,1
132757,2021.0,7656.1,0.09732617625563872,3.988893696812347,21.48966769119508,4.282448279589262,0.3756465198758682,3802.5,0.8276325981491296,3.99,2125.1,30.1,420.1,553.1,0.1992794091154747,6318.099999999999,6090.3,0.07516273254786851,5764.6,0.06865035843148475,0.05650001734725736,0.2570973515261974,0.29487277745863066,1,1
132995,2021.0,5195.0,0.05159497341710972,1.4083413730773922,72.27651047244095,6.185388699460918,0.42801476620180473,2789.0,0.5572571428571429,1.41,1517.0,1151.0,1875.0,254.0,0.08557951482479785,6306.0,4876.0,0.029028571428571428,5249.0,0.052010376134889756,-0.07106115450562012,0.06542247744052503,0.777385895274449,0,0
138860,2021.0,1024.26,0.09281063834178954,10.565221038503482,2.3444847873725663,0.9656635322691062,0.5810524223428184,286.641,0.32455818697152616,11.86,842.568,288.236,388.473,377.844,0.4118873099412655,1692.8809999999999,684.193,0.17923650724001755,1174.757,0.02325528217323699,-0.41758763727307013,0.4970337317102046,-0.48218898163695073,1,1
121538,2021.0,37.932,-0.09686677638117043,-0.6716162193032553,-1.8016241496598637,0.27179421094369544,0.8147242597120348,5.456,0.23930957140767467,-0.68,-16.595,0.316,4.957,-12.936,-0.15086066147315388,113.655,29.448,-0.10512457945292311,41.727,-0.02392608473996271,-0.2942698971888705,0.2881010594947026,-0.07855254322753977,1,1
134113,2021.0,743.267,-0.02864403093229738,-0.32587285231602403,-361.0610677255681,5.927286693127825,0.6020864682671725,295.374,0.3138915247127516,-0.33,157.71,112.868,1133.496,-27.198,-0.016416299687101635,1208.7219999999998,742.307,-0.011500931136493954,719.514,0.009567306871414046,0.03167832731538234,0.0012932654548590224,1.4905836399112184,0,0
133007,2021.0,363.725,0.12731353365436993,0.5017162471395881,14.370672748004562,2.4127807841535636,0.06401590247606202,355.03,2.024735906565104,0.45,-52.831,4.63,48.273,13.155,0.1678961609148458,96.061,379.312,0.07022029582735041,315.291,0.026721026087401754,0.20305368691145645,-0.04109282068587334,0.8130589191391874,0,0
135144,2021.0,311.329,0.012975583208841793,2.8762377844875164,11.38987888160197,1.2295014323295854,0.8808518952715905,42.686,0.05379319664562046,2.87,232.941,495.375,605.565,88.591,0.10794683991904382,378.1529999999998,358.26,0.013302051817205835,325.353,0.013631555664715803,0.10114245142967786,-0.13099704125495445,-0.024542725652426284,0,0
133087,2021.0,3890.0,0.005097264121502133,-6.691974497493551,-20.505158836363638,2.1270911655978875,0.2726957726957727,2099.0,0.32434254888739045,-6.65,224.0,291.0,992.0,-275.0,-0.1037344398340249,7697.0,2886.0,-0.03090582153292875,4355.0,0.014977208595615368,-0.3373134328358209,0.34788634788634787,-1.1649289314659126,1,1
134154,2021.0,2.053,-0.6552428631904438,-0.3973224761815366,-5.360884741458229,3.1496372122074354,0.633727235753988,32.421,0.5734795819862779,-0.44,-592.458,-11.239,141.226,-67.726,-0.5875219043322866,11.24799999999999,88.516,-0.4387848317773358,17.456,-1.0287012396067454,4.070806599450046,-0.9768064530706313,0.4933124751289284,0,0
133297,2021.0,148.757,-0.5594448780013239,-3.560420061909951,-1.3481555312395046,-3.1355053292009982,0.7987685537496505,33.107,0.27168840433718544,-4.38,-2657.031,78.396,240.229,-369.212,2.325774182981833,338.6329999999999,164.522,-0.6097094561343828,143.006,-0.5980012066833531,0.15045522565486757,-0.09582305102053212,-0.0824402141500989,0,0
136112,2021.0,27253.4,0.019842974212723557,-11.593478876288488,-0.6124132433208848,0.5190675675675676,-0.09298156246072029,16521.4,1.439636945465628,-11.64,-1036.2,794.6,1609.5,-1392.4,-0.8475773070367666,8483.3,15115.9,-0.13261204975332866,24508.2,0.03497437694362927,-0.38323091863131525,0.8029624435197377,-1.1496317585742277,1,1
134299,2021.0,1031.839,0.037762915410155654,-0.25805080242321177,-126.60297775947285,2.877751195388364,0.934489817660691,57.186,0.7558208298735787,-0.27,-540.75,404.222,606.805,-19.424,-0.022730517451616906,539.2889999999999,872.933,-0.01681808775640787,1014.194,0.03818156346315495,-0.1392840028633575,0.18203688026457923,-3.2453750959747243,1,1
133291,2021.0,68.791,-0.1631841373205247,-0.4903822844314218,-6.4643444525641565,2.9975590770917426,-1.9862277681528109,136.169,0.1386687507982751,-0.65,-482.76,81.564,233.351,-46.526,-0.4637065829471272,84.07100000000003,45.599,-0.14148780235620406,36.629,-0.17648461721917483,0.2448879303284283,0.5086076449044935,0.1533442077904271,1,1
133678,2021.0,902.0,-0.06465705548274356,-2.1450148815046277,-13.417156332179932,4.376476501128669,0.9089403973509934,55.0,0.30675469781615033,-2.14,355.0,99.0,418.0,-289.0,-0.3261851015801354,1533.0,604.0,-0.1467750126968004,1560.0,0.06350806451612903,-0.6128205128205129,0.49337748344370863,-0.5594818607421381,1,1
136925,2021.0,825.762,-0.07111414734303945,,,,,,,,,,,,,,,,,,,,,0,0
96722,2021.0,0.059,-0.6493287805790728,-7.467509025270757,-1.0592554991539764,0.8560539167806214,-79.32352941176471,8.193,0.00880296884439458,-8.1,-118.589,-5.917,9.802,-8.274,-0.808165657354952,1.5030000000000001,0.102,-0.7140761197894191,11.966,0.14929797191887675,-0.9914758482366706,-0.4215686274509804,-0.09067288124610613,0,0
136218,2021.0,3982.235,0.1082202183789902,2.3153926306375787,7.450140322529207,0.9417455343405283,0.23117566395037253,2506.711,0.8106571887478307,2.18,1886.181,292.284,621.295,282.207,0.12640641566074828,3320.995,3260.447,0.07016618680351469,3083.015,0.05369361104416266,0.057551455312413416,0.22137700750847966,0.5423414511898392,1,1
64308,2021.0,2767.0,0.09247120029728725,0.9086053245621434,35.78011169554455,1.225949039521669,0.30884016357782995,1588.7,0.3435463621689484,0.87,738.1,311.6,1590.8,161.6,0.03426342125349843,4975.3,2298.6,0.024152567704908232,2192.4,0.056102969153863314,0.048440065681444905,0.20377621160706522,2.828628137061198,1,1
108911,2021.0,27746.036,0.08320269775179648,2.2409904607508024,27.98762471259553,2.973356400934345,0.06988577068222605,22161.083,1.3208052622012032,2.24,6000.331,945.502,2039.247,751.989,0.10623825463817292,13306.957,23826.195,0.041686514708597855,23894.091,0.07917154302510138,-0.0028415393579944363,0.16451812805191934,0.9959139864152735,1,1
108867,2021.0,844.287,-0.2340798352264867,-7.373548109965635,-17.626520917974418,14.886644683821947,0.902908169373018,47.852,0.14465634750889403,-7.46,-4628.991,-50.582,1874.395,-858.281,-0.8445594427339023,1480.7000000000003,492.853,-0.2519124254012476,219.75,-0.3699651042488646,1.2427895335608647,0.7130604865953946,-0.07078884714145016,1,1
108774,2021.0,1138.988,-0.02975105323630793,-0.7231586733104952,-77.89438484106263,3.1493670599552948,0.7803941053625515,230.714,0.3901039775246354,-0.72,37.737,643.835,1030.014,-37.153,-0.040431246313599255,1645.682,1050.582,-0.013795718065769999,1168.07,0.03460157323276525,-0.10058301300435747,0.08414954758410094,1.1565425659231459,0,0
108858,2021.0,316.219,-0.048027050154590405,-0.8183445306217737,-28.252159249397746,2.02818278011273,0.5559534036631043,129.222,0.5183297176179739,-0.82,-128.713,-6.274,48.161,-31.548,-0.07178859365080087,493.647,291.01,-0.056191422739465445,264.157,-0.28068507305448875,0.10165545489992697,0.08662588914470294,-0.14529570861249755,0,0
108747,2021.0,317.539,0.07441016333938294,1.6489843174402696,7.362107614731601,2.6194179431569147,0.19031179614858926,252.362,0.5320562172349219,1.65,69.923,-1.272,112.703,31.334,0.3557972906991268,464.77200000000005,311.678,0.05348933678616727,301.012,0.02220581542351454,0.03543380330352277,0.018804663787626942,0.39112144233252016,0,0
108831,2021.0,2101.6,0.059000691221487114,1.9113300492610836,16.29755154639175,2.374558768306421,0.2267824967824967,1081.422,1.2685714285714285,1.93,223.0,37.8,200.3,77.6,0.14570033796470144,780.9000000000001,1398.6,0.07038548752834467,1066.2,-0.00922201510840773,0.3117613956105795,0.5026455026455027,-0.1617492001070935,1,1
109046,2021.0,494.495,0.0992424742608849,1.6168721547799698,8.782388859886321,3.9474810963584783,0.7021781748646172,148.27,0.22968077081886817,1.61,,8.703,21.99,170.483,0.44947692015650215,2099.175,497.848,0.07865185127089615,532.777,0.1022556965340628,-0.06556026254887135,-0.006734987385708105,0.2617945116011271,0,0
108606,2021.0,213.155,0.031676987340204556,1.714108398841539,8.004161235819454,0.8639656094101301,0.7632884119419237,51.307,0.08518370486176202,1.71,-1063.611,10.948,50.18,111.861,0.10793955593295573,2485.643,216.749,0.04396206861181164,276.916,-0.04042551561131819,-0.21727527481257855,-0.016581391378968274,-0.27944729762571624,0,0
109429,2021.0,372.908,-0.010577289967046596,-0.1926996721623034,-77.63375947728534,1.0234009559144976,0.22430932971014492,205.527,0.10157409952467644,-0.19,-855.191,-6.227,46.586,-16.223,-0.013182421704232058,2484.4840000000004,264.96,-0.006219190129033914,314.545,-0.00020159410348572816,-0.15764040121445272,0.40741243961352674,0.700750378681487,1,1
133634,2021.0,374.1,0.08107375271149674,0.7236937328122739,22.689156,26.382739534883722,0.29002463054187194,230.6,0.9376443418013858,0.75,-74.6,-8.8,1.5,20.0,1.1627906976744187,326.29999999999995,324.8,0.05773672055427252,443.5,0.007942608250064053,-0.26764374295377674,0.1517857142857143,0.40419739696312335,1,1
130158,2021.0,46173.0,0.1526862990582984,4.251306079068305,21.560433028169015,3.840900125454773,0.16960328613122905,23046.0,0.7839166172358275,4.25,2497.0,877.0,2467.0,1420.0,0.1781457784468699,29988.0,27753.0,0.04010959523204248,34727.0,0.11138491867915229,-0.2008235666772252,0.6637120311317696,2.8067274968739,1,1
137246,2021.0,2867.4,0.1583087512291052,3.4457807549362487,33.774638689150486,12.798853315649867,0.4639876466046546,1457.9,0.8861340978692904,3.41,828.5,121.7,480.4,314.3,0.37894863756932723,2368.6,2719.9,0.10239786277448361,2854.0,0.1354138581827986,-0.046986685353889245,0.05422993492407809,0.5460161661553151,0,0
137883,2021.0,276.595,0.04475345317358504,2.2308582170486586,5.885627288932103,0.5753999841575793,0.68648320810511,99.767,0.2011987746701947,1.86,289.4,-2.662,84.646,92.565,0.09776357827476037,1487.137,318.219,0.05852562096338236,335.27,0.06689215052991698,-0.050857517821457296,-0.13080300044937596,-0.23531861026154907,0,0
145357,2021.0,2462.0,0.05838432245090069,-0.2806483452450322,-82.98641483050847,1.6254289899576724,0.4262984088862204,1146.6,0.4577540596871349,-0.28,-74.5,16.1,122.5,-47.2,-0.01958668769192464,4072.5,1998.6,-0.010810563202858387,2204.0,0.04799258668620563,-0.0931941923774955,0.23186230361252883,-6.400673522306726,1,1
146084,2021.0,2028.7,0.021831184718170697,2.2116182572614105,24.837016885553474,1.3992315822851706,0.2618309568092581,1428.8,0.731325801942041,2.2,197.6,-144.6,95.8,106.6,0.05633653947785646,2406.7999999999997,1935.6,0.04027657082404504,1736.9,0.04920738327904452,0.114399216995797,0.04809878073982235,-0.4579681370208032,0,0
