companyid,fyear,revt,roa,eps,pe_ratio,pb_ratio,gross_margin,cogs,asset_turnover,epspx,re,chech,che,ni,roe,invested_capital_2,revt-1,roa-1,revt-2,roa-2,revenue_growth,growth_revt,growth_roa,label_revt,label_roa
2,2019.0,2089.3,0.0021164021164021165,0.2155915833045878,139.569456,1.1555038304448613,0.1814504337654743,1679.5,1.3523596098075403,2.42,668.9,-0.5,41.1,7.5,0.008279059498840932,1288.3000000000002,2051.8,0.004943316635908252,1748.3,0.010231520954941955,0.17359720871703954,0.01827663514962472,-0.5718659611992944,0,0
288,2019.0,45768.0,0.028102341861821818,3.065493442405848,10.474659497167139,-87.51608999999999,0.29581733683572436,31365.0,0.7352426543413668,3.04,-5138.0,-112.0,4914.0,1412.0,-8.355029585798816,53893.0,44541.0,0.02330802244965335,42207.0,0.037337535995019065,0.05529888407136257,0.02754765272445612,0.2056939589158398,0,0
42430,2019.0,3471.209,0.02913105712586666,4.558767907798255,18.689260283300754,1.8286896110696804,0.36736663788687124,2335.206,0.2089676623942593,4.56,2593.475,-8.126,5.766,511.047,0.09784708347733019,17381.100000000002,3691.247,0.028931224858049064,3565.296,0.028700490425981853,0.03532694059623662,-0.05961074942966429,0.0069071485496404374,0,0
44,2019.0,31904.0,0.054310840072473374,1.348812014451883,53.62496717483108,4.160133739680251,0.627935116750605,11377.0,0.455212659848451,1.32,16974.0,-5563.0,4086.0,2368.0,0.07757829904337571,60112.0,30578.0,0.03525225909219478,27390.0,0.006255737704918033,0.11639284410368747,0.043364510432336974,0.5406343159578775,1,1
105,2019.0,6731.0,0.05656934306569343,0.3353233830845771,55.05133531157271,14.654265402843604,0.3993822393822394,3889.0,1.4212028094820017,0.34,-7444.0,-108.0,1161.0,337.0,0.26619273301737756,2334.0,6475.0,0.07396839332748024,5329.0,0.012146892655367232,0.21504972790392193,0.03953667953667954,-0.2352227685243345,0,0
132,2019.0,8918.9,0.09291129083345652,6.8231928424351755,24.482673120576848,3.377402514390974,0.41290228662292006,5242.9,0.46564085450743814,6.64,11668.0,-482.3,2976.0,1497.8,0.13795072530508865,15277.7,8930.2,0.07809868445065517,8187.6,0.162471841968463,0.09069812887781527,-0.0012653691966586515,0.18966524835844517,0,0
42976,2019.0,8781.0,0.05918571538520742,3.5472506777927495,17.15413020594966,1.9984950413223141,0.25060503388189737,6193.0,0.7573313782991202,3.55,4086.0,-83.0,1236.0,437.0,0.11650226606238337,9544.0,8264.0,0.04004765395894428,7933.0,0.0962756052141527,0.04172444220345393,0.06256050338818973,0.4778822111747904,1,1
186,2019.0,226.35,0.0474709425678639,6.431172899941257,47.38482462550238,5.458964755236907,0.4551100612047675,126.864,0.15718069180432565,11.07,248.316,-103.784,289.495,32.844,0.11520491630771822,1160.873,232.825,0.022173059772882087,230.574,0.04931955807264786,0.009762592486576875,-0.027810587351014687,1.1409288142505898,0,0
192,2019.0,122.251,0.09064228008471734,1.5914634146341466,21.238314176245204,1.6102999703689929,0.36810570736088394,51.361,0.191962155957886,1.59,151.111,28.865,25.26,13.05,0.07582051743871902,394.398,81.281,0.03082031637468058,129.829,-0.02254629254118736,-0.37393802617288896,0.5040538379203011,1.9409912274353398,1,1
50556,2019.0,9025.716,0.03185109212210309,2.7124236811415243,229.80185740661122,1.1811358597945327,0.035497405964390535,6629.47,0.27119700944916086,2.62,5375.359,200.388,2101.039,39.539,0.005139801188397847,23075.19,6873.46,0.0015600379658294908,6423.055,0.003550735676677848,0.07012317347430463,0.313125558306879,19.416869858143155,1,1
247,2019.0,3376.8,0.17637821307546078,5.177001127395716,17.521726916376306,3.9277407859409323,0.5788262668045502,1629.1,0.8010105821201516,5.06,3724.1,-883.5,1027.4,918.4,0.2241640224554552,3571.6,3868.0,0.19018824162852824,3651.4,0.22087633374147278,0.059319712986799555,-0.12699069286452944,-0.07261242038317448,0,0
282,2019.0,6495.0,-0.01873106234505555,-0.9676257141386587,-41.85502659574468,1.2259158184461985,0.5165269650482366,3057.0,0.29501236411141696,-1.1,3951.0,-2153.0,2694.0,-282.0,-0.029289572081429165,18244.0,6323.0,-0.01315728082862875,5466.0,-0.17627206645898236,0.15678741309915845,0.027202277399968368,0.42362716043111925,0,0
82116,2019.0,3978.868,0.03289531258464786,18.913555691554468,19.642525501743258,1.9728604109696999,0.31177430349454066,2593.721,0.3169187651938791,18.93,3910.264,-85.687,751.201,370.857,0.1004382257665701,10583.639,3768.707,0.03118617141197404,3601.114,0.07356323657286205,0.046539209811186165,0.05576474902400215,0.054804456439869045,1,1
315,2019.0,6498.6,0.034501435303038515,1.4817283800981758,20.752791411042946,1.395313488244191,0.1150693862345162,5700.9,1.775933838731909,1.45,762.1,-23.7,39.1,97.8,0.0672349786882992,3366.5,6442.2,0.026960716747070984,5453.6,0.000996695168651314,0.1812747542907436,0.008754773214119485,0.27969280738008406,0,0
129270,2019.0,2052.504,0.02676627608908509,7.591090082915631,12.871669145371406,2.8543233895285227,0.24070936387901534,1442.533,0.15084047317644203,7.35,1461.086,-17.824,493.112,324.094,0.22175238947583772,11735.512,1899.843,0.025731859060799132,1689.102,0.02810876721802935,0.12476511187601458,0.0803545345589082,0.040199855977830434,1,1
339,2019.0,15561.4,0.02531350347795494,3.900285050461636,19.16270196486121,1.937378131634819,0.3102860635847787,11170.4,0.23539303632991682,3.9,9204.9,31.5,603.2,1923.8,0.10110151142502784,66325.3,16195.7,0.027961071351747312,15424.9,0.029547761362354798,0.04997115054230505,-0.039164716560568615,-0.09468764055877003,0,0
345,2019.0,47020.0,0.03408111092622566,8.171192443919717,11.665372056061262,3.6220744728577836,0.23705552089831566,33021.0,0.22948325044273127,7.93,9902.0,-5455.0,29707.0,6921.0,0.31049798115746974,74145.0,43281.0,0.036696323474830594,35583.0,0.01510275503839169,0.21633926313127055,0.08638894665095538,-0.07126633681433134,1,1
346,2019.0,22369.0,0.021627565982404694,3.866085165089781,11.784530876712328,1.4666622692012614,0.19928335170893055,17430.0,0.15503610956796718,3.79,33939.0,846.0,5530.0,2920.0,0.12445656806751343,129240.0,21768.0,0.020796832044214633,21700.0,0.03355269390818922,0.0031336405529953917,0.02760933480338111,0.039945215522436184,0,0
372,2019.0,49310.0,0.006376365547818933,-0.006923537604617538,-5692.176781666666,0.6059697430847572,0.15952481076534902,39973.0,0.09666981040033822,0.04,19471.0,621.0,22564.0,-6.0,-0.00010645659232447969,,47560.0,-1.2195518553448893e-05,49004.0,-0.01220948783967923,-0.029466982287160232,0.036795626576955426,-523.8449712796917,0,0
39382,2019.0,20.605,0.012252942379562315,0.17903395169758485,13.293567937438906,0.5417624093697714,0.7218727807649385,5.483,0.34284024903481614,0.18,7.896,-0.71,1.792,1.023,0.04075372480280455,55.275,19.714,0.01779068554137247,19.556,0.03305486798679868,0.008079361832685502,0.045196307192857964,-0.3112720501372509,1,1
35248,2019.0,115.466,0.03935946010636745,0.21795405760420336,59.416191386153166,3.526908042266179,0.5894154876455762,44.633,0.673894984811853,0.22,-1.729,8.494,85.998,6.803,0.059359375954348335,72.86399999999999,108.706,0.0421734548385097,112.703,0.0739606664007609,-0.03546489445711294,0.062186079885194846,-0.06672431136878823,1,1
17841,2019.0,468.186,0.0202970311805139,0.8105527638190955,18.74029758214507,1.37721805424779,0.4436152789518174,252.75,0.765299779139368,0.83,258.333,-5.169,6.168,24.195,0.07348965768611608,520.884,454.272,0.04076066355900652,355.047,0.0378534406787256,0.27947004199444003,0.030629226542688053,-0.5020436516905269,0,0
465,2019.0,5158.557,0.08748964783491064,3.4253426738467097,19.76444590986627,3.6246339984563605,0.3836362165571026,2986.82,0.5594217139859584,3.37,5102.723,-292.325,353.975,777.933,0.18339163237796455,7908.742,4845.872,0.08980687319562683,4300.17,0.08741205818731093,0.12690242478785727,0.06452605434068409,-0.025802316440397162,1,1
35964,2019.0,23362.0,0.13134138375734838,13.332274459974586,14.601409578270193,9.805138560000001,0.9092938055333305,2154.0,0.3575493856901951,12.7,-18746.0,3145.0,29304.0,8394.0,0.67152,35905.0,23747.0,0.12638520838352205,22849.0,0.024751732246041474,0.03930150115978817,-0.016212574219901462,0.039214837220401484,0,0
484,2019.0,5991.065,0.06371401268314651,4.039961097903609,20.720496552166868,2.8198553766014407,0.742381238205421,1597.479,0.3032278246136548,4.02,5644.624,-231.247,816.591,1495.432,0.13609014482360712,19372.268999999997,6200.942,0.07312704944146341,5107.503,0.03439992840551766,0.21408484733146518,-0.03384598662590303,-0.1287216813779944,0,0
94459,2019.0,8170.191,0.004693210854040296,1.4558854495683302,20.530461382701766,1.0257293676429144,0.12881865066517112,2653.08,1.2731514132716388,1.47,641.13,-12.326,22.593,41.484,0.04996134029930557,1906.875,3045.382,0.017342787613560683,3686.345,0.0196595932025931,-0.17387493574258508,1.6828131905948085,-0.7293854391452861,1,1
525,2019.0,6280.0,-0.19622245540398742,0.1067532079338984,245.89425000000003,1.379490883590463,0.6739871777383712,2390.0,0.3396812158280048,0.11,-2044.0,-954.0,714.0,40.0,0.005610098176718092,20159.0,7331.0,0.001853396348809193,5752.0,0.05948362375695648,0.27451321279554936,-0.14336379757195472,-106.8718258132214,0,0
529,2019.0,1387.439,0.05484011830032303,1.6914306866555617,21.100480369413926,1.9426401876220238,0.2357452427106942,1071.972,1.3131239655185327,1.64,335.47,9.882,29.643,45.694,0.092066159329622,966.3059999999998,1402.637,0.042777915084518545,1326.173,0.07775256279834103,0.057657635919295555,-0.010835305214392509,0.28197267660129216,0,0
12161,2019.0,260174.0,0.16323009842961633,12.519700373460616,18.030782947371957,10.017924343565381,0.4179357021996616,154456.0,0.7255697586984756,12.01,66946.0,5624.0,66301.0,59531.0,0.5556011834209077,243536.0,265359.0,0.16277530931710985,229234.0,0.12882641166580963,0.15759006081122345,-0.0195395671524237,0.0027939686578662393,0,0
540,2019.0,14608.0,0.14224137931034483,3.426059979317477,9.59702988228192,4.649065652873228,0.4784675128963079,8998.0,0.9707421369493051,3.27,20749.0,-1570.0,4030.0,3313.0,0.484427547887118,12747.0,17253.0,0.18640634670567716,14537.0,0.17683711828621454,0.18683359702827268,-0.15330667130354142,-0.23692845321981326,0,0
549,2019.0,64656.0,0.03134304611678069,3.2379248658318427,12.653165745856352,1.2065871134292188,0.0796070934551841,59219.0,1.5757108221291602,3.21,16421.0,1985.0,6509.0,1810.0,0.095358516411148,25859.0,64341.0,0.04432689246442828,60828.0,0.039911918524635284,0.05775300848293549,0.0048957896209260035,-0.29291126956546637,0,0
73079,2019.0,2988.31,0.02421561924095525,2.628756790557705,13.03277660491808,1.221447131180662,0.0827416099616393,2837.803,2.009956920046439,2.61,487.151,69.414,301.492,67.262,0.09372117455920588,1093.954,3093.788,0.04369844422312181,2826.457,0.04373477363377344,0.09458166177656344,-0.034093480225535835,-0.44584710802719535,0,0
589,2019.0,28916.847,-0.012443725292357762,8.406932657205573,8.201564448229883,1.1030855363108665,0.1247073805341606,25975.856,1.6686923882077849,8.19,6035.886,-220.756,509.327,716.195,0.13449696619148582,9643.239,29676.768,0.04027086591681664,26812.508,0.024416367826414067,0.10682551591220031,-0.02560659570476133,-1.3090006884396646,0,0
142233,2019.0,2493.0,0.06964556612880982,1.8387096774193548,45.6080701754386,1.5265179095713446,0.345711995725354,2449.0,0.45358700920988854,1.68,2459.0,-272.0,324.0,114.0,0.03347034644744568,7445.0,3743.0,0.013814832767813864,3260.0,0.00011603620329542818,0.148159509202454,-0.3339567192091905,4.041361506095952,0,0
17719,2019.0,133.446,0.015077487485428238,0.8236308753773179,24.258439790575913,1.992129845933357,0.44016040158938075,76.506,1.1485422287217502,0.83,48.693,-2.643,7.534,5.73,0.08212110354711573,105.493,136.657,0.04815814023852147,113.401,0.026865500805310964,0.20507755663530317,-0.023496783918862646,-0.6869171564609584,0,0
627,2019.0,772.702,0.06645705466606024,1.435983186573804,21.20498365489392,2.5669753637245396,0.2677801348511558,588.16,1.0369410306723124,1.45,363.238,-1.292,16.622,46.803,0.1210552861299709,707.354,803.256,0.06041903335743055,624.464,0.026739370288441155,0.28631274180737387,-0.038037686615474985,0.09993574827504438,0,0
39321,2019.0,418.034,0.014839101542051779,5.044635740475052,14.45694074893348,1.1642830530084975,0.11310104773039693,431.628,1.0324103242941665,4.91,579.558,-2.53,203.787,31.645,0.08053453861560504,260.1429999999999,486.671,0.0671308229014856,452.586,0.08291707039994656,0.07531165347580344,-0.14103367572754488,-0.7789524855992285,0,0
689,2019.0,14175.2,0.05473683205332354,3.6937101185050136,36.31578973346495,17.013710255520866,0.43980849179786574,7465.0,0.3592954188202876,3.68,14590.5,-1639.5,2173.3,1620.8,0.4684934674528847,34779.99999999999,13325.8,0.043700641974509756,12379.8,0.046621839698762775,0.07641480476259714,0.06374101367272521,0.2525406854492231,1,1
702,2019.0,7070.1,0.05531263664188894,5.516736697984042,16.283176979032948,7.968544571249084,0.2922754574661265,5066.6,1.3827136648961855,5.35,2182.9,7.6,281.1,467.4,0.48937284054025754,3865.9,7159.0,0.09027522935779816,6613.8,0.05485798828086979,0.08243369923493299,-0.012417935465847135,-0.3872888827270432,0,0
704,2019.0,19518.592,0.02058915838719485,-1.3505201813080079,-31.758133342709556,1.0603304937524025,0.14508965013826838,16274.836,1.983661505421834,-1.19,3040.543,-215.259,621.125,-156.424,-0.03338768315851957,6706.241999999999,19036.892,-0.0162995234371296,17439.963,0.05415466572862005,0.09156722408184009,0.02530350017219201,-2.263175482805445,0,0
711,2019.0,1061.817,0.04491768257761231,1.9608654030250814,23.46922941727855,1.9906519160946654,0.2698419889395494,676.92,0.8516558420680342,1.97,531.472,3.152,24.005,51.208,0.08481965388386824,1011.5179999999999,927.087,0.04704153155056634,810.43,0.04392978470330448,0.14394457263428062,0.14532616679987964,-0.04514838065319024,1,1
731,2019.0,424.625,0.11182219188277596,0.9543596964181462,51.5633677581864,4.721356922336847,0.4251542427120895,249.329,1.1045121991591353,0.96,257.893,1.922,13.086,27.79,0.0915641690526947,357.13599999999997,433.732,0.0707681102953722,402.44,0.08825278829388834,0.07775569028923573,-0.020996836756338077,0.5801212073637702,0,0
750,2019.0,11474.0,0.0326036866359447,1.3541809591419147,33.95410317180616,4.457826153846153,0.19819510098839707,9329.0,0.702851274616407,1.32,4506.0,269.0,728.0,454.0,0.13128976286871025,12731.0,11635.0,0.027425395674761387,10983.0,0.02178344691012872,0.05936447236638441,-0.013837559088955736,0.1888137193203272,0,0
119386,2019.0,20007.0,0.01164064711618105,4.441778960586239,10.597105443037977,1.2186556992667674,0.8537448602508718,2810.0,0.05294689877725816,4.06,25481.0,1125.0,134795.0,4266.0,0.11499892171662712,-10700.0,19213.0,0.01175617915909974,16617.0,0.011001780728323264,0.15622555214539327,0.04132618539530526,-0.009827346228324927,1,1
853,2019.0,1491.118,0.05782711026956161,3.2373475669147154,16.562942004741675,2.2879475934619835,0.4225534113827964,863.796,0.5325400413674763,3.18,1173.272,-44.571,100.719,166.186,0.13813654559721245,2564.832,1495.889,0.05916261120624287,1436.499,0.02511501803259563,0.04134357211526069,-0.003189407770228913,-0.022573394065141163,0,0
878,2019.0,452.087,-0.0069914347671576615,0.7805851063829787,26.941328790459966,1.1633913267370437,0.6096857865186985,178.317,1.5664978518109594,0.77,137.671,-20.481,56.111,8.218,0.04318240335454445,208.12300000000005,456.855,0.028178479706214146,452.503,0.06214850824516252,0.009617615794812481,-0.01043657177879202,-1.2481125610767374,0,0
886,2019.0,11362.0,0.05502116198537899,3.1656981787488863,20.791622032019703,4.332254834488067,0.5038195380605733,5521.0,0.7113995268844703,3.05,11202.0,-1562.0,1832.0,1624.0,0.2083654092891968,12805.0,11127.0,0.10382967840930887,10561.0,0.04190286949915259,0.05359340971498911,0.021119798687876338,-0.47008251563219655,0,0
903,2019.0,3472.739,0.061754593328378425,3.659277058625946,19.170453309797,3.3314585447437497,0.28763950106628955,2189.279,1.3445416606693408,3.65,1039.455,-50.907,54.15,141.625,0.17378089557440032,1974.705,3073.274,0.06196021334000659,2593.746,0.09650510415503082,0.1848785501741496,0.1299802751072635,-0.0033185814015814913,1,1
911,2019.0,17290.0,0.023819182845552015,1.1594786447148653,225.1011704180064,3.3349115853658535,0.6013889757867734,6371.0,0.296508607895518,0.62,10687.0,-13039.0,1253.0,311.0,0.014815167682926829,51545.0,15983.0,0.005769516176907094,12093.0,0.02915142841999258,0.32167369552633757,0.08177438528436463,3.128454122529376,1,1
20163,2019.0,492.412,-0.018645090709016737,1.6881878209831256,10.911108213820079,1.2804337281124272,0.23345628475110544,420.207,1.2359737015358807,1.71,143.857,-15.443,53.911,20.709,0.1173513911713039,333.442,548.184,0.04669194902643374,491.611,-0.027586286853790595,0.11507675784309135,-0.10173956189892444,-1.399321319794579,0,0
36979,2019.0,131868.0,0.06603776818738066,3.7579564345202465,14.96025858191654,4.371114785210274,0.5781466113416321,55205.0,0.494141502629999,3.76,45912.0,1028.0,3792.0,15528.0,0.29218176686423936,253805.0,130863.0,0.058634061979617035,126034.0,0.11705937941145589,0.03831505784153482,0.0076797872584305725,0.1262697135043685,0,0
27050,2019.0,43638.0,0.09883907382464242,5.509911442475246,10.751533961748633,4.76111485783424,0.25026236619324144,32148.0,3.3236958375319743,5.3,3279.0,884.0,2184.0,1464.0,0.44283121597096187,5460.0,42879.0,0.11347957522672661,42151.0,0.07663422484481569,0.01727123911650969,0.017700972504022947,-0.129014418434623,0,0
1005,2019.0,2311.659,0.21959120518915365,12.268514479379887,18.928126986384548,1.721347874092954,0.5942841293518214,928.852,0.4080176893240288,12.25,3675.115,49.181,850.467,365.614,0.09094126826870721,4638.151000000001,2289.415,0.0651594313239476,2160.153,0.028609561592618977,0.05983927990285882,0.009716019157732497,2.3700601851085956,0,0
1022,2019.0,1734.9,0.02636913856889045,4.307079528031465,14.576002043011584,1.7267472685034937,0.3382407933109422,1160.903,0.25192957332033955,4.88,673.48,5.905,24.145,258.442,0.11846508139942097,6728.572999999999,1754.268,0.03711472978362211,1680.266,0.026586064789660517,0.04404183623307259,-0.011040502363378878,-0.289523627879771,0,0
1033,2019.0,2639.72,-0.0014722086866572237,2.092042978807685,13.006424951894516,10.147844151815145,0.48617507425972106,1590.227,0.9378583582453646,2.16,478.97,44.049,1747.727,422.509,0.7802177915413266,1302.693,3094.881,0.128035164222434,3159.931,0.19521138356592227,-0.020585892540058687,-0.1470689826200103,-1.011498471498811,0,0
1048,2019.0,84818.0,-0.004759588400374181,18.427139688641237,17.501359703632886,540.0124557522124,0.2129401643478003,79593.0,0.8616893463645736,18.05,40858.0,-1074.0,8564.0,10460.0,30.855457227138643,95879.0,101127.0,0.08912823047231146,93392.0,0.08877649377795588,0.08282293986636971,-0.16127245938275633,-1.0534015807915404,0,0
1129,2019.0,188.785,0.05252073613271125,0.7180475980608197,23.354997698327452,2.3173647990255786,0.34687846112351295,113.811,1.7169192267523203,0.72,48.248,-3.93,8.179,6.517,0.09922350791717417,85.66,174.257,0.06421069225767041,167.223,0.09051207135168385,0.04206359173080253,0.08337111278169596,-0.18205622325404405,1,1
1131,2019.0,1836.605,-0.034860074344266676,-0.26562170026045945,-66.2972941696113,1.3156623318794438,0.24551877590637083,1419.401,1.3028658569523106,-0.28,819.208,-16.784,49.218,-11.32,-0.01984488731189431,1190.5749999999998,1881.294,-0.00783951976708593,1786.103,0.03904260502736428,0.05329535866632553,-0.02375439458160185,3.446710433798001,0,0
1138,2019.0,26145.0,0.026465246567752263,3.014705882352941,17.242146341463414,6.045995296129997,0.7427862240148929,5803.0,0.6448579431772709,3.01,31303.0,1490.0,8884.0,4920.0,0.3506521274321146,24210.0,22561.0,0.14062767964328587,20776.0,0.030014008524336087,0.08591644204851752,0.1588582066397766,-0.8118062771505324,1,1
1173,2019.0,3363.0,0.14342698577870275,1.7498931203004366,30.453288479041916,15.439281044323012,0.6732851985559567,1086.0,0.6468184471687098,1.74,1875.0,68.0,307.0,835.0,0.5069823922282939,4682.0,3324.0,0.16248297334111694,3248.0,0.14409163987138263,0.023399014778325122,0.011732851985559567,-0.11727990429131324,0,0
1174,2019.0,2921.562,0.02583329323804225,-0.12989710411344807,-229.7202867120015,1.9712990554417376,0.4343844427527986,1603.433,1.541877156569678,-0.13,487.745,-33.847,37.47,-5.441,-0.008581301563118541,1484.8,2834.846,-0.002959368377998529,2785.584,0.058546476301098084,0.01768462196796082,0.030589315962842388,-9.729326646219604,0,0
1181,2019.0,4108.4,-0.03675232858265066,3.057966504143758,15.189832830757634,2.5463557753064583,0.28430764459606134,3692.4,1.20381734605782,3.0,1772.6,-154.8,304.2,265.3,0.16763553645899154,3453.7,5159.2,0.061903539678465604,4510.0,0.04359478291942112,0.14394678492239463,-0.20367498837029002,-1.5937031835909006,0,0
1183,2019.0,1185.424,0.059413372113478836,1.0298389487204822,43.68644248297036,1.644119363213253,0.23543671837160493,923.451,1.5091254852619072,1.03,494.628,28.801,70.645,20.846,0.03763454448949822,680.0740000000001,1207.815,0.026046397722970585,1139.447,0.014475074707616387,0.06000103559007147,-0.018538435108025712,1.2810590833096884,0,0
1236,2019.0,2931.2,-0.006869009584664536,1.477495107632094,7.87143046357616,-0.44234685522887984,0.28378761061946906,2023.3,1.1494954427083335,1.48,-5778.8,-140.0,605.0,75.5,-0.056196501674730184,1583.6999999999998,2825.0,0.030721028645833336,2741.8,-0.0256843926998112,0.03034502881318835,0.037592920353982234,-1.2235930855002854,0,0
45686,2019.0,380.572,-0.09563872188796434,14.972007918716704,3.644801705707177,2.816921940560491,0.6953364610321406,87.018,0.19391531463883424,-1.79,1677.406,921.455,1061.473,1028.547,0.7728601356144126,380.2350000000001,285.62,0.6983089949087216,917.406,0.01941694583350217,-0.6886656507587698,0.3324417057629018,-1.1369575969739092,1,1
16714,2019.0,153699.0,0.032765416565023686,6.922640736734887,27.434617398558967,1.7633100828702346,0.35801934459361917,31129.0,0.31645412658426114,10.69,13377.0,883.0,5868.0,2637.0,0.0642731792921907,132290.0,48489.0,0.01720987299805516,41616.0,0.03622496073065276,0.16515282583621685,2.169770463404071,0.9038732342026239,1,1
1274,2019.0,10587.0,0.016498383158450473,2.9949494763443196,14.741484071340713,1.0684520415440848,0.11802955665024631,8952.0,0.17759658454647256,2.99,8399.0,-45.0,2959.0,813.0,0.07247927253276278,,10150.0,0.014225223964165734,9419.0,0.01589265826365195,0.07760908801358955,0.043054187192118225,0.15979777893205588,1,1
12100,2019.0,11937.0,0.08706903311812217,4.044342320760713,15.362201087941974,4.046288577569052,0.4982857142857143,6146.0,0.3335239184295788,3.86,11496.0,457.0,1111.0,3309.0,0.2633925017909735,34669.0,12250.0,0.09009229763946745,11408.0,0.15308206720949102,0.0738078541374474,-0.025551020408163264,-0.033557413902838,0,0
1284,2019.0,468.999,0.056183687363411124,1.4207810448535922,18.222371486289006,2.2436049892969314,0.3984989893364904,282.996,0.8580117116903533,1.41,381.108,-12.639,100.933,46.532,0.12312365550143016,395.433,470.483,0.08485960378669477,422.993,0.02677062642672912,0.11227136146461054,-0.0031542053591734035,-0.3379218749991356,0,0
42965,2019.0,19.647,-0.13543650878582283,-0.7957466340269278,-4.461218996346856,0.637579687843482,0.2596778170461083,18.015,0.463372369799105,-0.8,10.179,-2.772,11.439,-5.201,-0.1429160255001099,40.363,24.334,-0.0990383699895268,41.129,0.08920275356912748,-0.4083493398818352,-0.1926111613380456,0.3675155275692149,0,0
1290,2019.0,3337.0,0.05226364846870839,-1.871883645037852,-33.50635610619469,3.2809516811091854,0.27791486736582355,2341.0,0.9993834771886559,-1.85,1100.0,-105.0,175.0,-113.0,-0.09792027729636049,2623.0,3242.0,-0.034833538840937116,2717.0,0.07272178636089319,0.19322782480677217,0.02930289944478717,-2.5003829701990266,0,0
11055,2019.0,4986.341,0.05221391735502747,12.191183613989637,13.82556487842455,1.976435384895802,0.33368256838844546,2977.013,1.1074942628115667,12.23,2107.76,0.655,66.194,301.171,0.14295512713409078,3885.9950000000003,4467.86,0.074654343382564,4354.617,0.0418480103459861,0.026005272105445662,0.11604683226421614,-0.30059103075277516,1,1
38268,2019.0,366.107,-0.15994998033501073,0.5482938459246014,25.35136971409936,2.267968373911395,0.42975261132490383,207.456,0.6026910702984961,0.53,-2.888,123.897,274.012,18.398,0.08946137425663618,289.71599999999995,363.8,0.030479137744232356,365.912,0.03513159814204439,-0.005771879577603266,0.0063413963716328105,-6.247851224573388,0,0
1312,2019.0,714.557,0.02028600190016546,1.364485592426922,34.92891406440595,3.1373771668285038,0.30494302459481293,485.286,0.24604257526507345,1.36,392.053,-47.585,47.715,65.584,0.08982177805595234,2694.409,698.196,0.023111642370028728,666.89,0.024515257948273503,0.04694327400320899,0.023433247970483916,-0.12226047913962053,0,0
1347,2019.0,8107.0,0.01604806814724673,0.867109634551495,47.16819923371647,9.02558651026393,0.37697179044329304,5411.0,0.5977699772868057,0.87,2106.0,-93.0,226.0,261.0,0.19134897360703812,13410.0,8685.0,0.017964071856287425,7890.0,0.1148071447061869,0.10076045627376426,-0.06655152561888313,-0.10665753980326528,0,0
101675,2019.0,7792.0,0.10908928331917557,13.886120996441282,17.4447565351102,5.128800482218203,0.47731000546746855,3824.0,0.3442175590477087,13.65,4592.0,-277.0,61.0,1951.0,0.2940024110910187,20719.0,7316.0,0.09179448574385998,6554.0,0.11944375465607152,0.11626487641135184,0.06506287588846364,0.1884078050567696,1,1
1402,2019.0,8343.5,-0.0004318674240206125,18.071414671091734,9.360639611164467,2.562522638833559,0.5446895022178413,3695.3,0.27764569043668647,18.03,13922.3,3.3,93.6,3435.9,0.2737550792765517,28521.2,8116.0,0.11754100884319997,7585.0,0.11290393257606372,0.07000659195781148,0.02803104977821587,-1.00367418510587,0,0
46453,2019.0,4811.6,0.08602620087336245,10.531764381103558,9.544459633027522,2.242988434588434,0.3079584775086505,3100.0,0.8533681322868247,5.92,3229.3,425.3,803.6,610.4,0.23500423500423498,4133.499999999999,4479.5,0.11628438619218166,4089.9,0.06896486659873957,0.09525905278857671,0.07413773858689594,-0.26020849668339746,1,1
1473,2019.0,2380.2,0.052387226300269776,3.9943210713680286,13.161185358090185,1.6696166902214145,0.23117208138295398,1658.9,0.7175590289324908,3.96,1236.1,-10.1,56.2,188.5,0.1268591426071741,2736.1000000000004,2157.7,0.06268706351845693,1797.6,0.016330217852055177,0.20032265242545613,0.10311906196412848,-0.16430562607474153,1,1
37036,2019.0,8112.296,0.06689990496697172,5.560780035456157,23.80061774717244,3.444576612631311,0.23368141438461384,6410.186,2.241776224106067,5.55,1393.169,9.617,63.296,203.886,0.14472635329141967,3332.8400000000006,8364.91,0.05464096890798461,7472.124,0.09161662478778372,0.11948222486671796,-0.030199249005667676,0.22435429502780524,0,0
1502,2019.0,53800.0,0.07766433405988299,10.68034881842017,11.8975514901578,5.209363131989457,0.3594897847300903,35050.0,0.6970156287814135,10.39,28743.0,-430.0,8029.0,6147.0,0.43785169883894864,63429.0,54722.0,0.07829675578596085,45462.0,0.009797042696395624,0.20368659539835468,-0.016848799385987354,-0.008077240490100309,0,0
1578,2019.0,22401.0,-0.08138457261128788,-1.6043815447055874,-9.442890969417196,0.8253242914060924,0.5366633963229962,10862.0,0.33367968572079254,-1.63,-4104.0,-69.0,492.0,-1733.0,-0.08740165422634658,67831.0,23443.0,-0.024666932361648828,17656.0,0.018370342939519384,0.32776393294064343,-0.044448236147250776,2.299339026762055,0,0
1609,2019.0,7159.423,0.018078548645240743,1.0102778358053062,56.31124229767172,1.059409454424365,0.02713766778946724,7115.662,2.4551908389771793,0.99,1419.125,-126.424,698.291,24.181,0.01881346266211158,2208.688,7314.151,0.008117000821736818,5838.583,0.03726691901959737,0.25272707436033715,-0.02115460837491598,1.227244895285402,0,0
1635,2019.0,1938.555,0.17339750235942591,12.94928494928495,21.876111392207992,7.603999499436866,0.31077587947816954,1228.644,1.827365460175966,12.8,1225.617,-6.29,4.831,205.544,0.34759374566657764,920.548,1782.648,0.21070004069586862,1666.724,0.10671111468588933,0.06955200741094505,0.0874580960458824,-0.1770409640797669,1,1
1643,2019.0,142422.0,0.013556331280403695,9.913406513163638,9.84727095276221,1.3876521582836836,0.7926064590752747,27254.0,0.0501088261268118,9.04,197695.0,-152511.0,600381.0,32474.0,0.14091743437753584,551485.0,131412.0,0.012382689705978802,113254.0,0.009646747710767288,0.16032987797340492,0.08378230298602868,0.09478082729136117,1,1
1656,2019.0,479.604,0.0365371652502975,3.4546342654780804,23.53360551431601,2.5683472886877725,0.20404772756098008,571.087,0.4236295006527242,3.46,254.817,0.475,6.089,56.58,0.10913530810760765,1557.778,717.489,0.03340672421031003,617.583,0.04100649483503289,0.16176934922107647,-0.3315521213565644,0.09370691422121981,0,0
7846,2019.0,139865.0,0.012315312431558199,7.790468762974042,13.964499866432812,1.3394007662046923,0.2448867855659463,119989.0,0.6259360363660714,7.81,177443.0,4538.0,10686.0,14824.0,0.09591469648148868,229224.0,158902.0,0.05839370053926724,127485.0,0.03622845795607669,0.2464368357061615,-0.11980340083825251,-0.7890986130725405,0,0
37383,2019.0,3217.9,0.12310259874433761,3.0854943869797538,15.427025309416756,-2.7035507003253474,0.17416088513904213,2589.35,2.3271163922989,2.75,2677.197,1.808,10.872,125.882,-0.17524769980607233,1231.8059999999998,3135.417,0.09343001766443512,3150.837,0.10668670863691024,-0.0048939377060762184,0.02630686763515034,0.31759151739085667,0,0
1703,2019.0,1536.7,-0.025096088627628303,-1.3908815558743823,-5.593574785100286,-1.910134637964775,0.4930343926861123,698.7,0.504798183283276,-1.73,-2884.9,-381.1,15.4,-69.8,0.3414872798434442,2382.8999999999996,1378.2,-0.025565892608600104,1288.5,0.01623196448390677,0.06961583236321307,0.11500507908866638,-0.018376200986378405,1,1
44006,2019.0,1989.9,0.08356641360808265,3.8552759285333473,1.9946691605354139,5.304540971239982,0.37820347990057424,1450.9,0.6610947416137807,3.5,-3344.1,-155.1,823.2,1128.1,2.659358793022159,2519.5999999999995,2333.4,0.31961128739800543,2335.3,0.12426356064197196,-0.0008135999657431982,-0.14721007971200822,-0.7385373517674954,0,0
1825,2019.0,4826.549,0.003637757977003613,-2.1306392986957454,-83.25200802809833,4.63225220345797,0.3719088919272083,2905.15,1.5367025390640572,-2.13,282.17,-3.354,13.548,-19.93,-0.05564132701633504,2659.214,4625.364,-0.006621420844618211,4323.668,0.03141433666562533,0.0697777905241568,0.04349603620385345,-1.5493923528452849,1,1
1832,2019.0,37266.0,0.10326344913812065,1.507497656982193,31.409667391980108,11.900936340615983,0.6639879457559016,10704.0,0.3828109978850221,1.58,50420.0,2945.0,15964.0,6434.0,0.37889405806489607,64754.0,31856.0,0.07731686214189579,35410.0,0.01419859834349686,-0.10036712792996329,0.1698267202410849,0.3355876878268337,1,1
1840,2019.0,711.502,-0.2474931744129705,-0.2380846982440608,-18.77483111248838,1.0660210061559252,0.29549899026048726,440.95,0.3654913868613139,-0.26,-2592.603,-118.263,115.081,-48.405,-0.05677925941218423,1550.209,625.904,-0.028265693430656935,709.598,-0.0007753464517171954,-0.1179456537363408,0.1367589917942687,7.7559562272949485,1,1
1843,2019.0,1430.64,0.025838038104445682,10.179760483970535,16.91493628667761,3.183080563636585,0.49058932298524155,969.191,0.8418580077868325,10.07,1235.522,-133.042,311.473,247.358,0.18818164666358303,1878.2040000000002,1902.573,0.10945194380984871,1723.311,0.08859697151167764,0.10402185096015762,-0.24804987771822684,-0.7639325789468463,0,0
1844,2019.0,583.329,-0.06467417023132382,-0.7894659372470132,-20.355533078524598,1.199212456727134,0.4471166616493421,249.775,0.3983837771009222,-1.02,85.79,30.635,165.02,-32.181,-0.05891334076592285,920.865,451.768,-0.028378256828471202,352.704,0.07811262507224283,0.2808700780257665,0.2912136317756016,1.2790043314583661,1,1
1855,2019.0,15693.0,0.15744312890780895,2.7812769074054975,21.4002424,-503.5351152941177,0.6249356664951107,5830.0,1.278184359838829,2.76,17427.0,-809.0,736.0,2400.0,-23.529411764705884,10203.0,15544.0,0.1973521914316257,15454.0,0.15967182076364783,0.005823734955351365,0.00958569222851261,-0.20222254556338973,0,0
106139,2019.0,108942.0,0.04956836007197795,2.591935151024246,13.136902744864036,2.1519696996355413,0.31954246775371137,64308.0,0.3754986411531921,2.56,41615.0,338.0,3954.0,11731.0,0.16381103989499113,239236.0,94507.0,0.046610034805549816,84526.0,0.12149837656259194,0.11808201026902965,0.15274000867660598,0.06346970730165362,1,1
2437,2019.0,3817.0,0.016321081169450424,7.714699782614128,8.903781344129554,1.4647888583988278,0.9260083449235049,266.0,0.050763930074274904,7.31,8172.0,-1284.0,4561.0,1235.0,0.1645131210869855,10696.0,3595.0,0.017439069163207095,3289.0,0.010381879916721393,0.09303739738522347,0.061752433936022255,-0.06410823784765989,1,1
1910,2019.0,1439.114,0.016160301151827785,3.8941714347306675,14.47547981510442,2.252179055981775,0.9218217620088632,108.07,0.054286937532835776,3.79,176.494,684.888,1201.088,433.542,0.1555857964467431,3939.095000000001,1382.354,0.017025788959890653,1289.062,0.012861018108061254,0.072372003829141,0.04106039408140027,-0.05083393257732632,1,1
1921,2019.0,5829.002,0.05270153462395022,1.1836500991317427,18.24863616016635,1.6924807000415831,0.16233181867221624,3889.899,1.3952220109701516,1.16,1352.818,346.734,622.473,138.506,0.09274559946216579,2444.5730000000003,4643.723,0.04161458809051096,4569.675,0.01557309577292563,0.01620421583591826,0.2552432606337631,0.26641971102358036,1,1
36690,2019.0,9172.0,0.013058894750497275,2.182539682539683,10.299927272727272,4.105043478260869,0.46383165278386673,4892.0,0.4764739673089979,2.08,-1224.0,-166.0,735.0,165.0,0.39855072463768115,18043.0,9124.0,0.008616637944540186,8848.0,0.020396632578111758,0.031193490054249547,0.00526085050416484,0.5155440944077109,0,0
11598,2019.0,671.797,0.028208504794916364,1.2493809543794854,26.893318552857004,1.5831768456190034,0.41640480275645,332.993,0.6751278164885341,1.25,405.194,1.64,43.484,29.769,0.058868779712231346,757.745,570.589,0.03522304139940863,550.368,0.019021396216392268,0.03674087156230014,0.17737460764227836,-0.19914624989226606,1,1
2009,2019.0,11054.4,0.037665889526542325,1.3954349547918574,19.18398267728144,1.7621124299217288,0.3196238362828147,6489.7,0.42939073909011516,1.53,4937.6,108.6,236.6,678.3,0.09185331636107574,20721.9,9538.4,0.03053507279258839,7938.3,0.07780932672409645,0.20156708615194682,0.15893650926780173,0.23352872882899292,1,1
119057,2019.0,4631.947,0.049316224975134965,2.6283488732042275,15.2909685657537,2.4592346788914083,0.7930123794320775,974.826,0.3078573876612333,2.66,4706.55,238.847,282.749,988.317,0.16082922859440146,13896.868,4709.586,0.0646045511858552,3120.828,0.05559622556920589,0.5090822051071063,-0.016485313146420964,-0.23664472440553894,0,0
2140,2019.0,2752.639,0.03440127493542891,1.5294564045213086,21.13822918026793,1.3812568480849252,0.20823008893678271,2223.339,1.0659997988007768,1.52,1988.125,-14.06,376.221,76.586,0.06534401894811027,1971.313,2808.062,0.0290736673873142,2854.656,0.03658347186351374,-0.016322106761725425,-0.01973709982186995,0.18324511583424533,0,0
30823,2019.0,2653.4,0.07438042871941987,2.8434959349593494,90.84240171551109,3.8423182972548076,0.7210202147820595,706.6,0.4143436722942023,2.85,2145.3,-8.6,80.2,139.9,0.0422965292054662,5886.200000000001,2532.8,0.022886402303363435,2139.0,0.07674892460946343,0.18410472183263216,0.04761528742893237,2.249983450150606,1,1
2141,2019.0,10579.4,0.00837497141352331,5.16658954187876,10.869839677563816,0.8984834979344655,0.44499331451493096,5977.2,0.35767756677228013,5.17,6542.9,639.3,1057.9,1116.5,0.08265839465774316,27435.1,10769.6,0.03708095038824569,11002.8,0.046755204665602096,-0.021194605009633813,-0.017660823057495237,-0.7741435608894723,0,0
2159,2019.0,11503.0,0.03322029206173437,1.3527918781725887,22.3315947467167,2.0714827706230423,0.5099202834366696,5533.0,0.41047082348663877,1.19,15293.0,-1962.0,2355.0,1066.0,0.09276018099547512,23694.0,11290.0,0.038756589710961645,10116.0,-0.018076671273732452,0.11605377619612495,0.01886625332152347,-0.142847905105062,0,0
13727,2019.0,3071.951,0.14128349855333683,10.312343828085957,14.20579088926581,6.046326607434757,0.17509441682657167,2499.831,1.984113058195377,10.31,537.492,-46.345,114.656,247.62,0.4256240750385455,1290.3670000000002,3030.445,0.16212340942348047,2926.289,0.13265880040106653,0.035593203542097156,0.013696338326549354,-0.12854350241122783,0,0
2226,2019.0,11665.0,0.03289261528539181,3.2476659712666636,12.799961685649203,5.9969937886873,0.19397363465160075,8988.0,0.730638186345171,3.28,75.0,224.0,652.0,439.0,0.46851654215581645,11878.0,11151.0,0.0287642510811165,8698.0,0.030291662759073433,0.2820188549091745,0.04609452067079186,0.14352413322471466,1,1
2228,2019.0,73.396,0.11475696570059293,0.49580163983008996,10.407387925881649,1.2620730646564222,0.3005066705070633,53.428,1.3943481991274027,0.5,0.338,-0.072,0.143,5.019,0.1212670339228762,50.435,76.381,0.09162270213037843,70.27,0.05339248157508704,0.08696456524832795,-0.03908039957581073,0.2524948842623591,0,0
2242,2019.0,1496.475,0.026902775597265005,0.4516602458264539,161.73661657189274,2.843762363934234,0.3217579545397864,815.856,0.9218435675842201,0.3,691.191,52.065,139.608,12.31,0.01758267499475091,1039.6960000000001,1202.898,0.009433795980176001,1485.861,-0.008388180665052739,-0.19043705972496766,0.2440580996892505,1.8517444784472745,1,1
2244,2019.0,1490.987,0.013036512780219533,7.22252564061855,12.175796165462787,1.7178190012439403,0.9177556221449136,114.919,0.04326908218960129,6.97,2376.402,-1097.268,3955.779,454.918,0.14108473712106104,1187.9829999999988,1397.287,0.014087216392572922,1226.553,0.011470025715102866,0.13919822461809633,0.06705852126299039,-0.07458560890051648,1,1
2249,2019.0,23571.0,0.1145057506206617,13.585025380710661,9.83730219523587,2.866312465977136,0.2660805182785747,17446.0,1.247035987829189,13.2,11110.0,-66.0,1525.0,2141.0,0.29137180185084377,14715.0,23771.0,0.11231770013639703,20428.0,0.05526970954356846,0.16364793420794987,-0.008413613226199991,0.0194809053391188,0,0
2260,2019.0,2487.961,0.08171139036320808,6.446951276536052,15.840045258550347,2.8533648118182815,0.4039289586559611,1437.625,0.7408755032046901,6.28,1903.024,-199.054,276.066,275.749,0.18013615272204192,2746.3360000000002,2411.835,0.08470549566333936,2271.026,0.06639977925551885,0.062002372495955665,0.031563519063285736,-0.035347237823048716,0,0
2280,2019.0,1709.002,0.027418000776449587,1.9898327660844257,7.844880366864805,5.566431793402412,0.6549622123154643,548.588,0.3704387312778204,1.93,84.604,273.688,461.265,460.115,0.7095623557134023,3809.029,1589.936,0.10720206149297479,1223.408,0.04735951581400548,0.29959588297608,0.07488729106077228,-0.7442399857371553,1,1
2298,2019.0,8620.0,0.031301939058171746,2.951687715587261,4.617697166276347,1.4659901040892196,0.1742601006999877,6724.0,1.3759716120310916,2.94,-906.0,-90.0,538.0,427.0,0.3174721189591078,4163.0,8143.0,0.07215275430888814,7209.0,0.01966690290574061,0.12956027188236927,0.05857791968561955,-0.5661712521164862,1,1
10880,2019.0,17911.1,0.048455581041725725,3.7789023521026373,27.288347353728923,2.563892196892367,0.6249233398682954,7461.4,0.41588877855014894,3.78,22371.9,157.5,787.8,2650.9,0.09395556878756947,45331.899999999994,19893.0,0.05542047770867088,18329.7,0.053422825122297346,0.08528781158447761,-0.09962800985271208,-0.1256737032033099,0,0
12052,2019.0,21.568,-0.04197164173826951,0.19258903945317185,25.962017434620172,1.7851179517917541,0.6265740487270737,10.913,0.9512091918106956,0.19,4.103,-0.198,18.343,1.606,0.06875883032923749,10.625,29.224,0.052273540995345515,34.051,0.17991217353980254,-0.14175795130833166,-0.26197645770599504,-1.8029232559930597,0,0
2355,2019.0,78112.0,0.07669650996984502,5.672490449279786,12.869127000340482,3.3457224041780997,0.29602155103774086,53049.0,1.8250423831436182,5.54,5212.0,-1087.0,1556.0,2937.0,0.2599805258033106,29973.0,75356.0,0.07113102446112861,71879.0,0.07523269827431472,0.04837296011352412,0.0365730665109613,0.07824272953861103,0,0
2383,2019.0,39258.0,0.044554930079029186,7.437157526181093,18.21125874007769,3.8210763124789593,0.31646330961214064,25002.2,0.5217336110001711,7.34,23125.4,-5430.9,3927.0,2368.4,0.20981945108878614,63526.0,36577.7,0.03378216466023849,28444.7,0.032819903232131915,0.2859232124086384,0.07327688728378227,0.3188891394952617,1,1
2398,2019.0,47007.0,0.07387032789933676,5.787241302224889,8.622415654383735,2.4789366259954697,0.25331923128853684,33181.0,0.7373643513755683,5.69,2214.0,895.0,1815.0,3935.0,0.2874990867246292,55475.0,44438.0,0.06529386387017555,41244.0,0.06712076859566164,0.07744156725826787,0.05781088257797381,0.13135176141840643,1,1
87046,2019.0,12669.0,0.02791175206532639,6.156383124914113,17.916363839285715,1.9601765654000198,0.19068392907402196,11502.0,0.3916446208112875,6.18,5992.0,-13.0,76.0,1120.0,0.10940705284751392,34883.0,14212.0,0.030864197530864196,12607.0,0.03358308407616904,0.12731022447846435,-0.10857022234731213,-0.09565923308342486,0,0
66496,2019.0,1239.687,0.042434641164027585,0.5638221494999416,85.31058959400633,1.896188933485861,0.5219779550377636,588.546,0.5250454058724218,1.85,1775.205,193.309,435.255,33.769,0.022226888156673594,1862.2289999999998,1231.211,0.014400665938580642,1809.8,0.052844058106294854,-0.3196977566581943,0.006884278974115635,1.9467138078900554,0,0
2467,2019.0,4408.7,-0.09003851632986863,-7.465801979678106,-0.3335207666608054,-1.017560407725322,0.2463198357576552,3450.8,1.0618520837681766,-7.48,-472.0,-77.5,491.9,-568.7,3.0509656652360517,3310.4999999999995,4578.6,-0.131890813794383,4609.3,-0.04439830863586149,-0.006660447356431522,-0.03710741274625443,-0.3173253410185326,0,0
2476,2019.0,6343.211,0.032382704852726776,6.462084408683771,10.335674339110671,1.0485002630511189,0.34010615146134704,4291.52,1.895263668815566,6.23,4445.197,-63.519,123.509,170.263,0.10144478518286372,2564.53,6503.349,0.04961955417793889,6422.676,0.06025423823406982,0.012560652288859001,-0.024623928379055148,-0.3473801732155769,0,0
2488,2019.0,69570.0,0.05698408116133289,8.466397849462366,13.812249563422764,3.567685399708855,0.4493724130968806,32726.0,0.6027911316659567,8.4,79582.0,91.0,4151.0,12598.0,0.25829864884259734,87944.0,59434.0,0.12777135438852716,55137.0,0.093747716334861,0.07793314833959047,0.17054211394151494,-0.5540152060370614,1,1
2505,2019.0,374.582,0.06166139732454706,-1.306930693069307,-0.5427984848484848,0.19678561643835615,0.2514190201786028,303.2,1.602326943009281,-1.36,-146.492,-0.001,0.018,-21.384,-0.36253899362538994,234.981,405.033,-0.08459596958596081,412.462,-0.03378258932675241,-0.018011356197661782,-0.07518152841867211,-1.7288928494624185,0,0
2516,2019.0,27753.973,0.07502951577308545,6.124873319435399,18.84610407103743,4.667838595828556,0.32226302995862294,17367.039,1.9406974593681114,5.99,2937.9,-31.954,235.487,1589.472,0.24768188577511147,10583.082,25625.043,0.1203777208154051,23470.967,0.12295046277791702,0.09177619311552015,0.08308005570956506,-0.3767159299506882,1,1
2544,2019.0,2851.4,0.12470829832913283,1.400149100736185,34.0678003327787,7.200966471277843,0.37180796731358523,1722.0,1.3868258625923302,1.38,972.3,-103.7,204.7,180.3,0.21137162954279018,1570.6,2741.2,0.09121724172822018,2371.9,0.1175935747840582,0.15569796365782693,0.040201371662045925,0.3671570852876535,0,0
2566,2019.0,7136.397,0.07819595115137856,3.935128383833505,18.029907306577442,3.7136516827959745,0.40889713245686077,4133.061,0.8358007887139153,3.94,7572.39,-357.743,396.221,570.267,0.2059717567955109,7000.019,6992.118,0.06816669975785854,7830.436,0.07615794959734568,-0.10705891728123432,0.020634520184012847,0.1471283108782718,0,0
2599,2019.0,721.088,0.04106757216650705,0.7912944473638116,45.89947537354731,1.6147250462377105,0.23444678034727096,481.768,0.9709385120258955,0.79,172.999,8.113,10.263,9.035,0.035179597001849514,568.606,629.307,0.013939825007752918,558.183,0.03542460295754941,0.12742057712255664,0.14584455599572219,1.9460608109259965,1,1
2618,2019.0,3944.85,0.051562288475462244,0.9166258157419038,41.47821209816915,3.0224038141282277,0.35174862615213537,2484.531,0.8302504377445288,0.91,2969.06,-83.762,619.683,119.671,0.07286726358828849,3577.701,3832.666,0.0259237043184367,3660.831,0.0005400700624827665,0.04693879613672416,0.029270486914330582,0.989001565597692,0,0
2647,2019.0,2883.673,0.03480244286054247,2.151297051457092,36.512856254229234,3.360752643663042,0.5223769220690022,1326.835,0.46489595385976323,2.15,2425.586,-36.055,166.315,237.927,0.09204299494575341,5588.258000000001,2777.996,0.03981693984224307,2256.982,0.04803985512183198,0.23084543873189955,0.03804073152013166,-0.1259387838836515,0,0
4269,2019.0,331.516,0.047784082027337735,2.4247554861510645,37.830618602128666,3.7076611051991066,0.40742244167321023,178.098,0.1409894896338846,2.5,-319.492,0.358,0.374,88.506,0.09800688548588742,2102.701,300.548,0.041518878081160386,275.17,0.042587602734150416,0.09222662354181047,0.10303844976509581,0.15090012629749378,1,1
2686,2019.0,1242.0,0.08197879858657244,-0.3738317757009346,-6.821249999999999,-36.379999999999995,0.18943396226415093,1074.0,0.8769027134348114,-0.68,-611.0,-102.0,254.0,-16.0,5.333333333333333,1108.0,1325.0,-0.010589013898080741,1531.0,0.05506736965436438,-0.13455258001306336,-0.06264150943396227,-8.741872791519434,0,0
11171,2019.0,1683.252,0.09404557849309379,3.2657950765705297,13.794496881692838,4.757535729088313,0.3402140344920162,1123.12,0.4729352256865726,3.33,1097.517,-9.859,1733.417,381.938,0.34488649857192005,1774.5010000000002,1702.249,0.1061136967789543,1529.01,0.12103946070639636,0.11330141725691789,-0.011159941935639305,-0.11372818639048672,0,0
2723,2019.0,861.994,0.03226607573691388,2.0787721893491122,24.115196584237683,1.746643381212831,0.29726660934060645,634.992,0.24902921370857725,2.07,1188.687,5.91,12.9,84.315,0.07242915790097611,3557.4519999999998,903.603,0.023236861933657472,916.797,0.028200563488936143,-0.014391408348849388,-0.04604787722041641,0.38857285588025253,0,0
2789,2019.0,18372.0,0.11250426891740255,3.50127145581691,21.87205447117567,5.3855075444283,0.4622012867647059,9362.0,0.8537518391368317,3.48,22057.0,-1969.0,1093.0,2203.0,0.2462277858500056,17354.0,17408.0,0.10804315841098577,15264.0,0.07749247026392363,0.14046121593291405,0.055376838235294115,0.04129007863179211,1,1
37309,2019.0,2901.848,0.03825707480142874,5.419630821216097,17.327748530835866,2.190743959424321,0.3480022442294224,2031.329,0.2623742077203323,5.43,1794.469,-12.638,13.771,603.064,0.12642981028526287,11725.507,3115.546,0.05078674466839986,2759.735,0.036877758010626635,0.1289294080772247,-0.06859086657683754,-0.24671141946152805,0,0
2839,2019.0,3527.6,-0.05042356808698951,2.4859038142620236,37.46323549032688,3.613964219061715,0.6207907153952111,1293.9,0.4770032992227255,2.49,4091.5,-112.8,254.6,299.8,0.09646695411545145,6722.9,3412.1,0.041911312419616396,3362.2,0.08119280006635883,0.014841472845160934,0.033850121625978134,-2.203101625216322,0,0
2844,2019.0,4416.484,-0.06495189834223385,-8.820491055990443,-2.1416041215948907,0.43866359062217086,0.4708508451758586,2411.792,0.2199600566449744,-9.12,3178.869,-143.828,3.487,-2244.568,-0.2048294482621234,19657.984,4557.868,-0.10832154516618228,3378.015,0.051097423519957795,0.34927405591745464,-0.03101976625913695,-0.4003787682073089,0,0
2873,2019.0,2190.295,0.13489028884979937,20.98837625178827,19.63420109570833,9.407529510703052,0.28640571260113346,1633.899,1.3490308577165504,20.34,489.907,-11.126,73.04,234.734,0.47913991839267456,1472.6029999999998,2289.675,0.13830059259730604,2198.404,0.1112686125196682,0.041516936832356646,-0.04340353980368397,-0.024658634380812484,0,0
40881,2019.0,8175.426,0.15991699630865974,3.602936205429474,18.89847505414923,5.880206831155837,0.13200452425026396,7064.064,2.455338704183573,3.55,1983.226,-127.364,923.735,618.199,0.31114715945638244,1488.565,8138.365,0.18651018129410274,6920.948,0.15699189735797922,0.17590321441513496,0.004553863091665292,-0.14258302040631735,0,0
42958,2019.0,455.713,0.019105215198167973,1.8865941840503564,19.018398499972427,2.854038607162808,0.18212247113413663,370.676,1.3753269768825067,1.9,149.59,11.836,43.941,36.266,0.15006724184304718,225.53400000000002,453.217,0.11005237699296583,388.871,0.07965436477516401,0.16546875441984618,0.0055072956221854825,-0.8263988864194263,0,0
2907,2019.0,255583.0,0.03954803818012835,4.9185744630634884,13.863773032629558,1.5064132871726956,0.1926560508642046,225517.0,0.8068608533894095,4.88,402089.0,-135.0,3042.0,20840.0,0.10865824791182206,315228.0,279332.0,0.06019711377370045,237162.0,0.056525691801623784,0.17781094779096146,-0.08502069222287457,-0.3430243461704552,0,0
2916,2019.0,4609.8,0.04835556635975974,3.79567892835004,19.485315116510655,3.134656601839095,0.48823977325605994,2419.5,0.47399817531054816,4.78,4025.4,-121.3,161.7,502.1,0.16087276921598156,8945.099999999999,4727.8,0.05033937218651936,2878.6,0.05819927658234035,0.642395608976586,-0.02495875460044841,-0.0394086326585312,0,0
41481,2019.0,19204.0,0.03202453883474522,13.887029288702928,12.516715878276589,2.4333985473289594,0.4917797572786513,8501.0,0.16129872133613624,14.03,23649.0,3270.0,983.0,6638.0,0.19441190253045923,100333.0,16727.0,0.06401033731268442,17195.0,0.05497459801486297,-0.027217214306484442,0.1480839361511329,-0.4996973898402005,1,1
2964,2019.0,595.942,-0.1733237559171946,-1.0783388390750352,-28.330612691466087,2.261105483758296,0.391572581708829,369.038,1.2755088522094247,-1.11,158.268,-3.803,2.438,-18.28,-0.07981138665735243,416.49,606.544,-0.03844123726949453,541.5,0.06212824900187403,0.12011819021237301,-0.01747935846368932,3.508797536928854,0,0
95544,2019.0,69217.0,0.017487795259529218,2.07192654636703,74.46209918518518,2.2644328186067466,0.2608583358443459,51513.0,1.2810506773523518,2.06,23783.0,-946.0,2319.0,540.0,0.030410542321338063,49054.0,69693.0,0.009925923202764553,65450.0,0.087368622205236,0.06482811306340718,-0.0068299542278277585,0.7618306027854964,0,0
2997,2019.0,935.042,0.05207747117288732,3.258006734006734,36.2307415659737,4.009558560479146,0.4171668601721834,532.115,0.14515606924652652,3.18,-819.293,83.132,64.087,241.907,0.11066730591693835,6047.635,912.98,0.03846115932793653,857.406,0.04619587603403893,0.06481643468788424,0.02416482288768649,0.35402759778643733,0,0
3011,2019.0,1018.366,0.0032911429663129333,0.9649410262279677,16.249697726393066,3.455602539355497,0.3150195235945244,1104.468,0.8896240468755172,0.95,150.617,40.75,104.301,80.093,0.21265641967867757,1451.5860000000002,1612.408,0.04419021661167695,1396.742,0.03391625975952948,0.154406468768033,-0.3684191594187079,-0.9255232669431342,0,0
3043,2019.0,8900.0,0.01483152170704202,3.3914241661782376,6.938088203374374,1.0198557162008177,0.8268398268398268,1280.0,0.050606220347917764,3.11,16466.0,167.0,4506.0,2193.0,0.14699376633822642,32728.0,7392.0,0.015013452546399304,6676.0,0.015429732827916987,0.10724985020970641,0.204004329004329,-0.01211785489014093,1,1
109025,2019.0,6755.0,0.012531685678073511,1.7163889284620022,7.795435974985788,0.9609090315346882,0.8616656269494698,887.0,0.0510152122716568,1.38,1864.0,-443.0,3538.0,1759.0,0.12326559215136651,27659.0,6412.0,0.013994971675895869,6093.0,0.010161391539414614,0.05235516166092237,0.05349344978165939,-0.1045579820888553,1,1
3094,2019.0,697.537,0.011146938144420786,2.272139016313759,12.512438629799979,1.1760703080769586,0.8759337040307378,83.18,0.05046099563013775,2.22,1268.191,13.793,350.391,149.584,0.09399209401722829,1571.657999999999,670.448,0.011258378830779606,629.564,0.007655483389456393,0.0649401808235541,0.040404326659189166,-0.009898466558448778,1,1
3118,2019.0,6941.272,0.016093306338153212,13.84795321637427,10.33582347972973,1.3933071074493075,0.8979955880286508,658.409,0.053745633450541806,12.75,11096.591,184.551,9710.636,1918.08,0.1348036864389001,20230.195000000007,6454.711,0.01597103644281134,6018.938,0.01187507034007694,0.0724003138095126,0.07538075678368863,0.007655727026839623,1,1
3089,2019.0,27325.0,0.013955666436561666,4.412016153351137,10.35807631059752,1.6317218226218226,0.8202521823472357,4633.0,0.05514855340690753,4.15,56743.0,1948.0,21759.0,7096.0,0.15753135753135752,100140.0,25775.0,0.01518270164793078,23996.0,0.013457709289239027,0.07413735622603768,0.06013579049466537,-0.08081797560293524,1,1
3322,2019.0,2278.362,0.01018007014400532,1.7108857310569323,7.69192223718539,0.9540533938659521,0.8533583918364757,332.704,0.05556450000879207,1.66,1165.792,-46.721,2682.936,545.042,0.12403315640058486,5466.330000000004,2268.824,0.013348318870830019,1494.478,0.003995689584830675,0.5181381057466219,0.004203940014738918,-0.2373518910870679,0,0
3372,2019.0,443.588,-0.12822126180260884,2.245297407219115,17.770474357522925,1.298865526400715,0.2158428390367554,383.594,1.7206895702672946,2.25,207.509,-1.124,43.701,17.666,0.07309121300134878,223.364,489.18,0.0621401160070772,468.764,0.08808161602695846,0.043552832555401,-0.09320086675661307,-3.063421667703446,0,0
104083,2019.0,4123.974,0.05177772127424967,0.7452014262954253,24.785245100534482,3.0957254064518893,0.4769976203562279,2066.828,1.3887895325205752,0.74,836.239,20.177,40.714,157.16,0.12490194847357515,2562.739,3951.852,0.055230348436867985,3920.733,0.05644194660799391,0.0079370362633721,0.043554768751461415,-0.06251322434738757,1,1
103553,2019.0,14348.018,-0.1910668187337777,1.6099288240938319,20.00088421183723,1.5175781702163993,0.03973777507423195,18404.961,2.1502557261418653,1.6,2879.679,-39.329,1979.574,224.833,0.07587555400766946,5295.1720000000005,19166.599,0.025223486215559372,19520.97,0.0205170796805898,-0.018153349961605534,-0.25140511365631424,-8.57495681211252,0,0
3424,2019.0,155900.0,0.00018179216127672248,0.9242055903755939,8.277379059015502,0.8470422687298231,0.1887076051840487,130081.0,0.625001949013799,0.93,15302.0,-1731.0,33951.0,3677.0,0.10233218301235668,201069.0,160338.0,0.014333047477976145,156776.0,0.029487060137776952,0.022720314333826607,-0.027679028053237537,-0.987316573006818,0,0
3461,2019.0,1314.578,0.0799192797112015,2.2854768380607,18.761949054091072,2.7068192818366152,0.3628067780628889,827.159,1.0979088521733982,2.25,471.705,-8.06,59.173,105.877,0.14427175311225937,1046.54,1298.129,0.08954679815454618,1124.909,0.06595503617909602,0.1539857890727159,0.012671313867882214,-0.10751382117235317,0,0
10923,2019.0,5774.5,0.08227935205956427,1.4724833998878877,20.65218528257457,1.5947279002343626,0.35115760155718373,4100.1,0.43932978760385166,1.39,9847.3,-1839.1,6910.6,764.4,0.0772183610796832,7246.0,6319.1,0.05314422776097612,6392.2,0.09676628265084979,-0.011435812396357976,-0.08618315899416061,0.5482274468193913,0,0
11807,2019.0,41.507,-0.10984267496384592,-0.28162583518930956,-42.78726769474101,1.7151801423386013,0.37550748348785074,30.918,0.570570812829171,-0.28,-2.065,-4.151,11.882,-2.529,-0.040086227393047916,73.701,49.509,-0.029145682313215245,39.407,-0.28446831929555894,0.2563503945999443,-0.16162717889676628,2.768746045586348,0,0
3508,2019.0,2897.0,0.03282130719210063,3.3746870873001797,14.294658660810242,2.1248741455520084,0.32591231442794183,2049.902,0.7283364361259426,3.38,1005.094,-43.605,150.793,171.208,0.14864812067023972,3751.0999999999995,3041.002,0.04100524253395768,2309.043,0.01335627794597406,0.3169966951676516,-0.04735347099409996,-0.19958265909730175,0,0
3524,2019.0,1393.8,0.025491545062823622,5.771331803780181,12.269265120681496,1.4498605894524916,0.6065838783158205,535.4,0.1786731786731787,5.62,2254.6,-193.0,106.7,211.3,0.11817012471338294,7332.5,1360.9,0.027741672902963227,1376.9,0.06763311058417763,-0.011620306485583556,0.024175178190902976,-0.08111002707047481,0,0
40875,2019.0,7195.0,0.03406197160144234,3.443514940017068,21.402549802683506,3.013740092022495,0.15713914324503886,5835.8,0.4238888208644545,3.47,773.0,-68.2,2236.8,633.5,0.14081219853742027,8357.0,6923.8,0.038784131259948576,6159.6,0.035906461767488025,0.12406649782453402,0.03916924232357951,-0.12175494216581043,0,0
3551,2019.0,16383.0,0.025659770451056364,2.6534391534391535,9.587557328015953,2.706535322262877,0.41598311218335343,9683.0,2.0598832153062494,2.61,3534.0,-379.0,1370.0,1003.0,0.2822966507177033,5553.0,16580.0,0.12461175301279662,15855.0,0.106145950682188,0.045726900031535796,-0.011881785283474064,-0.7940822608568767,0,0
3634,2019.0,1981.5,0.052071792599157986,1.787760416666667,19.706219956300068,6.422178969855209,0.18276280394535577,1549.4,0.7613750451789085,1.8,-135.5,205.3,740.3,137.3,0.32589603607880374,1661.1000000000001,1895.9,0.05513834785751577,1877.2,-0.004073139416478505,0.009961645003196273,0.04515006065720761,-0.05561565366960466,1,1
3596,2019.0,39350.0,0.07133351077987757,11.586502157964379,13.568374463378175,3.868582729287419,0.20661453872295749,28715.0,0.7970621916842847,11.37,25548.0,-2020.0,963.0,3345.0,0.28511762700306853,41266.0,36193.0,0.07366543340380549,30973.0,0.08309079495520173,0.16853388435088626,0.08722681181443925,-0.03165558819351843,1,1
3614,2019.0,17626.6,0.07080277991475879,2.91194550589799,16.97833970445598,4.218291303423347,0.38199962052036146,10422.7,0.5600972395653445,2.92,12371.3,51.0,450.0,1752.7,0.2484513431143242,26807.100000000002,16865.2,0.058207577247004434,15740.4,0.06958594566353186,0.07145942923940948,0.04514621824822699,0.21638424520413366,1,1
131472,2019.0,11556.0,0.009493811031642346,3.119288713262534,7.2644766429136975,0.6915159782936388,0.4415547024952015,5819.0,0.05825492399465531,2.97,-6028.0,357.0,5849.0,1263.0,0.09519143804642749,66326.0,10420.0,0.007061033493785955,9859.0,0.0055579486443152176,0.056902322750786084,0.109021113243762,0.34453561790881615,1,1
130246,2019.0,137237.0,0.02952152501567728,5.724285714285714,5.84352383329174,1.2050952135872364,0.21617964080000543,115260.0,0.6468269852511008,5.66,13283.0,5648.0,28893.0,8014.0,0.20622748327328874,176149.0,147049.0,0.03525132071487954,145588.0,-0.01818506979414727,0.010035167733604418,-0.06672605730062768,-0.16254130577251596,0,0
7448,2019.0,1525.4,0.03321620988521903,1.8688147295742232,14.988109605911331,2.933320077127019,0.2851943325100741,1099.8,0.7478007290400972,1.82,-405.2,-55.5,68.8,81.2,0.19570980959267295,1835.1000000000001,1538.6,0.03946537059538275,1425.8,0.043765928249362866,0.07911348015149387,-0.008579227869491628,-0.1583454207039638,0,0
16221,2019.0,1858.897,0.1958149264824883,1.6885230730076466,11.969039880516029,2.8151112983899043,0.4321844821118565,1041.41,0.879463938921107,1.64,1100.868,-352.709,386.438,437.883,0.2351994250576876,1606.1860000000001,1834.064,0.20997212091104295,1794.873,0.17295181148051872,0.02183497105366231,0.013539876471050004,-0.06742416263229775,0,0
3743,2019.0,14745.0,-0.01809717777131219,2.9848689112766023,6.837821226551227,0.9742208285361842,0.2739903069466882,11235.0,0.9172000948316738,2.92,2521.0,-237.0,873.0,693.0,0.14247532894736842,13079.0,15475.0,0.04107396870554765,15377.0,0.020276605719643695,0.006373154711582233,-0.04717285945072698,-1.4405996873846743,0,0
94571,2019.0,1958.1,0.03211615724965672,2.5092449807614567,25.868339081145585,13.102247295255365,0.4525645670513948,1057.7,0.5419179311698875,2.49,744.6,37.5,201.0,167.6,0.5064974312481112,3115.7000000000003,1932.1,0.04700866687235295,1716.5,0.003852769177846577,0.12560442761433144,0.013456860410951815,-0.31680348781502915,0,0
3756,2019.0,1646.045,0.20319759367927148,2.0648539997941526,20.26777680367332,9.19358236031883,0.5620537690861627,724.053,1.1225952153162029,2.04,75.877,19.214,132.118,341.054,0.453605861628227,1283.721,1653.292,0.23157771801015928,1474.744,0.1830126775932512,0.12107050444009267,-0.004383375713424999,-0.12255118745769299,0,0
3783,2019.0,2122.0,0.025674125071715435,2.375191544979268,6.20581528725872,1.1019344687324426,0.44987971944375776,596.403,0.2573029907830766,2.39,351.12,956.544,666.98,210.803,0.17756481908103933,3538.0619999999994,1084.132,0.050031031614272886,882.728,0.08033225621362727,0.228160883080632,0.9573262296473122,-0.4868359847213084,1,1
3829,2019.0,4595.0,0.031510862955387256,4.367140086341738,10.83088681948424,2.0472898537642172,0.23635706541380566,2958.2,1.212532865907099,4.37,1092.7,-48.1,94.2,209.4,0.18902328940241922,2696.8,3873.8,0.0655440090146488,3638.2,0.03669213872474708,0.06475729756472992,0.18617378284888217,-0.5192411415001374,1,1
109034,2019.0,1285.1,-0.014408602150537634,-0.3800535242046588,-5.262416666666667,-0.46985863095238095,0.6088698535507046,566.2,0.33695677474919106,-0.37,-1471.1,-44.5,145.5,-24.0,0.08928571428571429,3985.1000000000004,1447.6,-0.005586462140080538,1602.1,-0.006244106862231535,-0.09643592784470383,-0.11225476651008566,1.5791998207885305,0,0
3921,2019.0,22408.0,-0.044567915829294244,1.9012629161882892,13.98018115942029,2.4313358538122243,0.19137320275057304,19403.0,0.9235239781387115,1.89,13384.0,-329.0,2008.0,1656.0,0.17391304347826086,20956.0,23995.0,0.06373643291509506,20620.0,-0.01845724536575643,0.1636760426770126,-0.06613877891227339,-1.6992533750463303,0,0
3997,2019.0,4720.227,0.058770987218523627,1.7476868919915325,46.49002082255913,5.841016257752982,0.5421504194865716,2096.789,0.8701608287915533,1.75,3889.86,-398.863,1206.284,220.434,0.12564021599488395,3723.1830000000004,4579.646,0.04188381200945166,5209.782,0.07497320879859161,-0.12095246979624107,0.030696914128297285,0.4031909799724328,0,0
4005,2019.0,802.37,0.039039623476981526,1.4757267371086331,12.725933282739962,1.404385043094502,0.5825752351327161,341.385,1.8579623289616272,1.45,280.901,-7.797,79.809,30.307,0.11035615321033101,340.53,817.836,0.0688515353980994,820.027,0.04568323257371637,-0.002671863243527385,-0.018910881888300354,-0.4329883385859949,0,0
14456,2019.0,2874.601,0.015988940471148908,1.870553550271402,19.577092564223427,1.8439559076530325,0.20587769574696185,2271.864,0.2183179079507551,1.85,493.013,-92.673,169.208,203.664,0.09418946667406625,6561.218,2860.849,0.015542064053322136,2555.625,0.01333850852390587,0.1194322328197604,0.004806964645809671,0.028752707252628493,0,0
4030,2019.0,5163.74,0.036920439567102614,2.0980100345344366,33.08373118215451,1.9139856003764886,0.25549771929279574,3499.055,0.15489575003315528,2.03,-4826.792,6.826,316.129,804.954,0.05785277331140025,30025.943,4699.858,0.02652930228364101,4233.516,0.018707617918337617,0.11015477442390689,0.09870127991100999,0.3916852834033701,1,1
4039,2019.0,673.266,-0.03774947787668335,-0.055040985984368136,-42.87713887738583,0.6735639449200556,0.3757716389514349,354.023,0.20974435861097712,-0.06,-290.777,-158.725,27.389,-26.563,-0.01570916256437309,2598.694,567.137,-0.009823798125996692,577.775,-0.00994478969385067,-0.018412011596209657,0.18713115173229755,2.842656108413608,1,1
4046,2019.0,2055.647,0.11043203059668041,1.9501320233805506,42.9868331963909,7.969674779420862,0.4313691518522873,1010.867,0.6699795281216976,1.96,1075.927,7.533,59.599,259.233,0.1853980436988781,2486.578,1777.721,0.0976985719432757,1524.813,0.07402591354747654,0.16586164992035082,0.15633836805662976,0.13033413283459067,1,1
140266,2019.0,24977.0,0.019073435189748644,-8.354098360655737,-5.1519623233908955,1.0164895367520375,0.38392721181665906,16183.0,0.2538927711891437,-8.36,-6796.0,-633.0,1163.0,-10192.0,-0.19730143059023947,98145.0,26268.0,-0.09851054986903278,26232.0,0.09148146915962473,0.0013723696248856359,-0.04914725140855794,-1.1936181984072394,0,0
4050,2019.0,1707.432,0.08001174441916861,6.756393810630962,16.593171319232255,2.806133085566761,0.41249598024743134,918.945,0.9482375336079562,6.68,747.557,-8.867,11.871,168.545,0.16911372947221506,1494.104,1564.151,0.10217728026383191,1489.747,0.02741346557126292,0.04994405090260292,0.09160304855477505,-0.2169321378238849,1,1
4055,2019.0,2787.33,-0.005763492344826582,4.428427252876306,15.529215243477969,1.7102374156776534,0.33039795234322633,1670.1,0.401322827986504,4.49,4044.329,-237.02,365.646,482.672,0.11013031816890596,5716.557000000001,2494.168,0.07766409160485654,1804.741,-0.019908732749191454,0.3820088311840869,0.11753899496746001,-1.074210516414077,1,1
4080,2019.0,7986.252,0.14123294999812663,5.614683710884044,19.089232006467604,16.07093496129679,0.4945762898518804,3937.791,1.0114304519526107,5.61,6675.24,207.819,587.998,1177.562,0.8418848362182307,6612.7080000000005,7791.069,0.15287017299708425,7515.426,0.14098300852436726,0.03667696282286593,0.025052146245913107,-0.07612487623193555,0,0
4086,2019.0,58756.0,0.09418232886126632,3.414152678703045,7.070568387460109,-58.943533333333335,0.1901251881242304,47355.0,1.6888683496042978,3.3,-1318.0,-1831.0,5877.0,5327.0,-8.336463223787167,13929.0,58472.0,0.15386170642943792,52056.0,0.07674778962719898,0.12325188258798217,0.0048570255848953345,-0.38787674303834,0,0
4087,2019.0,2355.7,0.0979991050310043,3.261792452830189,17.57929139551699,3.678087745839637,0.32607007445982367,1475.3,0.7751496051839524,3.15,1618.5,-27.4,32.7,276.6,0.2092284417549168,2629.5,2189.1,0.09794270741121067,1973.3,0.1021252112625409,0.10935995540465208,0.07610433511488736,0.0005758225526362918,1,1
137314,2019.0,9452.0,0.058902186267299594,2.5914468685553027,27.706529842931932,38.41703956442831,0.25275095441275547,6655.0,0.6363701321900679,2.53,-7199.0,-186.0,484.0,764.0,1.3865698729582576,13228.0,8906.0,0.05459092533047517,9112.0,0.08799273133911098,-0.02260755048287972,0.06130698405569279,0.07897394870531135,1,1
4127,2019.0,17486.578,0.06349347270547967,6.37900081919115,8.01379423658421,1.4866469490692942,0.133588011199308,15348.199,1.6112149954327584,6.25,4210.525,523.995,1154.752,1097.96,0.1855109958130096,8967.222,17714.666,0.09986356030564456,14251.299,0.0753257949707795,0.2430211449496639,-0.012875659072544733,-0.3641977863481916,0,0
13391,2019.0,110225.0,0.21941603559996878,10.064253393665158,18.235828612534846,-107.9875665601704,0.34533238449950554,70837.0,2.4589914324023363,9.78,45651.0,-1817.0,1778.0,11121.0,-5.921725239616613,34470.0,108203.0,0.2527327682203486,100904.0,0.19380628354555457,0.0723360818203441,0.018687097400256925,-0.131825931615374,0,0
4155,2019.0,2246.947,0.07607854530633826,2.1425588545729886,16.536301873052253,2.742973426677775,0.39346426649600624,1369.494,1.610660672656872,2.14,501.31,53.471,78.146,93.377,0.1658758679985007,1102.303,2257.895,0.06661012209632455,2175.882,0.06452876289030218,0.037691841745094594,-0.0048487640036404996,0.14214691269175977,0,0
4171,2019.0,9497.317,0.1207060694506995,1.8949142070824792,23.03006639397712,4.161835027105896,0.22599610295735262,7388.409,1.1723603132877083,1.91,5486.458,15.014,459.136,1012.14,0.18071311458287023,7064.326,9545.7,0.1243065220456353,9167.519,0.12137989778534923,0.04125227337952618,-0.005068564903569317,-0.02896430964108226,0,0
105894,2019.0,12301.0,0.02232004289060075,0.734240759141098,38.44787918478261,2.239445954415954,0.20464633109830957,8422.0,0.3920545003517346,0.74,241.0,3982.0,4771.0,368.0,0.05824628046850269,20998.0,10589.0,0.013625087933651745,9614.0,0.07881773399014778,0.10141460370293322,0.16167721220134101,0.6381577131310753,1,1
38042,2019.0,9165.258,0.09437649039802562,4.50354609929078,20.659275590551182,4.813242815211309,0.17196943333123618,7133.379,1.6919621489863692,4.48,4188.435,-7.012,7.6,489.585,0.2329821679426511,4374.311,8614.874,0.09615454488498515,7189.568,0.15368630760999868,0.19824640367821816,0.0638876436265928,-0.018491632289314476,1,1
4236,2019.0,5640.0,0.01294471661070439,1.3307641528630536,8.957259612347451,1.2604770825335894,0.8111954459203036,995.0,0.04844596023202581,1.22,752.0,1152.0,2725.0,1393.0,0.14072128497828063,21282.0,5270.0,0.012805545085998474,4740.0,0.011383596487018284,0.11181434599156118,0.07020872865275142,0.010868067213951386,1,1
75931,2019.0,156.981,0.0428305904431933,1.0157088496438678,5.188494716618635,2.1284769073139973,0.14124801149484273,100.407,1.292698567132496,1.01,-20.463,0.0,0.0,10.41,0.41023013871374525,61.75899999999999,116.922,0.11509375552803822,96.455,0.0015444162678513547,0.21219221398579646,0.3426130240673269,-0.6278634731598514,1,1
4465,2019.0,2846.4,0.07914404654672932,3.8093607305936072,12.671417440815105,2.3202655838454787,0.35976831445120394,1757.5,0.7136061141728189,3.79,1734.8,171.2,561.2,333.7,0.18311018437225635,2946.4000000000005,2745.1,0.08674742643235936,2585.3,0.030674017620669153,0.061811008393609916,0.036902116498488284,-0.0876496306384226,0,0
12960,2019.0,711.556,0.02065888942172586,0.7893797928781595,35.07817181263208,2.3030461765346306,0.43497545758192857,461.138,0.29350450575509607,0.79,672.61,-15.902,148.374,102.216,0.06565468088919263,2614.2730000000006,816.138,0.03675953890183143,819.596,0.05207031286896782,-0.004219151874826097,-0.12814254452065704,-0.43799922308882405,0,0
4319,2019.0,32194.0,0.0521487662075995,2.9569428737548957,11.697892545375973,1.1053502940095554,0.16923446556746854,27662.0,0.8031889231956774,2.87,23043.0,-207.0,988.0,2314.0,0.09449140430397321,37193.0,33297.0,0.05581821690467001,27452.0,0.011778563015312132,0.21291709165088155,-0.03312610745712827,-0.06573930341303158,0,0
129397,2019.0,4501.6,0.040761810536730156,2.830894135241961,2.2395750943396227,3.2431005464480873,0.18396697214408847,3597.4,2.1130230551694384,2.84,-301.6,-54.2,24.3,106.0,1.4480874316939891,1671.8000000000002,4408.4,0.050807649906533095,3364.7,0.009988901220865706,0.3101911017326953,0.021141457218038458,-0.19772296865301767,0,0
4396,2019.0,71965.0,0.15417069526237145,4.661868910540301,10.066778131382701,2.8423732950659173,0.7427450316169828,18226.0,0.5536600423559935,4.57,49198.0,-414.0,11650.0,21053.0,0.28235183670184943,112489.0,70848.0,0.1645241202535108,62761.0,0.07789921216399322,0.1288539060881758,0.01576614724480578,-0.06292952653499087,0,0
35316,2019.0,1343.029,0.055655146098272094,0.8444746924783222,16.874395558474124,2.3909711472581017,0.4234108444326888,680.129,0.9182100255012284,0.84,78.443,-6.048,80.989,50.253,0.14169225433721588,1137.354,1179.573,0.03911823042025651,996.443,0.06650761928553585,0.1837837186873711,0.13857217823737902,0.4227419159904614,1,1
4427,2019.0,77147.0,0.06197022065104543,9.779501814608523,11.623291467690192,6.040014761252679,0.524368333102989,37856.0,0.6450778881846623,9.56,129716.0,-630.0,12222.0,8728.0,0.5196475351274112,104602.0,79591.0,0.07073965408244315,79139.0,0.045893295893295896,0.005711469692566244,-0.030706989483735597,-0.12396771718981588,0,0
4435,2019.0,5140.084,0.03430863996003435,3.163619992684231,42.441886291809716,2.3729238195370725,0.4496081622329788,2189.205,0.30859004631326764,3.81,3253.994,280.476,648.522,337.302,0.055909951862695394,11769.491,3977.539,0.02616895517594115,3398.719,0.06429001031980075,0.17030534151249344,0.2922774610129529,0.3110435525365014,1,1
15833,2019.0,324.424,0.01298196989979418,1.904858480718184,34.873981806225345,2.402666023030663,0.4765813066843632,160.901,0.18899049403710166,1.85,1423.795,55.719,959.457,63.868,0.06889566085057038,647.734,307.404,0.039265737834125805,532.938,0.09398787761132861,-0.423189939542686,0.055366878765403124,-0.6693817405231193,1,1
4454,2019.0,22376.0,0.03659884676286935,5.022391077517561,8.03601300198807,2.196204585710405,0.25993306444692355,17248.0,0.6941267572075291,4.07,2965.0,-429.0,589.0,2012.0,0.27329530019016574,30574.0,23306.0,0.059923755063140335,21743.0,0.06323924136507093,0.07188520443361082,-0.039903887410967134,-0.38924310193334927,0,0
4471,2019.0,50069.0,0.03494233442968353,1.4253214638971317,29.754691186675913,1.3893203505986422,0.2189400146621243,36224.0,0.27787064497768194,1.46,-2866.0,50.0,637.0,2882.0,0.04669248092283266,161624.0,46378.0,0.017267307749917617,44378.0,0.017638022616645998,0.045067375726711434,0.07958514813057915,1.0236121887530638,1,1
4473,2019.0,10221.3,0.03695379086182324,1.6133993743482793,12.786666666666667,3.306730737088418,0.1418718603310548,8336.2,0.6219086701279745,1.61,1459.0,-120.5,673.4,618.9,0.2586077218786562,8248.8,9714.4,0.03962151815266032,7882.4,0.045607788770558946,0.23241652288643053,0.052180268467429756,-0.06733026434167477,1,1
38908,2019.0,927.964,-0.06258112063239474,-1.3239487565938206,-3.247859842447976,0.3971980832361122,0.2912869582566717,689.115,1.097636746420125,-1.33,155.24,-59.621,116.907,-43.922,-0.12229532753997666,676.4789999999999,972.347,-0.049581477781352475,966.497,-0.07179984109309938,0.006052786506321305,-0.04564522747537651,0.2621874827605766,0,0
4541,2019.0,12737.868,0.07390782163137499,1.1491583343880523,66.57046092846522,1.858393552139479,0.2024677126173018,11950.739,1.1849508868362961,1.18,3003.288,19.207,793.358,163.431,0.02791618874528235,10724.766,14984.646,0.012923742635397775,10040.314,0.039795774448475436,0.49244794535310354,-0.14993867723001264,4.718763033004349,0,0
4548,2019.0,9174.611,0.06731178103155086,5.064500571591883,11.78595977159464,1.9199072474426113,0.15821256677372278,6844.263,1.9885093622663044,4.92,1972.778,-103.174,366.214,283.531,0.16289782797916744,3070.502,8130.631,0.06934320940068828,7686.999,0.05728731709088268,0.05771198877481323,0.12840085843275884,-0.029295274716795175,1,1
4593,2019.0,82059.0,0.09585488942990465,5.745731924438949,22.46014984637511,5.7499817947516405,0.7554822814135644,19948.0,0.5333695097872563,5.7,90994.0,283.0,19687.0,15297.0,0.25600816709064134,125730.0,81581.0,0.10001046066137531,76450.0,0.008264305194433672,0.06711576193590582,0.0058592074134908865,-0.041551365767036885,0,0
12094,2019.0,4568.904,0.13050062851639493,5.141142468983902,19.943038073454534,9.873182866392145,0.6558912835010569,1389.064,0.718356516298309,5.13,1002.512,251.332,2880.318,802.265,0.49506914794160606,2569.6839999999993,4036.701,0.14276813926720427,3480.014,0.16739823573847024,0.15996688519069172,0.13184107517500068,-0.08592610938109599,1,1
131150,2019.0,13209.0,0.029531938994295886,0.7112652210315246,21.623438831572408,1.033081331432983,0.4422369909502262,7889.0,0.179342175335379,0.66,-8046.0,3005.0,3331.0,1609.0,0.047775996199299245,74198.0,14144.0,0.020401694012629017,13705.0,0.0023148440958826134,0.03203210507114192,-0.06610576923076923,0.44752386620518286,0,0
4641,2019.0,761.608,0.14787697603074965,1.9434916762342134,28.860427181598336,2.4691197917736045,0.3157348334377541,1283.288,1.2842623464969496,1.94,475.205,-9.193,27.711,54.169,0.08555381998461677,1273.9750000000001,1875.425,0.03709410242872589,1805.909,0.034234038635420475,0.03849363395387024,-0.5939011157470974,2.9865360353411017,0,0
4651,2019.0,2866.0,0.05506396370621654,6.2182225437822725,15.350045664647755,2.0033321511035305,0.4845615327929255,1398.9,0.28659528184333355,6.16,3859.7,-33.6,100.5,627.4,0.13050984960372766,9188.8,2714.0,0.06625271917041543,2582.9,0.10457999499929337,0.0507569011576135,0.05600589535740604,-0.16887994340910217,1,1
4686,2019.0,13578.0,0.05465725347301298,3.8852456632690155,14.673460815868262,7.537002556708958,0.39440466523953643,8204.0,0.7619235095613048,3.85,6152.0,40.0,321.0,1336.0,0.5136485966935794,15032.0,13547.0,0.075140607424072,12923.0,0.07761467889908256,0.048286001702391085,0.002288329519450801,-0.2726003242887944,0,0
4690,2019.0,5355.6,0.04531161815689753,0.5886889460154241,34.78917030567686,0.6870823630875378,0.1806706686737155,4517.7,2.3824317317663324,0.59,1121.0,3.2,35.4,22.9,0.0197498921949116,1738.4,5513.9,0.009894573107500863,5374.4,0.030106803464805314,0.02595638582911581,-0.02870926204682698,3.5794414437695914,0,0
4697,2019.0,2375.234,0.09107699559043156,2.451804130024741,14.642278948945949,2.4541824042869402,0.39266669003523447,1438.076,0.8093184725763115,2.45,580.358,365.524,556.153,200.18,0.16760931907144203,2147.6810000000005,2367.853,0.06842036724421915,2058.368,0.02034281985977207,0.15035455273303905,0.003117169858095016,0.33113865444980733,0,0
4753,2019.0,2838.399,0.023415813236735656,1.3105038086329013,51.40007953908122,1.2549655653405791,0.2593667412058517,2200.197,0.5059438714597774,1.31,2690.081,-12.302,7.8,78.452,0.024415634695397436,5585.737,2970.697,0.013361278044769444,2214.418,0.061080733085034665,0.3415249514770924,-0.044534329822260646,0.7525129825362981,0,0
4788,2019.0,122286.0,0.03665812267986565,3.8972431077694236,7.269241157556269,2.866768957646462,0.21680064706756244,94894.0,3.178603284537489,3.8,19335.0,82.0,1610.0,3110.0,0.39436976921126043,30449.0,121162.0,0.08158875072144393,122662.0,0.05126757534209748,-0.01222872609284049,0.009276835971674287,-0.5506963600285791,0,0
4805,2019.0,365.07,-0.058261498278806674,-2.503934824059629,-2.2045302245728684,0.4694157082757217,0.21599851914533533,296.478,0.3293121420354549,-3.74,153.773,-7.571,26.048,-72.226,-0.21293230777394848,1059.6960000000001,378.16,-0.0628963898102728,427.504,-0.024568989439799793,-0.11542348141771772,-0.03461497778718011,-0.07369089935761493,0,0
4820,2019.0,1703.982,0.053989542048200244,1.4604195506335853,22.459299442937557,2.2565654908074335,0.4180787108521194,1015.686,1.6469309957633118,1.46,322.385,-5.084,153.144,68.574,0.10047354756281245,841.281,1745.401,0.06470527179913002,1583.947,0.09055877764799819,0.1019314408878581,-0.02373036339500212,-0.1656082951663585,0,0
39147,2019.0,9653.559,0.18259888297408294,15.174011421869823,11.39118689148189,4.1709325851976615,0.4897353055403639,5652.201,0.8876170942406405,14.73,8203.745,2134.723,4949.595,2380.681,0.36615434589319257,7018.899999999999,11076.998,0.19076767473767733,8013.62,0.14004750566393062,0.3822714328855124,-0.1285040405351703,-0.042820628677406755,0,0
4856,2019.0,1307.787,0.1662791763631283,4.922657159487776,28.11896004847983,5.833196316930406,0.2663131426702373,897.244,1.5201226614095122,4.93,1271.084,62.648,205.752,135.314,0.20744708576965176,540.761,1222.925,0.16819827692292394,1201.842,0.16096202566983758,0.017542239329296078,0.06939264468385231,-0.011409751603311919,1,1
4908,2019.0,509.854,0.025698754687483116,0.8009310302584834,3.3086494340776995,-4.053746586710927,0.5931961283562059,221.283,0.9453329880728732,0.84,-291.437,-5.241,5.38,45.766,-1.2251967660759222,557.284,543.955,0.07953619239117779,566.943,0.044263509704437466,-0.040547286058739494,-0.06269084758849547,-0.67689231889439,0,0
4915,2019.0,4752.5,0.06930487501038121,2.3440613026819923,15.289702517162473,4.042454624027658,0.23365733692469842,3271.9,1.2624186871673566,2.28,2536.2,-258.0,268.1,305.9,0.264390665514261,2637.9,4269.5,0.09044943820224718,3943.8,0.08240396530359356,0.08258532379938126,0.11312800093687786,-0.2337721893262201,1,1
36533,2019.0,2922.125,0.031396856404850286,-0.3332047640754117,-82.14168268556195,0.639850233144022,0.19722215620445852,2330.672,0.37249339951312027,-0.38,1611.528,177.03,1442.075,-28.508,-0.007789592472720168,6169.126,2903.259,-0.0036576281459284312,3140.322,0.03496765545534677,-0.07549002936641531,0.006498214592635374,-9.583938867541903,0,0
4930,2019.0,22259.561,0.06297965930018384,5.230204356059438,8.169852856799999,0.9501530353285851,0.21965696351446323,16052.929,0.7201393493936064,5.46,6487.284,-1092.414,1595.976,1695.831,0.11629989572428416,25644.807,20571.631,0.05936498827057071,12646.365,0.043237051477207245,0.6266833196732817,0.08205134536974731,0.06088893697979638,1,1
4978,2019.0,22319.5,0.21173901201697293,3.209421718212376,36.05633978960396,11.856511054361205,0.7980550340654106,4958.9,0.5592483442803655,3.14,5666.7,1462.0,8086.4,3232.0,0.3288329077090561,34409.7,24555.7,0.07360778347651019,22871.3,-0.004537471376803539,0.07364688496062757,-0.091066432640894,1.8765845406083086,0,0
4980,2019.0,12914.0,-0.03614814814814815,2.341818181818182,11.888198757763975,-8.81012658227848,0.4157286394198081,7734.0,1.6362175525339926,2.33,-1423.0,-102.0,1413.0,644.0,-0.7410817031070196,5966.0,13237.0,0.0796044499381953,12632.0,0.12062829795066879,0.04789423685877137,-0.02440129938807887,-1.4540970784449045,0,0
4984,2019.0,3003.272,0.12361141744752578,4.51745192459006,17.454529968717996,5.649300743453348,0.36348151039035564,1927.807,1.2888934282340174,4.42,2270.701,32.148,358.849,287.066,0.3236581422460544,1722.376,3028.674,0.1221648420627068,2624.431,0.10284569551311484,0.15403072132587975,-0.008387168774189643,0.011841175909485198,0,0
4990,2019.0,17236.0,0.0026466643366461445,7.971320732720304,6.436825429616088,0.7360857512195123,0.1309097642266387,14081.0,0.054342321069807846,7.6,8958.0,717.0,8024.0,1641.0,0.11435540069686412,285318.0,16202.0,0.005503996350793401,14092.0,0.0073785415402306195,0.14973034345728073,0.06381928157017652,-0.5191377014149677,1,1
5271,2019.0,59812.0,0.13108062615721258,17.95729537366548,14.581260404280616,52.78123385939741,0.16026189501878652,45146.0,1.1980123005615473,17.74,1113.0,-2089.0,772.0,5046.0,3.619799139167862,41702.0,53762.0,0.11244317675372137,51048.0,0.04303432858279057,0.05316564801755211,0.11253301588482571,0.16574993647068403,1,1
5027,2019.0,14701.0,0.011332271439514608,2.0380108245291906,22.33550452830189,0.7671120466573065,0.15843064653944744,11819.0,0.1793247867613259,1.99,14893.0,-67.0,5790.0,636.0,0.03434496165892645,72484.0,14044.0,0.008120945911435721,13500.0,0.014625687935063955,0.040296296296296295,0.046781543719737965,0.39543737430350023,1,1
13027,2019.0,2826.478,-0.25955722904366235,-6.999643300869705,-1.3672125262170043,0.5882131510549138,0.4447908531842097,1822.157,0.33805901719317594,-7.1,-1571.12,0.097,0.545,-1746.481,-0.430228029494774,9480.265000000001,3281.929,-0.17989836172767756,2609.111,0.02840400002012134,0.2578725090653484,-0.13877539703022218,0.4427992926170666,0,0
5057,2019.0,2310.0,-0.0027247956403269754,2.8838072687144187,7.705091890522046,1.7882774144218325,0.30438472418670437,1967.2,1.124855813213476,2.79,1466.2,-49.5,878.4,394.6,0.23209034231266912,1519.6,2828.0,0.15695477506861305,2733.9,0.15919950990402287,0.034419693478181315,-0.18316831683168316,-1.017360387023178,0,0
5067,2019.0,72148.0,0.10845937523751616,2.888888888888889,33.286153846153844,21.137255762897915,0.32131988949501467,48396.0,2.066448359800626,2.84,3243.0,-23.0,729.0,2314.0,0.6350164654226125,25500.0,71309.0,0.06705691433870407,68619.0,0.09767362783712562,0.039201970299771204,0.011765695774726893,0.6174226969300809,0,0
5081,2019.0,837.398,-0.08971838709718465,1.9904306220095693,10.203822115384614,0.9655740572743889,0.2407618301125975,596.683,0.9005495676566371,2.03,368.64,-10.638,49.237,34.944,0.09462866427459211,750.1840000000001,785.897,0.0400418936478871,698.437,0.08792930994827688,0.1252224610093681,0.06553148822301137,-3.2406129911370667,1,1
5671,2019.0,5336.776,0.04366138539350016,1.3891932702804728,17.16103907931169,1.8206737403940743,0.13757494121219396,3908.124,0.6484660373119484,1.38,1125.26,19.349,53.948,272.318,0.10609344410787855,6575.656999999999,4531.552,0.03896876265542471,4443.351,0.0443911328553076,0.019850108622973973,0.17769276398019931,0.12042011134839571,1,1
5115,2019.0,892.518,0.033180094870710344,3.4345878136200714,15.940777458909471,2.045512750767892,0.4391117588993769,436.389,0.6828459991082996,3.2,302.061,-36.929,71.804,61.328,0.12831950988843602,1019.706,778.032,0.053825009039877275,787.955,0.021084448748079333,-0.012593358757797084,0.14714818927756182,-0.3835561672432188,1,1
5197,2019.0,1834.1,0.028806329974655376,-1.8854140324257493,-7.833823099850969,0.8741884749708965,0.1972059779077323,1482.6,1.1977430442959984,-1.88,73.0,17.3,140.3,-67.1,-0.11159155163811742,1152.4,1846.8,-0.04351773785589207,1581.3,0.005846498320686653,0.16789982925441094,-0.006876759800736433,-1.6619445631582883,0,0
70118,2019.0,4991.0,0.0237095579155347,1.3382173382173381,10.715748175182483,0.9683756596306068,0.6958220108695652,1791.0,0.2761596548004315,1.3,7769.0,899.0,1462.0,1096.0,0.09036939313984169,18539.0,5888.0,0.05140471835279771,4373.0,-0.25999454842813013,0.34644408872627486,-0.15234375,-0.5387668938712451,0,0
5262,2019.0,5515.0,0.07476635514018691,1.4681253376553214,11.354616375344987,1.6469799839871897,0.12066798347997845,4897.0,0.4606286186931348,1.47,-669.0,647.0,1543.0,1087.0,0.1450493728315986,10254.0,5569.0,0.08990901571546733,5423.0,0.04823398614555717,0.02692236769315877,-0.009696534386783983,-0.1684220481648025,0,0
5264,2019.0,16652.0,0.05555378384411774,3.2748686579191286,24.352121666666665,5.349620656370656,0.231438127090301,11490.0,0.6928352952080823,3.26,9700.0,-139.0,1066.0,1650.0,0.21967780588470243,18823.0,14950.0,0.07646677171192881,14024.0,0.0730334328650448,0.06602966343411294,0.11384615384615385,-0.27349118315856197,1,1
5281,2019.0,6707.0,0.18559777203103242,2.497448111602586,11.707950953678472,-77.42014414414413,0.34609403038640985,5466.0,1.5499721861672537,2.38,-405.0,-635.0,559.0,734.0,-6.612612612612613,3908.0,8359.0,0.13610235490450584,7644.0,0.09712099125364432,0.0935374149659864,-0.19763129560952267,0.36366319422800797,0,0
5302,2019.0,4510.371,-0.040094448573638,-1.5444512018534606,-6.468317022908351,5.252026863458298,0.4560811212263249,2471.736,0.8675285998596853,-1.55,757.369,-484.74,594.481,-533.299,-0.8119618820255083,4105.779,4544.31,-0.10180910518353067,4924.951,-0.16892449999623307,-0.07728828164990872,-0.0074684605583686635,-0.606180129946531,0,0
5324,2019.0,5347.4,0.06781443915808572,7.065859197577593,21.228840797085923,6.249014475385537,0.46423487215515163,2897.9,0.5273682773682774,7.1,1400.3,-90.2,96.6,933.4,0.2943643760446561,9449.8,5408.9,0.091006591006591,4834.1,0.045966608253577,0.11890527709397804,-0.011370149198543143,-0.2548403537808117,0,0
13238,2019.0,8431.0,-0.3329518141238411,-14.845303867403315,-0.44054335690360996,1.4796749999999999,0.09440715883668904,6072.0,0.7102754237288136,-17.94,-2826.0,437.0,845.0,-2687.0,-3.35875,8000.0,6705.0,-0.2846398305084746,2984.768,0.05540054982903171,1.246405750798722,0.2574198359433259,0.16973022900225535,1,1
5328,2019.0,21076.5,0.12682169106813607,7.722982661973667,22.99241209931975,-21.764979387702926,0.5749719384357819,8936.3,0.6407933876237383,7.61,47877.5,-1597.8,866.0,5924.3,-0.9466157484341047,30737.299999999996,21025.2,0.18055724874433124,22820.4,0.1536015288267261,-0.07866645632854817,0.0024399292277837675,-0.2976095285561458,0,0
40803,2019.0,570.23,0.0739047619047619,3.2836820775783644,15.677522605344683,2.178150699432231,0.63264302771256,183.065,0.4093678223238666,3.29,467.734,-0.993,1.508,79.406,0.13893462342638685,1124.964,498.33,0.06523039210854042,462.034,0.13409370878177884,0.07855698931247482,0.144281901551181,0.13298049445705798,1,1
81939,2019.0,231051.0,0.014694597286397701,0.17894736842105263,654.1588235294117,2.747887323943662,0.05539872806424069,202446.0,3.5916175090494704,0.17,10558.0,309.0,2981.0,34.0,0.004200642451198419,22838.0,214319.0,0.0005697814720471913,208357.0,0.0011096205760090096,0.028614349409907036,0.07807053970949845,24.789882625703637,1,1
5384,2019.0,28913.0,0.05280684537264718,3.4541708871050747,25.710945666162818,2.3770216082729436,0.7328926268940014,8162.0,0.34068053604477444,3.44,23559.0,724.0,9848.0,4631.0,0.09245173783713641,77893.0,30557.0,0.051631101299975474,29953.0,0.03396321381287407,0.020164925049243814,-0.05380109303923814,0.022772012276876745,0,0
5395,2019.0,256776.0,0.029822566071324212,-0.4586872586872587,-142.84242424242424,1.4572503220266209,0.17088174982911825,161329.0,0.9904456977643848,-0.57,41013.0,2395.0,6587.0,-594.0,-0.010201803349076857,163432.0,194579.0,-0.003023577798591033,184765.0,0.06960927563044644,0.05311612047736314,0.31964908854501256,-10.863336767858703,1,1
5431,2019.0,46840.0,0.11662736827138405,2.3991730181750857,31.848474212218647,7.41910451293959,0.783160732018726,9171.0,0.5118046395682322,2.34,37034.0,1871.0,8864.0,6220.0,0.2329500767761507,70455.0,42294.0,0.07526894732383799,40122.0,0.02724417334304443,0.05413488858980111,0.10748569537050173,0.5494752141225666,1,1
5434,2019.0,3188.5,0.00754452573775033,2.2138084632516706,23.03722334004024,2.086469248291572,0.6170686126190265,860.6,0.33407658461172557,1.8,853.1,415.3,437.6,99.4,0.09056947608200457,6094.9,2247.4,0.014775835414436915,1713.361,0.06921395372181433,0.3116908812561976,0.4187505561982735,-0.4894010709960361,1,1
5457,2019.0,1023.9,0.09003356194367432,2.4765458133938947,11.915790065502186,1.5825523705959113,0.29851044686594014,701.7,0.8121295770073881,2.45,531.6,-162.9,83.2,91.6,0.13281136726112802,1056.6,1000.3,0.07436875862628886,908.3,0.06245223277650399,0.10128812066497854,0.023592922123363017,0.21063688041510556,0,0
138170,2019.0,5072.037,0.0710235155721784,2.0253337051732228,6.843316715955498,-1.344701982234603,0.40742826555062045,3124.005,2.4770261838356356,1.87,-1642.743,-180.009,245.887,319.545,-0.1964985748941548,1397.445,5271.944,0.1501384179941513,5361.96,0.16976586971217905,-0.016787890995083817,-0.03791902948893238,-0.5269464236998611,0,0
39426,2019.0,23406.0,0.12913453474338782,12.174849267872524,4.313811107180757,1.8881439276645817,0.742028890131947,7840.0,0.7006409074142382,12.27,24405.0,1371.0,6802.0,14135.0,0.4376974050907289,34882.0,30391.0,0.3258714496495758,20322.0,0.1440174326465927,0.4954728865269166,-0.22983778092198348,-0.603725533850075,0,0
5517,2019.0,10878.673,0.024326156923320106,4.562431237305348,18.86494185298329,1.8398336466234486,0.2506606141704418,8249.816,0.22805669494061384,4.68,8163.977,-300.298,480.975,862.555,0.09752660045079856,46298.033,11009.452,0.017867505349448927,11074.481,0.009106807182771957,-0.0058719681762062215,-0.011878792877247536,0.361474724509898,0,0
5551,2019.0,2486.6,-0.004430595452553678,2.729870394938259,13.000617196261683,2.901277892102336,0.3903085073231536,1565.2,1.6358886127572803,2.72,618.5,-44.7,168.0,160.5,0.22316462736373746,1223.6,2567.2,0.10227489963678073,2381.2,0.08658330517066576,0.07811187636485806,-0.03139607354315983,-1.0433204575930997,0,0
5569,2019.0,1401.981,0.07842763062218448,3.222415448905962,29.254452597664116,5.7621218188423855,0.47807237148259635,708.832,0.8445857369223614,3.23,716.65,2.715,195.71,124.15,0.19696563453395377,1333.935,1358.104,0.0772071352701348,1196.809,0.015447886013155068,0.13477087822701875,0.032307540512361316,0.01580806421296911,0,0
5583,2019.0,32136.0,0.1023309971114445,9.277197242336209,20.538530659936438,11.214842844017967,0.5367923088661681,15177.0,0.8976712328767124,9.09,33770.0,-200.0,3233.0,5349.0,0.546039199673336,31001.0,32765.0,0.14654794520547945,31657.0,0.12788585568747202,0.035000157942951006,-0.019197314207233328,-0.30172342595480944,0,0
5584,2019.0,1240.5,0.03385131684540745,3.37999184608515,22.550350258472143,1.8211410984321363,0.27011877752569063,1093.8,0.29014520813165534,3.39,727.3,-31.1,70.4,174.1,0.08075888301326653,4944.8,1498.6,0.03370764762826718,1419.3,0.03389763779527559,0.05587261326005775,-0.17222741225143462,0.004262214282191241,0,0
5634,2019.0,1975.5,-0.0014321984245817332,1.6725838264299802,8.29255896226415,1.31711743772242,0.19993672888326475,1770.3,1.4386866059817944,1.67,293.7,1.9,46.0,84.8,0.15883124180558156,1211.1,2212.7,0.055136540962288684,2103.1,0.014109571628320832,0.052113546669202565,-0.10719934921137066,-1.0259754855779093,0,0
5666,2019.0,173.69,0.015919245620070643,0.6871648896359643,24.33186015784023,2.6683261210951112,0.597350003931745,61.446,0.08880700288295126,0.49,-24.744,-0.901,9.325,56.006,0.10966387706429923,1703.1619999999998,152.604,0.03259236326349616,122.789,0.027907096001629893,0.24281491013038636,0.13817462189719787,-0.5115651635516597,1,1
66475,2019.0,534.89,0.08005669323842012,1.8834865180520999,25.920015637005783,4.518084608443927,0.7005045138190834,156.422,0.6476981439064649,1.95,61.624,7.609,43.695,74.183,0.17430871461333133,737.5049999999999,522.285,0.09199611593174854,277.743,-0.0087302766850824,0.8804614337715081,0.024134332787654287,-0.12978181276898934,0,0
5683,2019.0,2904.663,0.05771815054538238,2.773349043048451,30.998622483343176,2.442137346875801,0.3223706646470819,1836.015,0.9141107026606857,2.71,1601.333,-259.263,125.584,96.507,0.07878212485693714,2624.482,2709.468,0.03255918932486924,2497.524,0.045712924902413514,0.08486164697516418,0.07204181780334744,0.7727146081397156,1,1
5718,2019.0,7887.0,0.08156361586168014,5.908256880733945,19.471055900621117,-14.546821345707658,0.5079667710744927,3613.0,0.7804229992560314,5.95,-1714.0,-11.0,1257.0,966.0,-0.7470997679814385,7375.0,7343.0,0.102667658624721,6380.0,-0.01888401559454191,0.15094043887147335,0.07408416178673567,-0.20555687200564343,1,1
5750,2019.0,2816.255,0.09811252357809494,2.375455769419678,9.846531474553265,0.8381858340102777,0.7532212656190317,627.966,0.2302313476473879,2.39,4903.742,-577.615,387.373,411.094,0.08512498397800591,10069.143,2544.652,0.03719436906490761,2097.695,-0.031618581673028806,0.2130705369465055,0.10673483053871416,1.6378327162071096,1,1
5764,2019.0,515.698,0.06890487881542395,-0.0946740543902301,-159.60022096148106,3.456466974482339,0.36198399604753545,361.586,1.6255360036713564,-0.05,-159.467,47.715,58.894,-3.349,-0.021657031260104244,228.902,566.735,-0.009605759440118173,547.043,-0.02778261626894269,0.03599717024073063,-0.09005443461229681,-8.173287988833527,0,0
5771,2019.0,113589.0,0.011269149440096233,2.910969848239053,8.464532882367571,0.9804616769616337,0.7967982176385507,22619.0,0.04727656362881911,2.64,124103.0,19970.0,446029.0,28147.0,0.11583175239404278,527002.0,111313.0,0.011954519566091755,100417.0,0.007992165643682323,0.10850752362647759,0.02044684807704401,-0.05733146549356377,0,0
90883,2019.0,6915.0,0.06275731612328919,-0.7413647851727043,-31.131772727272725,6.935686075949366,0.32833723653395785,4302.0,0.8252802473908002,-0.72,360.0,-67.0,464.0,-88.0,-0.22278481012658227,6400.0,6405.0,-0.011338745007086716,6516.0,0.030310948523647765,-0.01703499079189687,0.07962529274004684,-6.534767391282357,1,1
5776,2019.0,124.243,0.04635761589403974,-0.8417715024524393,-4.169777653168198,0.6019807824296499,0.35313871947351055,76.47,0.2160232584487302,-0.84,-23.114,18.048,119.986,-41.017,-0.14436759762772117,421.85799999999995,118.217,-0.07495221492502405,112.035,0.21047250261051165,0.05517918507609231,0.05097405618481264,-1.6184956100418386,1,1
75996,2019.0,103.325,0.12760965787124107,5.123480333730631,13.350300097706231,-4.090699133211679,0.42257655941639094,58.81,1.0799843064068035,5.13,-52.879,18.107,75.446,21.493,-0.3064125228102189,13.638000000000005,101.849,0.22790702606408922,104.201,0.032837647176336915,-0.02257176034778927,0.014492042140816296,-0.44008019377447255,0,0
5864,2019.0,1693.332,0.047087992445865985,4.554847191037379,12.307767450532666,2.4873147166461056,0.457124146400882,864.621,0.26384025408159645,4.56,1031.15,-325.924,229.606,391.521,0.2020930868773002,5646.849,1592.668,0.06485909186238484,1579.881,0.04644717956784177,0.00809364755953126,0.06320463524099199,-0.2739955017289602,1,1
5881,2019.0,18479.0,-0.00993533467517451,1.0825360601538956,15.833190810810812,-14.768774621848742,0.13209195653361,15894.0,0.8172162970235174,1.06,-2459.0,-200.0,411.0,111.0,-0.9327731092436975,20691.0,18313.0,0.004953366950778705,19179.0,-0.030104768013683985,-0.045153553365660355,0.009064598918800851,-3.005774006630501,0,0
5893,2019.0,583.29,0.03383589291203871,0.5918170878459686,21.307259048393657,1.1233280984515113,0.1672858917617827,428.981,1.184989579930901,0.59,94.349,-10.195,13.417,9.836,0.05272044123085829,378.583,515.16,0.022625121337449223,510.508,0.03531713090433882,0.009112491870842352,0.1322501747030049,0.49550105864110244,1,1
5988,2019.0,2592.045,0.0387618526018269,2.643878903197309,17.43650208194109,2.86847808775048,0.09666087957602959,2633.332,0.7035099853656088,2.66,994.507,-0.768,1.458,233.436,0.16450995011902933,,2915.109,0.056335648836392145,2268.617,0.03361709677493256,0.28497185730337016,-0.11082398634150553,-0.3119480577139068,0,0
6012,2019.0,1812.184,0.0669970102501606,0.7613013428957363,29.278813452786352,3.535689438988606,0.6258854236365363,654.176,0.7958580379887699,0.76,988.28,58.863,613.447,125.684,0.12075931439947502,1472.123,1748.598,0.05720389800662047,1675.639,0.002045928621093638,0.043541001373207516,0.03636398989361764,0.17119658947728916,0,0
6025,2019.0,9740.0,0.07017061089708311,0.6397748592870544,54.15967741935484,1.7585650352313844,0.3888046325658348,4433.0,0.350132754042964,0.53,99.0,191.0,3446.0,341.0,0.03247000571319748,16966.0,7253.0,0.01646150132754043,7348.0,-0.004765841560083645,-0.012928688078388676,0.34289259616710327,3.2627102778096093,1,1
6027,2019.0,820.119,-0.014383181920698072,0.3553923727320768,19.33074687896905,1.095377658724795,0.23947227187633383,719.876,1.0335140753875618,0.36,81.129,-1.194,64.266,32.281,0.05666504587655196,760.9810000000001,946.548,0.03524688432872488,747.763,-0.0068105583594397345,0.265839577513196,-0.1335685036575007,-1.4080695980545528,0,0
16861,2019.0,37403.0,0.0810095080084232,2.569515306122449,30.02122611069744,13.380035398230088,0.4647340031188486,20938.0,1.6493232702281064,2.55,1874.0,217.0,4663.0,4029.0,0.4456858407079646,16442.0,39117.0,0.16987814647721045,36397.0,0.08577387291444799,0.07473143390938813,-0.043817266150267146,-0.5231316700333152,0,0
6052,2019.0,3904.0,-0.0732309778660338,-0.1368718153972497,-137.0625496969697,0.9596995841290048,0.6025554808338938,1773.0,0.21232746311280343,-0.14,1948.0,6.0,719.0,-66.0,-0.007001909611712286,19084.0,4461.0,-0.0031413612565445027,4060.0,-0.05205811138014528,0.09876847290640393,-0.1248598968841067,22.311861287354095,0,0
6068,2019.0,15524.0,0.05093971449111636,3.5786802030456855,12.968468085106382,8.378254295532646,0.4020807061790668,9483.0,2.011159015977682,3.37,-2175.0,-224.0,957.0,564.0,0.6460481099656358,5460.0,15860.0,0.0715191478569617,15478.0,0.053850893407270485,0.02468019123917819,-0.021185372005044136,-0.2877471835515184,0,0
17583,2019.0,11296.0,0.0717770218600849,9.944124909548,15.03802510127532,2.609775740138003,0.4348926514225868,6475.0,0.3161787025028284,9.58,12877.0,-244.0,446.0,2666.0,0.17354511131363104,34965.0,11458.0,0.07356715141146279,10551.0,0.15132592198482261,0.08596341578997252,-0.014138593122709025,-0.024333272622799447,0,0
46542,2019.0,140.99,0.08910612829465817,5.025281710488298,6.745890470030186,0.9359874593145701,0.32644136657433054,91.183,0.35909345315935925,5.02,236.741,-16.343,85.257,34.785,0.13874928202182651,282.335,135.375,0.09227010724393951,104.778,0.07787663777878177,0.29201740823455297,0.04147737765466304,-0.03429040069192249,1,1
12628,2019.0,700.966,0.0503937175147644,2.676976542137272,11.935106452031674,1.4808851214625847,0.5635485537114074,296.598,0.8945190278807057,2.66,511.687,-24.952,190.243,61.624,0.12407808237106242,530.808,679.567,0.08111612331693653,567.953,-0.023590752734822893,0.19651978244678703,0.03148916883839269,-0.37874598225230377,0,0
6129,2019.0,11529.0,0.027196320964161115,2.4531308057591183,20.08453845360825,2.072214284896089,0.3126462685273468,7930.0,0.25087524735251265,2.47,4769.0,64.0,147.0,1261.0,0.10317460317460317,44603.0,11537.0,0.027420792832757085,11404.0,0.026679061120148735,0.011662574535250788,-0.000693421166681113,-0.008186191769328204,0,0
6160,2019.0,6895.1,0.01090563070239804,7.106459920004384,11.762537316885119,1.9017912468965235,0.8973751312434378,684.2,0.05042639689893164,6.68,10323.1,63.5,40091.2,1556.4,0.16168205852716,-12375.5,6667.0,0.011771958022123476,5715.5,0.008651386639055347,0.16647712361123262,0.034213289335533276,-0.07359245743973215,0,0
6136,2019.0,33841.0,0.054710506461583396,18.92653877039043,12.939502725301951,5.103414474166362,0.25319820568200696,22475.0,0.799272302339787,18.59,8016.0,-9646.0,1579.0,3229.0,0.39440576523757176,33892.0,30095.0,0.08575677900831274,25803.0,0.05770827963456196,0.1663372476068674,0.12447250373816249,-0.36202703629668637,1,1
55952,2019.0,4353.1,0.01702340718487921,1.6336206896551726,16.876622691292873,2.229950029052876,0.20013658536585363,4099.3,1.4702085544622623,1.48,464.2,-258.0,368.0,113.7,0.13213248111563045,2329.7,5125.0,0.03261711466192375,4363.4,0.03716967509025271,0.1745427877343357,-0.15061463414634138,-0.47808359625531716,0,0
6145,2019.0,746.372,0.018006658394716685,2.235768698060942,27.042153355325308,2.2895449193190966,0.30775352867620304,488.825,0.21776645237770698,2.34,304.994,9.161,12.633,64.569,0.08466577676841054,3114.151,706.143,0.01991234362384979,781.242,-0.018298568367225418,-0.09612770434769244,0.05697004714342552,-0.09570371349209704,1,1
6155,2019.0,1257.91,0.034195599778165095,3.9138383276369133,15.18713728675873,1.5399949958350108,0.3697522418035435,751.261,0.21118525767950255,3.94,538.319,3.282,15.311,196.96,0.10140126916332627,5542.022000000001,1192.009,0.03489491132412157,1305.652,0.03001392568821843,-0.08703927233290343,0.05528565640024535,-0.020040502165513948,1,1
6139,2019.0,102453.0,0.010141863656289963,4.887962990045957,9.427239955343186,1.2100850901670355,0.837434809335898,16396.0,0.053198430493864864,4.31,151827.0,-42660.0,253494.0,22393.0,0.12836048471230238,356219.0,100858.0,0.011811382875420055,96776.0,0.011365656687794639,0.04217987930891957,0.015814313192805726,-0.14134832785790274,0,0
6178,2019.0,22588.858,0.06929224004405422,7.725250416406242,6.706578713612991,1.6168855793428119,0.1989623604540405,20079.834,1.3987977961437426,7.44,10033.312,449.782,1398.886,2360.767,0.2410894807006235,15093.511,25067.279,0.13173490735906657,20252.393,0.08324389388772029,0.23774405325829884,-0.09887076295755907,-0.4740024384335271,0,0
6210,2019.0,20393.0,-0.00610079575596817,5.512483486569076,11.134727233115468,2.1564724894514766,0.5811826750448833,7465.0,0.40643954941396454,5.4,23578.0,1361.0,3211.0,4131.0,0.19367088607594937,35758.0,17824.0,0.09419893282254754,12508.0,0.031194974539570743,0.42500799488327473,0.1441315080789946,-1.0647650198698204,1,1
11466,2019.0,2048.124,-0.12713857924159228,-2.1547509108068885,-5.615498264469427,0.8460774107937995,0.1813931736460464,1563.115,0.6759233103881843,-2.16,1865.171,-76.057,364.438,-212.327,-0.15066827037364244,2357.924,1909.482,-0.07516005321065714,1921.507,0.055026703483853905,-0.006258108869756962,0.07260712591163458,0.6915711712610253,1,1
11007,2019.0,114.117,-0.05502319605323814,-0.23417323306468524,-17.807329836233368,4.086979591836735,0.4009362105666697,59.381,1.7103442325942544,-0.23,-111.543,-3.081,9.006,-7.816,-0.22951108500954337,39.507999999999996,99.123,-0.13486325597446294,103.729,-0.05606971344973444,-0.04440416855459895,0.15126660815350623,-0.5920075067470041,1,1
6224,2019.0,1242.986,-0.35840229151769354,-9.377961524541329,-0.11836260973082736,0.04951459168251121,0.1603201616372823,1143.696,0.5134820604245119,-9.42,127.609,-202.168,178.055,-336.847,-0.4183296718035714,2374.9710000000005,1362.062,-0.1269875318508376,1444.962,-0.06181923423745071,-0.05737175095262027,-0.08742333315223522,1.8223423693176497,0,0
94461,2019.0,11035.0,0.021559774000614644,2.6332496605881834,14.259946772997033,2.850720487913392,0.32803481040760146,7567.0,0.281082295384769,1.33,-4838.0,-214.0,429.0,1348.0,0.19991101883434673,38669.0,11261.0,0.033647005965604174,14012.0,-0.040797974300115954,-0.19633171567228092,-0.02006926560696208,-0.3592364793867771,0,0
6247,2019.0,2231.6,0.03933129541104651,2.130696044066099,18.393050528789658,1.9540693116276746,0.3573096066599129,1459.1,0.21121820516160245,2.13,2877.4,79.9,94.3,425.5,0.10623954458065966,10415.000000000002,2270.3,0.039586550806616674,2261.1,0.05944663727947602,0.004068816062978317,-0.017046205347311046,-0.006448033242833024,0,0
6266,2019.0,6110.0,-0.0012298918130564445,1.983666061705989,10.137795059469351,1.1737105430407457,0.22654439181699088,5372.5,0.7720119145530931,1.97,419.5,-39.6,178.8,327.9,0.11577572205352729,8182.099999999999,6946.1,0.03644386156000622,6268.4,0.05960968942212773,0.10811371322825614,-0.12036970386259921,-1.0337475712070572,0,0
35707,2019.0,84.76,0.023251130541201013,1.1029568744662681,21.959154125332688,1.5271480013192167,0.5616543087023531,36.121,0.10552149281865307,1.05,-8.84,2.065,16.733,20.665,0.06954493750546868,764.1790000000001,82.403,0.026462648800376992,77.149,0.03251744579079056,0.06810198447160695,0.028603327548754283,-0.12136042326685859,0,0
6248,2019.0,10164.367,0.0586177291057573,2.798567794077267,19.27771773625666,3.3744297058321533,0.17973356406110094,10329.776,0.6907318588625256,2.8,-188.239,-25.218,11.975,1151.703,0.17504300830619998,17101.594,12593.196,0.06317045760643662,12173.907,0.02302282146727724,0.03444161352637248,-0.1928683552610473,-0.07207053222637147,0,0
6331,2019.0,919.503,0.03819809596695981,2.07601159712593,23.9112344404639,2.7014275659486073,0.2226588116934203,712.392,0.44649910329609943,2.08,186.289,-15.355,0.861,82.345,0.11297733593281589,1955.3649999999998,916.447,0.04011903433686542,849.35,0.03614219185162936,0.0789980573379643,0.003334617277376695,-0.047880972253124696,0,0
6345,2019.0,9210.939,-0.017120384816820038,-7.015314476514592,-0.9023116527692603,0.7606222379966783,0.1416904536652578,8444.657,2.607117304946648,-7.28,155.058,-1.155,103.367,-437.012,-0.8429706472949487,2560.832,9838.708,-0.11580194753918344,9318.275,0.021560036406792896,0.05585078783358518,-0.06380604038660363,-0.8521580579547068,0,0
6343,2019.0,7160.0,0.040475714571257246,4.9771689497716896,8.83634862385321,1.1244011207097828,0.29389258891880404,4983.0,0.7222392795005629,4.94,1357.0,-168.0,85.0,545.0,0.12724725659584404,8835.0,7057.0,0.05577730017398424,6384.0,0.03348007414272475,0.10541979949874687,0.014595437154598271,-0.2743335649986155,0,0
6347,2019.0,1137.647,0.06628126061455299,3.908897930302494,19.591199710367924,2.7149715587795673,0.6167042076184055,429.844,1.5420224570782697,3.97,318.42,1.984,8.327,66.291,0.13858117924972038,637.315,1121.442,0.09115247217615853,1100.096,0.09299355231369501,0.019403761126301707,0.014450145437748833,-0.2728528471892697,0,0
16367,2019.0,21624.0,0.013085706625720518,11.599562363238512,10.078828522920203,1.2214318046728545,0.8364927724703646,3269.0,0.05229457384617397,10.79,38194.0,359.0,16501.0,5301.0,0.12118787435416761,97975.0,19993.0,0.013865529733335076,18035.0,0.014019035213043114,0.10856667590795675,0.08157855249337267,-0.056241854628873794,1,1
6360,2019.0,15154.0,0.07019426248023493,5.685552083642484,17.98066370618941,5.207790503239741,0.41491159646385856,9001.0,0.9605994380268499,5.43,15831.0,-534.0,967.0,1341.0,0.2896328293736501,12871.0,15384.0,0.08373399937558539,14759.0,0.09638408513725964,0.04234704248255302,-0.014950598023920956,-0.16169939327295868,0,0
6365,2019.0,25599.7,0.08419631114449017,6.333237160992498,9.022242266867114,2.3047776652818026,0.20841260315717342,18598.9,0.9220363858977176,6.25,8176.9,1071.2,4456.3,2195.1,0.25545508501204484,19198.000000000004,23495.7,0.08614180767902552,19456.4,0.07146696700540098,0.20760777944532385,0.08954830032729393,-0.022584812032091315,1,1
6379,2019.0,17129.0,-0.0896990469036105,-13.139510972654364,-1.807525413192921,0.9768438265749745,0.3425622053821827,11018.0,0.21766348464185986,-13.25,-259.0,1219.0,1668.0,-6837.0,-0.5404315864358549,73352.0,16759.0,-0.08879797389440873,17135.0,0.024407457507498675,-0.021943390720747007,0.022077689599618117,0.010147450101431917,0,0
94982,2019.0,10829.0,0.033472930785045305,3.8353362311429304,28.20873933333333,1.9905360416666666,0.3544108838880808,7545.0,0.19273392921930144,3.45,9340.0,-118.0,225.0,1050.0,0.07056451612903226,59089.0,11687.0,0.017315874534120517,11207.0,0.005093748761247869,0.04283037387347194,-0.07341490545050056,0.9330776923272165,0,0
27231,2019.0,187.232,-0.08212032993692382,-1.4915904031659657,-14.58175109858221,7.6555304052583475,0.22277709867525317,156.413,2.1255162070531575,-1.5,1.174,-3.115,3.485,-24.122,-0.5250076176380969,78.55199999999999,201.246,-0.25477128462943993,232.605,-0.029540061418202125,-0.13481653446830455,-0.06963616668157384,-0.6776703855916639,0,0
6450,2019.0,14320.324,0.08604373178340177,8.011245034512967,19.4539050208286,3.5217054280763413,0.2827359227743163,10258.592,0.9335711996935788,7.98,9862.889,-62.749,855.132,1060.801,0.18102820098616587,13034.649,14302.392,0.069242491899687,12029.312,0.06348728823626021,0.18896176273422785,0.0012537762914064095,0.24264348989714402,0,0
6476,2019.0,118.35,0.05552444864155642,0.14402106822483746,93.73628571428571,2.5459956541983546,0.7261580071821446,24.097,0.46865213778999165,0.15,-10.553,-21.924,4.068,1.75,0.027161260282477104,158.398,87.996,0.009320210476981743,46.153,-0.05255651007946577,0.9066149546075011,0.3449474976135279,4.957424328418972,1,1
36808,2019.0,4040.5,0.12842223443694667,2.8789312552184807,29.799252706883216,11.76726359992365,0.7359045725646123,996.3,0.43482019363762103,2.88,1409.6,-1365.3,763.2,1034.4,0.3948845199465547,7836.900000000001,3772.5,0.11922544951590595,3380.9,0.12509881158138725,0.11582714661776447,0.07104042412193505,0.07713776679712804,1,1
10917,2019.0,8083.0,0.012790531869385427,5.935582135017695,15.252084452830188,1.6264798309859154,0.11017312920303333,6219.0,0.11013930912758446,5.95,3636.0,-823.0,2938.0,530.0,0.10663983903420524,59663.0,6989.0,0.008352244074634392,6801.0,0.00783078901381516,0.027642993677400383,0.1565316926598941,0.5313886609504183,1,1
6531,2019.0,471.211,0.05794352170922266,14.905178701677608,3.626927330560313,1.8224427132813983,0.8230149498082805,78.052,0.4125612514663868,14.93,249.574,6.847,17.864,224.785,0.5024756625051693,983.3709999999999,441.009,0.21028500758685595,160.09,0.051877629658337,1.7547566993566117,0.06848386314111503,-0.7244524354153508,1,1
6533,2019.0,11167.0,-0.03354612592314432,-0.8067067383739323,-1.6362823529411767,0.3566256410256411,0.3452034279058158,7870.0,1.556663644605621,-0.81,-3701.0,-125.0,333.0,-255.0,-0.21794871794871795,6541.0,12019.0,-0.03302680999870483,12506.0,-0.013788184951860216,-0.0389413081720774,-0.07088776104501207,0.015724071578812938,0,0
84868,2019.0,7769.0,0.038222416812609454,2.536362159753333,11.169540552818829,1.7506005481684823,0.5085420680796403,3826.0,0.17939441423172642,2.59,629.0,132.0,624.0,1827.0,0.15672986188556232,41783.0,7785.0,0.04210065443819707,7447.0,0.027194483955736638,0.04538740432388881,-0.0020552344251766217,-0.09211822660098533,0,0
6544,2019.0,345.081,-0.004623890013341743,-1.5650613518689267,-3.795378368334709,0.9503282821978682,-0.1018259648184068,411.835,0.15540843386217867,-1.98,-1300.91,-1.508,32.445,-110.329,-0.25039092021142595,2372.669,373.775,-0.04587266965308089,381.857,-0.011335108435624472,-0.021164991083049544,-0.07676810915657806,-0.8992016368720064,0,0
135126,2019.0,2957.2,0.0859282522043725,2.0272636026236546,18.635958318940705,3.5260235934861943,0.3818758220633368,1832.8,0.7789570471561802,1.83,-59.4,-39.0,74.3,347.4,0.18920538097053538,3353.6,2965.1,0.0912649415473532,4936.5,0.07719749354274529,-0.39935176744657147,-0.002664328353175303,-0.05847469195180211,0,0
6581,2019.0,67161.0,0.09311622340764128,8.882185947480483,12.438379544546544,10.722297837167654,0.5827624070150477,26979.0,0.83274520914898,8.84,44828.0,112.0,10990.0,12515.0,0.8620333379253341,59445.0,64661.0,0.16117607665361633,63525.0,0.06086161094681971,0.017882723337268792,0.03866318182521149,-0.4222701945540128,0,0
6610,2019.0,51750.0,0.09715861937201846,1.9508483470351583,22.374881197883976,3.936818482993626,0.820344101254497,9638.0,0.3365093901719963,1.9,78279.0,-205.0,18833.0,11153.0,0.1759481289834038,135915.0,53647.0,0.06995897680370337,52546.0,0.12403010529869556,0.020953069691318084,-0.03536078438682499,0.3887941735430761,0,0
17810,2019.0,19796.0,-0.026242617361125205,3.7154666504451836,13.293081232227488,6.259533686346115,0.637387272634636,7117.0,0.3527625004493332,3.69,41415.0,119.0,1390.0,6963.0,0.47088658957192125,53849.0,19627.0,0.12514827995255043,19494.0,0.23660941623073006,0.00682261208576998,0.008610587456055434,-1.2096921937007445,0,0
6630,2019.0,32567.0,0.10195138554046006,5.496556855586468,11.343464943263545,2.222238020914869,0.43556580717796634,20555.0,0.5203915404401257,5.36,27947.0,-385.0,7625.0,6257.0,0.1959046933216444,58460.0,36417.0,0.08941126036010288,29106.0,-0.011654535045391348,0.25118532261389404,-0.10571985611115688,0.14025219116531804,0,0
6632,2019.0,9909.0,0.03061404152299905,9.898810392159461,11.022536615755628,1.4117199166066097,0.5837544528208102,4019.6,0.8139787755927745,9.75,3842.2,-41.9,452.0,746.4,0.12807577473489137,10487.5,9656.8,0.06291460505575831,8914.8,0.04524765053804151,0.08323237761923992,0.02611631182172156,-0.5134032631077119,0,0
6660,2019.0,1335.769,0.057523900016386076,0.5824164308917531,42.23781935948183,0.5632682147330234,0.057516749598401334,1130.585,1.4131304468701185,-3.77,391.219,-3.622,11.48,5.558,0.013335636717868984,776.3779999999999,1199.581,0.006547435332590395,1314.765,-0.012902279549078828,-0.08760805162899848,0.1135296407662343,7.78571487832131,1,1
6676,2019.0,160.757,-0.22040993258368807,-0.5601463767499255,-37.79369264661198,4.944407485440561,0.6140355859757743,54.36,0.8609397827508849,-0.57,92.792,0.828,40.771,-13.164,-0.13082626065870287,118.10200000000002,140.842,-0.08046897445458491,127.36,-0.05311468318840764,0.10585741206030161,0.14139958251089868,1.7390672501745759,1,1
107889,2019.0,846.299,0.06858825862533684,4.38907272027703,15.000890665544569,1.2629690424595983,0.14319600795512577,686.294,0.5954147460470731,3.78,181.154,16.571,50.364,57.036,0.08419293698076889,1286.248,800.993,0.04239746846169799,895.191,-0.030591949455791353,-0.10522670580915132,0.056562292054986654,0.6177441982721135,1,1
6684,2019.0,3205.125,0.035597687903565094,1.191767683495404,4.959020186439543,4.639377810310572,0.5203084278243688,1689.656,0.5897266371143144,1.07,4468.351,-139.794,926.653,223.665,0.9355432395691728,4760.658,3522.38,0.03744661515514315,3549.948,0.03913028179822016,-0.0077657475546119995,-0.09006836286828794,-0.04937501677836199,0,0
79086,2019.0,1696.99,-0.3664679816443039,-3.430360848221064,-13.441734569677118,2.524882643029457,0.5532819558862611,748.045,0.5373066562705056,-3.61,142.869,-188.152,215.841,-135.561,-0.18783904933856369,2771.18,1674.535,-0.043497345609787796,856.903,-0.0008069556044413203,0.9541710088539777,0.013409692840101834,7.425065403573524,0,0
6755,2019.0,827.098,0.024903593148995172,1.8185585318928519,17.398395182291665,1.6260640001095241,0.3484899633585374,634.948,0.41902021280803764,2.03,-411.822,-41.016,76.639,122.88,0.09346057398239552,2237.14,974.579,0.052832252439106185,678.595,0.09070916471772016,0.4361717961376077,-0.1513279067166438,-0.5286289719012311,0,0
6858,2019.0,1457.603,0.010671655267035257,1.0818038014412334,37.98285783915516,1.9385321923593122,0.3339340518288502,956.879,0.2092494833990746,1.07,535.269,-1.852,2.122,86.17,0.051037028350219324,6751.259,1436.613,0.012551068370186165,1445.003,0.012097615700509006,-0.0058062163192739895,0.014610754601273975,-0.14974128478299661,0,0
46077,2019.0,10076.0,0.03547035407500524,2.8531746031746033,18.242837273991654,1.8246643945190233,0.35117574257425743,6291.0,0.21391695715483386,2.85,10205.0,-116.0,185.0,1438.0,0.10002086666202963,43690.0,9696.0,0.03172572033711336,9084.0,0.03684801947747916,0.06737120211360634,0.039191419141914194,0.1180314803919941,0,0
53780,2019.0,10212.957,0.0948803879055922,3.6881491104615494,7.046895128583212,1.4948972161878638,0.2347832044326004,7796.282,1.0015093911555477,3.56,1613.584,827.532,1133.7,1022.023,0.21213558438302108,8687.247,10188.331,0.10046450517528008,8573.25,0.04616880409313892,0.18838608462368414,0.002417078911158285,-0.05558298684640205,0,0
10924,2019.0,20.362,0.05746467433499361,0.01746339000168322,644.2048192771084,3.8492937670079046,0.4956171863773531,3.51,0.09677778241339507,0.02,-102.458,5.989,20.283,0.415,0.005975263847493988,50.836,6.959,0.005771343540962632,1.228,-0.024517108958560213,4.666938110749186,1.9259951142405518,8.956897198569603,1,1
6887,2019.0,1133.503,0.011094208501794187,4.458914379967012,39.854992685756564,5.44830498423177,0.3742703338251568,542.833,1.222435938083462,4.46,324.41,13.375,104.147,59.473,0.13670319869808667,517.699,867.52,0.08380433021214236,820.082,0.028080972018733573,0.05784543496869824,0.3066015769088897,-0.8676177176798586,1,1
27233,2019.0,540.239,0.010412211365946599,0.37777229402510876,44.55064668898505,2.9026071297473566,0.6071058047179279,207.909,0.9930155096219706,0.38,110.39,3.304,34.522,24.494,0.06515297409734376,492.941,529.173,0.04596402668443127,531.019,0.0046921503427014765,-0.0034763351217188153,0.020911875700385378,-0.7734704263960108,0,0
36972,2019.0,85.035,-0.04081374479154312,0.37314482661602305,14.310797360980208,0.8155417338059942,0.3231439810458775,119.415,1.1808494973428107,0.36,-31.368,7.21,62.496,5.305,0.056987861209582116,75.536,176.426,0.03550727547755779,164.516,0.04765085610808724,0.07239417442680346,-0.5180132180064163,-2.1494473806456726,0,0
22361,2019.0,191.1,0.04219479479687646,0.21285770286162287,14.563720073664827,1.4537482995698372,0.24611683437150617,151.042,2.4580051527419946,0.22,-65.918,-2.369,0.482,2.715,0.09981984631787932,68.703,200.352,0.0333087964666912,186.737,0.0274294136109936,0.07291002854281696,-0.04617872544321998,0.26677632555926356,0,0
36579,2019.0,8023.0,0.026628895184135977,5.882197443045276,15.648913674061362,2.105115521630736,0.20646361115387857,5932.336,0.19981921220592114,5.89,5006.13,-169.366,6314.15,856.695,0.13452151155514652,4903.719999999999,7475.821,0.02289837062721962,6524.875,0.018238875184844072,0.14574164256020228,0.0731931650048871,0.1629165942698922,1,1
39804,2019.0,1222.409,-0.0827093726085198,0.8175572376761875,12.072549229769331,2.2280165695340686,0.3143727066452451,1179.968,1.434672968872439,0.82,928.965,25.212,116.262,175.402,0.18455228693870807,979.9169999999999,1721.005,0.14621951016189,1595.227,0.1416558579667092,0.07884645884253465,-0.289712115885776,-1.565652097431775,0,0
6923,2019.0,5506.994,0.05405567156115997,2.0348715599832055,26.301414326337984,4.986551745721049,0.43414374313399234,3148.736,1.0226406841678224,2.03,847.424,-21.254,231.768,266.558,0.1895925323197378,4652.891,5564.551,0.04898743052052292,5321.643,0.064070827884553,0.045645301648381965,-0.010343511992252509,0.10346003019108643,0,0
6986,2019.0,29176.0,0.09671353353005843,10.31194611839773,14.871101753179788,3.7709235529986054,0.29732426639071624,19013.0,0.8491714787848356,10.16,11469.0,509.0,3608.0,2909.0,0.2535739191073919,26292.0,27058.0,0.09129425056490083,25348.0,0.06558651976668826,0.06746094366419442,0.07827629536551113,0.05936061615736744,1,1
7027,2019.0,3238.0,0.053919245265985065,5.401869158878505,12.967733564013841,1.2976152347976626,0.30560127276717136,2531.5,0.7884424066784895,5.3,1526.5,109.0,248.6,231.2,0.10006492101276779,3950.4,3645.6,0.05000216272330118,3360.3,0.048539264390866414,0.08490313364878127,-0.1118060127276717,0.07833826237396953,0,0
35816,2019.0,1069.039,-0.020833668942954176,0.1922490554364878,86.0342328467992,1.4867840204015157,0.21354143891195884,953.198,1.4146883225268023,1.33,306.793,-60.645,129.955,8.701,0.01728130734947129,669.042,1212.013,0.010155999229633434,1691.888,-0.01595668955044449,-0.28363284094455427,-0.11796408124335295,-3.051365746677605,0,0
12977,2019.0,21335.7,0.042681133990306645,4.398924707293772,8.115619696969699,1.1832788659793816,0.15865743854143313,18015.5,2.007744887530356,4.36,3238.3,-21.7,49.4,396.0,0.14580265095729014,10309.5,21412.8,0.037130453535363005,21534.6,0.04231124957406416,-0.005656014042517589,-0.003600650078457677,0.14949131848489752,0,0
7180,2019.0,898.26,0.037165964619327495,4.7649361239467245,20.789365780196462,2.1480103120977363,0.41082891304768226,517.935,0.6871420040270638,4.77,697.569,-13.421,167.738,87.651,0.10332255128936586,1071.285,879.091,0.06851245638389675,821.043,0.07151059340487444,0.07070031654858515,0.021805478613704365,-0.4575298189416103,0,0
7187,2019.0,2015.477,0.1165729177654359,0.7077828834003447,51.004341651450595,16.59739573090905,0.508973327880147,894.437,1.6648615696209936,0.71,299.214,8.435,115.485,231.663,0.3254114295667418,951.4710000000001,1821.565,0.21173377057810633,1673.957,0.17329052118533797,0.08817908703748062,0.1064535166189513,-0.44943634901909335,1,1
43903,2019.0,16039.073,0.17767038884973174,4.310906957924408,21.36905317120401,10.26166349138742,0.306177358209251,10395.92,2.466958065532145,4.3,2298.762,124.807,1424.714,1587.457,0.48021142580222437,3471.8729999999996,14983.541,0.26136611164446794,14134.732,0.2381581359550972,0.06005129775364678,0.07044609815530262,-0.32022408057470786,1,1
13106,2019.0,423.056,0.036878707277987824,-1.7309363525091799,-53.6357098661764,2.8865558254886508,0.2909777318850998,325.471,0.17115557849021035,-1.73,-91.099,2.903,88.75,-113.134,-0.05381779849079545,2584.176,459.042,-0.042182447830288856,440.814,0.03285080112856884,0.04135077379575048,-0.07839369818012293,-1.8742666482125605,0,0
7252,2019.0,8925.801,-0.0016863168753135506,5.14530461631147,9.35804652796581,0.8787793948927387,0.34000700422096475,5550.023,0.6443307697659443,5.24,1799.377,-14.911,68.111,273.298,0.09390628613210818,12251.097,8409.215,0.020940636042186225,7329.599,0.06903091633411866,0.14729537045614638,0.061430942127178256,-1.0805284458369058,1,1
7383,2019.0,32917.0,-0.18001491689160393,1.5459549200123792,23.33832606173994,1.3798280272108843,0.22355630047234495,25479.0,0.46541478151105564,1.54,27036.0,-366.0,2777.0,2138.0,0.059122836126320445,63021.0,32815.0,0.030323230317557123,30440.0,-0.020906552571992164,0.07802233902759527,0.0031083346030778606,-6.93653496037246,0,0
72062,2019.0,1487.1,-0.021538158929976396,0.4448626914192831,74.38250192307693,0.912596956350767,0.5302013422818792,777.0,0.8804365184988023,0.44,952.9,-57.8,334.1,15.6,0.012268973653165552,1349.1,1653.9,0.008304498269896194,1628.4,-0.002739125671085789,0.01565954310980103,-0.10085253038273183,-3.593553304484658,0,0
7447,2019.0,4791.1,0.045618538819121625,1.2405720379816774,28.08381853961678,-15.556469764773379,0.341876729984998,3114.7,0.9371312027246446,0.94,915.1,-322.3,271.7,193.1,-0.5539300057372346,4013.5,4732.7,0.03823610946101145,4461.6,0.154328352555726,0.0607629549937241,0.012339679252857892,0.19307480447606426,0,0
7504,2019.0,547.512,0.03028316291868461,0.9665532358441399,50.2403780766303,4.640464990237022,0.6377942461367739,227.174,0.590090518129499,0.96,571.323,4.197,315.225,63.056,0.09236524819058974,704.4730000000001,627.196,0.05932555008509889,587.847,0.03354835619870029,0.06693748543413515,-0.12704800413267955,-0.48954265278206005,0,0
7513,2019.0,3230.785,0.027022328025074885,2.46434967570576,16.336967272499596,4.449728430973083,0.29470712255820525,2250.007,0.2513285217969907,2.45,487.722,-133.017,205.857,447.208,0.2723717539952117,12314.025,3190.174,0.035231973420819254,3095.031,0.04249390745993063,0.030740564472536796,0.01273002663804541,-0.23301690477812212,0,0
7644,2019.0,7801.0,0.0459329184933767,4.522515869247947,27.115438297045102,1.7499757179599773,0.39812452156162287,4717.5,0.46902395385158546,4.52,2185.8,-91.3,142.0,514.4,0.06453798381531899,15978.3,7838.0,0.03078156696367129,7357.1,0.08748333464042035,0.06536542931318041,-0.004720591987751978,0.4922215801290163,0,0
7652,2019.0,7694.0,0.011842359367671808,1.8303035891017485,8.075163097534833,1.0652707203958995,0.833902939166097,1215.0,0.05239483429193557,1.72,10738.0,7.0,3240.0,1866.0,0.13191940615058326,29064.0,7315.0,0.013365517537765107,6766.0,0.009411901407427849,0.08114099911321312,0.051811346548188655,-0.11396178006497093,1,1
7674,2019.0,5374.207,0.05691934262777616,3.140971060513478,16.91515107156525,3.0151537616694126,0.2368263185367742,4114.222,1.1761708663642025,3.12,1447.202,-134.523,120.389,313.56,0.17825166023719136,3907.065,5390.938,0.06841112564402695,5036.65,0.03847207847957346,0.070341993189918,-0.003103541535814318,-0.16798120054401042,0,0
7689,2019.0,1628.626,0.012083722157810894,0.20657029916029285,134.5788824095567,1.8761053872782005,0.18445195322352864,1338.59,0.275550538505588,0.21,317.163,-8.016,30.03,17.663,0.01394056298943507,5516.084000000001,1641.338,0.00296529365775008,1243.068,-0.0009029553288076903,0.32039277014612233,-0.007744900806537099,3.07505075466267,0,0
13296,2019.0,575.792,-0.09481952774224948,-0.6266189349868951,-1.9629154679561729,0.5828523912806407,0.27145367626000466,429.913,0.7957615804733329,-0.63,-388.425,-21.084,54.564,-49.011,-0.29693198754377254,652.852,590.097,-0.06609264378666307,446.455,-0.0979541486225157,0.3217390330492435,-0.02424177719934172,0.43464570805054176,0,0
7710,2019.0,473.869,0.05138634437538803,1.7376081397246856,38.58177138294375,4.41446576009946,0.5126140068129372,212.898,0.29093272893295935,1.73,304.534,6.927,7.141,63.871,0.11441843134374614,1434.76,436.816,0.0425400267611009,440.603,0.04896261401222813,-0.008595039071454426,0.08482518955349634,0.2079527985247133,1,1
7750,2019.0,22428.0,0.08882023556671172,4.460706872745896,10.419873200811356,2.606818983050847,0.33048030958342817,14706.0,0.8369851007887817,4.3,15987.0,359.0,3689.0,2465.0,0.25017761087993506,22100.0,21965.0,0.09392980985405631,21171.0,0.13890880127439267,0.03750413301213925,0.02107898930116094,-0.05439779230133237,0,0
37426,2019.0,181265.0,0.02520170609550292,2.6601190475373024,10.72884314197212,1.1288979333909142,0.5350311759023447,79419.0,0.32114412707007806,2.85,63002.0,-45532.0,5273.0,19370.0,0.10522084426554547,499573.0,170805.0,0.03641908457801243,160789.0,0.06631434123626145,0.06229281853858162,0.061239425075378356,-0.3080082493144779,1,1
569,2019.0,3038.0,0.13264850379633766,0.9829493973257186,3.469151117318436,0.7887104784081287,0.4080787156913516,2286.0,0.6662066586165258,0.93,-2178.0,-715.0,201.0,537.0,0.22734970364098223,4987.0,3862.0,0.0926341210971192,3203.0,0.13907725036564286,0.2057446144239775,-0.21336095287415846,0.43196159498579034,0,0
7845,2019.0,1137.913,0.06345469087243763,1.9169527036062943,25.26405576355138,2.3254021074441193,0.30849383407917763,755.16,1.295231351674471,2.53,370.519,-6.185,11.138,43.003,0.09204389545399089,737.637,1092.051,0.05100387602415755,1116.143,0.04821938958844136,-0.02158504779405515,0.04199620713684625,0.2441150716150055,1,1
7890,2019.0,13131.0,0.009128292821953503,6.840427743869539,9.22018364370912,1.1356993976303318,0.9224543282201495,1006.0,0.05303197534195057,6.48,19250.0,1490.0,81316.0,2599.0,0.12317535545023697,-17050.0,12973.0,0.010624381709221423,11744.0,0.009130753905840411,0.1046491825613079,0.01217914129345564,-0.140816560268104,0,0
7907,2019.0,1858.745,0.06529767938674165,5.010308362214521,14.769550025717884,2.1249250414026637,0.211960035248265,1571.239,1.3429667009280202,4.9,671.965,1.3,300.194,112.762,0.1438720230272811,978.518,1993.857,0.07595108933591799,1925.007,0.06226149173851234,0.03576610370767478,-0.0677641375484802,-0.14026671694013793,0,0
7931,2019.0,1889.708,0.049356943969211156,2.0035836249420296,20.662975822233445,1.4579512267547605,0.05944240205083848,1791.924,1.3876687085284756,2.02,489.477,41.988,261.288,47.523,0.07055862811328459,1002.3590000000002,1905.172,0.0346142920615035,1954.324,0.03461091439846474,-0.02515038448077189,-0.008116852441669278,0.42591227581695323,0,0
12114,2019.0,2944.806,0.133785710439469,9.826113673039263,20.599191779693065,6.918443010255417,0.575840514080598,1223.368,0.26392256047846546,8.56,-641.42,-72.034,384.019,1711.031,0.33585992519743924,,2884.217,0.1565692465504604,2762.954,0.13437356865232597,0.04388889572537216,0.021007087885550894,-0.14551731334830523,0,0
11092,2019.0,14884.0,0.0690489607849637,9.489850427350428,16.517647058823528,5.003171355498721,0.6828909638997133,4313.0,0.499504205075471,9.5,10134.0,1074.0,3699.0,3553.0,0.30289855072463767,22884.0,13601.0,0.13048587902603842,12444.0,0.04595215569671577,0.09297653487624558,0.09433129916917873,-0.470831929858211,1,1
137737,2019.0,5462.0,0.00629063359430155,1.5963659436543443,5.518784734177216,0.6194714322250641,0.7555516077456031,1376.0,0.05403355859315005,1.52,3331.0,616.0,5262.0,395.0,0.11224779766979255,98914.0,5629.0,0.0037916602672400553,5160.0,0.0025393291648911653,0.09089147286821705,-0.029667791792503107,0.659071000810021,0,0
8022,2019.0,1372.487,-0.07396024139642204,0.9772173148407212,4.922139555810053,0.32240202001259155,0.17217895270227535,1243.244,1.0345897262085841,0.29,285.542,1.104,48.214,24.449,0.06550038176630545,1296.1280000000002,1501.827,0.016842608513546284,1108.055,-0.003998705561701129,0.3553722513774135,-0.08612177035037985,-5.391258119960267,0,0
8053,2019.0,305.168,-0.011804181230729752,1.475552050473186,11.243249599144843,1.436837359978143,0.2063908047614131,222.878,1.2296123433655286,1.49,68.965,2.206,5.155,13.097,0.12779555833105655,198.16899999999998,280.841,0.057342883913169114,201.148,0.008387855436155972,0.39619086443812523,0.08662196759020227,-1.205852591031245,1,1
8059,2019.0,60113.922,0.09318837557987016,2.7480802547623893,24.850074841029215,14.182390116783019,0.20118217884404205,46912.433,3.2499176000713654,2.74,8939.359,-153.658,552.325,1430.766,0.5707182053780739,13381.596999999998,58727.324,0.07917731114368003,55371.139,0.06434224238743164,0.060612533182674774,0.023610781243838017,0.17695807339004968,0,0
12087,2019.0,1163.314,-0.0329034111266858,-2.0920355155049033,-7.002749184429734,0.9673935681470137,0.28501702983890825,891.533,1.27521192529103,-2.1,47.058,-8.264,18.288,-63.146,-0.13814482607744474,915.4590000000001,1246.929,-0.06457828171004713,1200.211,-0.0986527250943566,0.038924822385397295,-0.06705674501114338,-0.49048797435614233,0,0
89856,2019.0,4122.5,0.045717530969367835,1.76951720187136,12.302790827338129,1.4509946863233811,0.19082686699945628,3274.4,0.7355047439019957,1.78,288.2,240.4,382.0,222.4,0.1179402874264199,4621.0,4046.6,0.04042313424697372,3525.1,-0.01772283719674471,0.14793906555842387,0.018756486927297013,0.13097442395354295,0,0
8143,2019.0,2595.362,0.0731345743618677,4.363743045897079,59.23355185705322,4.68280263844805,0.5914086970870162,1000.388,0.38999466549091893,4.3,2086.514,23.603,357.161,200.802,0.07905659025393133,5814.121,2448.383,0.031985072931770685,2146.303,0.02467527257173511,0.14074434038437256,0.0600310490638108,1.2865220447636787,1,1
8147,2019.0,5176.0,0.011223448659679065,1.1842105263157894,27.478222222222225,0.8135,0.5427676649050694,2336.0,0.5222324440355719,1.2,2646.0,305.0,944.0,135.0,0.029605263157894735,8474.0,5109.0,0.013799448022079117,5044.0,0.01646046261430877,0.01288659793814433,0.013114112350753573,-0.1866740871285904,0,0
90870,2019.0,17450.0,-0.025253288976258885,0.6800534151046045,40.27624800000001,1.2834262108922363,0.15914307574598316,9891.0,0.8889812575574365,0.93,-1705.0,384.0,702.0,55.0,0.03186558516801854,9771.0,11763.0,0.004156590084643289,9274.0,0.04275092936802974,0.26838473150744013,0.4834651024398538,-7.075482176979229,1,1
8171,2019.0,2294.965,0.1677307684855548,2.573916660019827,12.19153692402701,3.618002356876259,0.6131986736493968,812.593,0.7761757714273891,2.41,-171.231,496.909,1116.848,451.779,0.29676343347210965,1489.0700000000002,2100.802,0.1669171648921195,2136.606,0.08287128824313525,-0.01675741807333691,0.09242327453991381,0.004874295546303691,1,1
8194,2019.0,14383.0,0.27844377844377843,5.903824789715919,16.00657258064516,9.930695463642428,0.6913963507349214,4871.0,0.9210480247417868,5.71,37433.0,782.0,4233.0,5580.0,0.6204136090727151,12426.0,15784.0,0.32561125051059114,14961.0,0.20870649586214715,0.05500969186551701,-0.08876077040040548,-0.14485823813780813,0,0
8209,2019.0,13630.0,0.05426821147955786,5.186294939754945,8.867602119476269,2.0870974171802774,0.200543945032923,11170.0,0.9795288839035333,4.88,3645.0,-155.0,1107.0,1222.0,0.23536209553158705,12058.0,13972.0,0.08567021873247337,14198.0,0.020013037809647978,-0.015917734892238345,-0.0244775264815345,-0.3665451975904965,0,0
8216,2019.0,25542.0,0.06330826810092324,7.306240394706084,30.62998038801906,3.2621939527296457,0.489202726003777,12442.0,0.43316972542324655,7.31,16198.0,756.0,2117.0,2938.0,0.10650329877474081,52500.0,24358.0,0.0522478304168445,20918.0,0.039263089166916655,0.16445166841954298,0.04860826011987848,0.211691807982,1,1
37274,2019.0,7864.758,0.023544964478064097,8.163032545782333,11.619456307203748,2.5793543874026508,0.14380466877474588,7131.173,2.9974498545164674,8.17,2022.988,51.991,275.249,430.151,0.22198580718475794,2216.442,8328.909,0.15480491531004997,7246.952,0.14631121793355645,0.14929821530486187,-0.055727706954176094,-0.8479055756665916,0,0
8246,2019.0,486.549,-0.0897375671719653,-4.6383525339390985,-4.124309193840844,0.6184358072311065,0.3232559283676079,275.11,0.2224168768079031,-6.45,-208.589,-55.591,397.762,-171.517,-0.1499489437296955,1398.038,406.52,-0.09384107905997519,330.122,-0.9656364177805266,0.23142353432973253,0.1968636229459805,-0.04372831098188117,1,1
8249,2019.0,1480.083,0.062120560339145335,3.2871537123937014,16.92345562979174,-7.263033589232041,0.5241349532385922,696.527,0.5814526354928718,3.28,-1682.832,-32.888,44.608,275.996,-0.4291696535337813,2439.8149999999996,1463.707,0.10963847381032586,1359.074,0.11145792119107281,0.07698844948840168,0.011188031484443249,-0.4334054626972128,0,0
8260,2019.0,3789.9,0.0745077059198749,3.9866234826342266,9.361305416116247,1.7945070144340338,0.331853217158177,2392.5,0.8055430576801944,3.93,1534.9,7.7,154.9,302.8,0.19169409977209423,4017.1,3580.8,0.06811841986862234,3003.8,0.05978133082529979,0.19209001930887543,0.058394772117962436,0.09379674489771433,1,1
8295,2019.0,3139.262,0.11756167114415629,2.575155538299827,21.87440687065849,8.892752348575904,0.3828580829212919,1616.839,1.667669435207488,2.56,563.315,-21.132,289.124,271.939,0.40653684468602935,1025.2849999999999,2619.882,0.17310106277339554,2506.273,0.17922033060938405,0.045329858319504666,0.1982455698386416,-0.3208495126453682,1,1
8355,2019.0,173.099,0.06296342548508452,0.9908473165996393,23.19227151854444,2.7789498574543017,0.2840557371751047,115.194,1.529012638981279,0.99,39.558,0.211,0.788,7.145,0.11982223712896192,89.87,160.898,0.06789888814976718,155.141,0.06116378509016546,0.037108179011351,0.07583065047421343,-0.07268841654367475,1,1
8392,2019.0,3005.1,0.015813547245270877,1.1914414414414414,17.281587901701325,1.240540980640492,0.32298433701327167,1698.7,0.3140614830020528,0.72,2209.3,-623.0,350.8,158.7,0.07178396960376333,7426.299999999999,2509.1,0.01986431682771742,3662.8,0.07361262469611869,-0.31497761275526925,0.19768044318680006,-0.2039219177572899,1,1
60166,2019.0,1086.427,0.06685803248199727,3.8526975832789025,48.23114090409732,5.368367719719877,0.5176631219247243,451.121,0.5222229604966714,3.84,771.879,-51.647,178.585,147.462,0.1113050120542312,1605.4679999999998,935.282,0.08233670935692139,840.662,0.1031365281153906,0.11255415375025872,0.16160366606007584,-0.18799241548293608,1,1
8440,2019.0,42405.0,0.06109315043659546,8.262295081967213,7.205019841269841,1.7017870811528548,0.15567262558673725,33817.0,1.3759318423855165,8.28,12314.0,-48.0,271.0,3024.0,0.2361946418808092,27144.0,40052.0,0.10388539626919509,38260.0,0.06320815221264163,0.04683742812336644,0.05874862678517927,-0.4119178187636054,1,1
8443,2019.0,43259.0,0.05719336260477847,7.887668340032973,10.6153043447628,2.261128859429715,0.2861777594847832,29483.0,0.922106626183247,7.73,5865.0,208.0,3950.0,2129.0,0.21300650325162582,38479.0,41303.0,0.04753080907304876,37736.0,0.05034730425743042,0.0945251218995124,0.04735733481829407,0.203290323059294,1,1
73033,2019.0,7320.4,0.019195900079420975,4.136426684470127,13.412542813413104,2.6184588797739985,0.2082549142618151,6057.8,0.6386164645393919,4.13,2500.3,-105.8,462.2,718.7,0.1952246427989352,10956.9,7651.2,0.05998714620771395,6120.7,0.03769577455060351,0.25005309850180535,-0.043235048097030555,-0.6799997784033189,0,0
8478,2019.0,708.804,0.004147590732769176,1.7273470277338854,18.351842155069082,1.4926076437794558,0.16003104967948725,570.265,1.1281224711576967,1.73,331.22,9.465,44.89,31.702,0.08133285101120886,507.947,678.912,0.05267801803568254,647.27,0.057523757530581636,0.048885318337015544,0.044029270361990856,-0.9212652471100996,1,1
8524,2019.0,21708.0,0.09597392700209167,8.228318601158254,16.79930089004358,4.907439118151104,0.47008584442887175,12099.0,0.38602126904154055,7.95,43869.0,53.0,1375.0,5966.0,0.2921216275767517,56900.0,22832.0,0.10086733054930935,21240.0,0.1853094834446251,0.07495291902071563,-0.049229152067274004,-0.048513265103466985,0,0
48237,2019.0,674.634,-0.26500728211546887,-0.837797839277786,-17.044684684684686,0.5549861418769829,0.31649473900159025,576.387,0.3125516807861076,-0.87,752.359,5.751,6.452,-45.288,-0.03256065759759461,2541.6559999999995,843.281,-0.01678543749881859,739.64,0.045651826956302106,0.14012357363041475,-0.19998909023208153,14.78792820467866,0,0
27508,2019.0,1305.47,0.019194265287129978,0.7371037866635698,53.750910952901435,3.817948132211242,0.2632024178404427,772.561,0.13596680277105208,0.74,-2064.063,187.061,208.891,203.106,0.07103038933715322,7426.494000000001,1048.539,0.026337287829653742,1029.019,0.015718829530523493,0.01896952340044254,0.24503714215684877,-0.271213292299645,1,1
41140,2019.0,242155.0,0.07958525266118041,12.485416666666667,19.95287835808443,4.626183844011142,0.23799652592078568,172401.0,1.4863060944284954,12.45,51686.0,-1115.0,14324.0,11986.0,0.23185546270504487,101301.0,226247.0,0.07874077821062797,201159.0,0.07592515353305815,0.12471726345825938,0.07031253453084461,0.010724740975933842,1,1
8593,2019.0,1289.662,0.0091712188628931,3.9805566300873427,15.3169532972232,1.3438204193908825,0.8304031459195402,192.265,0.04854838005836038,3.98,1392.639,-42.141,2319.954,195.513,0.08773418533792245,1749.9050000000002,1133.659,0.008372746505210308,1040.474,0.011349886684858883,0.0895601427810788,0.13761016319722236,0.09536564342249088,1,1
98678,2019.0,74094.0,0.07674093022451907,5.583916083916084,17.466236693800877,27.699682224428997,0.1334659968550396,62270.0,1.4367602367242482,5.53,3012.0,598.0,5035.0,4791.0,1.585898709036743,39793.0,71861.0,0.09578934740882918,65872.0,0.10814263374666873,0.0909187515180957,0.031073878738119426,-0.19885736461917225,0,0
39992,2019.0,3400.0,-0.016647458061211422,-3.834602829162132,-4.662803632236096,-0.6670883403702501,0.6267542816365366,1255.3,0.43577185208219954,-3.87,-3123.8,-614.1,206.9,-352.4,0.14306593049691457,7285.8,3363.2,-0.045660680504807066,3083.6,-0.03136447775490919,0.09067323907121544,0.010941960038059046,-0.6354093308035825,0,0
8667,2019.0,1322.934,0.04714935657882563,3.7267904509283825,14.986085409252668,2.7422741168932503,0.37450777500964444,867.442,0.7599236139270332,3.71,1350.688,2.557,31.901,157.36,0.18298802135480444,1661.227,1386.815,0.0862274924107094,1362.265,0.051961910064140485,0.0180214569118343,-0.04606310142304495,-0.4531981012013089,0,0
8672,2019.0,1909.979,0.0337966383472086,4.166506602641056,13.83173135102429,1.0770979749260894,0.19922070912954778,1783.458,1.0440510523236624,4.14,1010.487,63.428,297.556,104.121,0.07787152219713452,1690.016,2227.153,0.04881013545948216,2033.947,0.04872288152162285,0.09499067576490436,-0.14241230844939695,-0.3075897448540464,0,0
11013,2019.0,11378.259,0.0698351509438005,8.535358511220581,13.656134050698661,1.9757354532030547,0.15610597869828463,9090.661,0.9562200634149632,8.35,5388.348,32.388,105.22,779.705,0.14467750872011792,10714.608,10772.278,0.06921187557032635,10407.265,0.06990475967465751,0.03507290339969251,0.05625374688622033,0.00900532413459646,1,1
8737,2019.0,2766.976,0.05564463628464966,4.298842719154365,25.809271761825524,2.297808942007734,0.2754614920366872,1997.657,1.089662226304345,4.23,1724.411,-179.595,326.862,94.351,0.08903036719565337,1985.2969999999996,2757.144,0.03728884697862761,2745.967,0.04466903641079835,0.004070332964671345,0.0035660088845560246,0.49225950366721755,0,0
81912,2019.0,419.349,-0.09624025777178007,-8.476585111920874,-0.8741727832802736,0.8128953229398664,0.39446984035625604,328.247,0.6017677305909309,-8.63,-618.163,-67.501,261.271,-407.088,-0.9299023470961111,599.934,542.082,-0.4519102680236586,484.756,-0.03228819991825772,0.11825743260526951,-0.22641039547522332,-0.7870367978300912,0,0
8837,2019.0,1921.302,0.1721405786718695,2.3615293778046027,26.26687628068647,3.3069654137719833,0.32305832117465894,1422.048,0.1222699602823944,2.02,-4159.52,-1197.907,716.905,449.954,0.12589869379342725,16032.913000000002,2100.695,0.02618936004936675,2140.359,0.013071437102819218,-0.018531470655156337,-0.08539697576278338,5.572920390089172,0,0
8844,2019.0,4929.103,0.05800300559885051,3.9146719084409765,25.238385824100195,2.502081165072653,0.3301926204045797,2935.678,0.44577004168984746,3.91,2272.655,-102.242,44.404,515.805,0.09913792357843303,9571.252999999999,4382.869,0.052461165586704,3890.296,0.06325006778089301,0.12661581535183952,0.12462932385156855,0.10563699738976166,1,1
8846,2019.0,423.35,0.18472090979376335,4.708664259927798,37.68584681438319,15.80615027429593,0.5632848491376145,178.406,1.2884605073503668,4.65,323.63,11.784,49.085,65.215,0.41941873701676646,248.859,408.518,0.20568726956181657,380.506,0.14316355482707044,0.07361776161216907,0.03630684572038454,-0.1019331911630635,0,0
8865,2019.0,521426.0,0.06292310619674835,2.3175816539263376,41.34913643178411,3.8043304458177,0.2679269691575033,374623.0,2.333518776077886,2.28,69243.0,742.0,7722.0,6670.0,0.09200507614213198,164513.0,511729.0,0.030415650151622245,496785.0,0.04821975142038509,0.030081423553448675,0.018949483027149137,1.0687739990128828,0,0
139184,2019.0,136866.0,0.05890706825645729,5.276573755977369,12.9932799522293,2.510025703848964,0.24787702319499458,98932.0,1.930846691327579,5.07,30549.0,-2516.0,976.0,5024.0,0.19317875956473257,53582.0,131537.0,0.07374787152838941,118214.0,0.06177945431683558,0.11270238719610198,0.04051331564502764,-0.2012370386339776,1,1
8910,2019.0,2932.099,0.05527599980847163,51.16129032258065,12.52079445145019,1.164198963103859,0.3740900293252956,1687.432,0.565898992053175,50.55,6439.954,-143.451,778.696,271.206,0.0929812375419212,3648.522,2695.966,0.056927721654788446,2591.846,0.06116946678728662,0.0401721398570748,0.0875875289228426,-0.02901436766313804,1,1
8911,2019.0,309.18,0.14523035176735932,0.32073582780628207,71.71010534529847,1.7207036241945013,0.28954851732019354,239.344,0.1393775360927788,0.32,-459.246,-4.983,7.64,25.63,0.023995273970230133,2349.897,336.89,0.010603598355718249,325.585,0.008335925771776696,0.03472211557657757,-0.08225236724153279,12.696327123616514,0,0
8915,2019.0,1345.622,0.03238478009540883,2.0769242479600534,20.453321801083348,1.573649203144562,0.3210746993506303,948.386,0.24156932827169067,2.08,636.729,-1.516,14.656,136.429,0.07693856374279559,5659.548,1396.893,0.023593118361090282,1445.929,0.021019335119095543,-0.033913145112934355,-0.036703598629243585,0.3726366985390848,0,0
8922,2019.0,4770.362,0.096218508928037,6.484757887993165,21.456467982810008,3.867245277475444,0.2463904766869168,3426.401,2.103925761429835,6.5,582.001,2.398,82.894,242.932,0.18023680694202393,1877.9099999999999,4546.653,0.11241475720176415,4341.955,0.10172619067975262,0.04714420117205276,0.04920300713513871,-0.14407581955327994,1,1
55090,2019.0,518.397,0.08010164720891716,2.5527416954329754,9.718962182655119,2.0229554560437535,0.40650133089098145,331.78,0.1460751755766521,2.57,-196.98,54.803,76.137,327.601,0.20814521324653443,3637.6489999999994,559.024,0.08560343311572813,608.152,0.07989107473861821,-0.08078243596995495,-0.07267487621282799,-0.06427062217671865,0,0
9004,2019.0,16569.0,-0.028593098217671597,2.2804054054054053,33.94571851851852,1.9871095308299367,0.46452269094783744,11056.0,0.7062425175303575,2.27,8718.0,-1349.0,5028.0,675.0,0.0585378544792299,21683.0,20647.0,0.023088763468445357,19093.0,0.013295378432685868,0.08139108573822867,-0.1975105342180462,-2.2383988539164874,0,0
9057,2019.0,6554.0,-0.004632451542118737,1.0021557065934612,21.81297762032085,1.803681987618837,0.31701444622792935,5106.0,0.4334164299379674,0.99,-59.0,-490.0,587.0,748.0,0.08268848109661729,16440.0,7476.0,0.04336483274392718,7196.0,0.03222769810067003,0.038910505836575876,-0.12332798287854467,-1.1068250757353022,0,0
9088,2019.0,1831.483,-0.023443303666947114,2.9713221141111448,15.541902973321525,2.2136825335824275,0.7303970014482778,485.304,0.6128933517920655,2.94,1422.336,-76.709,93.548,168.263,0.14243317162527183,2752.474,1800.069,0.057290733884416835,1796.103,0.0676842107858174,0.0022081138999266157,0.01745155324601445,-1.4091988717450123,0,0
9094,2019.0,8201.0,0.0184622067767159,-0.128099173553719,-172.13225806451615,1.8243076923076924,0.49907897766520837,4351.0,0.19173546421791532,-0.16,-10272.0,-731.0,168.0,-155.0,-0.0105982905982906,44472.0,8686.0,-0.0034214824952540726,8031.0,0.046901967552640665,0.08155895903374424,-0.05583697904674188,-6.395967041282476,0,0
36090,2019.0,5898.008,0.08782888781122643,4.233870046819687,12.855850415363038,3.711810698840717,0.40373507055248853,3381.772,2.0163197816871463,4.1,573.26,-51.182,338.954,333.684,0.28872541130418083,1947.1879999999999,5671.593,0.11862869039306838,5292.359,0.09316883897292974,0.07165689251239371,0.03992088289833209,-0.25963198683041033,0,0
9118,2019.0,1985.674,0.10124511990697599,3.2460279706973645,11.38314282364665,2.18010150717099,0.1535504497406572,1707.144,1.9174932615836584,3.24,769.708,-33.603,2.342,102.357,0.19152017513495306,968.4240000000001,2016.829,0.09731556704902523,1547.119,0.07903496019997518,0.3036030195479469,-0.015447516869303235,0.04037948888455987,0,0
37109,2019.0,7523.1,0.03247901395636276,3.361086196568871,20.606433738802455,2.2324390871293,0.3013477439937496,5365.3,0.229404525059894,3.36,5535.6,87.5,84.5,1060.5,0.10833699394211811,32514.9,7679.5,0.031679601383686126,7648.5,0.03814121333945332,0.0040530823037196835,-0.020365909238882693,0.025234300236123042,0,0
9152,2019.0,2273.7,0.051814516129032255,2.1820442079321287,14.614735982008996,2.9659317139959436,0.42550911039657013,1286.4,1.0256974027758692,2.07,1081.4,-337.9,143.1,200.1,0.20294117647058824,1837.7,2239.2,0.0916586505428061,2350.0,0.00012505210504376823,-0.047148936170212846,0.015407288317256164,-0.43470129854427625,0,0
9164,2019.0,2900.197,0.06561362164686899,2.930354967102591,27.593926642938722,3.2360212963492714,0.31056252856454325,1603.544,0.6135817375863606,2.93,1891.701,-3.958,83.594,180.378,0.1172729542345641,3480.77,2325.873,0.04758499138274211,2098.685,0.07272363914520609,0.10825254861973098,0.2469283576532339,0.3788721977296693,1,1
59526,2019.0,8005.0,0.07451813628775232,4.820801625349754,11.593507541589648,2.502828244213887,0.3184280136037284,5411.0,2.0782722513089005,4.68,1734.0,-50.0,950.0,541.0,0.21588188347964885,2483.0,7939.0,0.14162303664921466,7782.0,0.0716990658924514,0.020174762271909535,0.008313389595666961,-0.4738275774136528,0,0
9179,2019.0,3047.519,0.03379605106550891,2.766550082930699,12.34027903945782,2.2781192571152222,0.153091748068123,3183.999,1.4973562169128836,2.68,548.069,-29.604,92.363,153.455,0.1846084071381998,2024.916,3759.556,0.061118067736287626,3581.62,0.07429817906641539,0.049680312260932245,-0.189393907152866,-0.447036656797918,0,0
12060,2019.0,413.854,-0.2800413947739098,-4.360654127584344,-0.4746994233974503,0.925997583479789,0.2213228035538006,406.232,1.1771787153578506,-4.38,-219.629,-26.754,50.311,-88.796,-1.9507029876977153,379.276,521.695,-0.20036373975007563,436.165,-0.22790439237905885,0.19609551431224428,-0.20671273445212252,0.3976650422038458,0,0
9211,2019.0,4871.2,-0.05678095654072942,0.6104563312178906,5.160074257425743,-0.341189852700491,0.052985074626865705,4822.2,3.1488467008842993,0.61,-2540.7,81.9,227.6,20.2,-0.06612111292962357,1211.5,5092.0,0.012491497124482097,4891.0,-0.006811731315042574,0.0410958904109589,-0.04336213668499611,-5.545568555545225,0,0
9229,2019.0,41716.977,0.13552257583070088,2.513835635233157,19.782518515928174,11.989549311235617,0.3068964989908125,27012.277,2.7204282498660306,2.47,3831.423,271.752,3030.229,3059.798,0.6060678928005077,8651.657000000001,38972.934,0.2135831220221598,35864.664,0.18551324635803845,0.08666664212998076,0.07040894072794206,-0.3654808743893159,1,1
9245,2019.0,3245.0,0.011796680737870815,4.713309233607387,8.6436085520362,1.0896962293211638,0.9301022090339598,212.0,0.04411893055595962,4.36,3206.0,66.0,2694.0,884.0,0.12606959498003423,11951.0,3033.0,0.012858929974107584,2736.0,0.008930726526671495,0.10855263157894737,0.06989779096604022,-0.08260790270852142,1,1
20219,2019.0,8382.0,0.10409068860823167,6.520567630680798,10.925429201101927,2.051207495524169,0.18629550321199143,6270.0,1.455460692833667,6.38,1901.1,7.6,455.8,471.9,0.18774617067833696,4061.5,7705.5,0.08913528011786483,6829.6,0.056012081037086436,0.12825055640154615,0.08779443254817987,0.16778326685674969,1,1
135183,2019.0,321.607,0.10262755917632711,1.4687684224016404,50.886170249895294,8.145448882507564,0.865964595233229,37.381,0.4761798251604973,1.47,27.378,-45.565,289.166,57.304,0.1600719575182478,290.926,278.889,0.09784182488731048,230.828,0.07523371005999721,0.20821130885334538,0.1531720505290636,0.048912970445191606,1,1
36685,2019.0,3514.961,0.01821990656322728,5.564362588627439,7.44379959793689,0.9718404171801832,0.20358642457346815,2532.322,0.12967818640419798,5.36,1293.98,1282.289,2775.129,393.968,0.13055703668453633,4180.039000000002,3179.657,0.016067473863152243,2996.462,0.008551786472781717,0.061137101021137646,0.10545288375444258,0.13396210993759503,1,1
46956,2019.0,2371.482,0.07865853822221147,5.97526245927356,11.179425247894663,2.3514379367225717,0.22673415173315195,1914.457,1.990369750452812,5.9,560.891,-11.121,14.928,148.551,0.21033621000913266,1150.6109999999999,2475.807,0.1194242591605548,2147.77,0.14049043302483036,0.152733765719793,-0.04213777568283789,-0.34135209399572336,0,0
45307,2019.0,1552.691,0.12444223323655992,4.880849023596947,26.708468008283337,7.941102943730327,0.532817520205284,717.874,0.7494516664122328,4.88,1856.917,-83.325,31.44,376.66,0.2973252880422599,1984.3529999999998,1536.603,0.18370943221562863,1431.117,0.1287585551181412,0.07370885818559915,0.01046984809999718,-0.3226138052046448,0,0
613,2019.0,1553.434,0.01009032226350763,2.0284723911457068,9.756110108465592,0.9234133861797891,0.8181386429799199,274.557,0.04486778787321952,1.92,2056.443,160.678,876.698,333.562,0.09464975035270697,7873.767999999996,1509.705,0.009913320190743787,1219.285,0.007520897962359688,0.238188774568702,0.02896526142524536,0.017854973849136035,0,0
134803,2019.0,378.771,0.1259926231922498,1.6273918484898748,10.968470818238254,1.6875183891660728,0.5822634305972184,114.888,0.2518444786514817,1.66,18.656,6.098,101.398,107.927,0.15385174625801853,959.5039999999998,275.025,0.098830357412666,182.743,0.024641056358174797,0.5049824069868613,0.37722388873738766,0.2748372715699873,1,1
17509,2019.0,1535.52,0.008275265372761315,0.7887855994158663,11.257812017075448,0.9370676106411087,0.7413237454573571,334.546,0.040589286261268835,0.75,230.211,12.519,428.629,261.428,0.08323709875593924,6981.4850000000015,1293.3,0.008204728932738723,945.86,0.006745476872097206,0.36732708857547625,0.18728833217350965,0.008597046971428416,1,1
45213,2019.0,162.354,0.028271985800617,1.34149855907781,17.353727175080557,1.9099111027047477,0.13325832864554046,138.67,1.8880772271852913,1.35,29.364,3.606,5.012,4.655,0.11005768867032344,74.70599999999999,159.99,0.05493468024593744,153.877,0.05044525210136511,0.039726534829766624,0.014775923495218477,-0.4853526829673722,0,0
17173,2019.0,861.618,0.011189555055834332,1.4840893066980023,13.348253309685184,1.0254456452025742,0.8435889113224881,113.724,0.04689155545827201,1.52,1140.255,-57.312,289.258,157.87,0.07682245919460749,3132.2790000000005,727.084,0.010181450644213602,672.865,0.006989176426996221,0.08057931382966856,0.1850322658729942,0.09901382885882408,1,1
134957,2019.0,903.582,0.028785071870968536,0.5659053323202073,29.845981360082146,2.575412469500975,0.2665839852445462,622.701,2.7648616172174947,0.57,91.507,2.877,9.398,12.661,0.08629009173561604,236.58100000000005,849.042,0.04122989550056499,769.03,0.022970689120673623,0.1040427551590966,0.06423710487820386,-0.30183980527978577,1,1
37946,2019.0,5323.18,0.07602465884943974,3.918235852355027,8.049540963962931,1.8222943231352835,0.4050882905172767,3116.21,2.5888317723059857,3.84,2575.267,-5.142,46.034,156.894,0.22638487477652836,1580.4099999999999,5238.105,0.07754181561541347,5270.98,0.11492947377470596,-0.006236980599433123,0.01624156064072804,-0.01956565955971967,0,0
76006,2019.0,53823.0,0.01009795304820371,5.14640002023733,7.7044147062185635,0.939662323982935,0.4365548980933596,28281.0,0.058806299946926356,4.81,61883.0,6801.0,185718.0,8748.0,0.121964141315562,270932.0,50193.0,0.01024918837159986,43642.0,0.007174783646987965,0.15010769442280372,0.07232084155161078,-0.014755834112212969,1,1
46064,2019.0,5617.9,0.22842536225670929,7.718350562231958,11.961104805442176,3.588741583527913,0.4680601570933999,2857.9,0.6987111960776664,7.41,5422.1,-510.5,1495.3,1837.5,0.3000342896331009,5965.5,5372.6,0.23896843665873355,4793.0,0.19878694573108419,0.12092635092843738,0.045657595949819316,-0.04411910857114838,1,1
40896,2019.0,673.599,0.04024012803457009,1.8107724886070935,26.789671427643295,2.2246210094413286,0.6353585674915249,227.708,0.08791109319177559,1.65,-429.921,112.903,114.267,292.447,0.083040249875772,6989.171,624.471,0.0411697828572587,585.255,0.040388937851705366,0.06700668939180358,0.0786713874623482,-0.022580998930984114,1,1
46247,2019.0,125843.0,0.13693658482111698,2.158525465676697,45.683964154245366,9.151925457578761,0.742180137731062,28453.0,0.4263505995796761,2.15,11495.0,4283.0,133768.0,16571.0,0.20033124591987234,116463.0,110360.0,0.06401826554580294,89950.0,0.0879520171225206,0.22690383546414675,0.1402953968829286,1.1390236622881234,1,1
46032,2019.0,39068.0,0.08779604636254959,3.2994938969931527,15.335685283767933,7.801946293321093,0.8287601883258239,6765.0,0.3634105731816133,3.05,-5124.0,-1106.0,37827.0,11083.0,0.5087445490016066,70302.0,39506.0,0.10195108040732598,39831.0,0.027866010024478378,-0.008159473776706585,-0.011086923505290336,-0.1388414324617519,0,0
84923,2019.0,8648.5,-0.21421535883704867,-0.22485680031970162,-62.70657582938388,1.1960710532560426,0.6636305596935519,3161.2,0.4152857685747364,-0.23,-467.4,-208.5,362.2,-168.8,-0.019074092907104195,20339.4,9398.0,-0.007459059133370452,7650.3,-0.018724332762703896,0.2284485575729056,-0.07975101085337306,27.71881761584229,0,0
46851,2019.0,36998.421,0.028224510949113053,9.219815917704386,10.37222444066005,1.2028959489880386,0.062398322186849896,34915.302,2.867500934813182,8.94,3130.3,-156.505,799.123,340.58,0.11597280369990633,4690.963,37238.95,0.02622559090357471,36775.011,0.009218711421082533,0.012615604656107336,-0.0064590704088057,0.07622020998069777,0,0
46866,2019.0,2205.314,0.011368589420924075,0.9810209931055852,12.966083385975995,2.173084820681617,0.49025339796444223,1266.129,0.6725414036280043,0.99,-1155.286,134.124,285.72,354.592,0.16759762805721323,3196.7799999999997,2483.84,0.09601174044836273,2327.771,-0.022876408306356993,0.06704654366774049,-0.11213524220561723,-0.8815916744365409,0,0
47388,2019.0,324.246,-0.5910579391249288,-1.9002224983384863,-7.993800732957224,0.704047156986828,0.886671364255847,53.718,0.40324843316525716,-4.92,-546.427,60.981,394.171,-65.761,-0.0880741440156431,766.8009999999999,474.002,-0.05594495426892813,609.946,-0.10750276813098818,-0.22287874664314547,-0.31593959519158155,9.564991013911738,0,0
47330,2019.0,18.37,-0.020705361246918224,-1.5352663675066158,-8.239612530915087,5.852603140803833,-2.8148707303264766,20.215,0.08307595829740536,-1.59,-1192.402,2.309,45.78,-13.343,-0.7103007718924674,16.760999999999996,5.299,-0.20918711295759193,52.69,0.3248247468565706,-0.8994306319984817,2.4666918286469146,-0.9010199005370098,1,1
47606,2019.0,1149.613,0.02786515394167131,-2.6850708479545147,-11.243651177025264,1.1626594649149817,0.24494792744327193,941.485,1.45759985598341,-2.64,461.362,-36.459,27.767,-60.449,-0.1034058640391392,757.0759999999999,1246.914,-0.07066281531391992,1184.739,0.042486389629251595,0.052479913297359126,-0.0780334489788389,-1.3943397077781323,0,0
47472,2019.0,2463.701,0.07787061119548627,2.3870418216404987,12.375149749030614,1.6452672419041503,0.17891472199596903,2018.157,1.1797020788057044,2.35,1397.673,18.799,33.93,168.148,0.13294927942452006,1951.793,2457.914,0.08070442869320145,2116.737,0.11221792586356902,0.16118062848620313,0.0023544355091349033,-0.03511353148273879,0,0
135295,2019.0,8751.0,0.03546871135295573,2.2894130388243146,13.234833333333334,3.586900268336315,0.5367825383993533,2865.0,0.27152201589183017,2.29,,67.0,76.0,1818.0,0.2710196779964222,22541.0,6185.0,0.07981035163966811,3789.0,0.04256410256410256,0.6323568223805753,0.414874696847211,-0.5555875820082626,1,1
47741,2019.0,1650.333,0.04613059108728955,4.9669416582586505,18.1057089427397,2.4425296081424612,0.2623643196243403,1213.646,1.0754203947759735,4.84,267.929,-20.754,59.156,83.688,0.1349038370089288,1409.498,1645.319,0.05470050610125555,1250.274,0.03837553826097262,0.31596674009057224,0.0030474333548692525,-0.15666975727980134,0,0
35618,2019.0,5361.789,0.04023827907614237,3.3286838116473967,10.25029769442526,3.0708498158628004,0.4622201814802667,3074.42,0.536007415947099,3.21,1377.899,513.538,1263.048,531.451,0.2995864029912923,9117.755,5716.875,0.04982821510221961,5647.224,0.05231887702713977,0.012333670490138135,-0.06211190554280096,-0.19245995479476952,0,0
47582,2019.0,2971.963,0.051087938959872944,5.455981941309256,8.150686801820438,1.1633897390444645,0.3357550519465161,2139.984,0.5103074314627799,5.4,1776.553,146.592,689.329,280.372,0.1427351789280658,5291.901000000001,3221.679,0.04441035720010669,3204.268,0.07857916387198235,0.0054336903155416645,-0.07751113627397388,0.1503609108496477,0,0
47405,2019.0,7439.322,0.05448831553495161,5.118607308279112,6.576007490466497,1.033538005448932,0.206783389306249,5918.228,0.7282916153794344,4.92,5162.245,469.366,1215.666,748.151,0.15716800915255855,8666.826000000001,7461.049,0.07302888646592982,6261.681,0.056694784931010114,0.1915408977237902,-0.002912057004316667,-0.25387996213837855,0,0
6749,2019.0,2123.0,0.025494400762449368,2.374871174441009,19.306310377358493,1.6332553072625697,0.3606228026117529,1273.0,0.24549938347718867,2.38,1294.0,80.0,119.0,212.0,0.08459696727853153,7823.0,1991.0,0.026140567200986436,2009.0,0.023858127073232968,-0.008959681433549029,0.06629834254143646,-0.024718914228941607,1,1
135052,2019.0,636.37,-0.3721944278698307,1.3640148698884758,2.6246048184890443,0.4473630747466389,0.31425418822077733,577.974,0.5878209393250842,1.46,,106.532,114.256,137.595,0.1704496888808506,1248.543,842.84,0.0959627238223565,602.623,0.07348505083961038,0.3986190371094365,-0.2449693892079161,-4.878531298870033,0,0
47870,2019.0,201.014,0.0749113611365438,0.5624764150943397,26.489999580695205,3.6014548107947872,0.6479578219889404,75.186,0.8496043790800272,0.56,46.225,2.691,59.763,23.849,0.13595526114765874,185.354,213.571,0.09487343710840689,200.771,0.08630498404576882,0.0637542274531681,-0.05879543570990438,-0.21040742888922082,0,0
47815,2019.0,4245.321,0.032622068118021715,1.365142360259526,93.64591102110145,13.47917640407308,0.6305327643081772,1468.8,0.6410498536315721,1.35,1715.565,-408.395,158.663,122.456,0.14393769313681817,6005.303,3975.454,0.019746273224720445,3311.494,0.00045021586058713694,0.20050164668877551,0.06788331596844026,0.6520620244017492,1,1
35277,2019.0,7428.442,0.2305988610995547,222.80519843487983,10.93776095494589,4.821261433116476,0.21109408355230547,5671.959,2.270942562587395,219.58,7031.333,42.691,732.248,797.197,0.4407905286078111,2145.112,7189.652,0.2518047602397145,6322.274,0.17981627007716575,0.13719399064324003,0.03321301225706056,-0.08421564040319211,0,0
47985,2019.0,85.034,0.055759085580304804,0.3132556605847439,42.936175438596486,2.665003992740472,0.42555794516490447,44.606,1.0461005806356005,0.32,13.255,-9.988,17.478,4.275,0.062068965517241385,54.388,77.651,0.05759204623529888,73.948,0.055371686764324975,0.0500757288905718,0.09507926491609908,-0.03182662841159185,1,1
48067,2019.0,11171.297,0.14215398990482794,5.3126318789820015,47.225180610118834,13.068605025531626,0.8951938913010931,946.4,0.4811210504818612,5.28,11667.467,-663.297,3228.962,2590.774,0.27672959333757313,15353.462,9030.008,0.13803707687092784,7301.505,0.11653864496136232,0.2367324270818139,0.23713035470178995,0.029824690055916224,1,1
48820,2019.0,4605.0,0.058989918923808116,2.954733841457251,20.881745466985972,4.780868019111773,0.25752226872092204,3175.8,0.8265314009661836,2.97,-885.2,16.7,128.2,292.3,0.22894963577974464,4956.8,4277.3,0.05648309178743961,3919.0,0.052373459754378085,0.09142638428170456,0.07661375166577042,0.04438190362882998,1,1
48149,2019.0,107.809,0.03300638800865148,0.182056401297729,61.079972583961606,1.0707415773537752,0.3521931906555837,64.14,1.0452688365022222,0.18,12.048,-2.957,12.831,1.459,0.01753015811986351,75.678,99.011,0.015402806076665648,95.987,0.004654557764119707,0.03150426620271496,0.08885881366716832,1.1428814882409142,1,1
48193,2019.0,514.177,0.015863167131517704,4.027866375692462,9.784336500791865,1.6835455047437375,0.1681784342001384,443.578,1.1441748593546837,3.94,199.107,0.058,27.831,23.994,0.1720653725071174,421.90199999999993,533.261,0.05148197894718774,437.838,0.0991853334523248,0.2179413390340718,-0.03578735365984002,-0.691869515198886,0,0
45065,2019.0,4015.8,0.012173328694742037,-1.9420229097051824,-7.662113523809524,0.7160004034530837,0.04196128433986322,4132.5,0.1371987099154575,-1.9,374.3,-100.7,1299.5,-315.0,-0.09344685395591681,,4313.5,-0.010019147704501937,4297.2,0.0053034856222988,0.003793167644047329,-0.06901588037556504,-2.215006411101431,0,0
47969,2019.0,10187.0,0.011516785101690762,3.024203821656051,24.30061078348778,12.57951373746184,0.5483427786364417,2630.0,0.5170484816196057,2.93,11568.0,90.0,415.0,1187.0,0.5176624509376363,10720.0,5823.0,0.10539868584620848,5696.0,0.12110020410146759,0.02229634831460674,0.7494418684526876,-0.8907312267773871,1,1
47489,2019.0,4552.747,0.05358906681351862,1.9599079666379065,10.770913920112697,0.8790355688622754,0.17717432277355508,3741.39,0.8962133377063217,1.93,1887.603,-145.742,575.119,170.365,0.0816119760479042,4238.912,4547.002,0.033578913156039406,4368.529,0.03582157347543347,0.040854255517131725,0.001263469864319367,0.5959142740711441,0,0
48912,2019.0,11999.6,0.016419104238853722,2.4394904755468345,12.043498547955675,0.7311196200329397,0.07790192427063938,10695.6,0.18746000038787505,2.38,9048.9,16.6,2141.5,523.4,0.060706580992368184,58014.299999999996,11599.2,0.008458907873216582,11286.8,0.015531195958327281,0.027678349930892854,0.034519622042899475,0.9410430382912064,0,0
15834,2019.0,1190.022,-0.000820915808477526,-1.2491564004895737,-3.0980908383315784,2.595826217056048,0.11525539873038243,1115.532,1.4060427906478816,-1.34,-215.818,0.052,3.28,-109.205,-0.837879311006253,778.1610000000001,1260.852,-0.12178027472907359,1279.593,-0.13777613516152448,-0.014646063240420965,-0.05617629983534955,-0.993259041250286,0,0
49493,2019.0,5692.598,0.07679231725829203,1.9427797032450633,26.992252344621694,3.450764848310472,0.8895497384150233,592.712,0.7999129778393104,1.91,5472.973,3.203,775.411,630.059,0.1278427900070388,5639.691000000001,5366.325,0.09391760113382212,5142.272,0.1340139622287443,0.04357081850201621,0.060800081992797704,-0.18234371053758577,1,1
41453,2019.0,31.34,-0.3245903995400978,-0.5341508204490255,-6.926882555173561,9.05738109048724,0.7740915655126653,5.788,0.8072911743390995,-0.54,-210.774,2.798,12.185,-9.017,-1.3075696055684454,18.397999999999996,25.621,-0.2841163310961969,28.102,-0.4436836699760356,-0.08828553127891259,0.22321533117364667,0.14245597318443856,1,1
135137,2019.0,16596.0,0.05755792570798088,-2.5040827436037016,-10.858267391304349,2.8669149872448982,0.06602330234200306,15872.0,3.4830907972945275,-0.25,,28.0,56.0,-207.0,-0.26403061224489793,4262.0,16994.0,-0.04242672678827629,11723.0,0.017857142857142856,0.4496289345730615,-0.023420030599034955,-2.35664308951323,0,0
48515,2019.0,154.605,0.04768462188121787,0.3328546249755206,35.09039419494018,2.525614832485232,0.6606251685071777,61.679,0.5759179392276222,0.33,-117.895,15.569,156.572,20.396,0.07197453577906543,148.401,181.743,0.06463204793849878,167.064,0.10448310437844571,0.08786453095819567,-0.14932074412769683,-0.26221397275554975,0,0
57806,2019.0,23.756,0.030060503801928092,12.485906309559635,3.6849547689440194,1.257994745026837,0.42661883570974474,12.627,0.04356582154274681,0.23,305.606,18.023,22.749,124.472,0.3413867534084644,479.19399999999996,22.022,0.2462412559744247,43.191,0.09970530217273973,-0.49012525757681,0.0787394423758061,-0.8779225532985007,1,1
12401,2019.0,3164.434,0.05428403359916597,0.4095734656699541,142.85593404907976,2.0223150802861225,0.11076530846616744,2555.223,1.4868289108898594,0.4,1050.267,-271.568,297.686,13.04,0.014156325347964429,1128.6340000000002,2873.508,0.006747240306275036,2528.052,0.05670631551142557,0.13664908791433075,0.10124419350842259,7.045368348401789,1,1
41893,2019.0,0.441,-0.3848600177258745,-1.0656256337456904,-9.66568340121037,-2.9446486549165125,1.0,0.0,0.0063483818840266056,-1.09,-470.008,-0.472,12.558,-26.273,0.30464981447124306,56.526,0.44,-0.3790705391796159,0.437,-0.5091947973836554,0.006864988558352409,0.002272727272727275,0.015272826421141016,0,0
1250,2019.0,2406.538,0.011695884110131755,3.698030483489548,8.650550649277905,1.261392299781314,0.8475810731113926,247.589,0.049722625524377825,3.49,749.347,210.631,1143.564,428.476,0.1458164168874738,4805.305999999999,1624.398,0.013115598328847558,1432.824,0.008823119536496202,0.13370379055627196,0.48149529856599194,-0.10824624108784756,1,1
50201,2019.0,950.107,0.09852756908573235,4.71600093254585,17.77565382175314,-3.646193216483381,0.42536880957582596,499.751,1.0562219682607539,3.66,1467.093,-4.937,2.705,121.371,-0.20512287497528306,775.722,869.69,0.14740277168850505,1553.914,0.1101674425950061,-0.44032295223545187,0.09246628108866367,-0.33157587230487706,1,1
51727,2019.0,3440.258,0.030039444596631368,2.7796832579185518,35.39611922319351,1.5667050702035388,0.11321370430938903,2869.644,1.9500578508412476,2.7,1284.524,-298.092,121.193,61.431,0.044262057665828705,1409.3110000000001,3236.004,0.03701911488212891,3342.226,0.16139975756428845,-0.03178181248066415,0.0631192050442459,-0.18854233300070067,1,1
6825,2019.0,38997.7,0.07232495313806464,4.484396433470508,13.453315489618781,3.406738639994578,0.11254995352796301,28358.2,0.6860912506709609,4.45,8265.7,-200.3,6737.9,2615.3,0.2532266966178991,36275.299999999996,31954.7,0.05615244229736984,26814.9,0.041140843177989314,0.19167701539069693,0.22040576190669905,0.28801081803439765,1,1
6921,2019.0,1003.591,0.05404880981893386,1.4420950925759484,47.84011841879742,3.80536828771928,0.08848924886750198,749.734,0.2648955818960312,1.45,893.507,5.869,83.023,64.179,0.07954345460449506,2999.451,822.518,0.02066913253023689,800.637,0.03563600434846928,0.027329488894467888,0.2201447263160198,1.6149529855626896,1,1
52606,2019.0,2336.319,0.29458228149736765,1.23485170437298,35.21070574387539,9.449738241432597,0.9255854242846894,159.1,0.8660679058304647,1.26,747.929,-154.789,533.298,345.777,0.2683768485122256,1929.872,2138.022,0.1400670162768861,1943.032,0.08438409832663142,0.1003534681878631,0.09274787630810162,1.10315240038407,1,1
102362,2019.0,20825.0,0.06635891517599539,4.528735632183908,13.31276649746193,1.716722169946406,0.4126900058259626,11089.0,0.4452961015070399,4.45,23117.0,587.0,981.0,3152.0,0.12895307449985682,40690.0,18881.0,0.07433786938987288,17510.0,0.0639070086811516,0.07829811536264991,0.10296064827074837,-0.10733364137773467,1,1
51808,2019.0,223.0,-0.04928610653487095,-3.2954064705751374,-2.7067981081081083,0.716007363717605,-0.1956521739130435,165.0,0.017087667161961365,-3.33,810.0,134.0,521.0,-296.0,-0.2645218945487042,7535.0,138.0,-0.03665180782565627,312.0,-0.17647058823529413,-0.5576923076923077,0.6159420289855072,0.3447114742419519,1,1
47824,2019.0,572.813,0.008407080623037124,0.7750261518169829,16.605891259059298,1.243663117160087,0.130808872703567,463.989,0.13024625224562716,0.76,-1382.367,-180.231,22.842,136.324,0.07489288576917605,3949.9829999999997,533.817,0.033261754667110406,513.3,0.030246920996093555,0.039970777323202915,0.07305125164616334,-0.7472448249595761,1,1
49605,2019.0,200.242,0.14842544248514103,2.244044681341098,13.373174005637564,1.1909027144432354,0.426543174739992,141.044,0.06966011965655104,2.17,-1243.652,43.511,2404.101,272.813,0.0890516128737427,1123.739,245.954,0.07726723787319034,366.951,0.006999382810019956,-0.32973612280658726,-0.1858558917521163,0.9209363058730572,0,0
49754,2019.0,78.959,0.038797927121927867,1.7600931112242673,34.867473549347,4.247789084134736,0.4190251471512291,45.305,0.16119903422386492,1.76,-67.558,1.649,5.036,24.196,0.12182669553396103,478.71999999999997,77.981,0.0500169506941516,74.764,0.09309848002481592,0.043028730405007744,0.012541516523255776,-0.22430442912897441,0,0
52338,2019.0,21.468,-0.07070035460992909,-0.2806300166590944,-4.382995143011333,2.783307059629883,0.16129929104304705,18.1,2.5416323165704866,-0.28,-29.742,-0.711,0.629,-3.706,-0.6350239890335846,6.182,21.581,-0.43646213637969616,14.577,-0.15585593758504945,0.4804829525965562,-0.005236087299013,-0.8380149187822699,0,0
52493,2019.0,840.883,0.1668847855502268,5.740221173237596,49.75243834357722,13.754739158278985,0.8499594506077209,115.446,0.7297718206357307,5.77,384.784,78.046,491.698,259.016,0.2764636189947593,530.4630000000001,769.432,0.24566508527561162,593.749,0.1426418693371483,0.29588765623184204,0.09286200729889063,-0.3206817103741105,1,1
52520,2019.0,955.097,0.01612308073652396,1.4522252239442626,44.20801879864886,2.7270968034185454,0.5672646731050656,371.994,0.627865123895473,1.45,409.114,-15.111,17.511,40.854,0.06168783124707446,1298.129,859.634,0.02983921270171451,796.392,0.040860525449552675,0.0794106419953992,0.11105074950502186,-0.4596680248337264,1,1
8250,2019.0,4424.0,0.08124502635095569,4.826337448559671,18.38454126875853,3.4582328222236476,0.6858242723036402,1395.6,0.8329458091130696,4.77,1840.8,-178.1,855.3,586.4,0.18810547250914222,4260.599999999999,4442.1,0.10995687230451903,4169.8,0.06768347323567601,0.0653028922250468,-0.004074649377546737,-0.2611191583737266,0,0
76920,2019.0,4029.2,0.03055946250682909,-4.533632286995516,-8.207546983184965,1.6203218058620217,0.6085342297368487,1560.5,0.4588810866812479,-4.51,747.2,-11.0,309.6,-1011.0,-0.19741852336412097,8093.5,3986.3,-0.11638079889490043,3993.4,-0.1494047905923177,-0.0017779335904241772,0.01076185936833646,-1.262581652618026,0,0
51134,2019.0,1474.925,0.0667785033386346,2.2391096810692313,21.12446763992957,82.53569842053308,0.4815962566646645,699.083,0.6662095274982548,2.25,,-60.896,105.86,126.653,3.9071137709772956,1895.009,1348.53,0.06256993562340955,1321.967,0.10438924520833907,0.020093542425794194,0.09372798528768361,0.06726181948716074,1,1
136228,2019.0,6276.0,0.12992637505413598,2.9777171669148097,28.72670411764706,18.77424873226545,0.7076712796856313,1711.0,0.5431010485292753,2.96,2641.0,38.0,1701.0,1428.0,0.6535469107551487,8763.0,5853.0,0.13250440753456436,5319.0,0.10062893081761007,0.10039481105470953,0.07227063044592516,-0.019456201709787506,1,1
52546,2019.0,1160.083,0.13402927765778735,4.908323281061519,46.563762595232255,25.143905671179997,0.7250761519649386,283.852,0.8226374594746625,4.79,1664.403,-15.595,90.023,142.415,0.5399887008648767,1144.805,1032.475,0.11347094485685762,932.169,0.10214555359105462,0.10760495146266388,0.12359427589045757,0.18117706543171783,1,1
53307,2019.0,562.419,0.11779976354354739,4.067306730673066,22.862795003565374,3.3302901177304913,0.4684548788464507,289.303,1.3746363048573509,4.09,206.315,58.067,150.591,40.669,0.14566417260930453,211.18499999999995,544.268,0.1027160955305908,490.565,0.09940931801537639,0.10947173157481686,0.03334937934987902,0.14684814424691978,0,0
80293,2019.0,1684.392,-0.05087021827311892,-2.6204131627433016,-1.2059167023462083,-0.29870398964764033,0.15060280482475383,1760.921,1.5207004278648348,-2.59,,113.551,122.162,-254.581,0.24769869184703022,1194.299,2073.142,-0.18674139814168905,1930.277,-0.03366959239587843,0.07401269351497208,-0.18751730465158672,-0.7275900321013908,0,0
53034,2019.0,11785.0,0.012598425196850394,2.6320391285976643,15.778640806957513,3.0953567886110642,0.4662844662844663,5865.0,0.03706464473391302,2.47,17077.0,19067.0,41501.0,3507.0,0.19617385467360296,-10999.0,10989.0,0.011828711355158155,8960.0,0.009676332037126862,0.22645089285714284,0.07243607243607243,0.06507165646210386,1,1
53573,2019.0,3412.19,0.0237873651951956,1.1752824681719698,41.989905691998295,2.3560891758623166,0.301412324868353,2305.551,0.8828302866447263,1.17,513.783,-92.892,279.363,65.636,0.05611084704844428,3182.497,3300.303,0.017557614768769186,2944.978,0.027178496561511046,0.12065455157899306,0.033902038691598975,0.3548175824832229,0,0
53033,2019.0,709.516,-0.45114375229765546,-10.209549411162314,-0.7492984941760599,-0.1749134386021395,0.5631644669522538,352.625,0.6231956896505138,-10.27,-2558.421,-80.799,21.906,-79.757,0.23343626066468617,1235.874,807.226,-0.06157410516937763,903.592,-0.22070125996236184,-0.10664769055060247,-0.12104416854759391,6.326842201874511,0,0
3510,2019.0,1041.466,0.010341706402802882,1.2245158181732714,12.641731344143038,1.1721302578381214,0.8166060297325372,174.965,0.04612861369551873,1.19,886.969,43.591,445.687,208.393,0.09271912413968313,3860.3059999999987,954.039,0.01007598242194526,871.74,0.008571832825478786,0.09440773625163464,0.09163881141127345,0.026372017112582562,1,1
52750,2019.0,5333.7,0.20813705623832204,2.6299221411532625,19.882717888017023,6.492298423589699,0.5109866870757891,2428.0,1.494836670179136,2.62,2296.8,50.3,167.2,751.9,0.32652972597385677,2960.7000000000003,4965.1,0.22637362637362637,4390.5,0.19879745748153238,0.13087347682496306,0.07423818251394723,-0.08055960593750942,1,1
54419,2019.0,2314.329,0.22101762241378298,1.6769945166939397,34.97924376976705,8.465529866282742,0.7123133013395612,713.482,0.5571227710908601,1.66,1930.661,-702.637,2626.399,467.318,0.24201580577335388,1732.5899999999997,2480.066,0.10497845587199636,2295.615,0.12507305426222254,0.08034927459526098,-0.06682765700590211,1.1053617199635413,0,0
91929,2019.0,8225.4,0.10679117932596736,4.0368509212730315,20.07009958506224,6.020530246452576,0.3595952206778834,5252.6,0.8165337634023236,4.0,2638.5,-439.8,1291.7,1205.0,0.29997510580034853,7862.7,8202.0,0.11996137343328456,7011.3,0.0650246403902478,0.1698258525523084,0.0028529626920262906,-0.10978695667102943,0,0
55844,2019.0,682.429,-0.1759763595545378,-3.2026663054218596,-1.058493041957259,0.9584376365840143,0.39674619390275184,418.669,0.46414629725859835,-3.21,-130.687,-144.095,225.794,-401.909,-0.9054737240518534,1229.893,694.018,-0.26878924492578865,841.045,-0.01285669472446087,-0.17481466508926388,-0.016698414162168784,-0.3452998478301318,0,0
54066,2019.0,713.514,0.07269145013706035,1.7141354916831304,38.252518729202684,4.597152725493569,0.6492153339234488,236.981,0.845347718311692,1.72,415.081,-15.207,261.006,53.793,0.12017908567113561,450.043,675.574,0.06731133793062026,591.251,0.05347839726809399,0.14261794060390592,0.05615965090426816,0.07992876641355028,1,1
52945,2019.0,6782.518,0.07311993669378983,5.5059451469863685,13.926764243550473,5.385195411844086,0.2728210583078779,4423.095,1.4745855369140939,5.36,58.42,31.508,161.164,335.257,0.3866795845515937,3617.4570000000003,6082.54,0.08127609902264653,5427.668,0.055830007382849454,0.12065439522093103,0.1150798843904027,-0.10035130163646377,1,1
91762,2019.0,9671.0,0.03964965647453716,5.769945545401448,22.793975950920245,1.8406827247956403,0.4264846998613925,5379.0,0.5238786795509133,5.71,3470.0,-71.0,1268.0,978.0,0.08075303443150855,15011.0,9379.0,0.054627716025247165,5294.0,0.04899135446685879,0.7716282584057423,0.03113338308988165,-0.2741842537181608,0,0
55199,2019.0,4022.0,0.01555609995100441,1.744186046511628,29.796133333333334,1.101656396351984,0.549029493319889,1789.0,0.5453670607643663,1.75,2444.0,231.0,600.0,150.0,0.036973132856790734,6361.0,3967.0,0.020621391256530106,3890.0,0.00175412951322906,0.01979434447300771,0.013864381144441643,-0.2456328597092928,0,0
66234,2019.0,20863.5,0.05048895249246515,9.163484329734,7.071545895455362,1.4997636481389767,0.1666484775728473,18326.4,2.5811873518157706,8.62,2757.9,-97.1,591.9,556.7,0.2120842698769477,5661.2,21991.2,0.06534190943449378,21034.3,0.06139402944752127,0.04549236247462485,-0.051279602750191014,-0.22731133923961827,0,0
60887,2019.0,12899.672,0.06040888813424915,0.8444794115416698,28.727757797802653,1.9650044078244142,0.41181513778345424,6918.875,0.38936845765868566,0.82,2414.923,26.767,1526.762,445.446,0.06840089719688165,28381.365999999998,11763.096,0.014744640525779174,10773.904,0.06659731628923148,0.09181370095742444,0.09662218177935478,3.097006504067136,1,1
55932,2019.0,15455.0,0.06019536459647479,4.540276379005762,19.6001284,6.012788393625498,0.38654955075767733,9149.0,0.6584547461368654,4.49,9710.0,-110.0,110.0,1925.0,0.30677290836653387,21503.0,14914.0,0.08498896247240618,14485.0,0.08928489623894818,0.029616845012081464,0.03627464127665281,-0.2917272685142058,0,0
71582,2019.0,1423.836,-0.005160398309294248,0.25264658485186564,62.26088513811884,1.3701004680591473,0.17452800132403748,997.521,0.567319433574907,0.69,-181.626,-41.585,107.114,20.381,0.022005798102929824,1996.0280000000002,1208.425,0.00956827058004442,864.834,-0.006154357638334521,0.3972912720822725,0.17825764941969924,-1.5393240362638545,1,1
53148,2019.0,1362.496,0.05503044621867535,1.3903028579553534,31.252183473102885,2.684980098817644,0.467777706822783,616.736,0.6577848973213348,1.41,832.284,-24.85,247.038,88.002,0.08591336029780018,1424.8490000000002,1158.794,0.04995399228341888,972.046,0.06449210957579958,0.19211847998963016,0.17578793124576067,0.10162258716890356,1,1
58721,2019.0,1624.411,-0.004666169664814205,1.9721634305696145,5.293678930546158,1.170751510502572,0.2886216675653316,1036.989,0.7378104857179734,1.97,173.82,-220.247,240.491,128.589,0.2211602792430374,1698.9109999999998,1457.718,0.06508413324661455,1169.145,0.04086658046860052,0.24682396109977814,0.11435202144722091,-1.0716944273826818,1,1
55244,2019.0,14568.0,-0.005856551250949546,1.795721187025535,5.741425826287471,1.524718309859155,0.3958020184668241,11255.0,0.4412545006632556,1.8,-12646.0,-255.0,4327.0,2602.0,0.2655644008981425,36228.0,18628.0,0.061635398900890655,16403.0,0.04871052490483084,0.13564591842955556,-0.21795147090401545,-1.0950192804035688,0,0
54841,2019.0,266.292,0.1534893686014731,2.510377182625986,10.882826767658019,1.7703782875420204,1.0,0.0,0.18155686485754016,2.5,,0.0,0.0,242.397,0.1626763271472165,1490.701,270.647,0.16260604910038967,232.393,0.1342794477129599,0.1646090889140378,-0.016091070656611816,-0.056066059961201745,0,0
56099,2019.0,3666.944,0.07346813020470248,5.970950542379113,6.1497746027835944,0.8124576479510446,0.18538925420728616,2874.42,1.0484632350996694,5.67,1218.593,140.72,311.466,227.332,0.13211177651670342,2925.844,3528.581,0.06754818556288719,3240.975,0.04406140638485165,0.08874057960953115,0.039212079870066696,0.0876403206464197,0,0
966,2019.0,7833.002,0.025595204941346136,5.252213187317618,14.072162984257483,1.6581411222926115,0.11696487425586576,6695.439,0.30455932699487953,5.06,7048.149,-132.869,1270.15,640.749,0.11783129033877539,23368.909999999996,7582.302,0.02573704980527577,7616.595,0.02259653808694079,-0.004502405602503556,0.03306383734121916,-0.005511310154148218,0,0
1705,2019.0,7924.0,0.07859729219143577,1.7624337552120755,43.92789219512195,1.6095116890080428,0.0619567227667838,5072.0,0.24650102575792113,1.76,7647.0,127.0,1376.0,287.0,0.03663985701519214,,5407.0,0.013084112149532711,5732.0,0.047841413725220897,-0.05669923237962317,0.46550767523580544,5.007078760345448,1,1
133890,2019.0,362.745,0.12025220321329709,2.211912672045562,25.792157493831134,4.773873717340906,0.25249608470335483,281.128,1.35336389676565,2.17,198.75,1.941,5.025,37.284,0.18509012743438394,247.504,376.089,0.13416723043484519,347.448,0.17402466628940447,0.08243247910478696,-0.03548096328262723,-0.1037140528014817,0,0
62357,2019.0,629.094,-0.0865588520918802,-0.3932880453571182,-25.85890957037688,2.0345310346854686,0.5575691475438443,304.242,0.8326875199798506,-0.41,-761.679,-25.912,109.998,-45.505,-0.07867814492132186,649.112,687.66,-0.0551020062191826,646.069,-0.07381094691579948,0.06437547692274356,-0.08516708838670262,0.5708838576143634,0,0
98163,2019.0,6220.0,-0.025880294525041918,6.808888888888889,3.310378590078329,1.104180274330503,0.3760946525060555,6697.0,0.5486047224777676,1.53,4677.0,-238.0,2446.0,3064.0,0.3335510559547137,15560.0,10734.0,0.15659818051722377,13949.0,0.029694785225356304,-0.2304824718617822,-0.4205328861561394,-1.1652656144507083,0,0
57224,2019.0,444.072,0.004341273680128879,1.8848298940323482,50.81095132416037,3.7212718788150223,0.30669064551172626,379.729,1.094849437088211,1.89,466.798,39.167,160.787,20.277,0.07323759508209748,308.93899999999996,547.705,0.0405332469775475,517.985,0.04580540361083884,0.05737617884687786,-0.18921317132397922,-0.8928959803656088,0,0
55442,2019.0,11554.8,0.045648993705115694,8.935288169868555,14.141681566142354,1.7926103795507362,0.3106393491802989,7812.8,0.7002279846527405,8.71,6616.7,110.2,426.8,883.7,0.12676076541297301,15123.9,11333.4,0.05459892618610715,10441.4,0.07654514727184936,0.08542915700959641,0.019535179204828175,-0.16392140113680095,0,0
135226,2019.0,3627.206,-0.07051764393485384,-1.8836038405418551,-96.37376824830606,20.582227893396894,0.7735970065693895,638.95,0.5111954072873485,-1.93,-2147.113,-493.451,1781.937,-418.258,-0.21356670251148616,3709.7160000000003,2822.18,-0.07576113807807858,2143.05,-0.0649271216697821,0.3168988124402135,0.2852497005860719,-0.06921086821347447,1,1
57312,2019.0,234.703,0.04769777734226573,0.22097223267363986,54.07919291673761,1.3242181408826532,0.3452878745186438,174.268,0.13802607288793015,0.13,-446.11,31.831,44.722,17.619,0.024486647626592174,1827.363,266.175,0.009136400406546223,264.647,0.03401310287559951,0.00577372877833499,-0.11823800131492442,4.22063123547982,0,0
135285,2019.0,2071.425,0.01996783230379031,0.15245035419811867,92.8826966292135,4.396591095526128,0.07359279519316096,2175.193,2.7084189811770836,0.11,,-0.706,3.191,5.251,0.04733487780912803,806.054,2347.988,0.006057061650298412,2014.89,0.024447972838870145,0.1653182059566526,-0.11778722889554788,2.2966202849869557,0,0
11570,2019.0,102729.0,0.04496509728204367,7.47610734751447,10.027945896860986,1.4449276360363685,0.06078612654501064,104635.0,2.221254112252019,7.3,29537.0,-2868.0,2982.0,3122.0,0.14409009092167813,38579.0,111407.0,0.0622470341939986,88407.0,0.08104390127198054,0.260160394538894,-0.07789456676869497,-0.2776347039779307,0,0
119071,2019.0,723.53,0.08268634191330594,1.8296432964329643,14.9154756302521,2.002512885808687,0.31073716852497885,604.58,0.7970232253843638,1.82,-196.51,80.57,108.15,83.3,0.13425739382706098,898.9399999999999,877.14,0.07569149129502417,817.74,0.029965156794425088,0.07263922518159803,-0.1751259776090476,0.09241264108561169,0,0
58989,2019.0,2494.573,0.11157074415980234,5.405619264545178,23.35717589807416,4.807797788072033,0.48132035466926715,1288.227,0.7149591937722249,5.36,2212.854,90.457,466.407,410.573,0.20583814623190147,2864.254,2483.666,0.11818937854954881,2287.312,0.09920408938860369,0.08584486943626417,0.0043914922537892365,-0.056000246984729884,0,0
53609,2019.0,2052.793,0.006333508340011747,1.8567132129109398,10.497043843105816,1.3488961869943792,0.8778631112191123,197.025,0.06806647298698391,1.75,1733.856,-34.725,587.057,304.358,0.12850248195164957,4208.869,1613.149,0.012842319950216907,1467.356,0.011678773283846965,0.09935762010037094,0.2725377506975489,-0.5068252181409969,1,1
60464,2019.0,714.006,0.05098253564776243,3.3543395022335676,44.10704399524375,5.156431008070905,0.7387421013914616,167.987,0.4035853582910391,3.36,832.117,30.378,181.754,126.15,0.11690719987099897,1392.996,642.993,0.07918016673340858,563.003,0.048828823162854515,0.14207739567995198,0.1104413267329503,-0.35611987507660414,1,1
6718,2019.0,2392.171,0.05227907096336121,1.2313159240726366,22.38255792944184,2.567949628203727,0.2614725311605435,1487.576,0.30114306764814763,1.24,2833.622,-46.492,790.464,344.255,0.11472994446384817,4847.66,2014.246,0.051468394006101065,1861.347,0.0695304956024741,0.08214427508680548,0.18762603971908084,0.015750966644967487,1,1
135220,2019.0,228.732,-0.08494981755285658,-0.9425148588410103,-40.317666765198545,2.926303192693968,0.6382152014330371,82.403,0.4878794824066676,-0.93,230.958,-152.623,358.919,-30.447,-0.07258116422599878,95.13300000000004,227.768,-0.06521753100012209,295.402,0.034486480355767596,-0.22895579583076617,0.004232376804467698,0.30256107905553103,0,0
58002,2019.0,972.358,0.0677159631132589,0.7487943091391367,21.180716528459868,1.4827701299396656,0.197155061001191,855.408,1.5062364551658036,0.75,315.965,-2.094,34.397,24.842,0.07000566425348802,560.218,1065.471,0.03511867147883789,961.33,0.05061376684931253,0.10833012597131053,-0.08739139779496585,0.9282040083453548,0,0
56654,2019.0,6137.1,0.01674842437808576,-12.666666666666666,-1.9231578947368422,1.0521671105193078,0.3852347489235005,3840.5,1.4133390647270423,-12.62,1979.8,-29.7,195.4,-657.4,-0.5471038615179761,4071.0000000000005,6247.1,-0.14872966674962104,6253.0,0.08892732378930063,-0.0009435470973931931,-0.01760817019096861,-1.1126098427039504,0,0
113786,2019.0,16.544,-0.5129461245265434,-3.4829349948851482,-1.4728957065043256,3.4782603304048085,-6.043640824910907,120.566,0.05702017375546317,-3.57,-582.596,11.674,250.617,-112.356,-2.3615116230190423,47.48500000000004,17.117,-0.3742804605052766,12.616,-0.5441056091094576,0.3567691819911225,-0.03347549220073613,0.37048598218049894,0,0
137724,2019.0,886.401,0.032782445539625164,0.5526083112290009,9.301343999999999,2.808376811594203,0.3570482223549073,545.949,2.1834290313373463,0.55,-6.441,-0.222,1.547,23.75,0.30193236714975846,352.09999999999997,849.129,0.06107015482248513,809.671,0.04673116280049834,0.04873337441998042,0.043894390604961,-0.46320022218847967,1,1
136081,2019.0,33266.0,0.08844751164226,3.845623279037938,23.972706973799895,-16.14169838503434,0.8182456568863921,5953.0,0.5518432403288853,3.67,888.0,-2014.0,8061.0,5687.0,-0.6733364906464598,49745.0,32753.0,0.09581816956463135,28216.0,0.07500070635436386,0.1607952934505245,0.015662687387414893,-0.07692338473862921,0,0
136193,2019.0,981.3,0.00674047541517421,0.01107736617156994,4773.697933333333,2.5734220664869722,0.2372778183588994,626.5,0.14687527939204292,0.0,-612.5,-87.5,64.4,1.2,0.0005390835579514824,5406.8,821.4,0.00021457308895842645,672.0,-0.019364114932399524,0.22232142857142853,0.19466764061358655,30.41342396613481,1,1
56474,2019.0,2304.6,0.008882092104769089,1.2616570535281117,11.4373394573809,0.851190594295526,0.8178082904249233,350.3,0.040158906203983935,1.3,1028.0,49.4,932.0,468.1,0.07442208019332888,10786.300000000003,1922.7,0.009777075983816965,1652.9,0.007585471527487211,0.16322826547280533,0.1986269308784521,-0.09153901233142255,1,1
136406,2019.0,205.197,0.09469222932901074,3.7100283578241817,23.03486436155428,4.2102746145971714,0.43966606170598915,115.779,0.49882069493297154,3.74,116.959,-1.773,308.73,71.956,0.1827783549541632,100.75199999999995,206.625,0.17371151566653067,102.814,0.054219209703738405,1.0096971229599083,-0.006911070780399261,-0.45488801381027116,0,0
136566,2019.0,7476.0,-0.002076296502238969,5.795546370994449,6.926007908571429,0.7378859028369659,0.11768851303735024,7512.0,0.055041957047361686,2.56,-11125.0,-178.0,4810.0,875.0,0.10653841470838914,148051.0,8514.0,0.0056567667860513825,8618.0,-0.013445257311308037,-0.01206776514272453,-0.12191684284707541,-1.367046509210661,0,0
59036,2019.0,1281.124,0.1001445993129806,1.5264613088170438,27.560475825360314,2.175151529502561,0.5713279528714728,508.201,0.876451975396262,1.5,-223.496,-19.432,286.355,89.991,0.07892285834561145,1017.8870000000002,1185.524,0.06652989709013485,1532.186,0.11327394891466923,-0.2262532094667358,0.08063944719803239,0.5052570903169215,1,1
59709,2019.0,418.171,0.07460655157793326,1.1524216251412376,48.89703453203935,4.612686255974691,0.5060965013901761,204.642,0.5955328139822348,1.16,407.607,-41.386,267.524,60.176,0.09433468307678802,409.153,414.336,0.08649208037485268,402.399,0.10217488742073336,0.029664586641616933,0.009255773092369428,-0.13741753863946943,0,0
57250,2019.0,19810.3,0.0594288958811422,18.2681919288211,6.7253508436249785,1.840838050801057,0.13310636688181196,18333.5,1.823036540898394,17.35,3407.8,19.4,1506.7,1149.8,0.27371628538100795,7231.200000000002,21148.5,0.09911470859517098,20467.0,0.1099456717367465,0.03329750329799189,-0.06327635529706602,-0.4004028592378097,0,0
52965,2019.0,17122.002,0.07366838728640582,5.894662797854568,14.794739409307875,2.6122348032357463,0.8024826229210611,3360.008,0.5012955851326883,5.93,13541.772,721.406,1555.634,3419.04,0.17656511081177276,30138.990000000005,17011.202,0.10075417700595565,11225.806,0.0865676347576338,0.515365756365289,0.0065133551409241545,-0.26883043983326643,0,0
136231,2019.0,4643.404,0.04778985573575708,0.528998424139089,45.085200468818684,1.3726187573410251,0.13766888408881164,4307.594,3.15908067551706,0.53,282.404,14.531,191.671,20.477,0.030444996208685824,1177.92,4995.29,0.01294989780224228,4431.991,0.05161607846724071,0.12709840791644206,-0.07044355783147715,2.690365473577888,0,0
60433,2019.0,173.428,-0.03548886535940744,0.2850182704019489,20.10397435897436,5.094357064334586,0.8141973381764522,13.095,0.6735282874617736,0.29,-216.38,-5.9,27.109,15.444,0.25340049551249444,76.762,70.478,0.14759174311926607,65.663,-0.09909234023712303,0.0733289676073283,1.4607395215528252,-1.240452918363662,1,1
60403,2019.0,404.093,0.07106513555201172,-0.202901455352738,-34.105226046652994,3.473373752693872,0.6034819545685922,158.131,0.6394216971012703,-0.21,-479.114,12.236,128.675,-26.322,-0.10184285974069188,463.132,398.799,-0.042203861873022844,385.961,-0.11095334462333381,0.033262428069157156,0.013274857760425777,-2.6838538559770355,0,0
136491,2019.0,4762.059,0.04854503300426293,1.8267797390365244,8.703840786183637,0.7436921785100314,0.18392564873906916,3449.867,0.8030089044591819,1.85,529.699,-243.644,331.859,206.364,0.08544413860264526,4780.995999999999,4227.393,0.03919960352865575,3885.29,0.021086975567819174,0.08805082760874994,0.12647653057096894,0.23840622440927167,1,1
641,2019.0,198.179,-0.001022175379873208,-0.03490332176499752,-69.01062357954547,0.4795195179486168,0.01106422423781883,183.5,0.5389689607696195,-0.05,29.673,-11.917,15.78,-0.704,-0.006948488407670973,308.37800000000004,185.553,-0.002044882854935313,181.114,0.013191974105506658,0.02450942500303672,0.06804524852737495,-0.5001301040760386,1,1
36184,2019.0,258.184,0.009699847255928812,2.053507318420326,11.857761490098511,1.4344822817631806,0.8980505951125695,24.172,0.04082950549902825,2.02,-67.811,19.893,102.186,59.486,0.12097412171437286,758.35,237.098,0.010243797771871522,219.058,0.007326838448937961,0.08235261894110245,0.08893368986663747,-0.05310047387272185,1,1
62773,2019.0,5537.0,0.273488120950324,3.4182357341491474,29.731711884200198,5.683101558806978,0.7581818181818182,1197.0,0.5526403929887239,3.36,5328.0,450.0,5445.0,1019.0,0.19114612643031326,3399.0,4950.0,0.11376576978899185,5150.0,0.12150512581547064,-0.038834951456310676,0.11858585858585859,1.4039578992659982,1,1
137245,2019.0,1390.674,-0.08508490465435713,-0.761845810272842,-11.629649832722638,1.4248958059520864,0.5390629430807377,609.551,0.5300005130005563,-1.11,-3608.155,104.386,303.198,-94.155,-0.12252267492550131,2115.613,1322.417,-0.037735599513290724,1407.511,-0.040250960469123194,-0.06045707635677451,0.05161533767336632,1.2547648838701946,1,1
22981,2019.0,616.346,0.0148167071929341,3.2900425299465446,17.72013567281978,1.7437104931021021,0.9514315886290474,28.515,0.055349643806455844,3.28,761.986,-9.204,211.834,168.641,0.09840277327993101,2073.090000000001,587.11,0.01589858677447926,531.878,0.014025146382004128,0.10384336257562818,0.04979646062918361,-0.0680487892975379,1,1
49872,2019.0,761.59,0.013272022015870574,0.9280640780721339,9.266601523749058,0.930111022602808,0.7746868266471478,158.837,0.0575781016650303,0.92,1047.202,-130.192,586.203,201.608,0.1003723986856517,2662.644,704.961,0.016466451222810097,649.419,0.00546077289885516,0.08552567756717933,0.08032926644168971,-0.1939962147104563,1,1
9261,2019.0,196.664,0.013026363553225047,1.6895250212044106,12.441366500163156,1.462124993362714,0.8918263207052873,18.994,0.05236304383676763,1.7,-38.378,15.506,70.839,39.839,0.11752125406349373,369.01400000000007,175.588,0.01188060290801755,140.842,0.0073404066531509975,0.2467019781031225,0.12003098161605573,0.09643960446100648,1,1
56661,2019.0,3983.018,0.05435192167571691,-0.10350560173473075,-499.5864874301676,1.7689681050192747,0.003486502301722668,3378.683,0.6239737020377718,-0.1,1519.658,22.878,734.013,-5.728,-0.003540864594073997,4584.645,3390.504,-0.0010541563629691505,3422.862,0.028399887636991424,-0.00945349242826622,0.17475690929726087,-52.55963914369267,1,1
18341,2019.0,929.704,0.011670090443862325,1.0895792532873514,14.133896137923806,1.002826251036411,0.874982894887698,101.409,0.041116337915298395,1.23,482.734,26.733,317.165,190.83,0.07095186219358485,5061.321000000001,811.161,0.009672840243029921,678.718,0.005464288413505151,0.19513700830094383,0.14613991550382724,0.2064802220083793,1,1
60568,2019.0,82.271,-0.44262566840373707,-1.130140562248996,-4.2472592882144955,65.3590958804229,-2.813026232084721,203.791,0.1809391937870073,-1.21,-1183.335,-4.855,262.252,-168.843,-15.38853445133066,21.763999999999953,53.446,-0.5716109025292758,115.447,-0.32582225902346984,-0.5370516340831724,0.539329416607417,-0.22565215875834804,1,1
50744,2019.0,3539.847,0.01601095068040583,18.518997451793254,10.255414770393493,1.9520572986756404,0.9396694455361592,163.791,0.047689959272926234,18.35,3737.718,648.464,3571.539,973.84,0.19034406139389537,4027.5399999999977,2714.893,0.017106526827520084,2022.371,0.009577489110645241,0.34243074094713577,0.30386243583080447,-0.06404433571820962,1,1
17448,2019.0,377.093,0.011757530804711739,1.9143702110498722,18.38724808651078,1.1670345783500353,0.5881635454901316,145.188,0.3397904225091468,1.92,372.121,-1.39,78.47,28.482,0.06346977931984249,902.3000000000001,352.538,0.027452106762690887,318.648,0.04040079836790077,0.1063556024202254,0.06965206587658637,-0.5717075229835931,1,1
27217,2019.0,734.594,0.012762194148556805,2.464605675182261,12.983821437331372,1.3254251072157555,0.8036806653638746,129.494,0.041574465810699845,2.4,1197.265,-44.42,268.65,203.85,0.1020828200397815,4209.928,659.609,0.012848452424862553,602.627,0.011376476866414312,0.09455600230324909,0.11368098373430321,-0.006713514861823575,1,1
49640,2019.0,1439.898,0.012593986892247493,3.9100219141226757,12.606067455010571,1.6573007771720216,0.8576055795804101,190.486,0.04845055190424303,3.83,1697.651,29.264,329.499,360.418,0.13146849983840833,5421.970999999998,1337.735,0.01305374458784697,1173.083,0.009643703696572496,0.1403583548649156,0.07637013309810987,-0.035220368569759776,1,1
37899,2019.0,346.555,0.013890250714952822,1.3098459920951697,19.864930806391673,1.54629671154863,0.8572060942968911,41.613,0.04318831167965068,1.4,84.014,6.447,124.194,67.275,0.07784052844780606,1446.225,291.42,0.009970124453532701,250.065,0.007377633095581871,0.1653770019794854,0.18919429002813803,0.3931872946712423,1,1
14429,2019.0,738.951,0.0136494017727167,1.7630804747992725,13.453725078942032,1.1173086959262342,0.8357581349687152,105.733,0.046027000012869405,1.94,555.606,85.571,273.959,172.595,0.0830482776606653,3572.307,643.764,0.012339972516669455,409.215,0.010878704918543185,0.5731681389978375,0.14786008537290066,0.10611281785906752,1,1
8285,2019.0,336.811,0.012150249872762718,5.405753316695127,13.87595689361909,1.8437092043218362,0.8659046240736369,43.734,0.04825687481541588,5.39,256.231,-3.914,80.389,82.308,0.1328707791798973,1789.088,326.141,0.01217855728751445,295.968,0.00789586495173947,0.10194683208995567,0.032715911216314286,-0.0023243652005276675,0,0
6452,2019.0,910.746,0.013228293868008684,2.5052236545058295,12.418052952696009,0.9789780521979171,0.8215049850725462,151.083,0.043969096280002735,2.46,956.018,-645.771,1020.396,256.342,0.07883506826127498,4235.353,846.427,0.013316123042635053,755.451,0.007900798779198802,0.12042607660854245,0.07598883305943685,-0.006595701642674837,1,1
136393,2019.0,141.235,-0.11376059153384868,-0.8970550820506298,-17.668926153082566,12.449103262227107,0.6075003880180041,60.693,0.9306602950292803,-0.93,-204.785,-0.854,56.704,-28.207,-0.7045761103062398,107.785,154.632,-0.16976521639693537,131.169,-0.23001000372231525,0.1788761063970907,-0.086637953334368,-0.3298945805961797,0,0
136428,2019.0,202.467,0.003800149993763093,2.3734351355069476,11.11047848137951,1.0285106508558244,0.6307119879074454,66.696,0.04250137488736748,2.44,107.835,28.669,283.806,34.505,0.09257122927509792,533.8260000000005,180.607,0.008119895355598703,147.174,0.007306572142350539,0.2271664832103496,0.12103628320054048,-0.5319952010042994,1,1
136584,2019.0,280.686,0.01342680496449382,0.34396369016675327,40.876407603325006,2.5676206681247744,0.24779129039517078,153.765,0.16154647371307637,0.36,-83.982,1.135,24.051,17.203,0.06281424466263313,1175.3180000000002,204.418,0.013595104087145225,309.848,0.020176911064179393,-0.3402636131264362,0.3730982594487764,-0.01237939199086671,1,1
136486,2019.0,149.387,-0.00683256660585608,-0.2793115812119039,-43.46400513478819,2.043967039079647,0.7065034321704056,41.474,0.28190565108016286,-0.28,20.65,-29.821,94.478,-10.906,-0.04702666108981463,404.274,141.31,-0.02175686809624412,124.464,-0.026986097219042108,0.13534837382697007,0.05715802137145282,-0.6859581730407428,1,1
136657,2019.0,23.8,-0.4010819875220507,-1.561477739185349,-3.9449809916686887,2.0931294499354105,-5.854976958525345,148.753,0.07876559431726202,-1.72,-586.778,-139.993,240.304,-123.63,-0.5305803638486067,30.417,21.7,-0.44874610255498165,10.0,-0.46416043738055496,1.17,0.09677419354838716,-0.10621622062353399,1,1
136637,2019.0,129.959,0.02370852540053246,-0.27794639265732984,-40.83521247204315,3.462688257212343,0.8026871313386883,25.891,0.9772769589406339,-0.28,-181.939,-6.237,47.185,-7.601,-0.0847966264307548,85.48599999999999,131.218,-0.05661023765724031,122.535,-0.11783419091743706,0.07086138654262042,-0.009594720236552808,-1.41880278871255,0,0
136767,2019.0,6146.0,0.09586426299045599,2.308778632663944,18.165448781725885,5.5871872131147535,0.3939143376881098,3665.0,1.428537680132294,2.16,-1602.0,-520.0,38.0,394.0,0.3075722092115535,3828.0,6047.0,0.09307819513347508,5121.0,0.22464103751736916,0.1808240578012107,0.016371754589052424,0.02993255136700552,0,0
136575,2019.0,44998.0,0.03989829845491884,3.3969277094262393,18.725744390581717,2.187877247350109,0.5737875529036287,18429.0,0.5966633548600762,3.4,-13286.0,-16.0,1203.0,2888.0,0.11683793187151063,65578.0,43239.0,0.03985207263895788,40660.0,0.06428298116576676,0.06342843089030989,0.040680866810055734,0.0011599350523055826,1,1
136598,2019.0,11088.0,0.008214700442991699,1.3113924050632912,88.58523166023166,3.417273607387548,0.35209373799462157,6746.0,0.4617499667391015,1.27,583.0,-68.0,938.0,259.0,0.038576109621686026,21174.0,10412.0,0.011486096944432126,9739.0,0.05755870196112919,0.06910360406612588,0.06492508643872455,-0.2848135896176841,1,1
136634,2019.0,116.64,-0.5024572891511073,-5.2571827434026845,-3.7130153073898624,14.710052601214917,-8.00912035883379,361.536,0.1038510011153696,-5.31,-1525.987,-41.728,318.026,-350.223,-3.9617538263141823,55.178,40.13,-0.9063296577031669,22.546,-0.5004408091296468,0.7799166149206069,1.906553700473461,-0.4456131001776533,1,1
136838,2019.0,1126.0,0.1325958913949145,6.413975375491523,6.565351055276382,2.964276483267158,0.6277511961722488,389.0,0.17958412098298676,4.22,,-184.0,1.0,796.0,0.4515031196823596,5708.0,1045.0,0.13679326344732773,934.0,0.09823772028496439,0.11884368308351177,0.07751196172248803,-0.030684055242452903,1,1
136871,2019.0,5634.835,0.05495039814791351,1.2685315580591474,18.533240147348238,4.986771396954493,0.3362817379174303,3456.204,3.1077181260123155,1.23,-68.068,-17.231,2.248,158.536,0.26907175201460976,1553.1009999999999,5207.336,0.09461367594207258,4664.612,0.10017684589622047,0.11634922690247337,0.0820955283085247,-0.4192129456891939,1,1
136733,2019.0,44.674,-0.45710144122114776,-10.150626621359933,-9.772795680539932,2.880534728153332,-10.111324868539183,606.445,0.024334728585670692,-10.68,-1502.435,-355.169,1385.668,-555.625,-0.29475032757404235,839.345,54.579,-0.24773234339971928,35.427,-0.1766015089181281,0.5406046235921755,-0.18148005643196102,0.8451423619063289,0,0
136768,2019.0,125.568,-0.15667131208759055,-2.50380098987481,-5.922994702842376,12.43428869782202,0.6977382603155567,32.261,0.7233223545995473,-2.78,-391.296,-1.923,93.997,-77.4,-2.099324635872956,44.925,106.732,-0.5245395031106413,114.905,-0.31852415144557694,-0.07112832339758933,0.1764794063636023,-0.7013164668085183,1,1
137174,2019.0,8345.1,-0.06440727292885058,0.7288695055516281,22.486878481211264,1.794797400681251,0.3860963767812985,2804.623,0.6890097940740875,0.73,-408.982,4.218,458.195,140.217,0.07981531995118309,5773.108,4568.507,0.021147146386267184,4560.582,0.02751678367022804,0.0017377168089509785,0.8266580307308277,-4.045672061487985,1,1
136735,2019.0,10036.0,0.009865699191649162,-2.5968457072288023,-5.968779722589167,0.9726329243353783,0.45667109929078015,4903.0,0.5520616664627431,-2.6,-3037.0,18.0,2034.0,-1514.0,-0.16295339575933698,13707.0,9024.0,-0.09262204820751255,8139.0,-0.05071467839472237,0.10873571691854036,0.11214539007092199,-1.1065156664377127,1,1
136784,2019.0,462.411,0.004351168633542834,-0.1921509708848369,-36.37764601350551,5.828737305669977,0.15812913216597033,385.443,2.6613711402529763,-0.2,-111.135,1.294,4.655,-8.441,-0.1602285453958733,159.523,457.841,-0.04906645275297619,456.492,-0.20235055308719288,0.002955144887533603,0.00998163117763589,-1.0886790951742258,0,0
2918,2019.0,1547.286,0.011187317636862633,1.1496785532584062,8.55891411743881,0.7090112419462341,0.7930361010030518,298.937,0.04363458401305057,1.13,470.0,9.0,488.0,372.858,0.08283892468340369,9159.0,1444.392,0.011263911546130143,1232.775,0.006340515446181739,0.17165906187260443,0.07123689413954107,-0.006799938809340601,1,1
136824,2019.0,267.213,0.017033646253993957,0.4773217919451302,61.74031962778619,1.6616308503203263,0.38015661618681,131.713,0.0762259724466717,0.42,-82.079,173.731,180.601,46.21,0.02691322073383809,2586.0099999999998,212.494,0.016576478332379734,161.366,0.019282239566386424,0.3168449363558617,0.2575084472973356,0.02757931524702765,1,1
136846,2019.0,117.912,-0.4619434830102128,-5.943557945000773,-7.757979383171304,3.904485271338124,-3.764363736531514,449.694,0.10994959561166139,-6.03,-1106.804,-32.222,585.302,-346.028,-0.5032863685881632,255.27499999999998,94.387,-0.4030813424551259,43.011,-0.512160703909687,1.1944851317104925,0.24923983175649195,0.1460304270015671,1,1
73259,2019.0,206.547,0.013340951730448851,1.3074002193907686,34.4347502258939,2.7046735576362524,0.6659572568162876,67.335,0.468123844646125,1.31,11.109,11.879,43.008,15.494,0.07854488677552303,378.712,201.576,0.03598201595897855,176.842,-0.0026107760022128514,0.13986496420533573,0.0246606738897488,-0.629232788244598,0,0
17685,2019.0,187.573,0.01214739327657988,3.7940218276592277,10.582437799197132,1.113531932387774,0.9062640637353281,15.413,0.05465118366028322,3.8,433.262,0.281,74.388,46.583,0.10522451948380508,497.60299999999995,164.43,0.01548267401597624,150.133,0.009708171647113243,0.09522889704462041,0.14074682235601776,-0.21542020040948706,1,1
137431,2019.0,7905.224,0.020320831550898363,2.5998245828164963,6.765841094149526,0.8829714542917303,0.5538756846246705,3199.683,0.16315290393928733,2.55,5499.263,-831.223,2250.484,915.926,0.1305043145419484,41286.420000000006,7172.178,0.020835510035235556,6629.199,0.03012523063086318,0.08190718064128114,0.1022068888976264,-0.024701986342873523,1,1
141771,2019.0,25939.0,0.034107016300496104,1.8755760368663594,16.86948402948403,2.1263177454320226,0.17811789038262668,19869.0,2.6317221859351188,1.88,447.0,-14.0,104.0,407.0,0.12604521523691545,7566.0,24175.0,0.04430655345090355,24147.161,0.04916302226872652,0.0011528891533046034,0.07296794208893485,-0.23020380408757443,1,1
136924,2019.0,751.02,0.15268432143583952,2.212102866468374,26.612686458829128,6.962936971715883,0.3391578182405427,409.21,1.2760842775123955,2.22,218.902,-7.989,27.958,84.04,0.26163976276832557,402.21000000000004,619.225,0.17318765017908147,475.633,0.10069906557767473,0.30189663038519204,0.21283862893132538,-0.11838793771981357,1,1
136989,2019.0,522.8,0.10034392069593365,2.532994923857868,8.468236472945891,2.7457115009746587,0.27059790425313335,355.0,1.1198803497468937,2.48,,-20.0,10.2,49.9,0.32423651721897334,406.8,486.7,0.11481822365393464,497.3,0.09179170344218888,-0.021315101548361196,0.07417300184918835,-0.1260627668446339,1,1
55734,2019.0,472.649,0.01061838671439765,2.0241023017902813,12.123893134400776,1.2054632127393552,0.8695409359991065,49.056,0.04881960158429426,2.02,-78.979,-113.299,239.973,98.928,0.09942872304927615,1213.063,376.026,0.012843860652005613,308.776,0.00797975737344542,0.21779542451485867,0.25695829543701765,-0.17327141720900316,1,1
137183,2019.0,1168.957,0.03374554927629071,1.2271272978233705,11.97104817573249,1.546068529342593,0.4176193395359308,719.158,0.1498175111414474,1.21,-400.215,-60.012,50.765,366.284,0.12915063966384813,7957.005,1234.859,0.044438885128532016,1283.926,0.03280483150071347,-0.038216376956304345,-0.05336803635070872,-0.2406301558041482,0,0
137003,2019.0,14.874,-0.612120887651578,-4.0421055661083285,-2.300781077559507,1.218748656365152,-2.8301716531643537,191.003,0.15509401805096817,-4.13,-294.787,-15.837,270.138,-140.447,-0.5297108309226481,46.043000000000006,49.868,-0.436802950854342,39.508,-0.43663220432092126,0.26222537207654145,-0.7017325739953477,0.4013661914470404,0,0
137085,2019.0,4408.69,-0.02238048730030441,-1.2881553108615202,-7.2894936820312095,0.3780029006727014,0.4472834019305126,2288.04,0.26673769145635445,-1.26,1177.548,-28.441,0.0,-397.517,-0.05185585133361023,15142.348,4139.626,-0.025614093373327842,3655.574,0.0403020937012048,0.13241477261847254,0.06499717607339392,-0.12624323749793973,1,1
137114,2019.0,33669.0,0.011044746237779039,2.094227706507154,9.59781017964072,,0.08806342680957276,31056.0,1.269288110324264,2.12,,29.0,69.0,334.0,,24056.0,34055.0,0.012448751397689153,26223.0,-0.02732403842559713,0.29866910727224194,-0.011334605784759947,-0.11278280970176159,0,0
136891,2019.0,337.897,-0.21081836523284622,-0.4803796313195839,-2.851911094224924,-0.7755170988738506,0.2719382394591384,446.264,1.2171398955911175,-0.62,-203.931,9.282,58.169,-13.16,0.2719289182766815,397.931,612.948,-0.0261320063463444,648.616,-0.008196616287434356,-0.05499093454370538,-0.4487346398063131,7.067438926760308,0,0
137017,2019.0,889.152,-0.08905388228830723,-1.2386602744053108,-13.086719849623442,4.891931029499042,0.7578975870991035,201.175,0.30820695840402246,-1.27,-2351.785,228.938,1116.52,-243.123,-0.37380879897416025,1552.614,830.95,-0.09017654533733815,751.086,-0.13022317835443964,0.10633136551606612,0.07004272218545038,-0.012449612533183642,1,1
136934,2019.0,12101.3,0.05760643048526348,6.620997489228479,11.575295131086145,3.062657054378794,0.08697700415202805,11434.7,5.304981362250084,6.54,1208.1,14.5,184.5,213.6,0.2645856558900037,1901.4,12524.0,0.09047780413419179,10853.441,0.10521660083765222,0.1539197568771046,-0.033751197700415264,-0.36330870276399796,0,0
137004,2019.0,73.993,-0.247289594498778,-2.5695726421823997,-16.948343582539056,6.898668833058824,-8.62461582445858,134.658,0.04444112686256634,-2.59,-587.109,44.367,291.312,-118.871,-0.4070408886545198,23.090000000000032,13.991,-0.37758281690230316,13.481,-0.27867525573196766,0.0378310214375788,4.288614109070116,-0.34507190627066486,1,1
137236,2019.0,410.926,-0.006450646676489828,-0.1289004329004329,-220.4802525523912,7.99376086734172,0.8016033187577083,63.702,0.4219581621630146,-0.13,-407.595,248.982,468.093,-14.888,-0.036256130763648406,278.248,321.084,-0.019565325952968574,255.066,-0.04538294587519299,0.2588271270965162,0.2798083990482241,-0.6703021103764901,1,1
137001,2019.0,295.686,-0.13722439799447061,-1.6436691860828285,-27.81581621601079,-143.3754123408423,0.5463182347007007,117.377,0.8241123275540789,-1.66,-413.873,135.593,190.928,-52.627,5.154456415279138,114.32400000000001,258.721,-0.16763447676140905,256.735,-0.15669648535210073,0.0077356028589790635,0.14287591652784262,-0.1814070670570978,1,1
137081,2019.0,479.456,0.009707051238501359,-0.08724057664847525,-424.68770179372194,2.4082459959135876,0.3114313228630895,310.32,0.15746990970202682,-0.44,-276.475,3.516,11.759,-4.46,-0.005670628053842995,2751.044,450.674,-0.0015583676832278755,446.577,0.0005308365520302634,0.00917422975209198,0.06386434540266366,-7.228986485650784,1,1
137062,2019.0,282.293,0.046169277517184415,1.5232623634110622,20.18693610412661,1.1336599739601179,0.4583352929557063,115.172,0.4981398181988568,1.52,21.466,9.167,59.974,27.044,0.056158099877691464,364.976,212.626,0.06335863555430607,197.929,0.031520407711492955,0.07425389912544399,0.3276504284518356,-0.27130252864091875,1,1
137036,2019.0,1217.638,0.042466298796645506,0.6311669604442676,57.6392654875229,-1.3450309026084326,0.5623919492239606,726.979,0.7184692087590433,3.57,-1277.581,-4.349,156.024,33.301,-0.023335323433286804,2096.062,1661.256,0.014402201178436618,1454.673,0.04522823661515347,0.14201335970352105,-0.2670377112257233,1.948597806023377,0,0
137225,2019.0,1838.154,0.10720028329377024,6.83868410622275,6.612383215486264,1.5653959871513228,0.25253655942568476,1124.484,1.0780574041919837,6.89,431.774,-20.947,46.624,155.286,0.23673703355322034,1339.608,1504.4,0.1112783980772111,1257.96,0.1049234553084938,0.19590448026964294,0.22185190109013553,-0.03664785667215698,1,1
137039,2019.0,902.858,-0.03695130853277656,-0.32331021888803885,-254.98730069076063,21.036659036740147,0.7959202759996675,137.473,0.7532197431361718,-0.33,-233.477,385.137,566.329,-26.203,-0.08250081074528745,317.8520000000001,673.624,-0.029299159366942256,501.526,-0.0856610129502438,0.3431487101366629,0.3402996330297019,0.2611729937367451,1,1
137100,2019.0,64.188,-0.4857936454603346,-4.048190210846929,-3.137204365044648,2.214631685997439,-2.6946657573892647,222.127,0.1810164694547316,-4.19,-490.274,8.401,232.863,-171.453,-0.7059252214083672,95.262,60.121,-0.5162225634540692,157.742,-0.05249235723474992,-0.618864982059312,0.06764691206067763,-0.05894534673210202,1,1
137065,2019.0,7286.398,0.08314760883318653,6.176856057785391,27.798931753245967,35.72702410833256,0.4204521000965888,3864.703,2.1656727847616177,6.21,-264.532,-26.93,134.156,414.745,1.2851941371510025,2096.455,6668.479,0.13469367739119478,6110.043,0.13682026173649375,0.09139641079449042,0.0926626596559725,-0.3826910776836354,1,1
137047,2019.0,541.0,-0.004321762163669316,1.4482111532656141,12.857241126760565,1.7437710028653295,0.6457023060796646,169.0,0.09010200226671704,1.45,-79.0,-15.0,105.0,142.0,0.1356255969436485,5122.0,477.0,0.026822818284850773,411.344,-0.003776206461583822,0.15961336496946596,0.13417190775681342,-1.1611225978483475,1,1
136993,2019.0,6379.0,0.0479728295478667,2.283333333333333,29.404379562043797,2.712727272727273,0.10968018888173428,4148.0,1.0210387902695595,3.16,353.0,94.0,237.0,137.0,0.09225589225589226,3871.0,4659.0,0.03002410694718387,4454.0,0.08634828750602991,0.046026044005388414,0.369177935179223,0.597810373919093,1,1
137115,2019.0,1104.081,0.13254734069409102,1.5721458376085915,69.37015472170978,12.881029514061414,0.7273587641061922,235.074,0.5213615469177623,1.59,620.125,230.791,1090.161,229.832,0.18568546611631276,554.4950000000001,862.21,0.13897492148224114,685.571,0.11860071110635852,0.2576523802786291,0.28052446619732996,-0.046249932862681725,1,1
60769,2019.0,1255.631,-0.010305533163100636,0.4406387469168765,240.99106295804717,14.324902771473228,0.7802480977044568,274.936,0.5371868535376652,0.45,-684.994,-20.057,285.782,51.987,0.0594416348707793,1989.767,1251.12,0.022321386401674182,1164.039,0.002643213985521,0.07480934917129058,0.003605569409808967,-1.4616887579316167,0,0
137190,2019.0,867.567,0.14346811930010261,4.762255576274468,7.177271243123653,1.417917282582828,0.778869345092048,159.071,0.22836813418282262,4.8,1253.445,21.422,219.346,467.363,0.19755659700631986,2928.584,719.353,0.1483705723005069,576.511,0.14199504331490656,0.24776977369035455,0.20603792574716456,-0.03304194979092589,1,1
137111,2019.0,1154.229,0.046344224498588965,1.584953223909025,20.38545965433146,3.0548942159871504,0.6866968495225776,331.335,0.12329694228703626,1.59,-1689.038,-3.271,25.783,339.516,0.14985652851531622,8548.999,1057.554,0.039583117890457986,973.242,0.05251886259497533,0.08663004679206213,0.09141377177902968,0.17080783345166525,1,1
137194,2019.0,915.953,0.012415860625600995,0.4503344273191807,19.541033210332106,1.600531936998712,0.5850598764597645,371.41,1.1954593292233393,0.45,-599.766,-1.035,7.364,21.68,0.08190620832436069,682.646,895.093,0.02895515690275982,857.228,0.0259258122500397,0.04417144563640013,0.023304840949487947,-0.5712038215749542,0,0
137212,2019.0,3459.329,0.11537543249285684,1.5774745929706893,18.218993908407125,3.2274546762560323,0.8219749871727827,541.616,0.2993689983205039,1.6,-1519.384,248.018,6211.099,1205.596,0.17714779929569704,3806.2870000000003,3042.359,0.11863099223306856,2443.299,-0.01457852752865203,0.2451848914111617,0.13705483146466288,-0.027442742228908246,1,1
137231,2019.0,0.0,-0.3446567839495148,-1.1184634276314265,-8.466973318970876,1.9893249912393414,,0.0,0.0,-1.18,-200.551,85.993,209.917,-48.274,-0.23495113499201808,2.2580000000000098,0.0,-0.22469849515218374,0.0,-0.25882892761873655,,,0.5338633385866058,0,0
87023,2019.0,1626.373,-0.09872554822976139,-1.3324802160532596,-10.15399691267101,3.4259851263425953,0.550698109610936,747.185,0.38205648125684627,-0.16,-28.675,140.857,218.779,-169.726,-0.33740261650733444,4019.1109999999994,1662.991,-0.0389929460458893,,,,-0.022019361499851738,1.5318822566926613,0,0
137258,2019.0,0.031,-0.5292377750351108,-0.37394166879243956,-1.1499119672557172,0.8524512353706111,-4.959176552686672,34.158,0.08583536740592103,-0.42,-388.283,16.225,61.482,-30.784,-0.7413186919038673,3.8810000000000002,5.732,-0.4609832432351488,0.0,-0.9882153956161822,inf,-0.9945917655268668,0.14806293461115078,0,0
137249,2019.0,156.7,0.04009697873927639,-1.251048329779673,-28.903759462568704,3.9010138379584456,-1.8747136911065685,116.722,0.0704018504261945,-1.31,-324.248,9.718,294.361,-70.409,-0.1349656207529122,278.57399999999996,40.603,-0.12208270045705806,35.711,-0.12541591686276923,0.13698860295147164,2.8593207398468086,-1.328441118923154,1,1
137186,2019.0,120.368,-0.04577925381160705,-0.5628319017203827,-22.351256141571376,6.4454459281549745,0.6491826797669767,32.278,0.7626784263664848,-0.62,-234.086,44.104,77.995,-22.999,-0.28837063506990157,40.126999999999995,92.008,-0.19064473880535152,71.953,-0.3940942429673696,0.2787236112462301,0.3082340666029041,-0.7598714021772837,1,1
137189,2019.0,806.428,0.10849973344014534,2.2480805894780236,15.270804863793161,3.253342790313838,0.38282630679809926,502.883,1.4386383699989407,2.23,312.116,-6.103,352.119,87.257,0.2130433084131317,203.226,814.816,0.1540608778558565,719.7,0.11209057050367226,0.13216062248158952,-0.010294348662765622,-0.29573468001616476,0,0
137566,2019.0,99.219,-0.1686598647461954,-3.657018348623853,-1.9414723480049672,-7.937435897435897,-0.4836645248038064,114.757,0.49743075250975927,-3.9,-188.253,-22.47,38.514,-79.723,4.088358974358974,112.469,77.347,-0.512711183140077,71.834,-0.26892055889081007,0.07674638750452419,0.28277761257708767,-0.6710431324839736,1,1
137543,2019.0,254.19,-0.24744276056196435,-0.9662237549447205,-54.74922317866891,12.48004546542235,0.9129558100988575,23.527,0.9484521612194625,-0.98,-141.601,-8.529,158.915,-28.578,-0.22794927016032543,123.44300000000001,270.288,-0.10028142523282499,217.364,-0.058987215272752344,0.24348098121124015,-0.059558692949742545,1.4674834844785316,0,0
19522,2019.0,317.436,-0.14062547723711136,0.25197553314597454,20.121001180947385,0.6016390451752631,0.2619069651076314,215.363,0.5660204966449983,0.25,153.83,3.8,22.424,7.621,0.02990104914585246,487.23100000000005,291.783,0.014783733819076274,268.202,0.0638294998195653,0.0879225359989859,0.08791807610450218,-10.512175946759436,1,1
137458,2019.0,103.714,-0.3546705580644933,-3.8853148778042117,-11.190856177034679,3.6318069067905165,-6.83241091368094,403.33,0.07156476614810758,-3.97,-1030.916,12.484,459.977,-197.611,-0.32453342705301946,247.30600000000004,51.495,-0.27462831349244954,2.612,-0.6156640917121241,18.714777947932618,1.0140596174385863,0.29145663662331894,1,1
137407,2019.0,401.648,0.1017782918737527,0.95530258642337,5.882952773153421,10.5123125097855,0.14326263652527294,269.838,2.0605418277691636,0.75,,-9.067,15.931,11.413,1.786910912791608,128.014,314.96,0.07466650965306536,286.342,-0.004981526074888329,0.09994342429681988,0.2752349504699011,0.36310498972914423,1,1
47393,2019.0,235.582,0.014782399370774598,3.3399875937517622,11.85932548794489,1.2450662589736772,0.841263730852902,35.462,0.053170494400249804,3.35,252.324,-33.824,145.37,59.228,0.10498626251883365,750.2960000000002,223.402,0.014096480973035137,204.204,0.01244925633989011,0.09401382930794686,0.054520550397937385,0.048658838972048465,1,1
137696,2019.0,2960.0,0.03228436328061308,1.2025889130996785,11.25072737044146,0.8120849210307565,0.3066161468959487,2379.0,0.2757152041144327,1.12,,3.0,22.0,521.0,0.07218065946245497,12134.0,3431.0,0.04186756669881067,2803.0,0.03760890192357457,0.22404566535854442,-0.13727776158554358,-0.2288932501651648,0,0
137505,2019.0,361.943,0.046832491689747596,2.3805041553790347,52.161219596875306,8.711628063551789,0.5290957273024286,168.636,0.9526813124837056,2.44,61.208,53.681,240.349,51.845,0.16701350411050692,112.23200000000003,358.111,0.1379230535943261,249.438,0.07635091903210796,0.43567138928310845,0.010700592832948426,-0.660444788095424,0,0
7609,2019.0,988.154,0.011203038617313971,2.3358708364014378,10.330194471357776,0.9919531310512572,0.7983429199971379,166.283,0.04984381325242906,2.34,647.567,235.416,838.392,215.713,0.09602463281805741,3306.1929999999993,824.583,0.013039267712433108,530.061,0.006173033844883495,0.5556379360111382,0.19836814486837592,-0.14082302285796838,1,1
137457,2019.0,684.016,0.14638588654462303,1.343371442471418,31.219957990801436,6.415740981922913,0.2605583076124442,367.504,1.358790271428884,1.37,25.805,28.801,61.623,27.613,0.20550126889386688,279.796,497.002,0.07549320880995604,281.937,0.12678896375350415,0.7628122594764079,0.37628420006358115,0.9390603320774156,1,1
60767,2019.0,541.389,0.25502457714922444,0.7100742690913818,22.82859794475088,-7.480219955753872,0.25868681755501205,467.16,1.8791736370169585,0.69,-310.56,0.043,6.735,43.693,-0.32766882897746447,299.087,630.179,0.1302911295396736,529.169,0.12228598254381035,0.19088419767597875,-0.14089647544586534,0.9573441265744003,0,0
59540,2019.0,3160.464,0.05607380814358063,2.8345275000513253,12.30187394525846,1.4284861006098355,0.3597903652808913,1969.418,1.3931735488832269,2.81,743.687,24.362,70.138,138.067,0.11611939018123496,1912.421,3076.208,0.06252870169171282,2806.938,0.032437732909282015,0.09593015592079339,0.027389565334983802,-0.10323089035107348,0,0
137456,2019.0,0.061,-0.5880980627901237,-2.825885781947354,-4.0305946095779595,1.9679714524023106,,0.0,0.0,-2.84,-563.044,17.157,347.531,-155.127,-0.48825834474293006,-4.286000000000001,0.0,-0.4342788195047116,0.246,-0.20737157122041538,-1.0,inf,0.3541946702831158,1,1
137449,2019.0,23.904,-0.20163573029532533,-1.3026198120537742,-8.20653877753143,3.633288604983731,-2.584520725388601,22.138,0.015098730934062846,-1.6,-404.809,-14.55,302.626,-88.853,-0.44273093730224766,101.40200000000004,6.176,-0.21722272339447635,2.277,-0.4967406770126733,1.712340799297321,2.8704663212435233,-0.071755812907497,1,1
137477,2019.0,0.413,-0.46851334314857757,-3.85579445571332,-5.220713975085573,5.111224608918981,-37.7870742826495,144.637,0.016474631982610847,-3.94,-684.783,-209.49,175.812,-142.568,-0.979027894136875,42.102000000000004,3.729,-0.6298619824341279,0.262,-0.4078032052864568,13.232824427480915,-0.8892464467685707,-0.2561650707382145,0,0
137641,2019.0,1782.2,0.02602976422718912,0.7696148359486449,23.544244670991656,2.303612622415669,0.4377412526459968,903.1,0.4195157625303628,0.76,-893.6,5.8,54.1,107.9,0.097841857091041,3706.2,1606.2,0.028181889414161467,1520.5,0.03303397930780946,0.05636303847418615,0.1095753953430457,-0.07636553941947201,1,1
137487,2019.0,72.957,-0.6884215848501563,-4.471064143783271,-2.531835741104215,3.902185884682819,0.7503995737879595,5.622,0.0761584029862858,-4.49,-518.903,-41.16,258.784,-169.659,-1.54124764941542,24.628000000000043,22.524,-0.5736529254240038,0.355,-0.31152436910429465,62.44788732394367,2.2390783164624395,0.20006637173744654,1,1
137496,2019.0,1511.629,0.06199208898032614,1.830057494317422,18.409257689778624,5.522636083683109,0.3022675302596765,932.472,1.601173175120828,1.76,104.781,27.932,100.502,54.748,0.2999923286830541,637.2070000000001,1336.432,0.06559333283812052,1132.927,0.05568896481334586,0.1796276370851786,0.13109308965963093,-0.05490258997331305,1,1
137393,2019.0,1652.73,0.032715344323178526,3.2765908874726533,24.293542506125384,2.048398751429511,0.2745341797395043,1185.216,0.29874528264969624,3.27,316.783,6.91,21.323,172.234,0.08431865179452634,5272.808999999999,1633.731,0.03149483912093716,1539.633,0.0313037870293869,0.06111716233673866,0.011629209459819287,0.038752546014118164,0,0
137485,2019.0,854.8,0.029674845884201623,0.7504461662953233,17.736115657311668,0.9910325437438099,0.4463659450961422,457.8,0.5342076361522061,0.73,-335.2,-38.2,73.5,67.7,0.05587652690656983,1397.2,826.9,0.043736675495833065,730.6,0.04407020260678797,0.13180947166712284,0.03374047647841332,-0.3215111677377298,0,0
137502,2019.0,1.077,-0.5685999228928282,-2.390306340131411,-5.250373054405254,1.7535882914033623,-5.172489290813897,64.842,0.05455810789054102,-2.4,-116.652,-10.295,160.839,-56.024,-0.3339930845355908,30.43100000000001,10.505,-0.2909627259837858,0.062,0.4516898401783353,168.43548387096777,-0.8974773917182294,0.9542019376204017,0,0
137595,2019.0,1450.201,0.017321747188695696,0.35971446306641836,49.76169111302847,1.7871656063784622,0.42440024469685705,835.536,1.3066681309303805,0.36,-30.342,-2.584,195.353,11.59,0.035914486955821154,791.731,1451.592,0.010432878961500965,1406.677,0.025081507114359042,0.0319298602308847,-0.0009582582433632015,0.660303666189916,0,0
137946,2019.0,163.401,0.03052221368512326,0.6745664807201835,27.365723805742107,2.0632749883826427,0.613523553437279,60.654,0.1214937426553808,0.73,-198.19,29.883,36.792,57.923,0.07539632435922301,1239.003,156.941,0.04484030339954265,132.982,0.02183485712067484,0.18016724067918968,0.041161965324548765,-0.31931295350168004,1,1
137723,2019.0,3974.988,0.02787226687301855,1.2258164095412418,17.653540800696824,6.161541487344193,0.35569864254985056,2491.485,0.6659838546592103,1.22,-901.29,147.884,509.265,337.531,0.34902581623177736,5131.889,3866.956,0.05813104582699619,3598.484,0.04293067325808711,0.07460697338101273,0.027937219870099297,-0.520527001080125,0,0
137590,2019.0,447.752,0.029836341654189354,0.7316046855453201,80.45328462614644,14.591098184415292,0.6724243690864579,120.69,0.2443846142110734,0.74,-6.817,33.725,137.193,38.598,0.18136112468518586,1367.416,368.434,0.025602298754509655,296.379,0.005906240411590579,0.24311776475391308,0.21528414858563535,0.16537745068434154,1,1
137562,2019.0,436.16,-0.06260284016231431,-0.2980998999947366,-35.82691574263719,2.6692483562973743,0.5317605528248545,181.189,0.5842171772453663,-0.3,-322.937,-32.607,322.766,-28.318,-0.07450399513795526,322.527,386.958,-0.04275363741086702,322.115,-0.023966935580018278,0.2013038821538892,0.12715075021061717,0.46426933364041834,1,1
137583,2019.0,143.308,-0.16476374060893637,-0.2797635404116201,-7.756550395406235,1.582061991770731,0.6524385565586558,54.36,0.6169442318767405,-0.29,-415.04,4.686,77.332,-39.706,-0.20396463777347423,166.626,156.404,-0.1566225139440031,131.429,-0.22290635454188093,0.19002655426123605,-0.08373187386511856,0.05197992587351772,0,0
137494,2019.0,195.892,0.05622775521107506,2.2928704901538017,17.571860326615052,3.4871117552655475,0.7139354560456045,61.021,0.8940038473950453,2.16,58.187,-35.866,78.791,31.903,0.19844863835981139,149.895,213.312,0.1337074554804424,236.707,0.19233873953936162,-0.0988352689189588,-0.08166441644164424,-0.5794718027574791,0,0
137609,2019.0,212.628,-0.06502026980182665,-0.37169082515713114,-16.788146431545787,4.4630809660868485,0.8104580510974365,44.016,0.9845130492292561,-0.38,-272.39,-5.946,128.375,-27.617,-0.2658471549724209,99.299,232.223,-0.11708270447184113,235.429,-0.04781239715731706,-0.013617693657111013,-0.08438010016234407,-0.44466375204491204,0,0
138095,2019.0,7659.4,-0.011747839592210586,-0.9874213836477986,-25.288089171974523,0.7310311176578899,0.1771463397805939,7155.7,3.437640826975531,-0.99,-49.2,-16.0,64.3,-15.7,-0.02890812005155588,1841.1999999999998,8696.2,-0.006206269518124679,8364.7,-0.004910648353271304,0.0396308295575454,-0.11922448885720212,0.892898714421345,0,0
137594,2019.0,315.484,-0.07021459550599643,-0.813069943723441,-60.94186654236234,13.575577407174322,0.5566279552053089,106.897,0.5199258173035451,-0.83,-172.459,49.88,179.135,-35.397,-0.22276274386406544,275.41600000000005,241.1,-0.07633270076770464,193.978,-0.12294246176256374,0.2429244553506067,0.3085192866030692,-0.08015051478824,1,1
137645,2019.0,574.671,-0.19819350707346461,-0.6612268837979575,-75.19355491781894,4.08813073308284,0.859853461528187,57.708,0.5100228648151863,-0.69,-252.68,226.402,474.772,-38.33,-0.05436810026538668,315.23500000000007,411.769,-0.04747607616980903,286.752,-0.06103571739734722,0.435976035040732,0.39561501715767833,3.1745974617738053,1,1
137665,2019.0,1312.151,-0.007817335571108447,0.8647377061824432,88.82462213784228,4.833153072890632,0.5489522534963768,454.321,0.48760860683116874,0.88,347.464,-22.437,226.727,78.481,0.05441231222340934,1812.325,1007.257,0.037992300944760825,683.067,0.06411775336854154,0.47460937214065374,0.3026973255087829,-1.2057610457043526,1,1
137668,2019.0,328.006,-0.009436543803640283,-0.0037324776220233067,-11713.399095022625,18.134483145122875,0.6265446472925981,96.226,0.6528659676789994,0.0,-151.59,12.965,291.819,-0.221,-0.0015481828116681146,95.83699999999999,257.664,-0.0005599671621066927,200.225,-0.06996318137851415,0.28687226869771504,0.27299894436164923,15.85195926157238,1,1
137733,2019.0,746.534,0.09806391533443624,3.0847494792237695,11.14515140744953,3.87848269413441,0.2663765465546825,649.873,0.9687928913192071,3.26,-237.491,47.877,261.771,140.68,0.34799730863611184,632.8199999999999,885.84,0.15385372522214627,684.615,0.04205599455274737,0.29392432242939465,-0.157258647159758,-0.3626159185106259,0,0
137568,2019.0,6052.9,-0.11989331390989524,-0.0728034857426507,-130.35090151515152,0.9952177106830933,0.14247304844785033,6602.1,0.7199296808520586,-0.07,,69.2,100.4,-13.2,-0.007634912372028456,10488.2,7699.0,-0.0012343254691839424,5739.6,0.02019396838049688,0.34138267475085365,-0.2138069879205092,96.13265820331901,0,0
25250,2019.0,109.903,0.0049336540039590805,1.5814977973568283,41.41643454038997,4.915035579449171,0.4580412152113873,56.122,0.203746588778335,1.54,,0.773,6.057,6.821,0.11867355637907337,499.813,103.554,0.013420587153147373,99.823,0.046998342409364464,0.037376155795758585,0.061311006817699014,-0.6323816575490105,1,1
137637,2019.0,41.692,-0.02175327491975362,-1.1751075802714332,-3.148647887323944,0.6761932608739489,-0.8769122632928141,45.395,0.20404616474875983,-1.18,-110.926,0.359,104.905,-21.3,-0.21475670988687465,12.682000000000002,24.186,-0.17969830931731517,39.473,0.0027514314880038937,-0.3872773794745775,0.7238071611676177,-0.8789455782728528,1,1
142092,2019.0,860.969,0.0878711821050486,2.0635256301810183,25.65027505636401,3.1833234356955957,0.3058946421246997,489.059,0.727931582041319,2.05,-44.004,-3.21,23.282,73.185,0.12410484599874853,927.914,704.589,0.0756095721501385,436.152,0.04114999521413838,0.6154666263137624,0.22194499204500778,0.16217007458476462,1,1
137969,2019.0,0.0,-0.37557529269277357,-0.5753556156732699,-1.0009461701804945,0.9813479875086745,,0.0,0.0,-0.58,-241.551,-28.101,7.851,-19.779,-0.9804203430157629,13.666,0.0,-0.8833065380493034,0.0,-0.5594228678723194,,,-0.5748075254574758,0,0
138094,2019.0,1208.8,-0.10136380390711389,-0.710762331838565,-12.29665615141956,0.7283333333333334,0.11045573078355884,1432.7,1.3448563794255177,-0.71,-278.1,-2.9,21.6,-31.7,-0.059230194319880414,1015.4,1610.6,-0.026469605878423515,1329.2,-0.03786961784540896,0.21170628949744197,-0.24947224636781323,2.829441374105981,0,0
137704,2019.0,0.0,-0.8054635980825763,-1.4819768327998781,-5.600627362250276,2.51477983790898,,0.0,0.0,-1.79,-138.544,27.334,93.599,-38.893,-0.4490175252257037,-1.5600000000000165,0.0,-0.4090082131852647,0.0,-0.5057385398981324,,,0.9693091046016057,0,0
137685,2019.0,54.637,-0.6486636490336586,-4.775060144346431,-1.7884591485431187,2.606512321299438,-3.3355460259648715,147.608,0.144991354859591,-4.87,-342.962,-34.711,210.87,-130.999,-1.4574066863214106,17.373999999999995,34.046,-0.5578841125316207,0.571,-0.48067420075627365,58.625218914185645,0.6047993890618575,0.16272113591851478,1,1
139330,2019.0,696.264,-0.15036390966165308,-0.9529513372693935,-21.952852346001844,94.09703423021813,0.7907611286255765,127.298,0.9357466842828162,-0.95,-1133.875,9.33,217.518,-134.612,-4.2863238337844285,417.2119999999999,608.386,-0.20704410138411872,506.142,-0.2799304870602602,0.20200655152111457,0.1444444809709626,-0.27375902691045356,1,1
46348,2019.0,165.889,0.009973282209214578,1.5657989013613565,14.82310402684564,1.2846588914923645,0.935002649708532,9.812,0.05101408057561834,1.54,271.362,-9.442,276.0,26.224,0.0866659836675072,151.32699999999977,150.96,0.008861905465123313,138.676,0.0037474204789991975,0.08858057630736409,0.09889374668786434,0.12541058449169545,1,1
137706,2019.0,827.995,0.07529267027306717,1.6076862084345112,28.64364933803924,10.048368242914453,0.3603066896590412,524.537,1.2207944568759779,1.61,55.077,-26.915,79.168,64.883,0.35080614639315716,533.0129999999999,819.982,0.0965982262360443,764.281,0.10364984111248529,0.07288026262591904,0.009772165730467295,-0.22055845943708702,0,0
71879,2019.0,3156.0,0.15211146696602504,1.1518987341772153,68.34802197802198,12.27797236322617,0.3527821581437261,1723.8,0.8719594041578,2.27,873.9,-86.6,33.9,63.7,0.179639029892837,2870.1,2663.4,0.02085447700114585,2642.1,0.07946851110302149,0.008061769047348769,0.18495156566794319,6.293947815505863,1,1
137927,2019.0,816.416,-0.1120125657851734,-1.213313834021363,-48.1079159927985,15.125594681006714,0.753628416724287,147.514,0.48368701625926286,-1.24,-534.852,17.988,428.374,-131.084,-0.31440968432868577,792.685,598.746,-0.10589403326173237,430.492,-0.19749591220341164,0.3908411770718154,0.36354313849278336,0.05777976657398818,1,1
138617,2019.0,4303.0,0.09376415521666918,0.8831085420680796,64.63531636363636,4.383406165228114,0.6284167096441464,1441.0,0.6658653846153846,0.88,724.0,95.0,915.0,165.0,0.06781750924784218,4667.0,3878.0,0.028331043956043956,3189.0,0.017191977077363897,0.2160551897146441,0.10959257349149046,2.3095905453447356,1,1
137878,2019.0,2951.0,-0.06096794468887492,0.4795853431340902,24.270966923076926,1.0396130807248767,0.21458266709306045,2456.0,1.7420612813370473,0.47,-821.0,18.0,116.0,52.0,0.042833607907743,1350.0,3127.0,0.028969359331476322,2648.0,-0.029731275014293884,0.18089123867069487,-0.05628397825391749,-3.104566552240971,0,0
137974,2019.0,1958.814,0.01777680557666463,1.3173462286540212,12.130448057172735,0.8042247847043262,0.8329693265171255,305.07,0.1944798641049228,1.36,412.646,-390.973,163.216,369.127,0.06629802797999602,8863.344,1826.431,0.03930494434088002,967.044,0.012142794919436591,0.8886741451267989,0.07248179646534691,-0.5477208815641179,1,1
138079,2019.0,205.236,-0.2299392741138257,-0.40566064383703526,-11.314876288181226,9.008077498752701,0.8396620978094331,30.976,0.9182696649507812,-0.42,-404.067,18.78,105.613,-43.084,-0.796126910213057,102.62,193.192,-0.20478451615356463,176.491,-0.34624870077553704,0.094628054688341,0.06234212596794889,0.12283525352765398,1,1
130465,2019.0,8742.0,-0.04714933912014204,0.4855769230769231,13.983366336633663,1.3036800000000002,0.501728041949708,4181.0,0.32554801163918523,0.44,-10396.0,-1052.0,1606.0,303.0,0.09323076923076923,23770.0,8391.0,0.011755577109602329,4852.0,-0.014698965192850423,0.7293899422918384,0.041830532713621735,-5.010805992810763,1,1
138319,2019.0,1091.871,0.04376241517493197,1.5302818866871337,15.76833667700164,3.6055794912191277,0.3619695369245393,820.266,0.8792832350175259,1.51,,-7.264,19.744,49.347,0.22865946897734118,1409.8590000000002,1285.622,0.03375019235701462,1172.981,0.03211956105686357,0.09602968846042696,-0.15070603956684,0.29665676307875677,0,0
138008,2019.0,1775.392,-0.009051882811784947,2.6052626240084398,4.087879625591826,0.7426556969331713,0.2259023909618242,1652.244,0.7966944696810778,2.27,306.871,12.731,108.966,128.416,0.18167259434055688,2377.3799999999997,2134.413,0.04793276512960017,961.333,0.12297080425382322,1.2202639459999813,-0.1682059657620151,-1.188845412679835,0,0
138113,2019.0,298.283,0.016614218850628186,2.786967127424788,9.343490184637187,2.4857518591345236,0.9340488885811232,19.048,0.17461234873620365,2.01,,-1.521,22.676,143.958,0.2660410414110203,1631.3880000000001,288.82,0.08703290803741572,172.033,0.11004336465499284,0.6788639388954446,0.03276435149920373,-0.8091041742109125,0,0
137888,2019.0,340.212,0.10307070283514319,1.8306467617808553,10.979726083499964,38.43135593220339,0.6881526954558285,88.39,0.2963759197702104,1.73,,0.244,19.908,83.018,3.5002108103550045,873.4259999999999,283.44,0.08680685897362167,254.813,0.13597315436241614,0.11234513152782633,0.2002963590177815,0.1873566680538882,1,1
61413,2019.0,2066.277,0.15177909831087896,1.3178679158238404,16.9592109585795,4.524085450389554,0.64663404851957,773.217,0.5211329158677337,1.25,1612.095,-477.76,2.287,557.043,0.2667627321482703,4105.0019999999995,2188.148,0.13266627433505868,1764.219,0.021236660585732706,0.2402927300975673,-0.05569595840866344,0.14406693842588364,0,0
138157,2019.0,1194.651,-0.018468648579785897,-0.7729235044340632,-5.485665755635857,2.819850267783058,0.3464801708906009,750.461,1.644336222487288,-0.78,-569.03,-50.409,197.512,-109.034,-0.5140397525835408,352.3690000000001,1148.337,-0.15612886781726876,1179.741,-0.2150824584884845,-0.026619402055196858,0.040331366140775815,-0.8817089444253104,1,1
138110,2019.0,5.281,-0.3654602705345251,-1.4603707791480718,-1.2257161164538106,0.9662596599690881,-33.8584579976985,90.876,0.014220103418933958,-1.62,-365.55,3.385,168.089,-91.298,-0.7883225544627978,14.094999999999999,2.607,-0.49799271267427403,42.0,-0.4074590096451619,-0.9379285714285714,1.025700038358266,-0.266133296264589,1,1
67370,2019.0,1260.36,0.046241506845782286,0.7008865933703146,2.4397670267556664,0.6895461548095643,0.5547961318920793,647.208,0.30778438955441856,0.75,-1533.112,38.957,38.56,322.698,0.2826278686643714,4427.1089999999995,1453.734,0.06832158217420227,1115.848,0.036488725088615184,0.3028064754339301,-0.13301883288139374,-0.32317863002823227,0,0
138161,2019.0,855.0,-0.005793080939947781,3.4224598930481283,12.578671875,1.3432174638487209,0.6394293125810635,278.0,0.08197767145135566,3.05,,-32.0,223.0,192.0,0.1067853170189099,,771.0,0.020414673046251993,807.0,-0.007385348421679571,-0.04460966542750929,0.10894941634241245,-1.2837704491677546,1,1
138814,2019.0,1181.844,0.041300282288829766,0.6313885119855269,28.983739255014328,1.3656785560590337,0.10501081561590243,959.483,1.7610626882932132,0.63,92.475,1.873,46.428,16.752,0.04711878422735826,374.54200000000003,1072.061,0.0275183241945075,930.914,0.06158999827009573,0.1516219543373501,0.10240368784985196,0.5008283933609978,1,1
136980,2019.0,2176.683,0.023031275689564715,3.5884037776745625,12.493019954697443,1.8973656379005304,0.22782098361229858,1675.708,1.2202112495888309,3.38,-183.755,-62.423,126.141,92.71,0.15187405805648382,1555.9619999999998,2170.103,0.052129223796926,2032.925,0.09030696476374461,0.06747814110210662,0.0030321141438908322,-0.5581887852524894,0,0
138453,2019.0,1560.0,-0.004655099449851883,-0.8524581429732142,-18.64021140625,3.5505164583333335,0.7764705882352941,361.0,0.3091500765696784,-0.86,104.0,-23.0,687.0,-64.0,-0.19047619047619047,4358.0,1615.0,-0.01225114854517611,1569.0,-0.0723924142961342,0.029318036966220522,-0.034055727554179564,-0.62002750740584,0,0
138035,2019.0,2410.706,0.2054498015669165,4.336245176296453,48.59042591774225,7.438336018333583,0.6516497169941559,749.43,0.6980470041528457,4.39,1186.809,-210.533,1956.147,328.115,0.15308233829696802,1032.0790000000002,2151.369,0.10646230040853567,1646.186,0.17197280625472397,0.3068808749436578,0.12054510407094272,0.9297892378666321,1,1
61420,2019.0,51904.0,0.11883263628276053,0.023840485478977026,1773.8732727272727,4.516388760299972,0.6582809649300628,16857.0,0.45346742167965876,0.02,384.0,-2774.0,46548.0,110.0,0.0025460605499490786,60332.0,49330.0,0.0010111781144285924,48005.0,0.07401901123110817,0.02760129153213207,0.05217920129738496,116.5189955034893,1,1
12175,2019.0,882.679,0.01846117577885908,2.309520723289802,13.795069980847348,1.1690029737310517,0.8540382405182323,110.363,0.05226304011612335,2.5,-603.65,3.144,105.662,285.078,0.0847406338173028,14357.13,756.109,0.01970488772151133,537.915,0.02121402792230104,0.4056291421507117,0.1673964997110204,-0.06311692612663407,1,1
138240,2019.0,50.326,0.012463628117379576,-1.2581988051353756,-2.535370393756472,1.6419340170436887,-2.5692266271791078,53.028,0.18279239154506752,-1.4,-201.3,-1.444,56.42,-39.593,-0.6476111029327576,22.85300000000001,14.857,-0.4871305888432294,28.78,-0.32351274073887465,-0.48377345378735237,2.387359493841287,-1.0255858047160957,1,1
138303,2019.0,531.993,0.015462456645359529,1.1834064631841912,52.678434620224905,8.159830216798476,0.6734681088834193,93.794,0.5632038994855063,1.2,171.85,162.003,361.475,73.899,0.15489887419064766,145.02100000000002,287.243,0.1448954542602585,229.525,0.1282970210668032,0.25146716044003914,0.8520660207559455,-0.8932854262109138,1,1
61773,2019.0,3367.3,-0.031604600984151125,-0.41208791208791207,-99.4448,4.557067786561264,0.6586282979582958,1098.5,0.4450206751580025,-0.4,-2519.5,126.1,666.7,-111.3,-0.04582509881422924,6372.0,3217.9,-0.015392274820561757,3058.8,0.0946789312747506,0.052013861645089546,0.04642779452437928,1.0532768127250527,1,1
138248,2019.0,6.868,-0.62743900751741,-7.952610476027982,-12.04510145300658,5.204579898976906,-4.343436021844849,482.368,0.09475440981206144,-8.08,-963.844,-113.774,922.776,-372.882,-0.4320909972641027,-4.106999999999857,90.273,-0.3913929285560588,0.0,-0.5097209668319065,inf,-0.9239196659023186,0.6030923446475671,0,0
138867,2019.0,503.0,0.26151560178306094,2.0736153557450003,7.91371454427925,-13.005506090651561,0.5988183724032781,210.5,0.2742095636268618,1.5,,70.3,208.0,464.1,-1.6434135977337112,1692.6,524.7,0.2425398484452574,470.1,0.27266739846322724,0.11614550095724319,-0.041356965885267855,0.07823767294093317,0,0
138316,2019.0,347.337,0.07801310113594093,1.0533458118858212,14.857418924922257,8.478534407481481,0.5498785580737039,154.56,0.7806953125177625,1.06,-169.248,37.111,113.501,40.518,0.5706599814089744,308.375,343.374,0.09212174676182443,331.378,0.32143396776933136,0.036200351260494174,0.011541351412745185,-0.1531521722266145,0,0
138350,2019.0,0.25,-0.289529334117552,-1.1534503295481615,-2.7309368416704536,0.9859457565107597,-40.65198511166253,67.143,0.007550528115412539,-1.18,-321.342,85.429,205.079,-72.627,-0.361028399290142,6.709000000000003,1.612,-0.3401812688821752,1.849,-0.27808622867190014,-0.1281773931855056,-0.8449131513647643,-0.14889689526723165,0,0
138604,2019.0,0.0,-0.09068937858831477,-0.30753254718296114,-24.8754158545982,1.8432453400503779,,0.0,0.0,-0.38,-103.341,15.791,301.52,-22.063,-0.07409907640638119,-0.16699999999997317,0.0,-0.07298089391092645,0.0,-0.9302472763437458,,,0.24264548881795853,0,0
138383,2019.0,8.335,-2.0714034964543986,-1.1579626485568761,-2.5993929974781533,11.677065952401861,-3.98647619047619,52.358,0.16327419179275063,-1.26,-317.171,8.926,50.805,-51.153,-4.492227979274611,12.759999999999998,10.5,-0.7954252126451974,4.666,-1.1379304059349993,1.2503214744963564,-0.20619047619047612,1.604146139102026,0,0
138293,2019.0,442.33,0.039855814787307604,-0.23056217795893255,-65.79570046697799,2.231094308464914,0.2213143717246253,339.373,0.9680205052573596,-0.23,-110.888,-1.581,6.969,-8.994,-0.03390942406008234,433.693,435.828,-0.01997663395716818,401.701,0.01946868272981697,0.08495622365889044,0.014918729407013798,-2.9951216442550983,0,0
138404,2019.0,0.6,-0.5381363077886723,-1.6414534788984847,-1.1270499126429478,0.7119310984862737,-66.13020134228188,50.012,0.007095778725998171,-1.65,-415.241,14.715,97.284,-50.368,-0.6316766369439533,6.679000000000002,0.745,-0.47973178908869246,1.236,-0.7021439032750615,-0.3972491909385113,-0.1946308724832215,0.12174410791272794,0,0
62143,2019.0,1037.933,-0.11589783021285897,-0.49004278738328905,-3.428272067773504,1.2182228373702422,0.2811884558584265,717.931,0.7208628918815728,-0.16,-269.615,13.713,40.102,-61.617,-0.35534602076124566,1265.146,998.775,-0.044471886870483215,820.378,-0.029839203921095143,0.2174570746655809,0.03920602738354486,1.6060920363103017,0,0
62119,2019.0,262.977,0.05856426574501406,0.7893951081141606,47.87209802994484,8.269494653047,0.5089794656960374,142.995,1.3173322235692186,0.8,128.606,26.327,70.557,31.725,0.17274142962930697,134.36200000000002,291.22,0.14350787992834785,227.83,0.0010076995486471485,0.2782337707940131,-0.09698166334729774,-0.5919090591105196,0,0
138735,2019.0,697.6,-0.025505667926205823,1.2153364896854921,36.853990956521734,1.6335988899167437,0.631304614441208,240.5,0.355787062288644,-0.18,-276.1,164.8,384.5,57.5,0.044326241134751775,1279.0,652.3,0.03136249590923966,611.6,0.03611275558996311,0.06654676258992795,0.06944657366242538,-1.8132537665374915,1,1
62396,2019.0,3445.606,-0.024056308171415235,0.9087986971242447,44.32224663994341,1.3906929469759912,0.15122585668937039,2816.584,1.3399065897171163,0.97,786.607,44.918,302.806,42.41,0.03137686043474819,1922.3139999999999,3318.414,0.01712427637717985,2989.713,0.036911758578359356,0.10994399796903583,0.03832915362579835,-2.404807283037848,0,0
138726,2019.0,2634.0,-0.004024144869215292,6.742034943473793,2.5274268292682924,-2.296387811634349,0.5233431276526281,1460.0,0.4279128248113998,6.77,-5348.0,-3.0,17.0,328.0,-0.9085872576177285,6751.0,3063.0,0.045822855546241964,2006.0,-0.04285484130820042,0.5269192422731804,-0.14005876591576885,-1.0878196005300094,0,0
138802,2019.0,2578.0,0.0160692477449489,0.4134914258353014,88.22432031403335,6.037242790947552,0.6382872503840246,941.9,0.28252755837166915,0.41,-392.7,36.0,256.7,101.9,0.06843059566180916,8914.199999999999,2604.0,0.0110558979255273,2199.8,0.009806165182964507,0.18374397672515674,-0.009984639016897081,0.453454785236948,0,0
76020,2019.0,4089.618,0.159500066890288,6.363570645129125,15.034012402019735,5.587891104562449,0.20383787692467573,3677.441,3.3457050886449307,6.19,1835.404,-42.68,239.794,255.281,0.3716832842183733,826.6360000000001,4618.96,0.1849106597013974,3648.862,0.1309376987119767,0.2658631650087068,-0.11460198832637652,-0.13742091911923104,0,0
62469,2019.0,5014.3,0.040888129277625085,2.9355899748289755,22.612149710678594,1.409320894396905,0.11485972161809482,3255.9,0.3186168784484924,3.22,1377.3,29.4,492.2,190.1,0.062325825382774334,11042.199999999999,3678.4,0.016466145224298175,2698.6,0.014433752775721688,0.36307715111539324,0.3631742061765985,1.4831634071396835,1,1
140169,2019.0,9286.9,-0.015427726796822073,1.2159491884262528,14.58942542077771,2.109388268859612,0.22011004923255145,6732.4,1.6372999013731888,1.22,-1134.7,-345.4,121.6,172.3,0.1445833682973903,4225.4,8632.5,0.03267961459676808,8253.7,0.020897657299352834,0.04589456849655297,0.07580654503330433,-1.4720902307809907,1,1
138602,2019.0,0.443,-1.1727350016634013,-1.3645195120604956,-2.6309627442255574,2.116683191946367,-20.74353268428373,78.168,0.03465694922443629,-1.7,-215.452,11.912,99.102,-74.163,-0.8045279989585818,-1.6980000000000075,3.595,-0.7149550279087254,3.669,-0.8188376903331921,-0.020168983374216364,-0.8767732962447844,0.6402919846493033,0,0
138699,2019.0,9127.057,-0.33341279925013073,-5.554722969101247,-16.21683034438978,-24.717450177037442,0.25228221019256925,5068.909,3.5852521352830737,-5.63,-1084.469,290.501,963.739,-504.08,1.524185038143934,276.9369999999999,6779.174,-0.26658910014014864,4720.895,-0.2015933700510053,0.4359933868471973,0.34633762166305226,0.2506617827767609,1,1
64723,2019.0,469.333,0.1446083182562247,0.818834028966552,42.8169797049704,7.364896262207121,0.2814583347736013,311.809,1.4080182480686054,0.81,247.291,-19.463,1.994,42.572,0.17200877579303353,295.587,433.947,0.13813242828450634,405.232,0.1836309724374958,0.07086064279227695,0.08154452041378331,0.04688175001441517,1,1
138998,2019.0,769.615,-0.00422468853526995,0.03923460984146593,320.12552312233515,0.7319006598680263,0.24655394348727888,578.303,0.08765942536630403,0.04,-203.285,114.984,365.409,9.147,0.0022862927414517096,8266.234999999999,767.544,0.0010446577184182054,734.265,0.009686508603545257,0.045322873894302465,0.00269821664946899,-5.044088758245971,0,0
138792,2019.0,603.649,0.013087352260476198,2.6803129826705363,15.74069904252894,1.3505239626611814,0.8343925422093237,91.986,0.04584095085108223,2.68,521.505,-61.7,298.696,157.916,0.0857982202068837,2084.613000000001,555.446,0.01303280533949205,497.729,0.012385446001718902,0.11596069346973964,0.08678251351166445,0.004185355306340618,1,1
138677,2019.0,341.041,-0.0364990230014396,-0.12981001382020413,-29.350586198050284,1.5857320466397544,0.38276941730016095,179.195,0.12474825491834801,-0.13,-286.854,135.958,219.591,-15.592,-0.05402727004972366,2061.735,290.321,-0.006699738533164608,268.028,0.08486364663916858,0.08317414598474789,0.17470317338394387,4.4478279742954925,1,1
138737,2019.0,113.656,0.022502641884751665,0.808416220351951,12.92650955896271,3.932439824945295,0.5785147534933655,50.252,0.4149950399415235,0.77,,-1.405,12.383,21.132,0.304215133018542,270.98800000000006,119.226,0.07355505664908892,111.336,0.07224372946419857,0.07086656607027378,-0.046717997752168096,-0.6940707694359394,0,0
138973,2019.0,3066.262,0.0685639157777132,2.353467390473278,39.0742613950164,5.754594796321636,0.279008622100461,2070.631,0.9012872250049977,2.4,83.841,-48.181,144.709,153.905,0.14727328402055445,2998.0240000000003,2871.922,0.0482995744189411,2259.389,0.025886185001634882,0.27110559536228596,0.06766896872547379,0.41955527771328066,1,1
90083,2019.0,25.412,0.18273415683413416,2.993809327280231,32.69747311827957,5.730550132882339,0.8218117255968571,4.717,0.31659012629161887,3.0,62.821,2.122,19.365,14.508,0.17525972457115244,63.876000000000005,26.472,0.17350746268656717,29.864,0.1591312006039048,-0.11358156978301633,-0.04004230885463895,0.05317750605479472,0,0
138809,2019.0,6.829,-0.28162386507512,-1.3396372956390041,-4.710230164941879,1.7003318229858835,,0.0,0.0,-1.63,-208.875,47.268,119.306,-34.497,-0.360986992873811,2.4569999999999936,0.0,-0.28177377724050057,0.311,-0.6657271091259946,-1.0,inf,-0.0005320302224313046,1,1
62450,2019.0,994.852,0.0031018806467344325,0.7654345727141895,72.91282885498727,3.2843701106912175,0.5212228109108664,422.642,0.5449052229242747,0.8,361.392,35.023,67.359,42.017,0.04504516094449359,1498.629,882.753,0.025936227632881736,727.852,0.024755106758252977,0.21281936437627438,0.12698795699363233,-0.8804035540310461,1,1
138942,2019.0,245.862,-0.005857042426501105,-0.15083563108435089,-213.2122216004477,9.409673839669393,0.49720809161806484,97.158,1.380609438073804,-0.15,-201.385,5.37,7.554,-5.361,-0.044132900867675386,123.245,193.237,-0.038302432751044904,156.379,-0.031829723674383865,0.23569660887970895,0.2723339733073894,-0.8470843232185735,1,1
138922,2019.0,342.722,0.011569281407790887,1.9186641929499073,15.479519610118356,1.257314167139224,0.8171373409390082,52.093,0.06247561559452771,2.06,169.283,100.81,234.939,51.708,0.08122436605315367,874.4910000000003,284.875,0.011340023277443927,197.02,0.010351431381184458,0.4459191960207085,0.20306099166301003,0.02021672484596836,1,1
43524,2019.0,8066.0,0.010806538227148485,3.693069646873015,8.050213736199884,0.6935184382039346,0.7891017801331702,1552.0,0.045845325757858935,3.54,4289.0,1042.0,4222.0,1721.0,0.08614907143214696,36721.0,7359.0,0.010721539017431067,6454.0,0.010844449112488184,0.14022311744654478,0.09607283598314989,0.007927892588855569,1,1
142583,2019.0,625.012,-0.08299584726764911,5.258038638946453,3.4195260314029627,1.0700700482194863,0.3528108662054667,1093.804,1.574968012964418,5.27,222.684,61.988,67.625,235.965,0.3129293470476837,936.6229999999999,1690.084,0.21989281430931767,691.496,0.06799017115156882,1.4440980135821466,-0.630188795349817,-1.3774377417849633,0,0
138930,2019.0,356.071,0.21967979614943497,-3.0648580589432384,-2.952828426619025,-16.017780052343813,,201.181,0.0,-3.22,-985.113,-54.565,72.406,-209.339,5.4245549480448805,11.766999999999996,0.0,-2.1046075582856627,1.556,-1.4646610622897591,-1.0,inf,-1.1043804082545339,1,1
138727,2019.0,674.86,-0.0342490893843499,-1.6241221374045804,-77.41412859560066,20.197714201626056,0.8500350890872939,76.929,0.615118597810668,-1.66,-345.107,24.33,597.425,-63.828,-0.26090475431346344,228.71800000000007,512.98,-0.07653668731930936,375.612,-0.05576438375399305,0.36571781519227287,0.3155678583960388,-0.552514087244677,1,1
138980,2019.0,256.577,-0.08977171601953353,-1.01156475325405,-45.75090210599399,7.7647304099183225,-0.37627607321631495,293.089,0.2418333904914615,-1.03,-718.108,-584.4,621.402,-86.42,-0.1697175367587132,250.0569999999999,212.958,-0.09813785632036412,125.668,-0.1404362098703611,0.694608014769074,0.20482442547356755,-0.08524885925284444,1,1
138923,2019.0,390.255,-0.2207752664246399,-1.6258591065292096,-23.919661822985468,4.794494771532041,0.7157729757364656,110.078,0.8362678033149362,-1.64,-307.159,8.221,264.547,-49.205,-0.20044157843924018,175.06399999999996,387.289,-0.10624767876730667,326.674,-0.08073453494723118,0.1855519569968838,0.007658363650917037,1.077930256793284,0,0
139089,2019.0,297.891,-0.07446518852220621,-1.1368404322949779,-31.56995386551097,-162.2935482546201,0.7459360573617523,62.079,1.057258200604904,-1.15,-306.929,17.251,98.348,-50.071,5.140759753593429,127.30199999999998,244.344,-0.21665346954493728,207.869,-0.28168531845417366,0.17547108996531466,0.21914595815735205,-0.6562935794261029,1,1
138931,2019.0,4675.815,0.01760955325441604,0.2349185466083659,167.5048674024049,1.424188766392731,0.21771770950927039,3434.31,0.6051235101639456,0.23,-547.528,-166.044,155.932,24.284,0.00850237242940132,7000.353,4390.116,0.0033472508063161098,2672.064,-0.019005150656744078,0.6429681324998204,0.0650777792659692,4.260900444384871,1,1
138933,2019.0,222.637,-0.050520729522407576,-0.5043975987714645,-53.886061444782726,6.689853276369593,0.7230276545351435,41.514,0.31019375080194866,-0.54,-93.176,-5.588,16.738,-10.839,-0.12414812099831629,462.96599999999995,149.885,-0.022431798144859873,97.952,-0.06657564735706235,0.5301882554720679,0.4853854621876773,1.252192588224771,1,1
103215,2019.0,76.512,-0.4516231141860688,-3.5589905732185723,-0.9131802777046591,0.7907563982933136,-0.6533527053848248,127.452,0.2997954358072896,-4.69,-72.135,0.0,0.0,-121.568,-0.865936789919438,233.976,77.087,-0.47278440645271685,78.545,-0.0462520939670156,-0.018562607422496637,-0.007459104647995159,-0.04475886255517688,0,0
138981,2019.0,60.172,0.025216075174876257,4.571778269109286,2.521994576575643,,0.838511000346349,10.724,0.08442143722516662,4.29,,-20.08,7.78,115.794,,771.3980000000001,66.407,0.14720580514179143,54.212,0.025074251398764843,0.2249501955286651,-0.09389070429322209,-0.8287018969762255,0,0
138956,2019.0,4482.2,0.036520973892637136,0.8790322580645161,26.642935779816515,4.578667330511991,0.37757666098807496,2922.9,0.7034468295459653,0.87,-137.5,-76.5,696.4,207.1,0.17185295826072525,5501.5,4696.0,0.031022963883937264,4377.0,0.005371622610579316,0.07288096870002285,-0.04552810902896086,0.17722387935817352,0,0
140241,2019.0,152.489,-0.08919227288822441,0.37825953573985066,11.156361178696946,0.8441208476517754,0.23782516722886046,133.312,1.4187221685984734,0.38,2.996,-0.021,1.41,3.699,0.07566273932253313,110.412,174.91,0.030003163350556018,175.288,0.05282358210170596,-0.0021564510976222807,-0.12818592418958316,-3.9727622999649967,0,0
139088,2019.0,599.51,-0.07067275677548446,-0.7037655319588338,-140.24557259188614,16.403232560135002,0.8951932808179874,50.226,0.43956442098755577,-0.72,-304.924,102.48,744.728,-40.893,-0.11696078711781026,335.2500000000001,479.225,-0.03750870231612315,355.058,-0.10222725488692294,0.34970906161810195,0.2509990088163179,0.8841696036257085,1,1
80499,2019.0,2368.779,0.055514432449797785,1.6416337943775903,13.553570885421419,1.506835869802296,0.26632447812446103,1833.607,2.241754900237163,1.64,591.438,28.619,46.988,65.754,0.11117630051450784,998.0419999999999,2499.207,0.05898044928259021,2508.771,0.05000401251182339,-0.0038122251891465203,-0.05218775395555466,-0.0587655210319926,0,0
131265,2019.0,51336.0,0.0777886279905899,11.044197203225478,11.268360905730129,-8.620865202020202,0.19847033871071407,37413.0,1.1905272017751931,10.9,-4953.0,-230.0,549.0,3787.0,-0.7650505050505051,36081.0,46677.0,0.09658989466166756,43614.0,0.06055803022435985,0.07022974274315587,0.09981361270004499,-0.19465045217136043,1,1
142662,2019.0,233.073,0.08745226118146143,0.46750387752038824,4.748623715753425,0.4238740924722965,0.39470984138937265,128.606,0.6633634308693318,0.46,49.964,-33.761,1.466,18.688,0.08926251432938478,307.48999999999995,212.47,0.0583467585827932,137.212,0.08721971458902278,0.5484797248054107,0.0969689838565445,0.49883666729091636,1,1
63277,2019.0,3162.666,0.16890359816710254,3.504456636903238,36.1796458443383,11.249602880857617,0.7049505727286991,902.568,0.5938329151903541,3.52,1853.559,-634.838,3175.684,889.75,0.3109373411021947,1858.1729999999998,3059.04,0.17272178078436945,2539.004,0.10134745287831307,0.20481889748893664,0.033875333437941385,-0.022105970653658498,0,0
55183,2019.0,5401.516,0.015111310246763633,0.8391580112378682,16.897890278235728,1.3004009532936847,0.053296832816923524,3228.947,2.334941200793574,0.85,-106.078,-43.258,78.578,39.427,0.07695640887008154,1327.369,3410.728,0.02699122495950666,2443.066,0.05389685521895018,0.3960850832519467,0.5836841870709126,-0.4401398873361902,1,1
139170,2019.0,397.423,0.03847829401642379,0.9195774229094154,18.07351897289586,2.1006056332112313,0.39805110580928577,254.321,0.15094566119112793,0.92,-52.857,-43.319,457.522,105.15,0.1162256025714431,2334.101,422.496,0.037567068739697194,409.29,0.023776875278289054,0.03226563072637973,-0.059344940543815755,0.024255958936814814,0,0
61736,2019.0,110.758,-0.08575244136549535,-0.082845925807227,-56.12828820116054,1.7078142012182564,0.16874244256348242,82.494,1.6282198523379818,-0.08,-25.414,-0.86,3.477,-1.034,-0.030426978194979845,53.699000000000005,99.24,-0.016964725184577523,79.08,-0.04088626185338966,0.25493171471927156,0.11606207174526402,4.054749807763,1,1
141769,2019.0,3241.307,0.010215477052860428,1.3502591922845089,13.049346451912431,1.161502504863504,0.32358300556605324,2107.737,1.4496179207407676,1.33,119.02,10.901,47.338,56.002,0.08900848093379277,1928.4650000000001,3116.032,0.026052846311374358,2511.469,0.04329358801686615,0.24072086894164335,0.040203374034669614,-0.60789401162665,0,0
138297,2019.0,46.279,-0.18050702708066083,-0.4940628981920925,-5.383929879644166,3.606902716914987,-1.0398611731555618,59.362,0.2058921332097551,-0.5,-150.048,36.989,128.107,-26.754,-0.6699386503067485,9.884000000000015,29.101,-0.18928690188975597,25.275,-0.1698852477954484,0.1513748763600396,0.590288993505378,-0.04638395325530078,1,1
139695,2019.0,2222.14,0.014521250598639577,0.30365666896533194,40.83559252049785,1.0428024742777395,0.2965337491349366,1477.984,0.5446338837647152,0.3,132.42,-255.048,128.508,33.906,0.025536606913547144,3621.4310000000005,2101.002,0.00878930932142208,1932.575,0.03216775498748063,0.08715159825621252,0.05765725115920876,0.6521492267028427,1,1
4874,2019.0,655.407,-0.22915952579262652,0.767502207003558,17.71981875217846,0.8488376480802785,0.5013987025299351,341.324,0.4345592977609401,0.77,305.949,-19.151,98.586,28.69,0.04790329178597965,1419.951,684.563,0.018212357741743814,637.341,-0.0003623748839901404,0.07409220495778551,-0.04259067463476692,-13.582639164141783,0,0
139239,2019.0,1755.871,-0.1114642608401274,-11.236038190293012,-0.7128847254114856,0.7590061572310522,0.24731264282050072,1549.428,1.1844078012776584,-11.27,-887.936,-0.935,21.935,-648.443,-1.0646969000394064,1616.805,2058.528,-0.3730923008498737,2308.463,-0.02303471422299525,-0.10826900842681922,-0.14702593309393883,-0.7012421307375657,0,0
139375,2019.0,594.519,0.020476768828464848,0.5141763490396667,88.33545161077805,5.931178898291215,0.27568962138860464,332.683,0.7523110991725249,0.54,30.404,3.243,86.863,15.179,0.06714381134796321,511.20200000000006,459.31,0.024861923699331073,358.81,-0.000679974330969006,0.28009252807892754,0.294374169950578,-0.1763803526991039,1,1
139415,2019.0,221.722,0.003225201591881102,0.09374024223898503,167.2707433380084,1.0670451808003685,0.28622401006283044,114.626,0.0862673578469555,0.09,-123.86,-5.096,11.105,5.704,0.0063791501102148035,1813.135,160.591,0.003064113238967527,130.673,0.0031206633093343477,0.2289531884934149,0.38066267723595965,0.052572584741631366,1,1
139501,2019.0,642.41,0.004073593994448386,-0.256530510650562,-55.276075988152385,3.171501796835284,0.7255399146445924,144.826,0.27462885425584793,-0.27,263.731,-93.353,122.591,-39.164,-0.05737566822787944,1767.529,527.676,-0.020382894897770655,449.358,0.03499022187205425,0.17428865180991557,0.21743266701536532,-1.1998535544082076,1,1
60806,2019.0,197.413,0.01773993158793694,2.44041496329509,13.440337194012644,2.03592687585266,0.8968587075074663,18.062,0.05301938524773807,2.45,293.014,59.691,198.939,55.517,0.15147885402455663,309.6289999999998,175.119,0.016808440036767423,155.969,0.011742949692651604,0.12278080900691808,0.12730771646708816,0.0554180845534705,1,1
139221,2019.0,108.716,0.024386870098073117,1.5381610576923077,12.502006798202775,1.2211917108728008,0.19438916407311624,91.892,1.6337711445636451,1.54,14.637,-11.288,17.299,5.119,0.09767965500133573,49.24699999999999,114.065,0.07332025151467408,112.165,0.02691526620949466,0.016939330450675267,-0.046894314645158496,-0.6673924380470462,0,0
140122,2019.0,5526.0,-0.0071645081289611464,5.826209157981028,4.8436297487437185,4.7528714003944765,0.339409460680928,4385.0,0.9016571583808748,5.62,902.0,-355.0,1201.0,995.0,0.9812623274161736,5050.0,6638.0,0.13515349089921216,6183.0,0.10228986699574935,0.07358887271551028,-0.16752033745103947,-1.05301015964363,0,0
35481,2019.0,0.811,0.01575994452499527,0.574150360453141,17.956968609865473,1.317411501513357,0.8903765690376569,0.131,0.07659274451993335,0.57,15.139,0.209,5.476,1.115,0.0733649164363732,9.921,1.195,0.07146519676964491,1.145,0.03552023906547134,0.0436681222707424,-0.3213389121338912,-0.7794738524852232,0,0
139498,2019.0,216.824,-0.30957611364366217,-1.7137425312330254,-6.453711568938194,5.158335506274754,0.5151490531418629,71.612,0.5219802162150701,-1.94,-516.717,100.705,125.885,-129.355,-0.7992820024839501,149.262,147.699,-0.4571510360158185,68.221,-0.5845232568055411,1.1650078421600387,0.4680126473435839,-0.32281436712537587,1,1
139395,2019.0,1149.087,0.016978209663114318,1.7203865558161016,9.997753087439595,1.0616980086221217,0.14931294160783298,900.203,0.3338100815529669,1.75,-236.912,31.204,161.608,193.688,0.10619366164943174,2923.5119999999997,1058.207,0.06109863861780449,945.277,0.031734261909255844,0.11946762694956088,0.08588111777752355,-0.7221180365520162,1,1
63577,2019.0,417.199,0.1463585198017078,1.403017534321055,36.14352547955822,8.319335508061254,0.30374970686888547,264.243,0.8093279253458895,1.37,339.171,2.265,214.046,72.254,0.23017498701853087,252.339,379.523,0.15408072743402088,347.799,0.09396276976903425,0.09121360325935396,0.09927198088126407,-0.05011793337761732,1,1
139819,2019.0,2988.1,0.02174189043356821,0.45743374330313435,143.4524692607004,13.952548732181153,0.5424984023157025,1217.0,0.43727192030772266,0.5,92.7,349.7,951.3,77.1,0.09726252049955846,5070.499999999999,2660.1,0.012673833711411382,2231.9,0.023770106128992906,0.19185447376674572,0.12330363520168415,0.7154943743653547,1,1
139897,2019.0,1057.611,0.0021092286226828782,0.08966078787610228,173.65450793846912,-1.7728207126990914,0.4213882397797243,588.815,0.22156498118741885,0.05,-2343.113,-21.739,38.026,16.187,-0.010208895431192916,4460.732,1017.634,0.0035243244137683582,916.032,-0.002179866339713659,0.11091533920212392,0.03928426133560798,-0.40152256856865204,0,0
63237,2019.0,2268.095,0.013310612009723423,0.5517082960562903,38.38985230310733,0.7736459272671069,0.10139627853876831,2306.235,1.3509253425259624,0.49,573.15,-284.444,458.102,22.817,0.02015235487646007,1019.628,2566.465,0.012010319073283633,2466.811,-0.015240900636384485,0.04039790644682547,-0.11625718644127246,0.10826464546909732,0,0
119053,2019.0,4565.834,0.003135684471079804,-2.3066385565797214,-0.51156692782839,-0.08983143970498216,0.11785096400188877,4390.147,1.1672350017813489,-2.33,-1610.09,83.638,130.258,-235.231,0.17560056136998164,3898.5789999999997,4976.65,-0.055171622819372164,5373.74,-0.12092696849221939,-0.07389453155530416,-0.08254870244039662,-1.0568350958489259,0,0
139791,2019.0,1425.66,0.09805074721133877,2.7974941914750397,12.546942941637624,2.874177287663049,0.3547245787351545,604.776,0.9717617515075606,2.85,190.609,28.582,317.942,128.833,0.22907391075518127,539.451,937.237,0.13357878714986024,607.045,0.1312511207615721,0.543933316310982,0.5211307278735262,-0.26597067316282064,1,1
137421,2019.0,1018.874,0.06650009715034769,1.1306357533291758,21.66922452952628,-17.744858645977256,0.12783713960131757,893.946,3.334014247145692,1.15,-107.662,-2.356,60.26,30.82,-0.8188968009352747,151.39000000000001,1024.976,0.10025046352015093,990.602,0.09736119750114937,0.03470011164928007,-0.00595331012628597,-0.33666045207879985,0,0
140312,2019.0,1851.063,-0.033075874759605405,-0.5124571620797679,-8.390945269549519,0.45385750552562204,0.25990898649050476,1505.821,2.1503762497622017,-0.52,-244.577,-2.101,14.013,-24.374,-0.05408896029540996,745.3489999999999,2034.643,-0.025760426134562135,2203.617,-0.24303630350333089,-0.07668029426166169,-0.09022713075463358,0.2839801091344646,0,0
64027,2019.0,812.97,0.05525185447801898,3.55586430473544,19.13740069028393,2.3218597990545295,0.38960473416953734,470.97,0.6098874258767139,3.56,575.309,-15.039,30.477,92.136,0.12132576605522709,1171.612,771.582,0.07282775890388436,685.74,0.042606414882374787,0.12518155569166153,0.05364044262307834,-0.2413352365965493,1,1
140115,2019.0,1167.997,0.056659763800787535,28.890057864281953,28.38692825928624,6.032091369406133,0.6546948367753277,370.269,0.4655605987059934,28.98,850.196,102.361,264.113,164.76,0.212495389226654,2013.642,1072.295,0.07153419930410891,960.029,0.10549742621585886,0.11694021743093186,0.08924969341459206,-0.20793460537786423,1,1
139879,2019.0,818.379,0.062173874705644366,0.646987609791938,73.52536475203571,14.211979206681,0.728274139339035,164.039,0.6693932811517646,0.64,-161.255,51.543,624.287,77.491,0.1932935559668544,251.019,603.693,0.08592439327560761,441.231,0.13507644699405366,0.36820169027108246,0.3556211518106058,-0.27641182747467347,1,1
140138,2019.0,2624.121,0.07334781638602392,3.8974952276276977,11.545876870102111,1.4512012894343613,0.25825616368089066,1768.502,0.9713664239726448,3.86,441.867,44.408,100.929,134.752,0.12569000221994633,2040.4299999999998,2384.249,0.054899286258759825,1906.266,0.09038500779343706,0.25074307573024945,0.1006069416407432,0.3360431689459426,1,1
140363,2019.0,1565.3,-0.013509533976293899,3.9369326325848064,14.706881067961165,3.925646258503401,0.4380059309128797,701.2,0.7889345558014543,3.88,172.8,124.4,711.5,247.2,0.2669258179462261,743.5,1247.7,0.15630730319317104,1001.6,-0.08386730472868846,0.2457068690095847,0.254548368998958,-1.0864293203216375,1,1
76223,2019.0,746.684,0.050353580183050486,1.370990237099024,17.87029501525941,1.693792005337072,0.5683412799432435,330.989,1.4455812515435502,1.33,662.842,-35.338,22.363,36.371,0.09478254297932667,489.30199999999996,766.784,0.0685685091236782,763.385,0.06369693535273187,0.00445253705535215,-0.026213379517569513,-0.265645690323719,0,0
139982,2019.0,868.548,0.040039516672282935,0.8772647013664978,27.745331553960927,2.204898579398761,0.5817683757763857,331.766,0.13459875941480703,1.27,,7.003,9.596,137.127,0.07946917394411132,5682.401000000001,793.259,0.02326746255923254,655.898,-0.029992686415441894,0.2094243312222327,0.09491099376118013,0.7208372666487963,1,1
139930,2019.0,66.512,-0.4913055642693029,-5.373708472420919,-10.03217801573685,5.665832165896198,-5.4532018597965,287.303,0.08242736853018937,-5.39,-597.725,-331.643,494.223,-236.642,-0.5647659119493853,42.60300000000001,44.521,-0.4381253193711073,21.426,-0.206946126859447,1.0778960141883696,0.49394667684912735,0.1213813549386541,1,1
139943,2019.0,487.821,0.13873083753125792,1.4438082582611924,10.721645281793082,3.5041046244289547,0.8642005485852275,82.779,0.3482998918933744,1.36,,-0.228,5.414,295.536,0.3268252709665219,1740.5610000000001,609.568,0.1688657489412179,429.659,0.09970941056842236,0.4187250819836196,-0.1997266916898524,-0.17845484711319357,0,0
140161,2019.0,690.45,0.19178700361010828,-8.100079428117555,-0.17654147872131787,-0.5650878844946642,0.20592976057415152,674.92,1.6302867555385059,-8.14,-214.96,-1.92,27.65,-203.96,3.200878844946642,370.57000000000005,849.95,-0.39121511460631053,892.98,-0.0053704067894044145,-0.04818696947300048,-0.18765809753514912,-1.490234135772357,0,0
140045,2019.0,61.286,0.014889846070705436,0.23627582506037023,122.01840790370204,1.9776523141143862,0.3989194699286442,29.483,0.11498698923974962,0.19,-65.707,0.262,2.392,4.403,0.016207819361773398,420.98199999999997,49.05,0.010321869798626251,37.414,0.009098780089484297,0.3110065750788474,0.24945973496432222,0.4425531770113146,1,1
61248,2019.0,490.215,0.016411249578982823,-1.7395233525271914,-20.407889292446324,1.3321289238341034,0.16615593830830225,362.994,0.7394775554022974,-1.75,84.023,-36.526,9.802,-21.751,-0.06527519356581238,541.752,435.326,-0.03694788803690882,395.209,-0.01638740533820935,0.10150831585313091,0.12608711632202063,-1.4441728729552532,1,1
100985,2019.0,13210.0,-0.04324428214491639,-6.778611244924644,-0.4160144162436548,-0.2135631009771987,0.12511480042387849,12384.0,0.892553124408853,-6.99,-3553.0,-367.0,196.0,-788.0,0.5133550488599349,14776.0,14155.0,-0.049687874393089096,15353.0,-0.14091690544412608,-0.07803035237412884,-0.06676086188625928,-0.12968138256823716,0,0
65852,2019.0,991.329,0.08045745154994084,4.0479321314952275,22.238515141988895,4.083309763435185,0.41501070652815797,569.607,1.0970619351771211,4.04,679.432,-28.233,43.458,133.602,0.183614316754693,735.003,973.705,0.15052779708796168,903.221,0.13917699406207407,0.07803627240730678,0.018099937866191414,-0.46549771466511847,0,0
65355,2019.0,434.338,0.08549761708486384,8.285286163292158,15.811161789485755,4.4493155514068805,0.4559642046522387,225.789,0.20063192680632352,6.33,69.207,-77.503,38.467,226.702,0.28140345476482476,2030.127,415.026,0.10959231245957399,402.316,0.07382155351094846,0.03159208184611111,0.04653202449966993,-0.21985753228446672,1,1
66073,2019.0,11863.743,0.16342312225259054,51.95928832258566,14.759247571654146,-12.984483860677276,0.5631215256788631,4902.247,1.200502943196626,49.59,-1444.629,-75.446,277.268,1337.536,-0.8797524262425552,4660.339999999999,11221.077,0.14309819856253037,10888.676,0.13832605760330616,0.030527219287266868,0.057273112019461336,0.14203479774190647,1,1
66069,2019.0,7863.4,0.14290924810201822,22.42445369979634,16.65592415316642,4.649120276797643,0.9567860761757168,290.0,0.5718863181217777,22.65,5242.0,655.0,2809.9,2444.4,0.2791271282244528,8706.4,6710.8,0.20830883292854405,5872.227,0.13674941689488454,0.14280323291316913,0.17175299517196152,-0.31395492887697074,1,1
140142,2019.0,199.676,0.12326548795097313,0.7413387036215312,86.58660297435425,-8.364428368100342,0.7906855288841306,32.063,1.096115177926139,0.74,-226.159,14.548,16.955,21.719,-0.09660187697371347,120.044,153.181,0.15541435001323803,105.552,0.22784472111886245,0.4512373048355313,0.30352981113845695,-0.20685903238360226,1,1
140170,2019.0,1434.788,-0.2344231283705849,-0.7363559634336254,-6.749453045541868,1.7042795860520858,0.4362859899879826,852.326,0.9976483738214651,-0.76,-319.133,131.99,723.449,-185.829,-0.2525063252610954,540.4410000000001,1511.983,-0.12261513499746296,1615.519,-0.17520787573281923,-0.06408838274263569,-0.051055468216243134,0.9118612753265359,0,0
140310,2019.0,1317.44,-0.07219796277020375,0.6875812653885524,25.742411684235936,1.1573400793385198,0.2802741565885354,977.428,0.8666299948821163,0.01,-170.446,-30.213,19.478,24.854,0.04495849470262526,1381.832,1358.056,0.015860334104632,1215.294,0.02319265994754954,0.11747116335635652,-0.029907455951742774,-5.552108568073505,0,0
66193,2019.0,12937.0,-0.05427291523087526,6.388623094156272,2.8550753004484304,0.757593755354593,0.13210607984200876,12305.0,1.2910216718266254,6.31,186.0,-557.0,1003.0,1115.0,0.26534983341266066,7444.0,14178.0,0.10152977599708614,12250.0,0.03924153315757453,0.1573877551020408,-0.08752997601918465,-1.5345517085788987,0,0
140026,2019.0,306.214,0.012555634650374634,0.1432289270645759,123.01984215839224,0.9404484669230565,0.5824979536297824,117.822,0.08527236017281274,0.01,-608.638,-4.034,103.693,10.897,0.007644689266567235,3174.256,282.207,0.0032926642811947986,259.295,0.007755228979182814,0.08836267571684751,0.08506876158280981,2.813214338942144,1,1
11334,2019.0,988.479,0.06039412521406982,1.0783810270482164,81.1216052636362,6.682801990812556,0.5459585212163555,439.321,0.7590241981475829,1.07,131.038,-10.818,169.351,55.019,0.0823800511478316,1042.0549999999998,967.579,0.04316004414924453,903.923,0.03683065029066408,0.0704219275314379,0.021600303437755566,0.3993063817365663,0,0
66249,2019.0,1122.599,0.09097921754643823,1.984651523609973,27.23903887251088,7.114389029834584,0.9199698502853217,47.992,0.22478356568597757,2.09,-999.309,149.19,2085.421,273.741,0.2611835558197426,553.7030000000004,599.674,0.10260988145966839,507.666,-0.004515803041397131,0.18123727017369684,0.8720154617342089,-0.11334838075806257,1,1
140224,2019.0,82.387,0.3925965187926514,2.4064741982885294,5.63895511934053,-4.333544869848456,0.6942768094652003,30.801,1.2415951888001577,1.78,,0.067,0.569,55.681,-0.7685013939879096,77.398,100.748,0.6861998422557428,106.993,0.6380001734078987,-0.05836830446851655,-0.18224679398102198,-0.42786853826420307,0,0
140316,2019.0,1408.199,0.08841363523314373,2.1428594102149003,36.47929473458111,5.224811510504407,0.40304436122145,741.047,1.071073155116941,2.16,342.441,12.707,51.941,135.013,0.14322676873331833,1029.6309999999999,1241.377,0.11649063893708646,1077.032,0.12289936707702472,0.15259063797547337,0.1343846389936338,-0.24102369048818062,1,1
140235,2019.0,77.429,-0.39336427426929665,-0.6641803617650213,-0.5390102156116683,0.6456955248618783,0.5310572715004603,37.182,1.2588952574504233,-0.74,-477.137,-1.968,23.625,-43.365,-1.19792817679558,35.913,79.289,-0.6885191242081197,78.115,-0.57122753150387,0.015029123727837249,-0.023458487305931457,-0.4286806851999744,0,0
66452,2019.0,734.902,-0.05768009526988155,-0.08283567713350029,-121.0830930232558,0.7451453882565932,0.39826724311680495,423.946,0.9943125045866898,-0.09,20.648,0.047,7.647,-1.72,-0.006154000279076757,662.7579999999999,704.542,-0.0024274173972440344,579.476,0.005364601104300895,0.2158260221303385,0.04309182419217025,22.76191887533169,1,1
140221,2019.0,502.363,0.09596826096855678,0.44746580183776147,115.91947314625533,8.98829110663607,0.6556074521871894,144.815,0.9535335669013686,0.45,-64.031,49.732,146.061,21.524,0.07753909556934893,274.71000000000004,420.494,0.04880891640305226,338.937,0.07870767757055869,0.24062583902023094,0.19469718949616396,0.9662034734816488,1,1
66144,2019.0,1864.439,0.0674818810874627,3.513657317157076,20.59108031017062,2.3933445691690487,0.22654585598627175,1377.412,0.8448197178902586,3.42,493.693,-42.63,71.793,153.206,0.11623210308139569,2029.295,1780.858,0.07267926454500861,1779.822,0.06975621296267567,0.0005820806799781429,0.04693299521915848,-0.07151122799718614,1,1
140255,2019.0,302.328,-0.21423790366871706,-2.0642365865051624,-6.762790704933128,26.947288103973637,0.3846243411707173,158.554,0.9607824858019697,-2.22,-575.081,37.983,158.465,-128.154,-3.98464025869038,95.119,257.654,-0.4778816501411413,210.939,-0.7624848973016511,0.22146212886189848,0.1733875662710456,-0.5516925506441975,1,1
66622,2019.0,2406.908,0.23341109701360185,4.378989547038328,42.48011967185722,-1683.6247240618102,0.598511143381519,888.592,1.4396483817272463,4.34,1126.137,-63.881,123.794,377.031,-39.63323872595396,1344.0209999999997,2213.242,0.24524750073015303,1969.058,0.15357858220070317,0.1240105674896322,0.08750330962452353,-0.048263096183699034,1,1
26802,2019.0,1441.689,0.010698428146728526,3.7804607498569642,9.165549464125768,0.9630647542952091,0.8358880104278334,215.546,0.04651552365574798,3.72,1062.883,-3.576,494.466,323.77,0.10507441567629666,4591.255999999998,1313.408,0.011466605269666032,1168.362,0.007888181212189632,0.12414474281087523,0.09767033549361674,-0.06699254965806276,1,1
66618,2019.0,1410.0,0.029275808936825888,0.2962962962962963,114.885,1.796613317043372,0.021555102680670953,1248.3,0.44055388652923094,0.3,616.3,-31.7,224.1,12.8,0.01563836285888821,,1275.8,0.004420042128526537,1421.3,-0.0035497462097336028,-0.10237106873988602,0.10518890108167428,5.623423054699539,1,1
66830,2019.0,910.178,0.05091263233034612,4.554182725005668,14.78640714836847,-5.873977050817459,0.4803971157503032,405.774,0.44004045799806163,4.43,10.354,37.233,185.679,80.354,-0.397255194712097,1545.533,780.931,0.04527802195325354,604.819,-0.18885352865892677,0.29118132862889573,0.16550373848649874,0.12444471145205785,1,1
65727,2019.0,1514.1,0.04062377145852444,5.648290729904527,15.808322246455836,1.9578918827660725,0.17983479412321082,1300.7,1.1173818079334885,5.53,101.4,75.3,162.6,91.7,0.12385197190707727,1135.3,1585.9,0.0646093144507856,1397.5,0.032775050534218884,0.1348121645796065,-0.045273976921621904,-0.3712397074036671,0,0
66825,2019.0,1170.947,-0.10890643252503734,-0.8944124501627535,-32.99372676960183,3.92422772425157,0.8768772720543483,134.73,0.5995998919456198,-0.9,-1188.648,75.466,539.295,-139.311,-0.11893860162129627,1245.9450000000002,1094.274,-0.0763345017306783,903.374,-0.08788261026570376,0.21131890003475842,0.07006746025218548,0.42669998566675155,1,1
64331,2019.0,4200.819,0.21509889032827273,1.8264628197676556,26.94826276631313,7.410818718098337,0.6178725845329737,1454.829,0.8410149482282654,1.78,3881.781,108.891,958.163,993.004,0.27500172394646105,3319.9679999999994,3807.183,0.2193567284920269,3368.46,0.1712953338459599,0.1302443846743022,0.1033929811096552,-0.019410565579751182,1,1
140191,2019.0,157.463,-0.021594103421347686,-2.0598856117528315,-15.695046276132405,1.4770124332514867,-0.4035684662946766,297.826,0.07377830071249857,-2.2,-344.132,115.623,532.857,-73.472,-0.09410691802149015,2315.154,212.192,-0.025545917423600763,234.106,-0.02657019536950743,-0.09360716940189481,-0.25792207057759015,-0.15469454225206913,0,0
66837,2019.0,4162.821,0.1414696100783017,8.217578731208754,20.165307254150896,9.533848195899939,0.8893820278731078,337.119,0.48793576199931543,8.24,-2988.819,990.727,3173.152,2096.896,0.47278467299016524,2961.759,3047.597,0.33572370218021497,2488.652,0.07430427516642629,0.2245974929399531,0.36593552231479415,-0.5786129809733795,1,1
67219,2019.0,1256.524,0.02831188944193511,2.4057192844861386,35.964295817032806,4.100527279667523,0.4338826724877732,679.471,0.9146086834597283,2.41,587.638,4.305,6.214,79.752,0.114016615271124,1202.472,1200.23,0.060773244897461526,1127.815,0.05247317864271457,0.06420822563984338,0.04690267698691073,-0.53413892100539,1,1
67218,2019.0,413.298,0.02995673294593831,1.4073146403635155,24.983752027846464,5.115561045142898,0.9060894086840482,37.298,0.6199803624363691,1.39,43.029,-28.338,139.513,63.491,0.2047555162827897,490.50300000000004,397.165,0.09911037778114262,397.572,0.052060752617855685,-0.0010237139436378372,0.04062039706419242,-0.6977437316192122,1,1
5105,2019.0,1213.977,0.10815560172602576,1.8856265705417719,5.5472277297167425,1.0377704570016228,0.8036166812593873,220.705,0.19793715948530788,1.83,1523.061,55.187,637.957,670.097,0.18707911547280473,,1123.848,0.11802049455053205,1066.054,0.0633083127161336,0.054213013599686194,0.08019678817776081,-0.08358626916516192,1,1
68571,2019.0,1131.157,-0.17640698564799298,2.4069526663256107,10.307639342934932,2.7599537399627643,0.28630263285936475,432.714,1.2576756091843868,2.44,49.655,-26.507,1.933,98.803,0.2677580819564175,451.043,606.299,0.2049518854793509,556.942,0.10015514891623688,0.0886214363434612,0.8656751866653252,-1.8607238973937918,1,1
68568,2019.0,4485.0,0.11547442156654639,7.814965380260251,20.37501028503563,6.425377775280898,0.48885727833096254,2156.0,0.9721133901820695,7.86,1653.0,-18.0,44.0,421.0,0.3153558052434457,3743.0,4218.0,0.09702696473841899,3722.0,0.003976608187134503,0.13326168726491133,0.06330014224751067,0.19012711443526079,1,1
136930,2019.0,3626.593,0.05762811099726614,1.7810203778075262,8.691646762097246,1.1898584476921865,0.24982348698474494,2762.486,2.336414123116963,1.78,210.345,138.973,150.723,119.738,0.13689677920195184,1301.893,3682.448,0.07597053760807455,3365.968,0.038975803441137546,0.09402347259391652,-0.015167899180110628,-0.24144131644079456,0,0
69021,2019.0,847.229,0.0023447405283002153,0.715562883576074,14.953263012365907,0.7807895866113574,0.5936092143353227,330.605,0.6524195618002758,0.73,349.564,121.622,286.282,39.059,0.052215331594560155,950.1380000000001,813.515,0.03132438328040291,747.954,0.031100303310447566,0.0876537861954078,0.041442382746476776,-0.9251464743196676,1,1
69773,2019.0,1009.895,0.00020892296673109844,0.8773234893823294,46.23152177146864,1.4284398313331172,0.031137637245702992,824.0,0.1848582158554976,0.88,1554.936,-54.024,576.985,47.057,0.030897530009809576,3968.127,850.482,0.010228168336910306,866.616,0.021760948081401492,-0.018617242238777053,0.18743841727396937,-0.9795737653263723,1,1
69583,2019.0,2226.328,0.011874176008780797,6.178972033886555,11.867669832108893,1.193287346949274,0.8636691758661615,251.559,0.048531971064875945,6.63,3297.069,-1173.63,1143.424,445.646,0.10054942240815828,11613.317000000003,1845.21,0.011721201802059225,1667.845,0.010369432972568307,0.10634381492284956,0.20654451254870715,0.01305106842326503,1,1
140167,2019.0,159.083,-0.2771419297478091,-1.7957041084150196,-10.157575468321202,2.396611605728965,0.6385881499968629,51.842,0.8323159763725615,-2.18,-135.198,13.445,54.033,-33.524,-0.23594327339268747,109.09500000000001,143.443,-0.19452019821053484,131.814,-0.23881940003272012,0.0882227987922377,0.10903285625649202,0.42474628494800504,1,1
84581,2019.0,1544.368,0.012113314697707123,6.7568618147310024,9.51329208181521,0.8975854522473484,0.8189727628837621,248.766,0.044568816899677184,6.5,999.968,64.729,690.453,370.249,0.09435066689091735,6379.130999999999,1374.191,0.012008199652223437,1124.823,0.005103653298047755,0.22169532450883375,0.12383795265723607,0.008753605746738441,1,1
69779,2019.0,14377.9,0.21621631545514297,22.468052738336713,13.393238991581468,4.55086229638946,0.8766511309829108,1659.4,0.5319685711913131,21.63,16016.6,-349.2,3538.0,4430.7,0.3397880303076781,21380.4,13452.9,0.17520335008640153,12273.9,0.10734972053812267,0.09605748784005085,0.0687584089675832,0.23408779197724183,1,1
140550,2019.0,1631.068,0.003036228285467634,5.983013606017071,51.84511024478439,2.894147739212129,0.3936046231948663,945.428,0.4172973253647516,5.99,-57.977,-12.476,1256.62,141.594,0.05582296431712729,2450.614,1559.095,0.03789813801448702,1287.952,-0.019587352026919108,0.21052259711542048,0.04616331910499357,-0.9198844997528111,1,1
140326,2019.0,326.947,-0.08098051925590265,-1.1669117647058824,-26.70296156269691,16.986177120672476,0.7320261705675343,65.41,0.4363684794831319,-1.2,-464.616,47.803,258.775,-55.545,-0.6361158510747947,293.54600000000005,244.091,-0.09929938913311248,200.94,-0.1600290001970887,0.21474569523240775,0.339447173390252,-0.18448119406508215,1,1
140319,2019.0,151.593,-0.2332311967349369,-0.7174084285151634,-21.061921493274774,9.287206705601115,0.6151774728973699,49.731,1.6486069296320864,-0.74,-105.805,10.887,42.623,-14.572,-0.44094774109601476,25.534000000000013,129.231,-0.1858958003776088,114.49,-0.17868475167163733,0.12875360293475413,0.17303897671611299,0.25463402756369985,1,1
140386,2019.0,2.764,-1.407727174616879,-0.3888042463262397,-6.815769182151435,-0.6489685262081002,-1.5526781405822743,31.74,1.4527398060521088,-0.69,-233.883,-10.237,1.683,-7.911,0.09521574291388338,3.9769999999999994,12.434,-0.9242902208201893,0.291,-0.5782856324103592,41.72852233676976,-0.777706289207013,0.5230358851657018,0,0
140314,2019.0,0.0,-0.3675146216582681,-1.278254824991822,-2.4330047023447747,2.2288758644941975,,0.0,0.0,-1.28,-236.63,-1.543,41.662,-31.261,-0.9161001054975969,19.565000000000005,0.0,-0.4941981788288858,0.0,-0.38387018302019094,,,-0.2563416107093373,0,0
70142,2019.0,318.081,0.052742802577710135,3.614355971896955,20.899988984857423,2.3210245568689367,0.7365008893052558,77.63,0.10710943549882389,3.68,19.367,1.837,9.912,154.333,0.11105386507861695,2720.7680000000005,294.612,0.05610946094809439,278.659,0.06259866659910497,0.0572491826928254,0.07966070628487636,-0.060001616723758464,1,1
140542,2019.0,1506.6,-0.039016985312217936,1.0342477023247068,29.412683181818185,1.3582683249370278,0.3339553131429118,1392.1,0.8190688925464377,1.04,-696.3,-50.6,214.3,44.0,0.046179680940386235,2133.8,2090.1,0.01724273062152206,1951.5,0.017255485310524357,0.071022290545734,-0.279173245299268,-3.262807798175403,0,0
140260,2019.0,17772.0,0.04790290846044455,1.752129471890971,47.993028682547404,6.416330430261277,0.5428774836580157,7063.0,0.35657250992338224,1.74,5958.0,4948.0,9109.0,2057.0,0.13369296763291305,33942.0,15451.0,0.047470691405889415,13055.0,0.04402315200863295,0.18353121409421677,0.15021681444566695,0.00910492435973903,1,1
70519,2019.0,4109.111,0.1540501876078695,7.4561189693589895,16.562235729805764,3.742316660840602,0.25902250293357937,2996.287,1.1405845457189172,7.39,2530.184,62.82,190.282,605.668,0.2259547999371755,3276.4829999999997,4043.695,0.17083770181393138,3358.112,0.15114404006747437,0.20415727646963533,0.016177283400454216,-0.09826586302563388,0,0
92284,2019.0,1615.225,0.03565981193933767,5.215789058804982,12.786176597272073,7.2067357643155425,0.26979877951952086,1030.016,0.36601837679036964,5.16,-416.548,70.379,149.089,264.67,0.5636349310123793,3627.174,1410.592,0.06867618970269726,1192.135,0.06976390405304117,0.18324854148229866,0.14506887888205788,-0.4807543619744948,1,1
140213,2019.0,2656.1,0.048768486757015124,1.4894991922455576,38.13362255965292,5.581711382759168,0.6631134609644822,790.1,0.3331486689962783,1.51,80.4,71.6,213.9,276.6,0.14637244006985237,6656.000000000001,2345.3,0.03929088894570869,1933.8,0.08619712806486275,0.2127934636467061,0.1325203598686734,0.24121617162702474,1,1
59634,2019.0,1404.791,0.01478062144915049,0.44771784232365147,83.64643188137164,1.1888934950215027,0.025156585696395017,1146.604,0.10661748442878721,0.44,1301.338,4.279,497.177,18.343,0.014213319902367209,,1176.193,0.0016627241591109995,1158.995,0.015132510711409013,0.014838718027256455,0.19435415786354787,7.889400787351987,1,1
70830,2019.0,438.722,-0.009556691895295587,1.2382053364994063,57.76909361594752,1.6461259557627623,0.27531487765039103,326.983,0.40748249803125425,1.24,561.984,-26.983,193.3,19.815,0.02849492440899816,833.1310000000001,451.207,0.017894814793408133,481.193,0.026118007141642578,-0.062315952227068955,-0.027670226747368756,-1.5340481030748616,0,0
70930,2019.0,38.188,0.1932050563350256,2.7560472787245742,21.988011768812644,4.518189550051748,0.7121446558053457,9.488,0.3293070375254766,2.77,72.177,5.843,80.883,20.053,0.20548422465646743,19.087000000000003,32.961,0.20034568197258523,27.444,0.15104805589631448,0.2010275470048098,0.1585813537210644,-0.035641525024416205,1,1
70752,2019.0,2319.136,0.06866136589935083,1.2590866221706327,10.388483023868858,1.5219592739459196,0.13446344030154211,1962.412,1.7381862674822692,1.22,146.901,-58.831,132.69,69.421,0.14650447716466639,1018.5899999999999,2267.278,0.053220923448684565,1767.161,0.08244241823793039,0.28300590608325993,0.022872360601567245,0.2901197771503136,0,0
70978,2019.0,1257.122,0.03733496686221065,1.1813193984655508,12.401387820287468,1.1574100995526422,0.4325105355363464,718.146,0.1150529588784537,1.02,-787.707,-94.932,143.581,497.795,0.09332907867450378,10680.616,1265.479,0.045257793819494324,1331.407,0.03621939171313578,-0.04951754046658902,-0.0066038235324331505,-0.17505994633505537,0,0
71269,2019.0,268.403,-0.011147264723211012,0.24220965982346526,27.4555523708132,2.8068127590104237,0.2774299931415896,198.068,0.29238478621210473,0.23,-6.852,23.591,77.784,36.633,0.1022311524132446,828.849,274.116,0.03907444977056441,229.69,0.10666901974625959,0.19341721450650873,-0.020841541537159326,-1.2852827049047402,0,0
71111,2019.0,876.201,0.10085764520679574,2.857646540326135,26.052907156076497,3.476981294407259,0.17358751737293146,734.346,2.1372118920661034,2.85,124.059,-0.506,1.449,32.42,0.13345847638336586,353.984,888.595,0.07797524129753496,846.635,0.0907528783421553,0.04956090877414711,-0.013947861511712316,0.2934573016830686,0,0
137304,2019.0,4837.4,0.012927601890031323,0.963944076526858,40.19942748091603,0.929097565278758,0.4765940359701587,2476.6,0.43080466886392194,0.95,-1753.7,-127.6,560.5,131.0,0.023112208892025407,9948.0,4731.7,0.011927089972139775,4946.2,0.010284810126582278,-0.04336662488374914,0.02233869433818708,0.08388566869442772,0,0
71844,2019.0,3107.348,0.07388814794393986,2.4730889446963813,27.61728410394278,3.909462331341891,0.14246893205062633,2541.849,1.5127672919704342,2.46,817.615,-43.79,148.885,136.883,0.1415585369157917,1650.314,2964.148,0.06985890219610794,2753.36,0.06194944672039606,0.0765566435191911,0.048310678144276135,0.05767691190624528,1,1
71350,2019.0,63.838,-0.13774988115285758,1.2495797534553603,10.291459960390121,3.392038229896666,0.3253331435586315,37.921,0.471021536914439,1.32,-961.544,43.949,77.483,26.761,0.32959737908440384,38.90799999999999,56.207,0.22426045420263135,48.403,-0.37171533881485685,0.1612296758465385,0.13576600779262368,-1.6142406232192554,1,1
71429,2019.0,19550.0,0.13308250144127196,-3.9901558654634948,-18.051926398026314,94.61699353448276,0.6180274502903396,8683.0,0.6954659487242244,-3.32,928.0,-23252.0,12088.0,-4864.0,-5.241379310344827,18773.0,22732.0,-0.14880988802545433,23231.0,0.03765690376569038,-0.021479919073651585,-0.13997888439204645,-1.8943122208284158,0,0
71542,2019.0,650.753,0.04973260797316766,0.6558389724424448,32.06579798343038,1.4623269675812771,0.31840995818287776,398.844,0.16005640036050278,0.69,-847.046,-2.881,11.95,72.301,0.04560394749374137,3551.2000000000003,585.167,0.019775957636819424,622.02,0.019586785912693753,-0.059247291083887904,0.11208082479018812,1.514801502232899,1,1
71560,2019.0,160.289,-0.033654086634653864,-0.07628036515550055,-173.83241379310343,0.9364210319281453,0.6237534961114979,63.764,0.5171431012596426,-0.08,183.993,-19.836,87.306,-1.479,-0.005386918420420028,238.39600000000002,169.474,-0.004513109071379749,171.175,-0.0436614455116228,-0.009937198773185463,-0.05419710398055161,6.456962839226291,0,0
71859,2019.0,22449.0,0.08739675791455044,4.255070202808112,14.700109990834097,3.7494318978818906,0.8452569259275997,3424.0,0.34749901845308206,4.2,19104.0,10352.0,30952.0,5455.0,0.25506148594940853,31933.0,22127.0,0.0856694149980369,26107.0,0.06584807136860976,-0.15244953460757651,0.014552356849098386,0.02016288913088901,0,0
71840,2019.0,85.799,-0.0983230440750769,-0.5072000471409736,-5.717665083721808,0.5394957925618578,0.585946053548323,45.76,0.1146755958063204,-0.47,828.547,-132.676,394.59,-68.859,-0.09435596255852799,556.0039999999999,110.517,-0.0714500651630737,120.489,0.08908852945364215,-0.08276274182705481,-0.22365789878480224,0.376108529091888,0,0
140412,2019.0,858.578,0.004535558624614021,0.23559200699961996,46.22397906741194,1.298812604945468,0.5061416009084437,375.323,0.16000317487921037,0.24,226.267,62.609,304.251,26.657,0.028098243187833546,4314.258,759.981,0.005612251665179933,529.699,0.03170290085679938,0.434741239836209,0.12973613814029558,-0.1918468922635871,1,1
72066,2019.0,5366.8,0.09762602919006676,9.133462282398451,29.180609911054642,3.5611769722814497,0.7022461087995069,1545.7,0.34041771861372505,9.15,6004.4,-306.9,364.4,944.4,0.12203915487497577,14719.800000000001,5191.2,0.061929899340962,4607.471,0.06787817590900738,0.12669184461497432,0.03382647557404846,0.5763957349999185,0,0
72047,2019.0,3360.694,0.08311533201356407,2.89765182728704,30.897431898788025,3.8410783575997827,0.815618613944374,575.465,0.5078215430133612,2.9,2430.511,-325.241,723.115,432.518,0.12431707496539386,5337.813,3121.058,0.07037419943527258,2724.88,0.025306249668761514,0.14539282463814915,0.07678037383477013,0.18104834840800255,1,1
72078,2019.0,1701.063,0.04050296141690997,1.108230787950609,13.805788619438609,1.9956806344141524,0.48141344700901323,644.517,1.1803419745019679,1.11,400.099,-21.693,63.981,104.74,0.14455390339703053,946.495,1242.834,0.0994734762722424,1048.736,0.041170066901610944,0.18507803679858414,0.36869686538990726,-0.5928265208500396,1,1
72152,2019.0,225.958,0.13440558681453874,0.4093654515739359,15.560668286755773,4.084613386795462,0.8327542764906202,33.985,3.9733291619412614,0.41,-102.717,5.194,16.652,5.761,0.26249601312252246,30.677,203.204,0.11264713933753079,199.489,0.03553669694357886,0.01862258069367235,0.1119761422019251,0.19315579254801954,1,1
127429,2019.0,563.246,0.029847090182529425,10.794483350007146,7.358388301182328,1.070714918719392,0.2793068168442782,397.992,0.19238051443372056,9.37,-311.596,20.374,254.656,75.529,0.1455094342530622,2517.247,552.235,0.026311819922070274,425.607,0.014285940360483388,0.2975233020133597,0.01993897525509967,0.13436053723877067,0,0
140418,2019.0,0.0,-1.215923158600375,-3.3914582729876734,-7.053013209839053,4.972241367198868,,0.0,0.0,-3.67,-476.342,34.024,303.932,-210.752,-0.704981150504939,26.789999999999964,0.0,-0.6206711725640912,0.0,-0.6346226333033721,,,0.9590456466299268,0,0
72268,2019.0,1266.208,0.05969987863260186,1.405153482016495,163.41987045462437,3.723602035365665,0.4605318419473729,755.277,0.8830881467095498,1.41,603.802,54.709,382.11,28.793,0.02278549129311402,1082.812,1400.04,0.018161450392994535,1292.613,0.04585587637805112,0.08310840135446565,-0.09559155452701343,2.2871757123335286,0,0
73241,2019.0,28228.0,0.026382025585369232,8.005598985457988,19.49135852088564,1.6550050717109852,0.41503355704697986,8716.0,0.1595528237637333,12.93,12073.0,3986.0,4466.0,4381.0,0.08490968292115668,85701.0,14900.0,0.04691281348381984,11437.0,0.06101976903503621,0.3027891929701845,0.8944966442953021,-0.4376371053834076,1,1
72316,2019.0,73.15,0.0895434629481501,-0.4939144091087554,-10.285182829888713,0.7572578474024074,0.7008836226279341,26.607,0.2463361949598449,-0.54,-284.549,-12.348,15.444,-7.548,-0.07362609492967088,341.994,88.952,-0.020902797009138743,54.442,-0.028144074841007127,0.6338856030270746,-0.17764637107653558,-5.28380292402981,0,0
72276,2019.0,29.519,-0.6854368480962669,-0.4666189247253712,-2.1409333120982224,1.5447534787514103,0.23302677294093604,18.764,0.4108381333019866,-0.47,-270.175,-10.522,37.244,-34.534,-0.7215327399607203,18.383000000000003,24.465,-0.5799257754118456,27.841,-0.2763846608703269,-0.12126001221220506,0.20658082975679537,0.18193892590735516,1,1
72361,2019.0,2881.261,-0.034012978310091244,1.6587951615153145,7.613959995194619,174.54861746075463,0.45856695665486175,1754.19,1.7796867876231124,1.67,-502.027,-48.176,55.431,83.24,22.924814100798677,1536.08,3239.902,0.04572395344110651,3304.346,0.048352587933228504,-0.019502800251547495,-0.1106950148492146,-1.743876584379361,0,0
62851,2019.0,695.834,0.012506587382761005,2.5094797253441734,12.026397222978494,0.8644782238774351,0.8809223938000875,72.139,0.04683577224307798,2.8,482.764,287.658,569.111,146.92,0.07188172882113866,2237.21,605.815,0.011358437242314924,506.89,0.009378248035270872,0.1951606857503602,0.1485915667324181,0.10108346033455569,1,1
72282,2019.0,9041.4,0.016134644380581726,3.73022198413839,14.92404479859895,1.4527651096184664,0.2375855431993156,7130.1,1.2262666526801638,3.62,2921.9,-41.6,326.1,285.5,0.09734392580722152,6434.4,9352.0,0.037435749501730835,8306.5,0.02338271635912039,0.12586528622163365,-0.033212147134302865,-0.5690043716144713,0,0
72439,2019.0,1236.473,-0.013667940756145542,-0.12528721226553036,-8.93945981993998,1.1395906569467176,0.30278723250456496,887.365,2.8846726578347934,-0.13,-13.6,-1.351,9.049,-5.998,-0.12747869333276657,342.51,1272.732,-0.0135945875500051,1330.833,-0.05057679671970258,-0.04365761894993595,-0.0284891084690257,0.005395765474357033,0,0
19140,2019.0,162.678,0.017233453668230512,2.071589898022038,25.545596669750235,3.3640237026208624,0.2680425257562401,111.259,0.08966738556940401,2.06,56.299,2.823,238.92,30.268,0.13168702794890536,39.969999999999885,152.002,0.017855373129397775,137.489,0.015602457321534497,0.1055575355119319,0.07023591794844797,-0.034830941737269576,1,1
72909,2019.0,900.254,0.12032515641383125,1.9505069669706427,8.905377060497031,2.1616527240737593,0.44372984180617414,492.575,1.679295735650538,1.97,244.823,3.385,220.017,95.608,0.24273567636597213,278.27700000000004,885.496,0.18131545110771435,913.38,0.1667056917095942,-0.03052836716372158,0.016666365517179114,-0.33637670877618975,0,0
88206,2019.0,405.177,0.12346840666085201,1.2434488588334742,75.25038069340584,6.4123196969170335,0.7901290953624289,51.925,0.2650606798196746,1.24,113.318,78.182,515.345,58.84,0.08521311969228273,407.5469999999999,247.414,0.06303673357445277,335.629,0.13319341091035905,-0.2628348563443565,0.6376478291446727,0.9586739296226906,1,1
72990,2019.0,10735.0,0.153770652707345,1.20686243212753,29.282542118491925,5.6075094980518,0.7456988699989819,2498.0,0.4677841801990571,1.21,-6920.0,-188.0,801.0,1671.0,0.19149667659867065,19849.0,9823.0,0.0795752178675175,9048.0,0.005461611175296713,0.08565428824049513,0.09284332688588008,0.9323937380021169,1,1
73007,2019.0,19974.0,0.047475094469254554,4.914110429447852,13.978114856429464,2.0257770942645195,0.3969548667754214,12199.0,1.622343411660919,4.88,13395.0,-374.0,934.0,801.0,0.14492491405825944,10348.0,20229.0,0.06423931349747374,19095.0,0.0643928035982009,0.0593872741555381,-0.012605665134213259,-0.26096510245051807,0,0
73034,2019.0,481.969,0.071390491133914,2.749369284137496,37.226719811888856,6.011750214174905,0.25558314295093093,337.899,1.024245993600592,1.31,167.396,1.435,23.368,34.873,0.16149019426242792,417.779,453.911,0.07869060352102823,414.051,0.05311922707896759,0.09626833409410922,0.061813879813443585,-0.09276981063137281,1,1
73119,2019.0,11158.58,-0.07879016984114658,-1.0377439822132144,-16.12151001282575,0.8640515972348888,0.3411795876179472,7924.817,1.8307163748007964,-1.02,11054.277,162.831,994.77,-137.224,-0.0535961951794514,4481.692999999999,12028.797,-0.02088473384459514,12349.301,0.06034223922658855,-0.025953209821349323,-0.07234447468021953,2.77262025110926,0,0
107336,2019.0,6160.1,0.02836801602216766,0.7372654155495978,14.431709090909093,2.0201651661918327,0.23621119043665945,4600.3,0.8532128286491387,0.71,-367.9,3.1,70.5,221.1,0.13998100664767332,6277.099999999999,6023.0,0.031320829555757025,4403.7,0.0617314414970183,0.3677135136362605,0.022762742819193153,-0.09427635140802375,0,0
140448,2019.0,907.675,0.020374787624757845,0.6286608160246286,17.40207075284204,0.9122380730121687,0.34576293907846883,556.356,0.2824543554965219,0.63,273.888,10.676,146.377,62.895,0.05242123687281214,2799.0480000000002,850.389,0.020890400380242154,776.188,0.07548086404665784,0.0955966853391189,0.067364464968385,-0.02468180341684444,1,1
73271,2019.0,26508.6,0.187267164769298,3.4514551982277903,16.468415997167074,63.62483454467721,0.27815692064968955,17843.6,1.0233105926379757,3.27,1127.1,6294.0,8937.8,4518.3,3.863445917058572,14039.300000000003,24719.5,0.18704359921180308,22386.8,0.20080609233168123,0.104199796308539,0.07237605938631439,0.001195259064929352,1,1
73512,2019.0,30.003,-0.004389277621809579,-0.48775110240078395,-49.16441988950276,1.5789905311890051,0.25134703196347036,65.582,0.1764375328554481,-0.49,-41.103,-0.471,38.919,-3.982,-0.0321165292855645,436.97200000000004,87.6,-0.008020254061990804,80.34,0.009554351922323784,0.09036594473487666,-0.6575,-0.4527258628113754,0,0
73658,2019.0,2383.01,0.04581979437240126,2.1401187858218904,15.485121769665195,2.0094179740857516,0.3261656559966272,1492.787,1.1615727484507465,2.39,361.705,449.709,493.005,123.594,0.1297644283315957,1303.9450000000002,2215.362,0.0648035952011552,2054.478,0.06031650325272055,0.07830894270953498,0.07567521696228433,-0.29294363638046317,1,1
73791,2019.0,940.633,0.03482224193977128,1.3915669200280705,25.25929547052682,2.0649103584587456,0.6090385504592146,344.975,0.10271081753353004,1.41,-1650.338,-85.137,11.671,281.578,0.08174853336143659,8579.206,882.376,0.032776397566860745,910.889,0.011445971615029912,-0.03130238700873546,0.06602287460221047,0.062418219352422886,1,1
73637,2019.0,76.822,-0.1080715490626691,0.38894703788988905,27.124515608180843,2.210507039782447,0.4047087716812487,50.417,1.141353565845507,0.39,-2.608,2.126,6.707,3.716,0.0814948024036142,59.904999999999994,84.693,0.05007816290226943,77.947,-0.0023790979253699644,0.08654598637535756,-0.09293566174300114,-3.158057380690607,0,0
74249,2019.0,2482.692,0.044812121975939534,2.209123354896275,19.695595496541625,3.415677364335384,0.17085568043300894,1933.839,1.7748058986419184,2.19,1383.556,20.57,26.578,99.035,0.17342341159144678,1238.4840000000002,2332.331,0.07536147406693233,2260.502,0.11806820398181628,0.03177568522390167,0.06446812223479423,-0.4053709467500646,1,1
74279,2019.0,1503.873,0.054331071003610294,6.642649551949624,25.81500027344818,2.8739100980847794,0.43170486735860086,976.597,0.657332385726843,6.62,758.583,60.057,489.767,164.565,0.1113271380066851,1998.2160000000001,1718.468,0.06294787220776757,1221.534,0.06868505409453009,0.40681143545738385,-0.12487576143402147,-0.13688788678537714,0,0
74217,2019.0,3923.9,0.05939348609505677,3.00329454780903,18.14673823443623,2.421065477106954,0.30109321747489026,2376.13,1.2648695928457343,3.02,579.783,5.159,41.826,157.706,0.13341601371163272,2602.9,3399.781,0.058673639275391376,2625.924,0.08710705148638578,0.29469893264237657,0.15416257694245605,0.012268658098515274,1,1
140633,2019.0,1643.44,-0.0850125454487007,-0.73242062383995,-24.453161772126354,5.911673994957846,0.7145843873913095,388.115,0.6892076887013596,-0.77,-1082.287,204.993,1197.472,-178.362,-0.24175499471387135,672.0910000000001,1359.824,-0.09040027369141293,1023.019,-0.16453663909906088,0.3292265344045419,0.20856816764522465,-0.05959858330853716,1,1
74404,2019.0,1260.554,0.029704320661088208,3.572809657223894,4.749763247445386,1.5345891791715867,0.36965819073804357,871.648,1.049103440950766,3.57,173.471,-78.928,207.918,206.587,0.323087509676814,956.89,1382.818,0.15673149507433073,1199.926,0.20892676412188113,0.15241939919628383,-0.08841655228670721,-0.8104763777886456,0,0
74417,2019.0,1791.0,0.04263316841225984,4.8025007104291,10.690263905325443,1.3348020687107498,0.30537729586191636,1255.6,0.5855333484500016,4.79,1535.4,-3.4,212.6,169.0,0.12486147026228298,2705.4,1807.6,0.05474393443685012,1675.7,0.06568138971182332,0.07871337351554566,-0.009183447665412653,-0.22122571476042982,0,0
74442,2019.0,5490.011,-0.21671092124403854,0.8777815097825173,24.880906873296027,1.4085143363486023,0.22845865018406056,4300.975,1.7051282717940923,0.9,1395.227,32.662,95.646,83.628,0.05661024911677641,2525.2049999999995,5574.523,0.025580030275881245,5465.683,0.057889818830393715,0.01991333928440419,-0.015160400271018653,-9.471878997280536,0,0
74400,2019.0,1526.955,0.09874825085156924,2.8388180238250267,5.762961860428277,1.001061502587629,0.6174204991963903,487.026,0.20159559069921829,2.83,1658.621,10.758,691.472,606.011,0.17370607802586338,5611.481000000001,1273.006,0.0959690256881931,1221.631,0.020520325693739627,0.04205443378565213,0.19948766934327083,0.028959605908743382,1,1
140635,2019.0,4.227,-1.641494653956886,-3.220936157821941,-2.2943640103060163,1.4156918335471635,0.5069864235457339,4.975,0.036619176531212126,-4.03,-292.242,36.817,167.972,-132.738,-0.6170301779438835,92.83899999999997,10.091,-0.4816922261817496,1.683,-0.2813982234742864,4.995840760546643,-0.581111881874938,2.407766546221001,0,0
74480,2019.0,25.362,-0.20314667675621137,-0.37583125519534494,-5.055460326237213,2.6103640256959317,0.7016751289329549,7.462,0.8260568031704095,-0.38,-62.163,0.946,8.636,-3.617,-0.5163454675231978,18.806,25.013,-0.11945178335535006,28.167,-0.3420469132920994,-0.11197500621294422,0.013952744572821998,0.7006583832397236,0,0
74705,2019.0,711.422,0.05028562949773722,1.3278422767689007,34.25858687877667,-29.904075545221644,0.40021738089807596,426.01,0.16350291636530048,0.95,-769.606,-21.475,142.929,81.09,-0.8728928502228251,3867.423,710.274,0.01866667157753517,696.539,0.018603224226686713,0.019718924568473573,0.0016162776618601055,1.693872300097388,0,0
114061,2019.0,1299.1,0.018699121463689853,2.805764570845555,23.177283181818183,2.305936596947428,0.30545052107350357,753.1,0.5713758760604942,1.73,424.0,-12.3,118.1,88.0,0.0994912379875636,1654.1000000000001,1084.3,0.046371923907888496,988.8,0.01623470748535977,0.096581715210356,0.19810015678317805,-0.596757695435861,1,1
74858,2019.0,1589.243,-0.02971934283414852,4.529561126850911,3.4175496403472025,0.5949707463765982,0.6916785303827993,505.695,0.2581757639312801,4.54,1153.462,-235.978,77.965,508.407,0.17409278839799172,6218.85,1640.155,0.0800280251640914,1260.404,-0.026039960005025273,0.301293077457704,-0.031040968688934908,-1.3713616920224043,0,0
74845,2019.0,799.966,0.017696295767535685,3.172285870158211,11.663513792391827,0.9631557869443331,0.291836075381394,591.848,0.5681416482667856,3.22,473.895,-95.016,177.528,58.148,0.0825785268563411,1233.889,835.75,0.03952892678841406,577.891,0.038208407919986906,0.44620698366993095,-0.042816631767873155,-0.5523203586513137,0,0
74949,2019.0,626.395,0.07010020284888561,0.6449414745138514,43.61636072669079,3.361975761007912,0.4250045964331678,344.014,0.5547334397756921,0.66,422.235,95.633,178.946,54.989,0.0770806116098212,887.178,598.29,0.05098570445741285,521.212,0.04107428524549818,0.147882243693545,0.04697554697554701,0.37489917212850615,1,1
140490,2019.0,0.0,-0.26093928223100193,-1.5845391632588863,-8.86062037818254,3.327005124701059,,0.0,0.0,-1.72,-149.868,4.686,178.985,-60.447,-0.3754821877814703,-0.7260000000000275,0.0,-0.3314361850870989,0.0,-0.3696779376323669,,,-0.21270128618446082,0,0
140639,2019.0,57.489,-0.2995704432111861,-1.876627553623317,-8.04634887239374,5.201235454566292,-1.277099929414137,135.492,0.13017055050447596,-2.03,-315.074,70.029,436.127,-84.604,-0.6464093885378543,15.84899999999999,59.502,-0.18508536275891035,71.623,-0.10838589290923539,-0.16923334682992897,-0.03383079560350921,0.61855285985744,0,0
141532,2019.0,822.522,-0.01268873224014553,-0.8823150533676849,-13.056560642402754,-6.3693077836187895,0.29259620539703335,570.009,0.8173471840850927,-0.98,-164.881,-16.311,55.2,-28.767,0.4878243174495506,871.5609999999999,805.776,-0.029180102714123853,745.106,0.005037294857541112,0.08142465635761886,0.020782450705903496,-0.5651580680007721,0,0
142051,2019.0,1365.035,-0.08002658658347847,0.7702562490174502,28.613854192178948,1.971582058991458,0.37397493264853987,729.882,0.6754112776806476,0.78,66.773,4.941,10.951,48.996,0.06890305813924054,1599.434,1165.899,0.028383634398212034,950.528,0.023164825466453164,0.22658038479666023,0.1708003866544188,-3.8194622810008987,1,1
140563,2019.0,35.233,-0.1902620564441624,2.7668050941306754,15.161891991954933,2.977773323271389,0.4216104894624837,126.381,0.40180098342447973,2.99,-83.736,29.733,319.761,99.937,0.1963985315850706,219.6409999999999,218.505,0.18377055390262112,10.393,-0.36828118000573795,20.024247089387085,-0.8387542619162033,-2.035323953722102,0,0
140562,2019.0,6.75,-0.4451244842006148,-0.9815949416723849,-3.2905630040196745,6.304564458263573,0.609646968952911,7.154,0.26087884869966266,-1.2,-98.218,8.141,10.664,-40.053,-1.9159531212628556,58.141000000000005,18.327,-0.5701413503010633,27.813,0.27525275948427785,-0.3410635314421313,-0.6316909477819611,-0.21927345917715546,0,0
140631,2019.0,29135.0,0.020249792483060827,1.3405437914484828,11.375980476939205,1.0219582254343427,0.3751458576429405,19278.0,0.5559620132268935,1.32,-9117.0,-4699.0,4880.0,1908.0,0.08983473798201422,44521.0,30852.0,0.03438271493701908,28871.0,0.005602058430772237,0.06861556579266392,-0.05565279398418255,-0.4110473090867429,0,0
141459,2019.0,1689.626,-0.10987911266619076,-6.3528441356555945,-0.4549143561983141,-1.0077737214164815,0.10065426764449274,1689.501,1.1934414336119696,-6.91,-647.705,-2.414,3.203,-200.248,2.2153042824112483,1426.9740000000002,1878.589,-0.12721476608131407,2072.17,-0.062438451456414204,-0.093419458828185,-0.10058772834292119,-0.13627076438628663,0,0
140674,2019.0,118.166,-0.16062008827645605,-0.7282113986821548,-6.0422014925373135,2.064722195658411,0.4894717930291052,42.624,0.6085809254453742,-0.85,-121.419,-20.99,9.088,-21.44,-0.3417168722705684,111.954,83.49,-0.1562818905443625,56.112,-0.09353417088732487,0.4879170230966637,0.41533117738651343,0.02775879992865898,1,1
140716,2019.0,0.0,-0.6056054234434131,-1.6803097619697682,-29.077971875092324,5.312185218867303,-2.148042195601645,105.642,0.08240086629196101,-1.76,-202.62,23.408,314.686,-67.698,-0.1826876111472419,89.62099999999998,33.558,-0.16623081966247025,22.5,-0.16248479533817997,0.49146666666666666,-1.0,2.643159702112327,0,0
140769,2019.0,258.473,-0.2199156462585034,-1.2283106313231222,-30.53787783273898,10.334393715255612,0.754390486007712,51.466,0.7647674974543517,-1.27,-267.43,58.627,152.95,-43.465,-0.33841230788395965,117.46600000000001,209.544,-0.1586331237203327,158.806,-0.3679344213868991,0.31949674445549914,0.23350227159928225,0.38631605493825283,1,1
140762,2019.0,104.391,-0.12289153230352916,-2.7278850610227097,-3.445892986589344,6.550208844679844,-10.969681060506629,91.197,0.04303814629241537,-2.75,-269.184,15.329,155.806,-88.288,-1.9008741334022305,20.184999999999974,7.619,-0.4987205486106796,10.135,-0.3832347663936425,-0.2482486433152442,12.7014043837774,-0.7535863869137203,1,1
141348,2019.0,626.3,-0.11648745519713262,-6.310003096934035,-1.8763857668711657,0.7822273145780052,0.2581708321889591,540.2,1.028240609997176,-0.73,-247.9,134.8,173.8,-163.0,-0.41687979539641945,434.90000000000003,728.2,-0.2301609714769839,1133.7,-0.04752700397953382,-0.35767839816529945,-0.1399340840428455,-0.4938870198122127,0,0
140782,2019.0,4713.5,0.08249279649714432,-0.09220281598281253,-608.3328302083063,20.876574246698578,0.39775609374512044,1986.307,1.0052282474094207,-0.09,-697.435,-102.234,1158.002,-38.453,-0.034317684678550044,1337.3900000000003,3298.177,-0.011719820312140451,2214.253,-0.02871753372926068,0.48952129679851397,0.42912281542197395,-8.038742429497047,1,1
140701,2019.0,161.177,0.05021610295490537,1.2081109612339453,21.68674967839025,2.5856642410544395,0.7029553512076224,42.898,0.10752454400200134,1.29,51.974,23.87,93.242,82.398,0.11922783632398926,1248.87,144.416,0.06134920906739493,133.533,0.06680709187870032,0.08150045307152547,0.1160605473077775,-0.18147106183975956,1,1
140792,2019.0,703.801,0.05909779698586711,4.1030205234229244,7.028968009143755,2.0079592879248813,0.5543065870196964,220.85,0.24801831107098044,3.96,,-43.84,11.691,162.734,0.28566914592765147,1890.6919999999998,495.52,0.08145183208311457,239.281,0.16941325061041893,1.0708706499889251,0.42032814013561526,-0.2744448409022537,1,1
141833,2019.0,7320.0,0.04237054876999828,8.710911808669657,7.767269544924153,3.431471457812145,0.5554419080384955,2868.6,0.4999922514257376,2.56,3466.1,216.3,1178.4,2913.8,0.44178606625729666,11020.7,6452.7,0.22577795685593852,6656.0,0.09947050644725063,-0.03054387019230772,0.13440885210841977,-0.8123353166977522,1,1
141580,2019.0,552.765,-0.0302147550978931,-0.48263306013626933,-47.48949438633284,2.6806235825536633,0.5777902446265631,219.004,0.5006075322416732,-0.48,-179.147,28.053,129.592,-39.101,-0.05644666504019737,890.3900000000001,518.709,-0.037736486388672004,467.904,-0.0283233851272217,0.10857996512105036,0.06565530962447161,-0.199322512787964,1,1
141729,2019.0,464.663,0.04552026226235939,0.12274656679151064,309.58096013018707,3.0272891648946647,0.47665869352233514,177.879,0.5647352619135046,0.12,182.168,-7.051,325.104,4.916,0.009778667149367351,230.10500000000008,339.891,0.008168026065905802,385.166,0.06299877300613498,-0.11754672011548262,0.3670941566561044,4.572982002636566,1,1
142355,2019.0,1236.143,-0.3477964124023959,-1.7191046986543868,-28.43922190327802,25.861599490787352,0.7086503435437234,336.642,0.7222147911093332,-1.81,-1029.132,167.616,934.303,-297.161,-0.9093638208085587,600.0740000000002,1155.457,-0.18573955546666,766.869,-0.6308057178823617,0.5067201829777969,0.06983037880249972,0.8724951264612286,1,1
142303,2019.0,284.707,-0.06587447780320924,-2.2992995427570775,-27.73018426452855,9.429447589724408,0.326043961423606,137.669,0.7538834575227804,-2.48,-66.498,14.599,25.029,-47.269,-0.34004273104619126,231.098,204.27,-0.1744520348247139,134.546,0.07686434754556695,0.518216818039927,0.39377784305086394,-0.6223920353270819,1,1
141762,2019.0,2.173,-1.1491634299372573,-2.578473800554189,-0.4149741602067184,1.4550097375105844,-2758.5333333333333,82.786,0.0006799637352674524,-2.69,-206.887,-1.181,40.878,-82.818,-3.506265876375952,-3.6270000000000024,0.03,-1.8771078875793292,0.345,-1.4564245672091471,-0.9130434782608695,71.43333333333334,-0.3878010755049411,1,1
140950,2019.0,1013.5,0.035557944858305816,0.21059632010640655,116.57373684210528,3.6961218189403424,0.4015461169362005,673.5,0.8779155940400968,-0.22,443.9,-395.4,326.1,15.2,0.03170629954109303,834.4,1125.4,0.011857399173102424,1084.4,0.3249559600704639,0.03780892659535227,-0.09943131331082289,1.9987979943330416,0,0
141925,2019.0,189.492,0.07229558753756128,0.35548279748805756,128.13559565151743,9.506464097681192,0.7366418320568204,37.858,1.3425764212531872,0.36,9.697,-3.869,45.885,6.623,0.07419065755572982,56.076,143.751,0.06185615152562319,109.283,0.0661978359921761,0.3154012975485666,0.31819604733184453,0.16876956865985557,1,1
141791,2019.0,26.517,-0.42520735031212453,-2.7093410474620745,-20.70614183199662,110.020245398773,-1.4265427606411765,130.036,0.15523684271511667,-2.91,-420.323,208.01,337.79,-80.546,-5.31341117487961,2.944999999999993,53.589,-0.23332599476257793,48.058,-0.3522392250456269,0.11509009946314867,-0.5051783015171024,0.822374531156704,0,0
141510,2019.0,884.297,0.0075783323840127245,0.9457629986884968,27.924543502572135,1.1959094453217844,0.5033081412415605,499.148,0.09176484596770047,0.94,-146.7,-199.905,59.817,67.065,0.04282646358074319,10841.888,1004.945,0.0061239265778961355,769.602,0.0040357951603304755,0.30579832172993326,-0.12005433133156543,0.23749563088593523,0,0
137244,2019.0,0.0,-0.6681821208114972,-2.7269935457006036,-3.725714721994236,2.931191734742912,,0.0,0.0,-3.82,-171.222,29.227,100.353,-52.391,-0.7867461556943777,-3.7349999999999994,0.0,-0.5113911447758863,0.0,-0.9898792033953641,,,0.30659697109992673,0,0
141597,2019.0,1292.9,0.08577298407806883,4.0558367111985225,20.63445990538143,10.301999320932978,0.41690190543401545,661.0,0.8619221411192213,4.02,295.8,-10.1,78.2,169.1,0.49926188367286684,1144.1,1133.6,0.128573600973236,972.4,0.1360800344234079,0.16577540106951866,0.14052575864502487,-0.33288806233308027,1,1
141673,2019.0,43.103,-0.297753380399665,-1.887117459755882,-7.233254045440165,2.2211701208981,-2.8391272918446475,116.84,0.08762650619754402,-1.98,-201.053,-281.822,314.059,-85.343,-0.3070775762809442,30.547999999999945,30.434,-0.24572218303269366,26.117,-0.17952343615027844,0.16529463567791094,0.4162778471446409,0.21174806736943444,1,1
67308,2019.0,84.521,0.012116083711123823,1.6482985435264113,0.8918287319814316,0.7976737960610778,0.6148861763052323,40.415,0.6310007696377892,1.65,68.579,14.369,34.164,98.232,0.8944248682018083,123.76100000000001,104.943,0.5906489008610323,77.025,0.12119347506686927,0.3624537487828626,-0.19460087857217725,-0.9794868259409925,0,0
141828,2019.0,95.961,-0.2355161790256185,-1.7549570284315605,-0.31009306278362964,21.047333874955847,0.7016341768756148,26.693,0.31244303041521004,-1.74,-884.469,-42.569,18.305,-192.152,-67.87424938184387,266.382,89.464,-0.6710694042334732,86.676,-0.39005554380614216,0.03216576676357927,0.07262138960922829,-0.649043485606923,1,1
142273,2019.0,16526.0,-0.04747631019145233,-18.041457878281726,-2.1788704807121664,1.5348648662207358,0.07982109065886805,16047.0,1.5937671358069823,-18.06,-1559.0,-22.0,687.0,-1685.0,-0.7044314381270903,7154.0,17439.0,-0.1539937854140011,16213.0,0.0665907365223994,0.07561833096897551,-0.052353919376111016,-0.6916998301988895,0,0
141920,2019.0,6.677,-0.5558959113780394,-2.9074403702385188,-0.9148940859556755,-11.032764857881137,-70.92691029900331,64.95,0.020300346207454703,-2.92,-284.96,-33.345,37.403,-65.336,12.059062384643779,5.978999999999999,0.903,-1.468818848073378,0.207,-0.6461028684470821,3.3623188405797104,6.394241417497231,-0.6215354179943989,1,1
141926,2019.0,1134.468,-0.05961791012783962,-1.2185151878497202,-73.28591460364578,20.39349663993063,0.5656047761230765,282.386,0.6319244490672784,-1.26,-370.392,384.546,748.343,-121.949,-0.2782730726664917,261.87200000000007,650.067,-0.1185455570568965,399.02,-0.1416419509895905,0.6291589394015339,0.7451554993562203,-0.497088616326416,1,1
142756,2019.0,1838.0,0.07015264696329977,3.151504896465661,8.373777248322149,4.050950681818183,0.3426713356678339,1314.0,0.7261169633127498,3.07,441.0,-117.0,180.0,298.0,0.4837662337662338,2522.0,1999.0,0.10824555030875409,1711.0,0.13716442953020133,0.16832261835184104,-0.08054027013506754,-0.3519119560739454,0,0
142757,2019.0,2794.0,0.027103631532329496,2.345947772840684,11.074415338983052,0.9281115127840909,0.1695906432748538,2272.0,0.29221403396347323,2.32,2041.0,46.0,425.0,472.0,0.08380681818181818,8755.0,2736.0,0.0504111929936986,2833.0,0.2702285361334157,-0.03423932227320861,0.021198830409356724,-0.46234893636186214,0,0
142030,2019.0,5.095,-0.28570098418048584,-0.47955025589802974,-4.337397330973973,5.095549588566479,-60.431232091690546,85.758,0.009650147586426195,-0.58,-269.643,27.223,94.74,-54.252,-1.1747942832394977,39.93500000000002,1.396,-0.37502851494182954,12.264,-0.9547826503255457,-0.8861709067188519,2.6497134670487106,-0.23818863686991706,1,1
142631,2019.0,1681.357,0.06663001383011685,1.3359015516318886,15.772120314001924,1.7602441466489065,0.5363235215804901,757.518,0.9657724750402129,1.34,-16.093,-16.708,39.429,99.872,0.1116047881708222,1566.147,1633.721,0.05903922923633603,1560.258,0.05332757490777642,0.047083879717328775,0.029157977402506283,0.12857187825733044,0,0
142585,2019.0,10433.0,-0.07689153167931105,1.2285544190074145,21.635183259911894,0.9113354240118761,0.24979482205476386,10055.0,0.8409461663947798,1.22,-4224.0,-249.0,1116.0,227.0,0.042122842827982926,13159.0,13403.0,0.014242690425398418,11652.0,0.012437668367054507,0.15027463096464128,-0.22159218085503246,-6.398666219845196,0,0
59816,2019.0,309.285,-0.42090176388681005,0.4961245557623963,21.970289261836545,1.7636777366426428,0.48060632181735236,206.071,1.1916508481906867,0.5,182.381,10.232,63.517,14.658,0.08027558106420732,182.16200000000003,396.753,0.04402542169253688,406.184,0.08087728157252999,-0.023218541350718,-0.22045958064589294,-10.560425492941063,0,0
75898,2019.0,1080.0,-0.1331605665802833,-2.7586315623521993,-15.069065607498,2.0409185268893775,0.3590005891489476,957.448,0.5663145083780561,-2.81,-482.114,-13.673,387.085,-279.968,-0.13543762964797673,2099.1530000000002,1493.68,-0.10614719369716916,1473.0,-0.03702751873961976,0.014039375424304184,-0.27695356435113283,0.2544897509036507,0,0
142230,2019.0,3326.0,-0.17889630078835658,-0.6940044054192692,-10.086391304347826,1.3032977528089886,0.1427077888133821,3280.0,2.1812998859749144,-0.67,-626.0,-11.0,24.0,-23.0,-0.12921348314606743,1358.0,3826.0,-0.013112884834663626,3603.0,-0.02830188679245283,0.061892867055231754,-0.13068478829064298,12.642787460120758,0,0
140680,2019.0,1084.17,-0.06434040675894363,-3.928950753018296,-23.281024820616796,2.9322946018521843,0.6995684581480287,332.566,0.4341532595390597,-3.68,-276.055,-46.411,47.204,-189.399,-0.12595212729877145,2425.7619999999997,1106.961,-0.07428282767273496,1012.277,-0.010020004864429001,0.09353566266940765,-0.020588801231479645,-0.13384548253324813,0,0
75930,2019.0,276.222,0.0028399052924607117,-0.07680034614240515,-369.5295845070422,3.8153032533891738,0.696588431789561,79.749,0.4602436389296977,-0.08,28.912,1.483,42.236,-2.84,-0.01032475724096311,521.308,262.841,-0.004972937762983482,190.702,0.006281234472852824,0.37828129752178796,0.05090910474393254,-1.5710719554143242,1,1
75933,2019.0,753.477,0.00643435627190207,0.8629948614026199,29.293337806105335,1.3283151810161242,0.2666944778981785,497.462,1.2210005111627875,0.85,262.507,-14.132,53.207,11.924,0.045345299665348344,395.107,678.383,0.021461637592783245,695.79,-0.016966619003007742,-0.025017605886833567,0.11069558052014855,-0.700192669637395,1,1
142223,2019.0,200.882,-0.06240326001796258,-1.5998316498316498,-35.47873303167421,39.987001280895676,0.7343943328755761,39.069,0.5610420321916241,-1.63,-130.644,-42.983,105.609,-47.515,-1.1270695953318468,153.85200000000003,147.094,-0.18123045236097338,104.352,-0.0830495784918765,0.409594449555351,0.36567093151318214,-0.6556690158579517,1,1
142249,2019.0,661.058,0.06265643429022288,2.00939266824731,57.75874563194917,12.902386261395403,0.7846233139322933,102.798,0.4269665936708317,2.08,124.12,51.282,207.232,88.14,0.22338411473843478,241.49300000000002,477.294,0.07884623642062775,308.217,0.06372339945105399,0.5485648098579897,0.3850121727907747,-0.20533386075697704,1,1
142253,2019.0,282.851,0.039469967159857344,0.3186903417838448,27.173713365539452,1.839576420108926,0.6753117579972704,86.833,0.6135856796740208,0.33,-511.501,41.146,51.205,15.525,0.06769690970693017,364.168,267.435,0.03561956242428692,269.888,0.08022883492632608,-0.009088955418543895,0.05764391347430215,0.10809803584069459,1,1
4229,2019.0,64888.0,0.09310724358533398,12.414525658899288,23.076193796791447,3.8221862178919404,0.19607464155186954,45753.0,2.2394837288002205,12.24,14913.0,-1699.0,12369.0,1683.0,0.16563330380868024,4944.0,56912.0,0.06622594734978161,53732.0,0.09007285304290234,0.05918260999032234,0.14014619061006467,0.40590278148193243,1,1
76081,2019.0,411.788,0.024979214112713734,-0.2544579002574616,-18.66713509462245,-1.1955586489940657,0.6263423038022464,154.426,1.5546092994737495,-0.26,-1190.777,7.661,64.603,-10.674,0.06404617757003737,162.00100000000003,413.282,-0.04015151800122628,419.003,-0.05775851783675069,-0.01365384018730177,-0.0036149650843733125,-1.6221237790299945,0,0
76085,2019.0,6784.0,0.24781155498965463,4.68261824481084,43.616624145334434,22.43828880203908,0.8775989268947015,730.0,1.1517960602549246,4.72,8066.0,935.0,1716.0,1211.0,0.5144435004248088,3284.0,5964.0,0.23387408265739668,5177.0,0.2386922320550639,0.1520185435580452,0.1374916163648558,0.05959391555444398,1,1
142258,2019.0,115.821,0.011006277731063356,0.5447108603667136,27.04186949766961,1.029933806967231,0.772573282075925,18.931,0.04238541705386726,0.73,23.987,22.646,105.443,9.655,0.03808663476672675,288.432,83.24,0.004916280654193758,62.423,0.001116459106431057,0.3334828508722745,0.39141037962518027,1.2387407280490832,1,1
76190,2019.0,1119.138,0.05186998613908901,6.32409638554217,12.226252619546576,1.7708114969125155,0.2767871834674502,729.593,1.3979709907944897,6.3,398.209,8.67,34.043,73.486,0.14483681566348885,633.5070000000001,1008.822,0.1018329261549846,912.38,0.0692778006193809,0.10570376378263444,0.10935130280663974,-0.49063639730684455,1,1
76192,2019.0,5274.2,0.032743987467075256,1.49795866829412,55.38203540320315,3.72774778250591,0.6524721936629592,1859.1,0.2915258855585831,1.51,3189.9,-472.7,430.9,355.9,0.06730969267139479,17692.699999999997,5349.5,0.01939509536784741,3980.8,0.03093058179528169,0.3438253617363343,-0.014076081876810951,0.6882612251217505,0,0
76234,2019.0,2037.875,-0.008267543248378285,0.3045173537182875,19.046533569202257,1.1695625935402885,0.4010126035830588,1276.526,2.1162542674825278,0.28,586.784,-35.943,186.115,35.613,0.06140553551599754,677.515,2131.14,0.0353642478804092,2282.379,0.09286459698144087,-0.0662637537411622,-0.043762962545867416,-1.2337825273800966,0,0
142310,2019.0,32.528,-0.0046306728559196,-0.30855161787365176,-10.273807740324594,1.126158116984673,0.600299751768067,8.534,0.39609305431878894,-0.31,-63.053,0.246,31.034,-5.607,-0.10961448232718174,21.557000000000002,21.351,-0.10401825467497773,18.73,-0.04389339675433688,0.13993593166043772,0.5234883612008805,-0.9554821134964347,1,1
76258,2019.0,34643.0,0.025171948028461143,8.627992412941554,14.972196754164562,1.1790396633010019,0.15856684621436784,27806.0,0.19697087100869637,8.55,29252.0,489.0,8460.0,3962.0,0.07874860868182541,140476.0,33046.0,0.02361552354101722,32207.0,0.023116715163271906,0.026050237526003665,0.04832657507716517,0.0659068381330021,1,1
142178,2019.0,1301.093,0.033453104406340285,2.2574203441812917,10.78221876698267,1.6992451312990973,0.16670076538507939,1270.768,1.4739471074571875,2.2,185.345,-45.624,9.808,66.244,0.1575969814768115,795.31,1524.984,0.06402700106125306,1475.194,0.13967688431780662,0.03375149302396835,-0.1468153108491629,-0.47751567538925455,0,0
142426,2019.0,389.719,-0.05698107928557851,-0.9184351997353404,-94.68278222030112,16.78099469805063,0.7211425454936512,72.605,0.3518155186578458,-0.96,-254.522,-271.657,321.419,-55.524,-0.17723385714422515,413.15999999999997,260.366,-0.07502594370216631,186.78,-0.07652196698401606,0.393971517293072,0.4968121797776976,-0.24051499422947972,1,1
142433,2019.0,37.503,-0.41470654755173586,-1.0385492834162038,-5.401765799256505,3.8482785602503915,0.5419997166966833,22.633,1.0970584970584971,-1.08,-133.993,10.429,23.379,-17.754,-0.7124112194534731,19.029,49.417,-0.3941391941391941,35.936,-0.6711836371155009,0.3751391362422084,-0.24109112248821257,0.05218296916007336,0,0
72297,2019.0,2217.712,-0.03263161699274396,-0.07023708550426108,-223.9557619321449,1.3302492558189578,0.5538963788143009,1133.767,1.6134403421030243,-0.07,316.935,179.228,403.404,-3.478,-0.005939785805653897,1002.2330000000002,2541.488,-0.0022079763940787128,2788.163,-0.28833820156153145,-0.0884722306407481,-0.1273962340172371,13.778970047077715,0,0
76444,2019.0,8233.859,0.036234676468878735,-1.4095194535019255,-19.581141595050923,1.2700905187514766,0.08085407721096517,6535.247,1.7404892325415109,-1.37,-3958.778,12.867,419.528,-95.533,-0.06486294543074488,2118.206,7110.13,-0.02338552992032328,6868.619,0.03608523552365608,0.03516150772083885,0.15804619606111284,-2.5494485945939096,1,1
76536,2019.0,10149.985,0.12979576678896274,16.75632559081018,20.549254556669865,76.95719566711058,0.5557429888843076,4236.625,1.1949229581185519,16.27,-909.186,-15.033,31.315,1324.487,3.7450115504132424,4573.071000000001,9536.428,0.1659594057680262,8977.726,0.14973867141405345,0.06223201732821867,0.06433824069137845,-0.2179065345028535,1,1
73128,2019.0,10950.661,0.06196798816264386,8.6645679538028,11.286194594051382,1.8405154392059908,0.44572459494563266,5262.207,0.34275963805681725,8.6,9635.548,167.74,287.852,1811.042,0.16307670613583714,26922.206000000002,9493.849,0.06538466120808267,8777.845,0.07288795723526895,0.0815694512719239,0.15344798511120197,-0.05225496289665648,1,1
76580,2019.0,25282.32,0.02213573519859527,0.5245218363428683,56.356090350978796,2.49465648886275,0.11052088813353869,19653.411,1.834308028937605,0.5,1740.698,68.03,1257.949,86.33,0.04426596084516041,5844.76,22095.416,0.007166907929598765,19063.121,0.011633927376499358,0.15906603121283247,0.14423371798023618,2.0886032604348697,1,1
78827,2019.0,114.61,0.08222611956094464,1.3175228712174525,25.509993590428373,1.8117464303597712,0.7696310533964653,24.57,0.3822855770574889,1.3,212.707,-44.214,159.014,18.722,0.07102104608287939,116.83600000000001,106.655,0.06710562630603636,113.42,0.11257638429393843,-0.05964556515605714,0.07458628287468941,0.22532377815760193,1,1
76678,2019.0,14181.0,0.011338311764475896,11.396217403763492,12.30496006101905,1.0423468404967107,0.0839237494858518,11795.09,0.19951367659640867,11.25,7921.712,586.209,3223.262,715.842,0.08470948587624975,55182.051,12875.664,0.011092264389791965,12515.769,0.0301113191813615,0.028755324582932174,0.10138009193156945,0.02218188875035869,1,1
77013,2019.0,1448.666,-0.04345750318359303,0.2684880751706527,17.35645055013365,1.0005920845159257,0.15880225260982217,1347.942,1.2806396133165394,0.06,-232.619,-61.885,81.685,16.087,0.057649580000573374,957.4420000000002,1602.408,0.012856681606321967,1468.922,-0.0465401453517214,0.09087344324613551,-0.09594435374760983,-4.380149288462105,0,0
136776,2019.0,18032.4,0.09210690801810135,4.353419092755586,18.617550544323482,12.275517842493846,0.1830300791231797,13268.0,2.265789583827448,4.26,-2023.2,61.6,205.8,643.0,0.65935192780968,4955.499999999999,16240.5,0.08970799559133334,15191.5,0.07518040422045251,0.06905177237270842,0.11033527292878922,0.02674134463661755,1,1
76891,2019.0,469.568,0.01099511624350598,0.5569249435260499,51.06612718751343,2.075525799788191,0.25773408497181355,334.707,0.14130087705527025,0.55,-1464.895,2.166,8.381,69.771,0.04064388498009486,3102.455,450.926,0.021863240294467963,425.395,0.007230745384888769,0.06001716052139778,0.041341594851483386,-0.4970957600329689,1,1
76994,2019.0,319.184,0.012309955132307942,0.3854849982221023,61.636639842234175,1.3277065306388127,0.29646421723219984,200.329,0.07192771510414823,0.38,-89.18,-50.821,34.848,31.439,0.021540864882271728,3858.717,284.746,0.007941588065009927,302.776,0.015521759122600181,-0.05954897349856009,0.12094287540474685,0.5500621577873989,1,1
76791,2019.0,483.426,0.038445027614517874,0.4647016244065488,43.51179108922231,3.9558315544828067,0.31130040344915794,341.918,0.20817165652928296,0.45,-299.605,2.982,9.083,43.655,0.09091401331586763,2293.143,496.469,0.018304735372774227,492.895,0.026771334255867373,0.00725103723916861,-0.026271529541622953,1.1002777058279443,0,0
76854,2019.0,44675.0,0.04040850354314297,6.784992271978163,12.17834843250444,1.415005709937055,0.08332486535921146,36084.0,0.35068463861593424,6.05,44151.0,-118.0,6874.0,2252.0,0.11619027964090393,102910.0,39364.0,0.02006253953264617,37834.0,0.02836633399156749,0.0404398160384839,0.13492023168377199,1.014127048940611,1,1
142614,2019.0,214.552,-0.17820333625070212,-1.9812869336835195,-35.068115990058,31.11037154092095,0.753484551200668,36.31,1.2304151699941526,-2.02,-203.556,11.352,78.343,-48.28,-0.887141229649774,39.082999999999984,147.293,-0.40330799431960573,98.509,-0.22099862533146042,0.49522378665908706,0.45663405592933803,-0.5581457874363805,1,1
68938,2019.0,3890.0,-0.02369453667370963,-1.3157407407407407,-11.886840253342717,1.1574468085106384,0.44893356880858576,2028.2,0.437691017850135,-1.33,128.4,-193.8,184.3,-284.2,-0.0973721177236441,7693.4,3680.5,-0.03379752405189739,4129.1,0.05281234667023507,-0.10864353006708491,0.05692161391115338,-0.2989268492767174,1,1
72766,2019.0,459.955,-0.0574270610548404,0.7433261571582347,70.61503149663312,2.9077904692051506,0.831075264545009,76.53,0.9708576828868444,0.73,90.374,-8.968,72.189,13.811,0.0411780665897429,376.4630000000001,453.042,0.029596627814529798,433.823,0.015352013301953354,0.0443014777916339,0.015259070902918519,-2.9403244658382293,0,0
77053,2019.0,1619.61,0.006659176347744214,0.052467168175443064,758.7602187120293,-3.9353518255351196,0.17060781178097728,1304.896,2.755625303224292,0.05,240.918,-2.877,19.468,1.646,-0.0051865552891205225,521.5880000000001,1573.316,0.0028829295889110547,1783.359,0.18412644698165612,-0.11777942635218142,0.029424476710336555,1.3098643731564494,0,0
77332,2019.0,971.684,0.051562719106499164,1.2375284283899932,32.30632855199408,2.821775446686359,0.3322147941891186,693.334,1.2928994193366017,1.17,324.465,-63.552,39.62,41.899,0.08734435552294251,670.314,1038.259,0.05217502836073107,987.683,0.03987638738743837,0.051206713085068814,-0.06412176537838829,-0.011735676500230755,0,0
77006,2019.0,942.311,0.05609289500063304,5.146991210277214,11.123003257842468,3.5565727462889685,0.19844094491537137,754.025,1.24416305487846,5.18,103.526,20.497,156.196,38.062,0.3197493216394902,595.557,940.698,0.050340634502022905,920.432,0.03687993142706433,0.022017922019225714,0.0017146842025815474,0.11426674604943614,0,0
142640,2019.0,288.976,-0.032068341494570995,-0.5084578388164511,-80.53765105740183,6.963571892813051,0.8476170825504415,34.711,0.4612325560676132,-0.52,-130.549,14.951,132.577,-27.804,-0.08646355836538969,357.849,227.788,-0.05629844411867138,177.031,-0.0863288302592065,0.2867124966813722,0.26861818884225674,-0.43038671855701377,1,1
142636,2019.0,3.0,-0.3613840479743236,-1.5436157064080622,-11.790499360978089,3.696976602709567,-25.9164,67.291,0.011404068971809142,-2.06,-188.157,139.441,209.822,-64.943,-0.3135555577014069,6.152999999999992,2.5,-0.2962457804944804,0.0,-0.6788159158073245,inf,0.2,0.21987914012181797,1,1
77051,2019.0,1887.026,0.05469155622189479,2.084071253578913,20.891800088519076,3.1438675693446134,0.5456860052959813,806.719,0.6384507353189689,2.05,1875.431,-6.946,512.144,282.425,0.15048332628227193,2173.602,1775.686,0.1015463595041352,1800.434,0.038157298188700034,-0.013745574678105417,0.06270252736125652,-0.46141293012412105,1,1
77072,2019.0,1054.707,-0.030608064251309283,0.4901994277661527,18.543473299067866,1.06685242730125,0.13987616935568759,980.493,1.6062902032620565,0.49,84.883,8.107,16.843,11.479,0.05753250268140857,515.432,1139.944,0.016175009687533024,1041.986,-0.0011267687602148782,0.09401086003074882,-0.0747729713038534,-2.8923057755508244,0,0
77222,2019.0,1055.03,0.03254395344508946,1.5146294140473417,58.133031871285105,2.7408742404700335,0.3057777668001478,674.557,0.15622792256590712,1.63,-488.567,-334.202,43.603,156.128,0.047148310560142875,6029.117,971.673,0.025102635448726006,919.305,0.031815681495260255,0.05696477230081426,0.08578709092462174,0.29643572729894824,1,1
142677,2019.0,4467.0,-0.42844483828090385,-1.9687088866383349,-5.399477836538462,0.6971392861576661,0.22455034303727053,4182.0,0.8073353293413174,-2.06,-658.0,98.0,765.0,-416.0,-0.12911235257603973,5685.0,5393.0,-0.06227544910179641,6022.0,0.02397986221515633,-0.10445034872135503,-0.17170406081958095,5.879835383933745,0,0
77797,2019.0,2769.453,0.045831369529417715,1.7799840283699464,37.0846024166014,2.405742589427466,0.353437483264113,1666.061,0.126349494604081,1.78,1196.777,15.551,67.565,657.535,0.0648717373966103,20224.173,2576.798,0.032241260251868555,2474.172,0.029335752449406068,0.04147892709156831,0.07476527069642254,0.4215129672780561,1,1
77481,2019.0,10168.0,0.07689136260564831,4.469898902576664,7.771987858601053,1.7118421725239619,0.2526876614496278,7868.9,1.0430200192168635,4.47,4662.0,194.1,739.4,930.7,0.22025795763814934,7870.5,10529.6,0.0921914158073559,9799.3,0.04494462380971841,0.07452573142979613,-0.03434128551891813,-0.1659596294049625,0,0
77418,2019.0,165.432,-0.027548678638181088,-0.16229763849695533,-12.446268588423699,0.9105806343627082,0.400992213624936,98.163,0.899073911516854,-0.17,-2.539,0.724,20.634,-4.371,-0.07316093396936983,155.721,163.876,-0.023980644311797757,161.267,-0.028982332766521596,0.01617813935895136,0.009494984012301881,0.14878809259632633,0,0
101564,2019.0,8536.065,0.0025232805811543197,0.9338006230529596,18.397931609674725,0.8627110107312412,0.1380493299565803,6951.246,4.089711914121928,0.94,231.883,2.918,18.585,33.572,0.046891739192984956,1595.525,8064.552,0.017025100511584696,8128.082,-0.025705359040800235,-0.007816112091388923,0.058467351937218685,-0.8517905618567504,1,1
142617,2019.0,3794.0,0.07848057825536751,3.276533692980715,18.08313466360217,-1881.4322282608698,0.3094484208285661,2595.3,1.2329976050654508,3.19,778.3,-43.4,12.2,478.6,-104.04347826086958,2746.7000000000003,3758.3,0.15701584593681311,3423.7,0.15142047518709584,0.09773052545491731,0.009498975600670466,-0.5001741525696078,0,0
94547,2019.0,20972.0,0.05081633467725839,5.623709820112061,19.303983219716834,16.54503191011236,0.13941612872145678,17864.0,0.8760128291694801,5.45,8591.0,-69.0,316.0,1907.0,0.8570786516853932,22613.0,20758.0,0.08047771775827144,22891.0,0.057290796726240184,-0.09318072604953911,0.010309278350515464,-0.36856640455568174,0,0
142947,2019.0,780.6,0.014919626528058522,0.7231703789412786,39.631048,2.5571417644298453,0.3828549262994569,477.3,0.7828727604008503,0.73,68.2,-31.4,51.9,27.5,0.0645236977944627,869.7,773.4,0.02783682558963458,698.1,0.049610614364003464,0.10786420283626981,0.009309542280837918,-0.46403276192476317,0,0
78332,2019.0,3326.119,0.023704144796842772,1.0294478198233667,20.185578714971143,2.02690700603365,0.42025217666071507,1522.841,0.45631954615598563,1.01,252.292,45.923,273.702,115.048,0.10041361878469916,5371.465,2626.73,0.01998631421811676,2383.707,0.04037469616490216,0.101951707990957,0.2662584277790257,0.18601881958585217,1,1
78314,2019.0,2132.689,0.1564439317937951,9.06997014515631,16.206227545136734,4.09847156813028,0.5340211053351329,941.481,1.4156589868596405,8.92,866.612,159.722,589.692,264.308,0.2528948551854793,712.54,2020.437,0.18519260709386032,1903.339,0.09047445425778189,0.06152240877741693,0.05555827773892478,-0.1552366249992618,1,1
16720,2019.0,152703.0,0.08059471365638766,7.152164933396319,32.59572481493299,7.981483051019611,0.1402850765666497,121715.0,3.4674504041146217,7.15,6688.0,1509.0,7259.0,3134.0,0.24486287991249317,22334.0,141576.0,0.07675728630908646,129025.0,0.07370622059592263,0.09727572175934897,0.07859382946262078,0.049994307144322986,1,1
78375,2019.0,328.859,0.08801481639865923,0.9676863439272538,8.484154035573733,1.5612057158809085,0.22760025891141364,306.679,0.13441723316090243,0.93,-1537.024,65.091,177.247,227.415,0.18401430588539916,2758.608,397.047,0.07698961352002816,390.793,0.024087396074325505,0.01600335727610274,-0.1717378547124145,0.14320376963267858,0,0
78378,2019.0,60.3,0.3415572635699623,0.12317380855031562,7.873427081730964,7.2129526868162435,0.38702614135696733,41.152,1.720660225030115,0.12,-332.046,-2.2,38.0,24.703,0.9161134804376043,-1.2069999999999936,67.135,0.6331342748032908,44.724,-0.2345820210089209,0.5010956086217693,-0.10180978625158274,-0.46052950035585877,0,0
78349,2019.0,1195.163,0.02150777564972697,1.4872010697613334,39.456668767335536,1.5363813084462727,0.39887519428345347,700.418,0.10646092986143109,1.47,-1256.392,-4.191,76.541,249.127,0.03893844453787686,10643.315,1165.179,0.022762418541347505,1029.478,0.01579772750375772,0.13181534719537474,0.025733385170862093,-0.05511905026003715,0,0
3073,2019.0,427.62,0.01994764849719089,2.2388050828565063,25.76821021256256,3.6852654289633953,0.9374895159281645,24.595,0.05088740682377086,2.23,609.503,-123.7,250.105,150.638,0.14301596418857015,1301.3600000000001,393.454,0.019482778645328793,336.992,0.016592105961433356,0.16754700408318293,0.0868360723235753,0.023860551943064624,1,1
73833,2019.0,2470.685,-0.09588736861191792,-1.5046813411106013,-6.878532827662163,0.6307098743860584,0.277881224419499,2402.487,0.6082410428335904,-1.47,1756.044,202.201,245.029,-321.421,-0.09169250044859066,4938.875,3326.997,-0.058762134209503485,2356.684,0.0010262454904237926,0.4117280891286229,-0.2573828590768191,0.6317883940370947,0,0
78496,2019.0,2158.759,0.1304168672940833,0.5133888172547181,123.86323554930453,7.041739162716703,0.9421202061977285,108.923,0.7112820427536566,0.52,-1887.924,264.552,1438.323,109.493,0.05685092216014085,1103.6120000000003,1881.883,0.0413842968490741,1536.216,-0.13599602533156258,0.22501197748233331,0.14712710620160763,2.1513611979371143,1,1
78458,2019.0,1047.439,0.06611915282645131,1.988376803465146,17.89902192480685,1.914080926037343,0.2640137593627915,737.732,0.944168719298824,2.0,331.761,74.726,297.006,63.809,0.10693773850204376,685.503,1002.372,0.06010389536992121,986.918,0.06310363783999152,0.01565884906344798,0.04496035404021673,0.10008099174783963,1,1
78539,2019.0,3983.789,0.050698011510924165,2.8208761666761326,11.450343117351167,2.2914788684156444,0.3703220985652137,2487.62,1.828556154435401,2.75,1489.087,76.04,637.492,298.003,0.2001231618066776,1378.609,3950.623,0.13793146541449608,3616.014,0.055440449000911524,0.09253531651149578,0.008395131603294003,-0.6324405648952383,0,0
143610,2019.0,606.682,-0.21958874570942377,0.568530075298116,37.81682084052668,0.9020912483258273,0.759529516240842,159.222,0.2546104687894748,0.55,118.239,4.9,25.463,38.809,0.023854232806346704,2563.455,662.127,0.014923387330905896,626.262,0.08938252253350107,0.057268363719976643,-0.08373771194952016,-15.714403696717161,0,0
142766,2019.0,620.837,0.01893726116617098,2.6032381380706098,6.261432544961387,1.8274482417837299,0.18051118792731027,674.94,1.6964565623525971,2.34,59.945,-25.47,43.834,57.883,0.2918578502062261,377.35499999999996,823.611,0.11922618226159605,655.892,0.10122937003751228,0.2557113061296676,-0.2462011799259602,-0.8411652473730943,0,0
78498,2019.0,1410.395,0.08790083138388378,3.2258980199754688,17.003017349078227,2.8290315846172756,0.2074683205060845,1046.844,1.7375163605032786,3.14,342.663,21.764,25.657,92.051,0.16638409092552292,699.928,1320.886,0.12108548239642733,1100.816,0.1269724711945047,0.1999153355329137,0.06776436422219632,-0.27405970026942444,1,1
78486,2019.0,408.885,0.00906267945612599,0.9608874438175384,11.000247810509554,1.172808845101956,0.8678309347182755,56.14,0.050003266771635003,0.92,70.102,6.718,127.259,80.384,0.10661658403563083,1586.196,424.759,0.009462925084980207,413.925,0.004883571967567817,0.026173823760343065,-0.037371780233026314,-0.04229618487517114,0,0
97918,2019.0,1130.3,0.0029750426973720458,-0.20291133656815175,-50.465391304347825,3.2210462050783955,0.6469786460699681,310.8,0.43528132107188766,-0.2,-69495.7,-393.0,788.0,-46.0,-0.06382683502150686,1179.1,880.4,-0.02274300405418768,811.4,0.07908078654347311,0.08503820557061868,0.2838482507950931,-1.130811333906624,1,1
78732,2019.0,1787.157,0.11051603765542797,1.506574111882401,20.085304640069385,3.2187774101715787,0.377780829524813,1037.571,1.5547078512358168,1.58,1184.893,18.817,266.999,129.136,0.1602553442854058,725.7689999999999,1667.533,0.12039866861836523,1560.357,0.11157051764111614,0.06868684538217852,0.0717371110496764,-0.08208256018397363,1,1
78921,2019.0,9273.0,0.04741379310344827,7.729357962312223,9.458741638888888,1.760372388419783,0.30164515811250125,7089.0,0.6346358236949047,7.65,7328.0,35.0,226.0,1080.0,0.18611063243150094,14855.0,10151.0,0.06752110034385746,9549.0,0.08650540658791174,0.06304325060215729,-0.08649394148359768,-0.2977929438058749,0,0
72552,2019.0,9730.0,0.018257635523498253,1.8326848249027237,32.29687898089172,-28.919828897338405,0.34768999624389635,5210.0,0.24969518867039736,1.92,-4156.0,543.0,3156.0,471.0,-0.8954372623574145,28773.0,7987.0,0.014724731922343451,5601.0,-0.014082992904751667,0.4259953579717908,0.2182296231375986,0.2399299097455173,1,1
78730,2019.0,2302.468,-0.07097985766392269,0.09325457903647838,319.5553538271095,1.7833518801139174,0.23420142413709338,1882.156,0.8340824264916987,0.79,694.276,-33.975,106.557,9.694,0.005580729156172337,2610.1240000000003,2457.769,0.0032898108172128987,2853.111,0.02300498378767864,-0.1385652363332517,-0.06318779348262589,-22.57566547369318,0,0
79288,2019.0,1664.809,0.03150461468596538,1.9579164653695815,48.87848980928582,1.771587950953449,0.2816059310443743,1131.98,0.13915043040835917,1.93,-989.475,-37.194,51.673,222.899,0.0362447358309521,11183.858,1575.709,0.019684149666970775,1541.4,0.028574775022343964,0.022258336577137647,0.05654597390761867,0.6005067640198286,1,1
79127,2019.0,608.932,0.0013175866963995803,-0.021282740541621308,-356.1571398747391,1.8181449726371206,0.26206767022875027,420.403,1.6313800054980296,-0.02,89.237,5.987,62.086,-0.958,-0.0051048954775315325,242.257,569.704,-0.002743287821863832,610.53,0.015501672240802676,-0.0668697688893257,0.06885680985213385,-1.4802947346240876,1,1
79145,2019.0,117.613,-0.005778802962243534,-0.08789185304949251,-127.42933060807356,1.7578627568462972,0.5027333571757012,58.398,0.6528322863972428,-0.09,-114.687,-9.209,48.352,-1.957,-0.013794804920170585,121.95899999999997,117.438,-0.01087887042081272,124.753,-0.016214990361719014,-0.05863586446818912,0.0014901479929835075,-0.46880487231579493,0,0
79190,2019.0,4739.1,0.060395199178806896,7.518163640726225,22.8606356835561,2.1721925887768445,0.3122625472254914,2918.94,0.44435962865831774,7.46,1549.68,-1401.472,44.892,469.998,0.09501890581018821,9295.719000000001,4244.265,0.04920713875079713,3965.594,0.07932623045999053,0.07027219629644393,0.11658909139745044,0.22736661208183997,1,1
79171,2019.0,612.625,0.03955543945160725,-0.18039829939583799,-175.9994418258497,1.7511560975429146,0.348379799369215,386.56,0.2958653688859807,-0.18,337.78,-7.846,5.605,-8.062,-0.009949782109398236,1966.2820000000002,593.229,-0.004020819285568939,533.549,0.058950317038574666,0.11185476872789578,0.032695636929415045,-10.837656617290676,0,0
79186,2019.0,8351.931,0.10631981589891078,4.3697425879108245,19.094946286044895,6.50864268609699,0.34161449699571966,5208.518,2.5641407439627493,4.34,3217.709,-22.849,86.299,532.357,0.34085682088845065,2378.982,7911.046,0.1725483929727848,7256.382,0.14731022260767598,0.09021906509332071,0.05573030418480694,-0.3838261019580746,1,1
79344,2019.0,3589.427,0.05407518591425517,6.566826995909711,11.736261675235955,2.270319762163555,0.421474095912532,1952.496,0.4451457554096892,6.4,2215.368,-581.983,555.32,693.562,0.19344488261999415,6503.838000000001,3374.95,0.09147874202979447,3071.976,0.007076714422769758,0.09862511946707907,0.06354968221751443,-0.40887702744487925,1,1
79213,2019.0,2087.739,-0.04062025577684196,-1.3535886880257741,-7.757157024793388,0.546531434241111,0.16373669815811337,1762.118,0.9901466189120633,-1.4,-236.032,-151.361,153.248,-45.375,-0.07045512067040667,1848.4219999999998,2107.133,-0.02132181634150995,1916.278,0.01432376029662381,0.0995967182214688,-0.009203975259273989,0.9051029765114913,0,0
81714,2019.0,6117.4,0.017460546977065113,2.2231176026189874,7.5299660172179435,0.7748699118757869,0.26501194934231576,3905.8,0.17154210675825737,2.14,5149.5,-712.3,1805.4,882.8,0.10290483517508277,17503.9,5314.1,0.028497275521008184,5160.3,0.035596549285100795,0.02980446873243807,0.15116388475941347,-0.3872906564631695,1,1
140158,2019.0,18289.0,0.028613873533907885,7.51913214990138,7.107203189759194,1.18114635464802,0.2654512407046932,11962.2,0.6421442794897577,7.46,878.0,338.7,636.8,1906.1,0.16619003609604688,23006.9,16285.1,0.07516019005934425,14859.7,0.02822751006417155,0.09592387464080698,0.1230511326304413,-0.619294822015282,1,1
79353,2019.0,975.97,0.010935700408343706,0.4250046026823016,101.83419126957682,2.0717313621437228,0.325914328123365,695.74,0.11433986410257091,0.42,-1618.823,6.196,149.301,60.02,0.02034416276414872,8818.115000000002,1032.124,0.006649083485546607,1079.208,0.015212585814786846,-0.04362829037590535,-0.05440625351217489,0.6446929012269282,0,0
79368,2019.0,1579.04,0.005936371823787054,3.0667696220930236,4.653104653573861,0.5116897889514676,0.19948154052199282,1372.954,2.254490364644951,2.95,176.345,6.31,9.319,33.759,0.10996739318090759,656.0540000000001,1715.081,0.04437652811735941,1330.696,0.03138748473081545,0.28886011530807937,-0.07932045192034659,-0.8662272134474432,0,0
79332,2019.0,2331.837,0.04110516728395317,7.0358751841048885,24.737505348759655,2.2673009232167547,0.39014792290911426,1402.525,0.12512263196265547,7.05,324.633,15.958,217.864,974.525,0.09165438839735056,18065.353,2299.779,0.053020369745704614,2225.877,0.047620392291622064,0.03320129548937342,0.01393960028333157,-0.22472876969547612,0,0
79342,2019.0,847.451,-0.030312247079087723,-6.281279688390652,-1.0682536573561163,0.6754033397482637,0.2367486443385319,588.205,0.5132341482581565,-8.35,-93.671,-206.458,17.988,-264.467,-0.6322499671284619,1417.888,770.657,-0.1761269870868491,619.793,0.11054350397931394,0.24341029989044735,0.09964744367468274,-0.8278954998296735,1,1
79419,2019.0,2041.957,0.23225351377385217,1.786527518287808,32.12377050592653,8.489957687659027,0.49803316728461894,906.399,0.782465903250772,1.8,1054.218,64.42,274.52,417.867,0.26428895344314307,1899.4609999999998,1805.695,0.18107525334770844,1447.981,0.19885336753928495,0.2470432968388397,0.13084269491802336,0.28263531034729,1,1
79412,2019.0,3873.111,0.0278615036998231,1.2953932715977023,31.11024341688535,1.190473766586332,0.11430636514432202,3406.608,1.977211682546863,1.3,798.156,-30.564,27.13,33.153,0.038266295465248346,1355.601,3846.26,0.017042659339586024,3568.186,0.04029906250527409,0.07793147554527709,0.006981067322541809,0.6348096353195002,0,0
79407,2019.0,535.964,-0.009381889221637803,-0.4171228144762715,-45.23847496496369,1.2692419795892835,0.209035424238586,368.44,0.7366207963160342,-0.42,64.52,-3.138,13.184,-7.849,-0.028056692463048025,526.717,465.811,-0.012412194281123787,428.072,0.03299514456103879,0.08816040292287274,0.15060400033489996,-0.24413935125833558,1,1
129493,2019.0,171.398,-0.014862441761885826,1.1439904799682665,21.54738210818308,1.9902388752138938,0.2536014591319401,96.578,0.3070971355606768,1.26,59.319,0.117,0.609,20.188,0.09236569274269556,403.293,129.392,0.04791391255022678,121.309,0.019452498444095082,0.06663149477779884,0.32464139977742057,-1.3101905265262141,1,1
79458,2019.0,6359.4,0.0024397682220189077,0.5894731504487603,3.8169677419354837,7.1066666666666665,0.13216098090405085,5917.1,1.5098877250481653,0.59,-2791.8,10.6,48.6,186.0,1.8618618618618619,3666.1,6818.2,0.04118962730030782,6080.5,0.0014431693861874722,0.12132225968259186,-0.06729048722536743,-0.9407674120420927,0,0
93626,2019.0,3555.012,0.039292688197023126,2.6196300602271863,22.41537875577269,1.6631791965008098,0.4487465724334471,1718.462,0.08114423615137037,2.9,-3463.138,-103.19,343.856,1649.361,0.0741981304274186,37313.293,3117.372,0.04293236048917499,2880.432,0.056046972506938776,0.08225849455914949,0.14038748022372702,-0.08477689674364802,1,1
79522,2019.0,69.76,-0.144305293438628,-3.4740503948852957,-0.6419020297699594,-0.5926162456587462,0.7790107897082782,14.378,0.2153322720397687,-3.48,-880.785,-35.981,111.249,-36.95,0.9232191489893311,181.977,65.062,-0.12229146739831938,65.373,-0.11514975393255034,-0.004757315711379423,0.07220804770833986,0.18001113657919152,1,1
79542,2019.0,1450.814,0.023942425245354643,1.5262539619212272,55.23327185593958,3.1446084993059036,0.36094975671832796,890.351,0.6422942858604909,1.48,1209.036,-39.467,8.601,68.86,0.056933228715976274,2079.678,1393.241,0.03174496337988431,1386.52,0.10837486270076516,0.0048473877044687445,0.041323073323280106,-0.24578822287991262,1,1
79583,2019.0,4308.212,0.0574573276666209,1.5188359739265582,13.905385678612612,2.8284992252758134,0.3686571417244011,2547.923,2.1202934992418743,1.48,2019.822,-80.283,425.465,261.902,0.20341033975247658,1237.242,4035.72,0.137598522206309,3795.549,0.112405185670091,0.06327701210022577,0.06752004598931557,-0.582427727090906,1,1
79725,2019.0,114.617,-0.222856683369105,3.9261971993315274,8.37196868399693,3.3209211242594936,0.5838586870444967,496.591,0.5549895543240262,4.02,-1430.367,190.143,1335.35,681.313,0.39667146995036606,808.9680000000003,1193.323,0.3168644182883974,307.711,-0.19001466004802836,2.878064157602426,-0.9039514029311427,-1.7033187398348708,0,0
143232,2019.0,2052.314,0.1135079391495504,1.7353228865156203,7.099543315963236,1.5480442212063634,0.25460206199598484,1270.577,1.3374127712193278,2.08,-20.435,108.751,132.7,173.862,0.21804842259721202,927.3619999999999,1704.562,0.13641349462778987,981.865,0.017541639315079162,0.7360451793270968,0.20401252638507722,-0.1679126800522065,1,1
79763,2019.0,475.02,-0.08189287141663337,-1.1345298358643963,-2.088971065440779,-12.896519198664441,0.09885848557666706,507.759,3.538356233201879,-1.15,-22.179,-0.839,2.685,-7.396,6.173622704507513,140.9,563.462,-0.04644445002637462,574.794,-0.02880604407736515,-0.019714889160290457,-0.15696178269342034,0.7632434310262796,0,0
79810,2019.0,87.891,-0.06575529505794592,-0.16380035517338068,-4.761894436519259,1.1251476338142106,0.11617728972706294,77.749,1.4288104209979209,-0.17,-139.768,2.56,10.704,-3.505,-0.23628151543750842,37.437,87.969,-0.05692892411642412,82.294,-0.1893447642375995,0.06896006999295207,-0.0008866759881320551,0.15504194183384137,0,0
72385,2019.0,830.885,0.008849680738671872,2.5479368421052633,12.429664455038958,1.032944071708185,0.8371359579341706,86.601,0.04646631738587314,2.81,372.309,348.869,690.339,121.027,0.08310313407450284,1103.8629999999994,531.738,0.010576033674967875,398.804,0.009361774383884938,0.33333166166838873,0.5625834527530473,-0.16323254911546475,1,1
80299,2019.0,5301.4,0.0030927471908133433,0.8014448786507611,23.49506560164244,3.004864487860114,0.4292054612173411,2047.964,0.3273345563347618,0.96,-967.949,201.82,479.598,93.519,0.12789342829713385,10450.863000000001,3587.918,0.008531967668678768,3147.97,0.09044508188641733,0.13975609678618295,0.47757000020624757,-0.6375106762104883,1,1
79842,2019.0,1136.539,0.12231710679352838,2.814191741855194,19.234652420774996,2.847109153093929,0.48203064675952834,558.79,1.0559342953596245,2.74,603.557,-8.334,160.18,126.633,0.14801978693510567,827.1220000000001,1078.809,0.12394791628942224,977.025,0.08926741864999621,0.10417747754663391,0.05351271633810992,-0.013157215907412865,1,1
79940,2019.0,1618.589,0.03457473413873859,5.921277887388071,41.41166901190046,2.5780594705056092,0.40729866187892433,896.28,0.12211275303231792,5.91,-826.013,90.269,151.395,390.153,0.062254420843669764,12111.314999999999,1512.195,0.03150563051314013,1471.448,0.03465662524390379,0.02769177028342139,0.07035732825462325,0.09741444864334416,1,1
79912,2019.0,748.745,0.026646846665903764,1.6593277132400515,23.316671981843044,1.8065392049843023,0.3477471406892723,472.37,0.15491157343226505,1.64,-759.39,-78.19,10.143,171.835,0.07747843287374265,4445.944,724.213,0.036756078972254386,712.45,0.04008939850438742,0.016510632325075332,0.03387401220359209,-0.275035656387115,0,0
79914,2019.0,395.664,0.05271356891309899,0.3718462089396751,50.58542899667308,2.256270079135272,0.6495548890093776,131.207,0.42857257326007325,0.36,-88.973,-17.135,141.59,22.844,0.04460316189635682,699.953,374.401,0.0261492673992674,380.767,0.0027047859941934796,-0.016718885827815923,0.05679204916653528,1.0158717301034528,1,1
80059,2019.0,442.219,0.0678563999149717,1.2923986794081088,22.330570635693675,2.215247041349998,0.4327112203290741,229.002,0.12844979032300663,1.31,-487.305,3.891,50.373,163.239,0.09920243765777746,3013.653,403.678,0.051942427683790746,396.402,0.06849770593071482,0.018355104161936645,0.09547461095229365,0.3063771360102811,1,1
80328,2019.0,3033.591,0.023766174229771113,4.715013513093722,12.301131235134832,1.4935417218288762,0.19053854311869503,2039.409,1.0219025708750968,4.92,807.532,-80.811,539.474,151.781,0.12141498966883475,1699.5849999999996,2519.464,0.061562853888760906,2169.164,0.04840753970984754,0.16149078631214592,0.20406205446872824,-0.6139526885365862,1,1
62428,2019.0,1537.276,-0.017341343913068685,3.3474980514419324,14.981338070801243,1.8524320810363553,0.39296758976150953,972.818,0.6746327592049622,3.39,876.08,-15.943,41.572,107.371,0.123649307710822,2263.869,1602.58,0.04519961186873417,1515.608,0.03313123789064571,0.05738423127880031,-0.04074929176702559,-1.3836613456644342,0,0
80356,2019.0,2477.922,0.03858753631123693,1.2032093543973132,16.372878026590573,2.283053965245655,0.24592281158075063,1758.045,0.5488890662496648,1.21,-76.486,-49.073,82.933,145.089,0.1394412125673833,4071.4979999999996,2331.386,0.03415897913648689,2263.42,0.03459763022994586,0.030028010709457324,0.06285359867477974,0.1296454779007046,1,1
80790,2019.0,530.061,-0.09719363513954776,-0.40505957990408575,-26.514617929893497,1.1491594719894953,0.41985009739701523,307.06,0.84276153732244,-0.4,869.559,19.071,108.75,-19.342,-0.04334060083490372,459.22300000000007,529.277,-0.030798038937816363,666.9,0.03563027018625185,-0.2063622732043784,0.001481265953366558,2.1558384394470465,0,0
80515,2019.0,1962.174,0.10044229040701014,3.7325952336273223,31.374952993816297,7.775363572558776,0.4034225318684224,992.863,2.320768687998349,3.64,119.565,-66.134,20.229,119.346,0.24782072419650236,668.3580000000001,1664.265,0.16642449359798525,1540.186,0.03724851932802447,0.08056104912004146,0.1790033438184423,-0.39646930427417504,1,1
80668,2019.0,352.028,0.01624396018892087,0.804760850310009,24.342635445615382,1.1901653238337264,0.20922962230364073,422.167,0.10549408336172235,0.8,-1075.748,-18.418,49.554,72.686,0.04889221327299218,4842.975,533.868,0.014362994116954285,612.885,0.0010556920945120753,-0.1289263075454611,-0.3406085399387115,0.13095918975182658,0,0
81098,2019.0,3363.905,0.05848174213480435,0.6163936815639405,31.213817687396546,1.3937574745451922,0.21862541421590767,2647.083,0.6928780366486043,0.62,782.966,0.453,107.369,101.496,0.04465193871840806,4562.506,3387.726,0.020758570559628122,3662.251,0.02591007870760201,-0.07496072770544675,-0.007031560403645369,1.8172335839222649,0,0
80880,2019.0,7794.0,0.081980446676832,0.2705935604838543,21.1017586293991,-13.656845982846805,0.6119248783334824,2239.462,0.7060905919388563,0.26,-2063.502,-14.004,54.581,1175.893,-0.6471899438665742,7383.076,5770.692,0.14387996871549505,5425.129,0.07778591764519159,0.0636967342159053,0.3506179154943636,-0.43021639906707054,1,1
80947,2019.0,10973.8,0.0862736899066547,9.474896085643373,7.511428025879754,1.0189211276650398,0.28449434305778315,8253.0,1.433765491180748,8.85,4535.2,-26.2,128.2,633.7,0.13564945628906586,7577.9,11534.5,0.07877040112369328,9721.0,0.07913817571926203,0.18655488118506328,-0.04861068967012014,0.09525518057447732,0,0
81115,2019.0,540.298,-0.10334484856906026,0.6548588971543277,23.638680129823292,1.2051083309586623,0.20862900328601516,480.215,2.938623508445684,0.66,103.635,0.011,0.03,5.546,0.05098035610872623,133.407,606.814,0.026857663102432976,580.275,0.026050024069319642,0.0457352117530481,-0.10961513742266982,-4.847871952779782,0,0
82564,2019.0,1491.591,0.02352394496819044,1.1971146565177024,52.65995170702998,2.3672278927922292,0.5237559099829949,632.375,0.08701153167956742,1.26,-2665.753,8.929,11.716,363.614,0.04495309653837395,15219.341,1327.838,0.023827161958111024,1215.768,0.02267706897187016,0.09218041600042108,0.12332302585104503,-0.012725686359695332,1,1
144388,2019.0,4843.95,0.03733590992801989,2.4256786466409017,10.335251965348801,0.7934882893064923,0.18092852895155118,4377.172,0.6754478863128066,2.37,1216.852,-20.757,146.787,419.264,0.07677493417352918,7647.215,5344.066,0.052991670126651236,2425.453,0.06303060529382534,1.2033269661378718,-0.09358342505500493,-0.2954381351109286,0,0
81535,2019.0,598.345,0.290935868403714,2.0886959697697614,44.40090915204993,-23.236655509212813,0.9117141861889756,44.1,1.8854992375171749,2.06,306.596,-5.789,96.165,148.688,-0.523337380990092,164.52899999999994,499.514,0.5612477540728662,482.942,0.6541691201974655,0.034314679609559744,0.1978543143935906,-0.48162666791546377,1,1
81687,2019.0,33907.0,0.014207216323184712,12.860340761614395,5.877760270989194,0.7473308537668047,0.29301624202821147,22504.0,0.08544363259586941,11.92,34612.0,-863.0,14182.0,6015.0,0.1271455145007187,132075.0,31831.0,0.01614600389758897,30089.0,0.005419846702015078,0.05789491176177341,0.0652194401683893,-0.1200784780371428,1,1
82418,2019.0,243.007,0.011604266026780746,1.218235831809872,13.306126430313263,0.5985794752142306,0.20988797586811858,202.211,0.7243490320389449,1.31,146.192,3.884,3.696,10.662,0.044985253848977474,305.24499999999995,255.927,0.030176610438129744,202.643,0.02369011708085459,0.2629451794535217,-0.050483145584483025,-0.6154549547381192,0,0
72125,2019.0,274.324,0.005920352230984019,1.8710553543714434,10.528817308356949,1.1026364175992818,0.7784077522912748,57.374,0.047056832888694534,1.8,91.46,1.55,155.376,57.868,0.10472557223726311,599.6080000000004,258.917,0.01051721132873846,242.736,0.010490386211648243,0.06666089908377819,0.059505555834495384,-0.4370796548694848,1,1
82817,2019.0,7731.19,0.03815226681288667,4.612958683276027,8.833809881657167,1.4649519903463968,0.14035295367207645,6086.418,2.550529963288204,4.6,663.012,36.848,142.663,163.677,0.16583467495585055,1655.18,7080.136,0.05896258105792365,6703.623,0.03376574245871858,0.05616559881126979,0.09195501329352983,-0.35294103262869964,1,1
82578,2019.0,2669.852,0.10964507157577909,0.15861038475905867,102.07402260951483,3.0253443949224654,0.8663177301712294,355.657,1.90452618158416,0.16,794.659,82.423,155.391,8.492,0.029638729988098442,1127.6879999999999,2660.465,0.00607910133529766,2702.54,0.004682635817905786,-0.015568687234971477,0.003528330573790565,17.03639477748735,0,0
83012,2019.0,780.848,0.28853317185565425,1.6488218155073409,21.24547338623204,3.450237743650325,0.4201706884539869,366.197,0.57663178596439,0.96,-980.487,96.086,243.989,116.575,0.16239872282093862,795.395,631.56,0.10643620629678696,692.885,0.0816719451937576,-0.0885067507595056,0.23637975805940847,1.7108554682145256,1,1
143806,2019.0,1211.999,0.07290058610753306,5.314190391459074,6.207907050718633,3.9631439442520637,0.24180627100272256,977.176,1.9157161076279576,5.42,-63.741,8.939,39.375,119.463,0.6384025907400283,410.2009999999999,1288.821,0.17757096863378136,761.291,-0.016238636079562024,0.6929413325522038,-0.05960641547584955,-0.589456617439072,0,0
83594,2019.0,1258.294,0.020586738311864125,0.5935172188110883,46.62038290216334,3.0652818033429656,0.5864584364911168,417.586,0.47576038125661085,0.59,771.151,78.792,148.502,68.921,0.06574982041172223,1934.351,1009.78,0.032472302121835335,1024.191,0.002758322102190597,-0.014070617687521231,0.2461070728277448,-0.3660215948156939,1,1
83595,2019.0,23610.8,0.042248628324461295,-6.681731504271638,-14.491752615036459,4.085395817753283,0.328751758071795,15320.1,1.6904645512991436,-6.69,3037.8,-651.1,422.1,-1590.8,-0.28191178294848396,11662.7,22823.3,-0.11782656356472017,22245.5,0.10496057014106583,0.025973792452406073,0.034504212800077115,-1.3585662438610868,0,0
83773,2019.0,1353.215,0.09816095391397366,1.1688653359064043,38.82397621519829,4.861218872087071,0.8073270293098831,261.868,0.8132500815265359,1.17,339.487,-30.778,530.782,155.057,0.1252117723630808,1092.065,1359.132,0.09277989032063115,1289.386,0.033458798774796766,0.05409241297796013,-0.004353513860316837,0.05799816721863419,0,0
37635,2019.0,276.768,-0.039154712150864676,0.6279944046161916,23.153072532368093,1.8876172748425173,0.23535400875931284,236.57,0.7047044835409131,0.62,53.731,-0.541,14.511,14.366,0.08152772260371148,398.363,309.385,0.03272228650564429,276.411,0.0732791837853938,0.11929337110317603,-0.10542527918289517,-2.1965762888883344,0,0
73178,2019.0,179589.121,0.021836144100961963,7.778014886242653,11.85649569315095,6.70441585993568,0.027950638335018523,163245.615,4.458199023845019,7.61,3641.329,57.401,2492.516,1658.405,0.565463525939504,8340.449000000004,167939.635,0.04402474467769147,153143.826,0.010320510515348786,0.09661381321373026,0.06936710324516308,-0.5040029360573003,1,1
85041,2019.0,948.424,0.0504820906156168,1.1179909936083672,17.620893292187755,1.8274987661349957,0.16854066635358028,766.608,0.7793565849077497,1.13,408.481,-51.708,28.121,61.57,0.10371203864818929,1096.2799999999997,922.003,0.052044282863255485,855.34,0.04282917216091057,0.07793742839104918,0.028656088971510868,-0.030016596669095993,0,0
144208,2019.0,6334.0,-0.0032561966742791263,7.359697784433176,4.141474404624278,0.24846548481065334,0.11427586998966349,7712.0,0.042206753468350997,7.24,2062.0,2288.0,27173.0,865.0,0.05999445138021917,175475.0,8707.0,0.004193044877698818,6605.0,-0.0016860548101627177,0.3182437547312642,-0.272539336166303,-1.7765709095072117,0,0
85391,2019.0,402.874,-0.010086374370665745,-0.2416233042719138,-19.53453957689565,1.8002586637458926,0.5655122683728238,175.341,0.7899967699942252,-0.25,-2068.632,7.232,65.989,-21.035,-0.09215772179627602,411.068,403.558,-0.0411776796813061,358.246,-0.16327828067212666,0.12648291955806906,-0.0016949236540967324,-0.7550523864207732,0,0
85159,2019.0,7806.9,-0.005268396657986547,5.796230094247644,20.06821642837118,5.9837271587394465,0.21761609325061101,6658.4,1.4442030953027423,5.82,708.4,310.4,457.3,713.4,0.29816935551283125,5102.9,8510.4,0.12106299212598425,8080.1,0.10896592072546438,0.05325429140728447,-0.08266356457980824,-1.043517813044832,0,0
85575,2019.0,2606.572,0.09849642693859943,2.2118587047939444,46.82939275257615,7.177726058533837,0.6135131416342905,904.455,0.7637907349499319,2.21,2208.0,-633.234,188.701,315.588,0.15327395117971035,2782.499,2340.196,0.10300128299568888,2066.737,0.0986839506678272,0.13231436801102406,0.11382636326188073,-0.04373592178728489,1,1
60558,2019.0,92.993,0.010789924728069973,0.642372510396148,29.28207495741056,0.9674140779116984,0.888645322178425,5.537,0.05075208498555233,0.64,-15.362,-145.445,24.425,11.74,0.03303775703459397,955.3180000000001,49.724,0.011982734247654742,23.234,-0.0025023575420068,1.1401394508048546,0.8701834124366503,-0.09954401849629814,1,1
144093,2019.0,651.76,0.010953600174800555,0.33012229507925617,105.44577121530908,1.4093098065445704,0.3838061477562364,430.571,0.11651255526459056,0.31,-169.318,60.975,399.532,39.924,0.013365256759959667,5466.793,698.759,0.006657012298064874,540.658,-0.011817404604592999,0.2924233064155159,-0.06726067213445555,0.6454228540308773,0,0
144722,2019.0,1424.259,0.028213283678607412,5.575333479116554,5.687552165045497,2.122431556222328,0.3557461633502832,983.429,0.5529202996167314,5.48,-141.334,110.956,264.935,152.976,0.3731713564345567,2364.862,1526.462,0.05541149124850085,1389.124,0.02498209337744944,0.09886662385791331,-0.06695417245892789,-0.49084056315898705,0,0
145494,2019.0,2073.0,0.034634899624972425,1.6515276630883569,27.471534999999996,3.1384969464033845,0.3302997858672377,1251.0,0.3754019292604502,1.63,61.0,307.0,366.0,162.0,0.11424541607898449,4549.0,1868.0,0.03255627009646302,1347.0,0.11451460885956645,0.3867854491462509,0.10974304068522484,0.06384728724606654,1,1
136184,2019.0,698.365,0.010490008194816275,-0.10947064804631569,-118.57059615202353,0.9073016761721312,0.6325433984995346,214.724,0.15480962600761025,-0.58,,-3.914,0.099,-10.551,-0.007651995567339882,3750.7459999999996,584.352,-0.0027952267879741933,,,,0.19511013909424463,-4.752829015501379,1,1
145860,2019.0,370.007,-0.15837313344831144,-1.016647137258071,-9.816582011843728,2.7494603379566755,0.20946059305081757,367.536,0.7801344417111618,-1.03,-45.849,155.316,201.027,-75.483,-0.2800832646882027,312.377,464.918,-0.12666080483802225,370.658,0.024271736713364467,0.25430450711977076,-0.20414567730223393,0.25037207564600505,0,0
48476,2019.0,768.689,0.02080447967650407,-0.27044233076102053,-16.75033633696563,0.8420295801576976,0.7974611211758587,79.041,0.17837273292379696,-0.27,64.122,-38.062,23.193,-28.632,-0.0502694132952696,2025.8800000000003,390.251,-0.013086880210618693,,,,0.9697297380403894,-2.5897203414166894,1,1
146133,2019.0,388.4,0.05839925546765938,0.8636986301369862,15.977795400475815,4.129534740725559,0.49875706214689264,221.8,0.6704545454545454,0.88,-23.3,27.1,28.3,126.1,0.25845460135273624,559.7,442.5,0.19106060606060604,347.4,0.08504635227730754,0.27374784110535416,-0.12225988700564977,-0.6943417239599111,0,0
146127,2019.0,4988.0,0.0070202808112324495,3.3061494379545957,6.2156899999999995,1.6421098825831704,0.2974932670395691,3391.0,0.9708366854384554,3.28,-187.0,209.0,265.0,405.0,0.26418786692759294,3743.0,4827.0,0.08145615446500402,4519.0,-0.08808405991504584,0.06815667183005089,0.03335405013465921,-0.9138152192754377,0,0
146221,2019.0,1630.242,-0.01691977442736741,0.8589182407746067,23.308388446780647,11.119666355754674,0.8078647687308792,287.261,0.1420677918268388,0.86,32.423,173.168,294.172,218.398,0.4770671460682011,10053.756,1495.098,0.02075270089278291,895.558,-0.0032604952744670415,0.6694597111521532,0.09039139909223343,-1.8153046928581493,1,1
85690,2019.0,19.253,0.014749717339911605,-0.0970593234744178,-15.454465849387043,0.7114237342792648,0.5401726024067097,7.566,0.9493970342161445,-0.09,-48.125,-2.295,1.085,-0.571,-0.04603353756852628,14.713000000000001,16.454,-0.03294674283076568,21.286,-0.07207615593834996,-0.22700366438034392,0.1701106114014829,-1.4476836273520282,1,1
79919,2019.0,12807.684,0.04211473435821171,3.366413470005386,7.417389522256174,1.3591772386340686,0.32039903380748774,9257.05,0.4453296059124703,3.37,5211.916,-591.977,2068.817,1575.091,0.1832419929620526,28284.442,13621.302,0.051495419036027446,14391.375,0.07048785833810879,-0.053509341532688874,-0.05973129440930099,-0.18216542079699904,0,0
4009,2019.0,2832.228,0.05427778251665284,4.8042851256695505,5.497175814751287,1.352267419414047,0.2717540744009239,2066.333,0.8876212755494353,4.63,819.061,76.624,500.818,233.2,0.24599311809990357,2552.682,2837.411,0.07295146225137221,2695.628,0.1272945848898064,0.05259739103466795,-0.0018266652240369805,-0.25597402928504176,0,0
135209,2019.0,1354.691,0.04230258225361466,3.1240605511433293,16.468950955886744,4.977624362812213,0.284993056988021,904.699,0.993806094470019,3.0,353.279,2.79,21.585,117.221,0.30224295258059447,1191.175,1265.301,0.09206895766293562,1139.791,0.10104090958455511,0.11011667928593927,0.07064722149117096,-0.5405337116068547,1,1
85912,2019.0,946.9,0.12219702695893173,6.0184813177983125,3.969439919893191,6.4773649237472775,0.3480878581781692,584.7,1.6922641509433962,1.34,-24.6,110.9,295.4,224.7,1.6318082788671024,133.5,896.9,0.4239622641509434,1265.4,0.07326804497642365,-0.2912122648964755,0.05574757498048835,-0.7117738126914382,1,1
85682,2019.0,8323.0,0.017245383811404016,3.052776483982819,23.01183868802213,2.368898228388161,0.3020214976485872,3045.662,0.5045009766182762,3.06,2765.385,2108.953,2342.354,294.944,0.10294258796543684,5717.4310000000005,4363.547,0.03410059202930572,3881.756,0.039857415979987786,0.12411676571118838,0.907393228490492,-0.4942790495665441,1,1
86202,2019.0,82.975,-0.2065494197473893,-0.017800573238799213,-117.97372881355935,1.341601079379357,0.2562304198419495,68.612,1.5014485677083333,-0.02,-44.204,-7.948,12.123,-0.354,-0.011372032509878248,48.01,92.249,-0.0057617187499999995,70.88,0.09469703632046435,0.3014813769751693,-0.10053225509219614,34.84857725785198,0,0
86236,2019.0,623.686,0.009401437252992981,1.4089816691013617,10.69566789297659,0.9484041892238547,0.7816688557276914,82.782,0.03176217680792628,1.47,-463.477,58.27,1366.122,119.6,0.08867180607268418,10571.284000000001,379.158,0.010018927060032974,248.057,0.01994453837043039,0.5285115920937528,0.6449237521033448,-0.061632328825234554,1,1
86251,2019.0,1790.793,0.4878912095947749,2.9401283136801384,3.890986643940254,-3.0867852993539002,0.662808361156384,639.285,1.2593300126005404,2.87,-1899.296,36.515,49.88,854.219,-0.793316858119058,1367.514,1895.91,0.567402262783371,550.771,0.006657476463656583,2.4422836351224015,-0.055444087535800844,-0.14013171677983371,0,0
86397,2019.0,2739.189,-0.05442490503915876,10.573153575615475,3.9902948253112904,0.5220797363977322,0.2599147634334234,1981.744,0.48379848782031915,10.6,1536.124,-59.123,248.365,270.567,0.1308373840163562,5199.198,2677.724,0.04888476387188534,2156.46,0.04509629980009936,0.2417220815595931,0.022954195428654966,-2.1133306316420537,0,0
110877,2019.0,1131.724,0.034634830442865916,1.0972590976402652,11.856816706262853,1.2005244662795747,0.3505395595715018,758.864,0.29411077686879866,1.05,-257.48,303.058,862.369,250.445,0.10125183647693983,3080.04,1168.453,0.06303939783021335,1197.978,0.03768353667830366,-0.0246456946621725,-0.031433870254088135,-0.4505843704892399,0,0
86311,2019.0,1347.387,0.3433571662840275,2.227087654605516,13.883602621593653,4.782073890133131,0.2951366831811263,999.745,3.7334117733767123,2.34,238.604,-0.267,0.112,57.98,0.3444404179859919,356.896,1418.353,0.15261589648020046,1357.94,0.08661112036304591,0.04448871084142157,-0.050034088834020954,1.249812596216494,0,0
86415,2019.0,1517.557,0.015197503057604051,0.7139368035414441,63.17085738721403,2.7917302419835495,0.6995519684659691,442.392,0.4737755909400824,0.73,302.93,-36.097,138.838,60.801,0.04419332517320882,2892.999,1472.441,0.01956345259657124,1188.236,0.020161263953648055,0.23918228365408883,0.03064027692790406,-0.22316866194325943,0,0
86302,2019.0,192.971,-0.05180343645367605,0.2136924108755095,66.96541042974408,2.03298808956646,0.3828339460487133,127.251,0.8734955326693413,0.21,-7.675,0.621,1.2,4.142,0.030358778905706017,217.29500000000002,206.186,0.017547352857693595,205.756,0.04542614137771481,0.0020898540018274405,-0.06409261540550766,-3.952208055186111,0,0
86425,2019.0,6806.006,0.04319132659181999,1.88336832689369,14.187347009318298,1.2417797260845973,0.19176186874791604,4373.05,0.16793533891841503,1.76,9247.579,-2.641,2279.382,757.971,0.08752726815443311,27102.57,5410.596,0.02352608044942368,5495.926,0.01932124696950155,-0.015526046020270438,0.2579031958771272,0.8358913072950089,1,1
86426,2019.0,43.346,0.17520466689543604,-0.09702206012534968,-18.552481751824814,2.47210037445898,0.8647898040707629,3.554,1.042931397055906,-0.14,-236.091,9.954,12.159,-2.74,-0.13324903953703254,11.883999999999999,26.285,-0.10871721620442013,22.974,-0.48000288246739203,0.14411943936624008,0.6490774205820808,-2.6115632188925817,1,1
86434,2019.0,3513.542,-0.3612488576065854,3.0588590298337515,10.78833633003138,0.9385261881599178,0.2713116612738315,2657.616,0.6145202514410073,2.95,2094.359,-23.455,78.668,268.629,0.08699452440570955,5825.184,3647.123,0.04526251530983363,3458.312,0.05460317373746395,0.05459628859397306,-0.0366264038805382,-8.981192718383932,0,0
86779,2019.0,851.1,0.0029436232162283224,1.8569405099150142,20.124500381388252,2.734295781946315,0.7971783587885064,156.7,0.6580359424239844,1.89,48.8,8.5,180.6,131.1,0.13586900196911597,967.4999999999999,772.6,0.11165999488970275,771.4,0.017804639006860502,0.001555613170858239,0.10160497023039089,-0.9736376199986753,1,1
86699,2019.0,4181.668,0.028438865429041005,5.386878953728055,24.819566422124872,1.2839529428360803,0.10237898499691088,1765.257,0.10529954815209693,4.91,4056.774,-253.67,4202.17,227.364,0.051731481565750796,12191.638,1966.595,0.012173999458990472,2085.021,-0.014605745872014369,-0.05679846869647843,1.1263493500186867,1.3360330781055658,1,1
85225,2019.0,4890.7,0.03403386573796085,9.243498817966904,12.63266240409207,1.671699664940603,0.08464054468994071,4113.9,0.3624523173947757,5.63,2065.8,722.8,1229.2,391.0,0.13233153958100655,11133.2,4494.3,0.03153302096018452,5184.4,0.012036510317008841,-0.13311087107476266,0.08820060966112624,0.0793087595677575,1,1
86563,2019.0,3199.517,0.17635070176219234,5.9348200273376195,25.04709482600518,26.264890648061186,0.2993222033843469,2100.7,2.4161230297105822,5.82,-229.643,-13.582,16.358,234.461,1.048620242407979,986.6780000000001,2998.097,0.1889487303676208,2788.188,0.17404378681672789,0.0752850955530976,0.06718261617285885,-0.06667432261078231,1,1
86607,2019.0,11388.479,0.04684666064442875,0.9579714761369579,53.71767456742412,2.311977619738611,0.28140113360534036,8195.513,0.5967922871974687,3.66,2708.27,-103.5,418.355,159.394,0.04303942116549955,18228.627,11404.851,0.00834075866712799,10876.634,0.03502275916231168,0.048564381223088,-0.0014355294952999567,4.616594666508877,0,0
86681,2019.0,607.628,0.011605652191747227,3.880140977176477,13.783004358495404,1.2725505226245184,0.9248429625301293,41.159,0.04613136015153163,4.16,141.159,10.996,272.196,136.515,0.09232751361934809,2122.0729999999985,547.64,0.011499566560306661,493.63,0.0062250024556475235,0.10941393351295503,0.10953911328610047,0.009225185217566698,1,1
86920,2019.0,901.935,-0.1363741473503338,-0.26101253214902137,-11.532013329848406,0.985244340534285,0.41912072109917936,575.225,0.4040134275941302,-0.27,-1217.209,4.974,96.473,-153.04,-0.0854355880758626,2307.204,990.266,-0.06243798631782338,1067.503,-0.11950601960259324,-0.07235295825866529,-0.08919926565185518,1.184153516036836,0,0
86709,2019.0,9985.803,0.09715063456662129,3.5394578671351766,22.184188355250512,4.014438448644055,0.2872205299274844,9410.111,1.5530795914182733,3.51,2959.818,-94.449,80.209,535.881,0.18095944662739605,7193.109,13201.995,0.06304091499268222,12461.543,0.052014694219287984,0.05941896601408037,-0.24361409014319432,0.5410727236097148,0,0
86718,2019.0,1022.8,0.058299925256506076,3.0710734132787363,8.156757142857144,1.3816338949632552,0.32545856141361756,702.4,0.7100579611319467,3.08,483.7,-13.1,93.8,94.5,0.16938519447929737,1307.0,1041.3,0.06443914081145585,982.1,0.022366288492706644,0.06027899399246506,-0.017766253721309903,-0.09527153027866506,0,0
86818,2019.0,788.948,0.042378455840031956,3.8524525731055443,11.143550552627104,2.700078313749403,0.5112089159428677,351.388,0.880472856785926,3.76,509.334,-60.485,351.771,147.025,0.24229964238039522,425.06700000000006,718.892,0.18007088932544912,671.012,0.18799876723014067,0.07135490870506059,0.09744996466784986,-0.7646568193294156,1,1
86890,2019.0,14866.0,0.1356795378534509,3.01787299875254,47.28164507220217,11.174928058873721,0.8315681834781974,2306.0,1.0894405983926156,3.01,8606.0,1045.0,2715.0,1108.0,0.2363481228668942,8670.0,13691.0,0.08816742261478476,11826.0,0.10797026279391425,0.15770336546592253,0.0858228033014389,0.5388851554190591,1,1
86619,2019.0,2406.596,0.23159376704842094,8.121370443821377,23.228838199779723,8.800813107988601,0.6314486912632561,891.868,0.649222546604547,7.71,5877.234,153.961,1735.224,593.794,0.37887444185960445,1924.0339999999999,2419.929,0.15930403447311897,2309.078,0.003814735083354713,0.04800660696607049,-0.005509665779450589,0.453784694244515,0,0
86892,2019.0,1249.824,0.10439758001701994,8.058352900252196,29.887000852551722,6.016330398399364,0.5665078757674642,431.606,1.5560638336112627,7.9,54.491,42.762,108.399,92.663,0.20130258061292544,484.35,995.649,0.14481965332553984,862.992,0.1738848784461329,0.1537175315646032,0.2552857482908134,-0.2791200805988341,1,1
86847,2019.0,108.885,0.00908788651224648,0.1577533039647577,33.15302987992182,1.3246563420512365,0.3928864310196186,57.745,0.7791758826902597,0.16,-64.556,-1.057,34.791,3.581,0.039955815406587526,81.226,95.114,0.029335627099205376,112.847,0.0358015353451049,-0.15714197098726587,0.1447841537523393,-0.6902099116029244,1,1
86821,2019.0,5412.0,0.10888061685721882,4.870833333333334,14.956372968349015,16.040366972477063,0.6721444842173772,2015.0,0.7031232124470884,4.6,-43.0,-616.0,3905.0,1169.0,1.0724770642201835,4294.0,6146.0,0.1337375586317355,5911.0,0.007704004054738976,0.03975638639824057,-0.11942726976895542,-0.1858635825928574,0,0
86856,2019.0,279.317,0.08993537365630389,2.086492039034412,11.162275994486018,1.0372302026625189,0.1243864326833151,150.736,0.634416804864566,2.09,99.658,-36.969,6.677,20.312,0.09292282355094011,244.88900000000004,172.149,0.07485535286530311,132.78,-0.044124798110487834,0.2964979665612291,0.6225304823147391,0.20145547664622201,1,1
87091,2019.0,3010.564,0.15534848388876912,4.3798940913310105,23.393259714383486,24.417522587617103,0.8965127645387223,307.761,0.5790254337526763,4.23,4160.865,-496.364,1202.381,575.667,1.0437845296354251,3858.1169999999993,2973.903,0.11208362692801413,2824.686,-0.003559857983676095,0.052826048629829876,0.012327570872351944,0.3860051476433923,0,0
58729,2019.0,628.862,0.011289443576514862,3.3935087159555652,12.951197029009041,1.1434445639255193,0.868031931545445,75.879,0.05040144614229691,3.54,547.603,77.627,278.302,116.998,0.08828871658460204,1626.8659999999995,574.98,0.010255780019751042,464.4,0.007672408775730351,0.23811369509043936,0.0937110856029774,0.10078839003694931,1,1
86930,2019.0,3363.817,0.12498285550118833,5.889920566766853,14.512929169590217,3.4442071026646888,0.45432035801612924,1748.291,1.3998515331885368,5.84,1306.188,30.134,46.217,329.223,0.23731991401718794,2097.377,3203.878,0.14384546518654256,2887.744,0.11026236450122731,0.1094743855411006,0.049920440166573085,-0.13113106944937547,1,1
87620,2019.0,1753.872,0.02343145929486413,1.045528179626281,9.344559228898296,1.6742894588182125,0.2761543582600694,1214.495,2.2984981595159257,0.89,,-37.927,14.531,55.505,0.17917265200058105,679.644,1677.837,0.07603726723390382,1323.555,0.03991589468732796,0.267674558291873,0.04531727456242775,-0.6918424327009951,1,1
52141,2019.0,20480.0,0.029442083115636074,5.031309950410829,8.834677338129499,1.2504317341583773,0.1171387421987518,16551.0,0.30088112090134334,4.13,9476.0,-596.0,5406.0,1807.0,0.14153677449674942,56134.0,18747.0,0.02900155680742132,16804.0,-0.01389949391813904,0.11562723161152107,0.09244145729983463,0.01518974692082833,1,1
86605,2019.0,668.21,0.13164651407755273,1.7944806733307759,33.246387596509315,16.86635038498587,0.29090841639960846,496.964,1.080173913847605,1.81,150.674,-1.284,13.116,79.526,0.5073137746477077,594.556,700.846,0.12256888199782068,659.809,0.14213969617586505,0.06219527166195071,-0.0465665781070306,0.0740614741015053,0,0
87619,2019.0,2868.755,0.03598461048843738,0.9073385251029176,38.78376044487747,2.527932970079013,0.7280719483696066,765.543,0.3625538294834443,0.91,2027.88,239.585,682.942,242.224,0.06518019245895225,7040.365000000001,2815.241,0.03119421704671032,2291.057,0.13710988559415724,0.22879570434083493,0.019008674568180884,0.15356671509190026,0,0
87590,2019.0,43.447,-0.25315255795248903,-0.9419938244375827,-4.9894169983610395,2.133753880044057,0.42873239436619726,24.336,1.0222691495488578,-1.05,-41.732,-0.513,21.194,-12.813,-0.42765595273856016,17.962,42.6,-0.30747264350163184,41.593,-0.3089612447774096,0.024210804702714347,0.01988262910798125,-0.17666640170169973,0,0
87607,2019.0,4991.1,0.1370393169408251,0.3472035794183445,280.4118556701031,2.3741677850152207,0.9298993028659954,289.6,0.29652811174355254,0.35,2316.1,782.9,1563.8,77.6,0.008466716855967617,12293.7,4131.2,0.005569950975818087,3551.1,0.03263566290960224,0.16335783278420768,0.2081477536793185,23.60332551144177,1,1
87679,2019.0,996.81,0.06451135203385736,1.9943904939984316,15.929678814456375,2.917893713437334,0.5079143234913303,430.604,0.7852555991679543,2.04,761.274,17.034,162.88,66.13,0.1831734178337174,906.0960000000001,875.059,0.05934337315881194,789.582,0.06784045707513482,0.10825601394155386,0.13913461835144827,0.08708603168234325,1,1
7088,2019.0,2432.8,-0.052908810306649665,-5.445828628547099,-4.6255587015635635,-1.287698116956851,0.6506599378881988,899.9,0.8538849111641474,-5.57,-2089.2,0.1,87.3,-294.2,0.27838758516275547,2597.4,2576.0,-0.09752055157783081,2693.7,-0.05992999443881056,-0.04369454653450638,-0.055590062111801175,-0.45745989485689764,0,0
87705,2019.0,3668.117,0.05381221084428698,5.8550034827025765,6.331336968375137,1.3022427036583155,0.13923552357711608,3170.706,1.9136562041209457,2.62,1056.816,32.878,61.435,201.74,0.20568210318973448,1588.3799999999999,3683.593,0.10480555333321559,4034.897,0.0808843639601877,-0.08706641086501095,-0.004201332774820579,-0.48655191320637303,0,0
87757,2019.0,1409.172,0.00030200381786916027,0.17213450053178433,30.499405893536125,4.185412861987999,0.15603152191121772,1306.037,3.872639183977858,0.17,-178.075,-22.079,83.261,4.208,0.13722932428906862,271.212,1547.495,0.01053060958916108,1501.729,0.01575642194144862,0.030475538529255178,-0.0893851030213344,-0.9713213356442342,0,0
118991,2019.0,6.011,-1.4566068129056713,-1.027756263621463,-3.7265644935155975,2.869682987395071,-11.436669470142979,73.936,0.026085430332814113,-1.21,-853.391,-17.35,124.617,-57.06,-0.7700612702097223,100.09599999999999,5.945,-0.2503674776771023,10.7,-0.35593120285375757,-0.4443925233644859,0.011101766190075666,4.817875494133666,0,0
87649,2019.0,1267.705,0.03434436844833833,1.2463805879000083,18.878663731152166,2.9258595167509074,0.260040627396492,994.811,0.6398313534320167,1.24,,2.375,5.164,76.534,0.1549823418869881,2057.7709999999997,1344.413,0.036423965554904604,1187.886,0.017498870483488332,0.1317693785430589,-0.05705687166071741,-0.057094198143569454,0,0
87867,2019.0,1836.6,-0.05387744215509768,-0.7513932556212616,-9.728594108761328,0.844965796378903,0.03628776674413693,1824.5,1.231349593495935,-0.76,-1675.5,-128.3,39.7,-66.2,-0.08685384413539753,1378.3999999999999,1893.2,-0.04305691056910569,1589.08,0.03071493467860279,0.19138117652981607,-0.02989647158250588,0.2513076633453578,0,0
87870,2019.0,156.543,0.16678285378978994,-0.4639314697926059,-22.18,1.834756167411948,0.4743647554183918,89.758,0.9099876366891907,-0.48,-30.128,-16.546,18.075,-8.232,-0.08272119780937547,151.851,170.761,-0.0438684373201458,160.088,-0.05622735541864767,0.06666958173004849,-0.08326257166449008,-4.8018872788340214,0,0
87952,2019.0,43.23,0.16057517595706022,0.5930292312807955,16.60963655826282,4.2159121490490366,0.7046340931663477,12.193,0.440739673083288,0.59,35.499,4.653,27.681,19.618,0.2538232630353215,62.539,41.281,0.20945303908693935,34.485,0.09113052147413021,0.19707119037262577,0.047213003560960205,-0.2333595317735686,1,1
112543,2019.0,0.0,0.229664031114864,0.3107907157173337,119.8555752028292,3.8723896547320598,,0.0,0.0,0.31,-713.141,1.808,256.947,9.614,0.03230879872028391,73.35300000000001,0.0,0.02910687254011505,0.0,0.35884721825620275,,,6.8903712790971055,0,0
88112,2019.0,20.743,-0.09045527787431677,-0.28240562403698,-4.390847399829497,4.152260561109319,0.7500558909009614,5.59,0.7046313799621928,-0.3,-76.55,-2.244,2.376,-5.865,-0.9456626894550145,28.083999999999996,22.365,-0.1847826086956522,24.338,-0.08346125878645876,-0.08106664475306116,-0.07252403308741337,-0.5104773197389916,0,0
88205,2019.0,161.707,-1.5884008479797822,-2.72213200534084,-1.2784097145811513,0.28676525426500893,0.045457780730266496,201.165,0.44426666329374365,-2.79,203.926,4.932,74.477,-75.433,-0.22431404501565647,387.71500000000003,210.745,-0.1590185637250562,188.756,-0.46821482876370246,0.11649431011464538,-0.2326887945146979,8.988776220656439,0,0
7308,2019.0,31330.0,0.023809956230362687,9.57132018209408,12.51133571145462,1.378793570367782,0.24217000367683925,22672.0,0.2870204253931097,9.37,33345.0,29.0,8863.0,2523.0,0.11020354678081594,90296.0,29917.0,0.024205386010188713,28505.0,0.019867997642124793,0.049535169268549374,0.04723067152455126,-0.016336437669681392,1,1
88207,2019.0,1614.762,0.04527092900035323,1.1470974397449123,21.558761394759433,1.2760373526056454,0.34213781619709077,1069.478,1.3871440066145204,1.16,542.013,-214.574,140.288,48.926,0.05918880631592446,1004.7560000000001,1625.687,0.04174690925597734,1586.008,0.024275634243895675,0.025018158798694495,-0.006720235814151159,0.08441390769237174,0,0
88457,2019.0,2352.717,0.07787098178964638,3.948174168348756,16.878688010835862,1.8846893258947603,0.36064268197725996,1296.538,0.8523639613117617,4.06,1048.91,122.108,312.069,150.611,0.1116608900339184,2049.324,2027.877,0.0633053131807924,1807.732,0.0478291861613359,0.12177966645498337,0.16018723029059462,0.23008603665313493,1,1
88426,2019.0,788.087,0.02833910140577624,0.23250768197187133,307.129637155985,13.486451322371638,0.14098705788493934,387.621,0.4543518558607906,0.23,-1179.687,-112.021,650.913,21.111,0.043911266419144494,328.4369999999999,451.24,0.021256586359979502,161.626,-0.17434389566421352,1.7918775444544814,0.7464918890169311,0.3331915541778256,1,1
129266,2019.0,4632.9,0.026193021963909185,0.41148325358851673,109.62779069767443,2.4702157205240174,0.5633568150594838,1493.8,0.21239174297687413,0.44,504.1,1048.6,173.1,103.2,0.02253275109170306,15893.0,3421.1,0.006406953282632314,1675.295,0.05936691942039701,1.042088109855279,0.35421355704305624,3.08821803569445,1,1
88478,2019.0,5809.847,0.04155248876759479,3.758432432432433,9.174037479685317,1.1957320456488159,0.17766713462484937,4527.921,1.7199587673950052,3.55,942.287,7.185,131.726,139.062,0.13033869202045498,2942.173,5506.19,0.04343854936198792,4713.882,0.05955734308972682,0.1680797270699606,0.05514829673512904,-0.04341905109850596,1,1
88511,2019.0,4.131,-0.448519453186659,-0.28830795386568997,-13.943423849737913,3.499422082549195,,0.0,0.0,-0.32,-480.168,40.715,85.117,-27.472,-0.2509729403811368,27.32499999999999,0.0,-0.24223613437968436,0.0,-0.23879736591206402,,inf,0.8515794694925375,1,1
89245,2019.0,1515.892,0.09326421551071559,5.014408015878709,28.50585743070045,4.511957689371051,0.9146398214026202,110.425,0.3960962215137705,4.99,2857.032,-104.362,777.364,419.375,0.15828177420517545,2480.647,1293.636,0.12840772280404805,1095.25,0.08813195980586226,0.181133074640493,0.17180721624939324,-0.2736868665365395,1,1
90085,2019.0,250.436,0.00569458301728235,1.4214683628502534,11.945394244267668,1.0175630521474686,0.6642866718850684,77.628,0.036584154170710335,1.38,559.213,-22.199,147.256,51.288,0.0851845515802691,1731.334,231.233,0.008114447760948443,223.198,0.008102182257716922,0.035999426518158746,0.08304610501096298,-0.2982168121547254,1,1
88638,2019.0,1435.351,0.2261285918481152,6.993035372974105,32.80263687590093,16.659236109526525,0.5604205474226842,593.496,0.9511767610907629,6.9,71.404,13.892,237.882,267.085,0.5078627115421183,1109.5059999999999,1350.145,0.18816130507162296,1221.179,0.1827327948829525,0.1056077774020024,0.06310877720541137,0.20178052422648818,1,1
88925,2019.0,774.681,0.012042606796087787,3.7943687042356085,17.30195590289254,1.3739300370235852,0.1639059733806172,601.675,0.07318009727842109,3.76,1028.415,-33.661,160.206,93.793,0.07940894340124237,9622.125999999998,719.626,0.009537983430330408,735.478,0.019304109535153484,-0.02155332994324776,0.07650501788428998,0.2625946442507727,1,1
88930,2019.0,911.383,-0.09182767878539255,0.1352036268242366,353.76269944428736,6.0429786768479765,0.6827141897371074,282.886,0.9074126281228595,0.14,497.541,-47.857,207.423,10.617,0.01708201199940148,758.643,891.581,0.010805523976823644,840.582,0.04563986441354423,0.0606710588615983,0.022209984286340804,-9.498216188530074,0,0
89429,2019.0,997.137,0.04534348790214418,-0.7207377086878536,-157.3665407440495,1.7303182236616839,0.509248878481831,311.227,0.381802485086052,-1.03,118.354,155.789,348.858,-15.671,-0.010995464572586485,1226.192,634.185,-0.009434513184297203,454.851,0.06415627587323128,0.394269771859356,0.5723124955651743,-5.806129051535361,1,1
89363,2019.0,0.46,-0.41414477062779054,-0.14494643039169924,-6.899100566310102,1.0487247725520865,-29.093808630393994,32.08,0.005753330023099674,-0.15,-1011.647,-5.759,163.558,-27.017,-0.15200891224477164,20.744,1.066,-0.14581399365298678,1.065,-0.25306174249635127,0.0009389671361503399,-0.5684803001876173,1.8402265122330215,0,0
89046,2019.0,1643.704,0.05604639203711828,0.7753436519103799,36.848176843398385,3.823575347942475,0.2327396961643181,1157.927,1.4311612619344756,0.78,600.955,3.8,78.237,35.817,0.10376565885993069,916.8240000000001,1509.171,0.033965602916241504,1477.365,0.006726390887112323,0.02152887065823276,0.08914364243680796,0.6500926591919349,1,1
79116,2019.0,1753.644,0.06263277090060772,3.065101473143007,22.570215246107878,6.0869847426717465,0.6574259689212658,557.444,0.35805292431239344,3.09,-695.325,-93.977,21.494,305.232,0.26969103645218523,4501.901,1627.222,0.06716306084462999,1541.26,0.07537968533663,0.055773847371631,0.07769191911122147,-0.067452106664738,1,1
82558,2019.0,2592.262,0.03951276306504589,0.17324895551732614,112.61251152564012,1.8964077842687828,0.3660269147041362,1601.733,1.5319502426926914,0.17,951.568,-156.687,210.46,14.099,0.01684011624087613,1152.088,2526.5,0.008548967532841581,2290.999,-0.0047679620012635645,0.10279402129813249,0.026028893726499178,3.6219339251499405,0,0
89344,2019.0,3139.0,0.015549693890842778,4.267835047364044,10.281559505703422,1.8416823769793973,0.5523620746613809,1355.0,0.04656708151931449,3.9,409.0,1541.0,3404.0,1052.0,0.17912480844542822,5221.0,3027.0,0.016183868436841376,2450.0,0.009689891896157184,0.23551020408163265,0.0370003303600925,-0.03918559697105217,0,0
89683,2019.0,3308.9,-0.053876029206151935,-2.6979051819184123,-13.599440130772374,1.2861494164025662,0.4308786826931352,1983.9,0.5399891565331888,-2.91,1423.9,-7.9,34.3,-244.7,-0.09457370333152972,6195.4,3485.9,-0.03790566183874216,3580.7,0.006067283888785541,-0.026475270198564452,-0.05077598324679423,0.4213187843903302,0,0
89730,2019.0,8.886,-2.237495775599865,-0.27221417511612805,-2.218473743119266,14.683849769249454,0.500198784574317,8.8,0.7644249554986323,-0.31,-546.116,-3.2,13.766,-27.25,-6.618897255282973,6.856,17.607,-1.1830851387140189,10.891,-0.8163450853621578,0.6166559544578092,-0.4953143636053842,0.891238172454741,0,0
90468,2019.0,3623.073,0.011087806877550416,1.1255379225995439,19.25301632658537,1.1871445859872611,0.6512186677340437,1252.163,1.5049126150185719,1.11,2316.092,47.874,723.135,74.541,0.06166018694681114,1435.5799999999997,3590.109,0.031246319049393588,3492.69,0.0030502749289243805,0.027892254966802053,0.009181893920212434,-0.645148381797452,0,0
90175,2019.0,0.0,-0.4277710081880402,-1.0858267360325717,-8.058375898875937,3.414131616665843,0.7560937685785627,26.667,0.27970559191170824,-1.16,-603.588,-69.843,203.988,-120.011,-0.4236749016811291,141.97900000000004,109.333,-0.30702301949929134,128.367,-0.18719880846629014,-0.1482779842171274,-1.0,0.3932864346317445,0,0
90402,2019.0,123.864,-0.015269188179373413,-0.040789877348626664,-66.68321105141982,11.139230276146767,0.5446392044560532,28.94,0.7199383757943746,-0.04,-277.503,1.33,27.892,-6.515,-0.1670469987949027,49.25,63.554,-0.0738017830238907,54.515,-0.22522801259113778,0.16580757589654227,0.9489567926487711,-0.793105429791167,1,1
90227,2019.0,1161.45,0.04219632043757765,2.4128597207712033,20.958532965951584,3.4438251606456225,0.17440740303040075,922.144,1.6068720355283432,2.42,244.879,4.889,29.224,50.81,0.16431613635555153,629.3779999999999,1116.948,0.0730966599386857,1031.782,0.06537627124582822,0.0825426301292329,0.03984249938224514,-0.4227325780278826,0,0
90320,2019.0,1184.234,0.035522806488784156,1.553314751052085,10.519439147109532,0.8896707920571107,0.32869229350776563,677.136,1.847183027661542,1.52,759.677,-11.788,61.914,28.421,0.08457397581900258,384.33600000000007,1008.682,0.052046917491507416,968.219,0.0758477934203176,0.04179116501535289,0.17404097624424736,-0.3174849116745392,1,1
90991,2019.0,1792.279,0.009713034879865239,6.083640618352007,10.92931094572306,1.193471559901609,0.8422789134142099,240.739,0.04885154029709025,5.95,1533.702,114.609,1491.794,343.166,0.10919915865040396,3658.3769999999986,1526.359,0.010983122370026497,1264.746,0.009230630352447004,0.20685022921598473,0.17421851608959626,-0.11563992891742626,1,1
90334,2019.0,23179.4,0.031256499817108596,5.570865908902741,7.237654012738853,1.306555915833046,0.14987425993302633,19370.2,2.089513503599431,5.52,2131.3,-6.3,39.4,471.0,0.18052201908704152,10266.9,22785.1,0.04319317712870833,21386.9,0.05818454357436957,0.0653764687729403,0.017305168728686857,-0.27635562153787535,0,0
90373,2019.0,2900.117,-0.009437200473906775,-6.4499168119951085,-2.9550768723952427,-1.658511528606538,0.13076349285126282,2924.92,1.1787853459045026,-6.47,-1281.756,56.988,92.807,-321.767,0.5612414161199903,2327.9840000000004,3364.93,-0.11271979636891528,3198.951,-0.1117372862657418,0.05188544619783167,-0.13813452285783054,-0.9162773463232652,0,0
90338,2019.0,8479.0,-0.4635333485436155,-0.08084980974214126,-317.87335161290326,0.7130815471452348,0.2524547497929729,6319.0,0.42700545564760556,-0.08,5425.0,-10.0,1427.0,-31.0,-0.0022432882263550185,17647.0,8453.0,-0.0015659729238229946,7304.0,-0.01172918934969811,0.15731106243154436,0.0030758310658937655,295.00342476675524,0,0
90344,2019.0,21387.068,-0.03968686659801294,3.286385907837575,9.797997223395909,0.8793465712869493,0.15735962481676624,8617.416,3.449748555560653,3.28,1386.053,7.901,23.315,165.67,0.08974758322927698,2424.032,10226.683,0.05588516268664368,9274.471,0.04508995646379448,0.10267022237710392,1.0913005712604955,-1.710150327745184,1,1
90377,2019.0,67.154,-0.12238990259294827,-1.058374644906144,-1.5023035629703698,1.036125952813067,0.6311656677670587,23.016,0.7924767915878237,-1.06,-187.696,-23.344,24.337,-38.002,-0.6896914700544465,49.90299999999999,62.402,-0.4826079778519996,80.267,0.11311489147741556,-0.22256967371397954,0.07615140540367288,-0.746398923744105,1,1
90453,2019.0,1984.1,-0.004526967793857695,3.6073750779371156,0.7318340740740742,1.3457107832009083,0.10178580462386809,1775.5,0.30393001014791354,3.14,-169.8,231.5,352.7,162.0,1.8388195232690125,6046.400000000001,1976.7,0.024908515021987144,1634.123,-0.014579087923607334,0.20963966604717024,0.0037436130925278814,-1.1817437848005659,0,0
90535,2019.0,1588.404,0.07598835348301035,4.642715450738373,19.07073585263958,2.8405643330748402,0.24125483636670933,1041.509,1.7459634850254009,4.7,340.866,-38.382,79.816,63.192,0.14894885834631694,503.49799999999993,1372.673,0.08037669899948868,1410.997,0.07265283957907169,-0.027160936557625612,0.15716124670624396,-0.05459723490891621,1,1
90441,2019.0,10464.991,0.08109256364819446,5.586042650662311,5.377688979234396,1.7197074411109734,0.22044911963358657,9215.725,1.5345936678910783,5.38,3958.621,-200.662,1057.003,1258.379,0.3197855896373915,6095.8060000000005,11821.839,0.1633502575366749,9538.797,0.11854912064824004,0.23934275988890416,-0.1147746979129051,-0.5035663556882498,0,0
90454,2019.0,461.697,-0.014972776769509984,0.8395196506550219,53.24473342002601,5.401741424802112,0.590290148919807,146.502,1.0114589108518799,0.85,122.563,60.506,140.296,15.38,0.10145118733509235,212.64,357.575,0.043504825697830984,337.673,0.043858632676709156,0.05893867735945719,0.29118926099419706,-1.3441635848286246,1,1
90460,2019.0,2480.82,0.014550503733076717,-0.0495598756720156,-372.68051522633743,1.3382888662428813,0.22095050415927106,2269.192,0.4495659948779694,-0.62,,1.259,10.3,-6.075,-0.0035909815822544626,6341.4439999999995,2912.77,-0.0009376344232066604,2028.377,0.01157929527237971,0.4360101697071107,-0.14829526533162585,-16.518312225904378,0,0
90745,2019.0,2309.238,-4.3408216602086705e-05,-1.1168125516102396,-69.3939192286648,2.459771940528833,0.4058947191307854,1228.763,0.5282519519003332,-1.13,250.923,190.255,261.701,-67.623,-0.03544650551330679,3496.3109999999997,2068.258,-0.017271530797103765,1594.625,-0.01971378183883409,0.29701842125891653,0.11651351040344099,-0.997486718628938,1,1
94474,2019.0,7726.0,0.06680682083625321,5.451851851851852,15.273709239130435,2.1551859662576685,0.38401274731111407,4639.0,0.6844496955375806,5.39,7543.0,-2.0,135.0,736.0,0.1411042944785276,10548.0,7531.0,0.06689084795055894,7709.0,0.07350280872131772,-0.023089894928006227,0.02589297570043819,-0.0012561825254157183,0,0
104379,2019.0,46.456,0.015855051472486177,0.8271080427214257,11.582525504744238,1.486197912852435,0.9771248995103413,0.939,0.04399404967322503,0.83,50.616,112.403,220.337,14.017,0.12831380446722812,-92.92200000000003,41.049,0.015022645966274336,37.236,0.010721784581478117,0.1024009023525621,0.1317206265682478,0.05541004614503875,1,1
1299,2019.0,1351.609,0.015240814987063828,1.1136690351994085,33.241473750207454,1.8270910498832384,0.20375877542264553,1083.834,1.177215167978635,1.12,954.882,20.816,319.428,54.229,0.054964201154644524,797.64,1361.188,0.046899621025393544,1502.932,0.10946353895485843,-0.0943116521572499,-0.007037235121085535,-0.6750333018935958,0,0
90750,2019.0,4314.804,0.10831500592116391,3.308081301607466,28.2217973163581,49.19921520160667,0.17811160311648097,3146.64,3.2123658349946633,3.24,397.938,-14.138,429.781,135.413,1.743305525516247,751.413,3828.549,0.11361904857796842,3300.223,0.07934793338315965,0.160087969812949,0.12700764702240983,-0.04668268853848686,1,1
90733,2019.0,842.095,0.021959655707007142,2.5649895282241655,24.51471996594625,1.6119901463317072,0.4044117154722065,444.749,0.09615853392356935,2.56,-48.053,104.236,171.034,258.415,0.06575600898443652,7220.258000000001,746.739,0.03327642930643662,724.504,0.02419754814093765,0.030689961684131507,0.12769655796737547,-0.3400837720662682,1,1
90737,2019.0,93.774,-0.43038632313408043,-0.42062651165849485,-12.053448509485097,8.209334114222838,0.601162377878003,30.332,0.46525755536522695,-0.44,-779.148,17.657,117.577,-57.564,-0.6810776275157064,27.28800000000001,76.051,-0.3521595497369387,51.326,-0.6166788811530475,0.48172466196469627,0.23304098565436349,0.22213446562950434,1,1
90796,2019.0,117.85,-0.0630718229159869,-0.18672265822203865,-93.18633402974068,7.4170965754027645,0.6617321725348625,30.734,0.7655048066796418,-0.2,-368.949,-8.576,82.924,-8.137,-0.07959425223268872,28.656999999999982,90.857,-0.06855732207702483,63.924,-0.316726826318779,0.42132845253738815,0.2970932344233245,-0.08001332308276167,1,1
52628,2019.0,2271.575,0.06804287408465781,9.373948232042837,29.5361136147071,7.059563649701718,0.4335138074910281,1139.517,0.49484893421474724,9.4,724.495,60.756,185.04,379.898,0.23901464294837033,3799.151,2011.553,0.09345621040574822,1907.218,0.05122049238113634,0.05470533520551926,0.12926430474364817,-0.2719277425304987,1,1
90800,2019.0,3572.131,0.06509413753619638,-2.233619969025201,-13.99521871826859,2.50035086719044,0.4524659323669499,1694.227,0.8237101170417431,-2.4,-4953.432,104.91,894.404,-344.69,-0.17865750564702637,2521.5370000000003,3094.286,-0.09175772383131954,2801.687,0.3193434438905072,0.10443671973350348,0.15442819442029593,-1.7094131678316313,1,1
90776,2019.0,21424.117,0.04214141591226183,5.029961965380734,12.346017808367156,3.0981111566540407,0.16134686891341557,16056.509,1.0228510545565903,4.83,2036.136,40.479,487.607,842.413,0.25094011727039517,17637.089,19145.59,0.04500582251172103,17977.191,0.0379790500799713,0.06499341304211549,0.11901053976398733,-0.06364524498387314,1,1
90881,2019.0,668.129,-0.17211106317038896,-2.8178907037709218,-3.3393772112621223,0.7814138335004531,0.729448959209042,188.267,0.2520973240981153,-2.87,-1714.456,32.99,320.911,-349.348,-0.2339998700551462,2437.212,695.865,-0.12656146807071544,826.456,-0.01199742830970788,-0.15801325176415926,-0.03985830584955414,0.35990096981352143,0,0
90977,2019.0,3.345,-0.8647363872082974,-0.5056392922429552,-1.450836616643929,0.7247509046921321,-1.203727653100038,57.936,0.29265740493365394,-0.52,-2235.389,-6.779,67.038,-29.32,-0.49953998705148733,18.295999999999992,26.29,-0.3263870335737822,25.146,-0.7409904164996538,0.045494313210848576,-0.8727653100038038,1.649420161517591,0,0
90992,2019.0,2750.109,0.07444694402733043,4.493458124276341,22.784233694508508,4.303924560690467,0.2711437108067439,1848.838,0.7637791671873188,4.52,518.762,230.434,1130.952,232.851,0.18889924578537862,1661.2900000000002,2536.629,0.07011145219057828,2252.422,0.049950175619397144,0.12617839818648544,0.0841589369198255,0.061837142168548076,1,1
90850,2019.0,6016.0,0.05042707714794683,2.616341030195382,20.192321792260692,3.716517555916531,0.5,2726.0,0.1453091684434968,2.6,6984.0,1218.0,5875.0,1473.0,0.18405597900787204,4840.0,5452.0,0.0392590618336887,3676.0,0.022574882853962256,0.48313384113166485,0.10344827586206896,0.2844697451398269,1,1
90972,2019.0,303.308,-0.19540543641233182,-1.3504307488402916,-5.346442241633134,0.5417692690203879,0.014617147351150564,218.013,0.8565836850052266,-1.36,87.836,61.474,79.177,-20.378,-0.10133267031327697,150.144,221.247,-0.07889581478183437,171.022,-0.16528577758085955,0.293675667457988,0.3709022043236743,1.4767528791314746,1,1
90861,2019.0,87.265,-0.32843504134645224,-0.632882474525873,-7.505342920987796,1.22644773184776,0.2815328731443522,61.513,0.6300092716596272,-0.64,-579.54,-5.559,63.195,-17.453,-0.1634099527175694,59.705999999999996,85.617,-0.12842720275500744,122.895,0.05715416007329058,-0.3033321127792017,0.019248513729749887,1.5573635047785575,0,0
91783,2019.0,8547.6,0.06815630907372401,2.1848643066154114,32.14387263655462,3.2490276317885014,0.23186835979811488,6666.0,1.291091406807903,4.32,1618.6,-343.7,615.8,190.4,0.1010776662950576,5127.5,8678.2,0.028326588907403,10382.6,0.04995380062924713,-0.16415926646504725,-0.015049203751930165,1.4060895329303744,0,0
91072,2019.0,1404.0,0.009369895985558326,3.2381513099793935,8.1528,0.9710659872611465,0.8413547237076648,178.0,0.06054719119313583,3.26,47.0,209.0,408.0,187.0,0.11910828025477707,5743.0,1122.0,0.010091198532189304,997.0,0.0037251655629139072,0.12537612838515547,0.25133689839572193,-0.07147838230812119,1,1
91140,2019.0,224.027,-0.06752796519157032,-1.4489075198591057,-5.293643586545706,0.8261615908120841,0.9411118464020484,13.615,0.16985648217873792,-1.46,-214.585,-109.592,277.764,-157.957,-0.15606671988870796,1075.9989999999998,231.201,-0.11604629891525947,393.096,-0.025656737053795876,-0.4118459612918982,-0.031029277555027907,-0.4180946241044594,0,0
91098,2019.0,280522.0,0.051445517829237106,20.5152749490835,73.21227737516134,16.934195274288733,0.45459385882423664,127018.0,1.431846687324775,20.68,18590.0,10317.0,41668.0,10073.0,0.231302670555007,82788.0,232887.0,0.06193128719689145,177866.0,0.023098012337217273,0.3093396152159491,0.2045412582067698,-0.16931295702474372,1,1
105517,2019.0,657.419,0.014379124336792398,2.096461115177828,10.236297656386393,1.1665856908217465,0.8804573102810426,70.83,0.04712470787052326,2.07,-121.264,12.99,327.265,166.111,0.11396558892500723,1711.4139999999984,592.508,0.013211521783807962,477.98,0.005691849076745674,0.23960835181388346,0.10955295118378139,0.08837759737984535,1,1
91230,2019.0,1736.079,0.019747420720357678,3.4168558354051815,33.72691314801535,1.757855873114719,0.4264087791895388,865.092,0.10426599292801167,3.53,-10.435,-5.056,272.13,379.312,0.05212027158845278,13701.405,1508.203,0.026222824321069486,1143.523,0.013970064160031024,0.31890919552995445,0.15109106665349425,-0.24693768762005386,1,1
139185,2019.0,3239.141,0.050958878970204624,1.1181055407641332,64.15315673239438,1.9589490395967226,0.5283133650991401,1457.665,0.5320785520170026,1.07,-327.776,-215.02,712.135,133.125,0.030535505022273427,4862.582,3090.325,0.02292087636001504,2973.536,-0.006313230439335837,0.03927613454150202,0.048155452905438836,1.2232517714331927,1,1
91214,2019.0,6159.8,0.05278918666465199,5.517285531370039,23.504311905314456,3.081044049647116,0.6166957072707112,2419.8,1.0622938682102712,5.35,5875.7,-729.0,1999.4,430.9,0.1310842054027744,3741.1,6313.0,0.07250790872989163,6182.3,0.02650041508635424,0.021140999304465946,-0.024267384761603013,-0.2719527070998054,0,0
91210,2019.0,2886.815,0.13795015500661043,3.429354833698405,18.97149847565809,3.863921735784926,0.2701526939649766,1745.967,1.6362763337893296,3.37,596.328,182.993,376.809,220.751,0.20366982295798286,970.8130000000001,2392.236,0.15099247606019153,2450.961,0.15505433631804255,-0.023959989571437454,0.20674339822659646,-0.0863772910670193,1,1
91208,2019.0,3032.51,0.024502528904874137,3.7734982972717503,29.82643455315031,3.0588993187078124,0.3841981837481526,1680.065,0.1346856119156357,3.71,-723.275,133.822,639.191,582.847,0.10255665367098754,19340.641,2728.256,0.028773364687255342,2622.769,0.02387122847428069,0.04021970672979591,0.11151959346923469,-0.14843018287231793,1,1
91255,2019.0,561.343,0.013562995689882108,1.9740401081928907,12.927802172855522,0.8095230484688762,0.8664555231022655,63.965,0.04169607936078065,2.29,294.806,6.242,209.549,123.34,0.06261876826740358,2619.487,478.979,0.010736993539087697,301.119,0.007489562279324284,0.5906634918420954,0.17195743445954828,0.26320237043139094,1,1
91375,2019.0,2615.277,0.07596218501912277,3.060199490432049,14.273579267158532,3.235698478256068,0.21607290188782788,1711.218,2.054350608528051,3.03,268.904,9.078,45.62,112.903,0.22669145683037947,840.777,2182.879,0.10625524674278443,1787.922,0.06272925367713819,0.22090281343369558,0.19808610555143008,-0.28509709075348594,1,1
91272,2019.0,751.909,0.022304582184292477,0.19296505468850156,28.03616441709211,0.49560430071103656,0.31386908672132874,507.612,0.31512056326749666,0.19,309.07,12.867,279.459,28.598,0.017677321809715665,2013.4579999999999,739.818,0.012181128153578137,581.383,0.012718609028045523,0.2725139881971092,0.01634320873512135,0.8310768841013,0,0
100892,2019.0,965.485,0.03129607151182887,0.16276679597545707,46.01675639747425,1.1517120776069605,0.48457997813013787,466.167,0.35433327522071373,0.19,-2257.904,-4.926,5.61,21.063,0.025028102103914807,2491.966,904.441,0.008251861399443294,794.655,0.007870824295776548,0.13815555178033243,0.06749362313296277,2.792607509614769,1,1
91299,2019.0,122.661,-0.0059936831080417636,0.7621156852527358,112.97497435897435,5.3991422199348085,0.4804623134504026,66.213,0.8146012834607419,0.81,-134.702,3.73,13.389,5.85,0.04779060363208587,135.594,127.446,0.03739166006187201,129.341,0.07329862210668178,-0.01465119335709489,-0.03754531330916621,-1.160294651216983,0,0
91410,2019.0,446.237,-0.24601472080566225,-0.9232105701206825,-21.880165428954573,7.7854926019487545,0.6976567419012666,106.602,0.6453387705497129,-0.94,-257.655,244.88,346.482,-88.739,-0.3558242110750231,167.59599999999995,352.586,-0.16241914642047892,296.5,-0.37696106547767205,0.18916020236087694,0.2656117940020307,0.5146903935128859,1,1
97101,2019.0,1980.689,0.04981655651617998,1.34154911775115,13.290605438203094,1.4953139197729564,0.2837698268733598,1314.831,0.502170880224091,1.34,-393.33,21.954,74.137,159.207,0.11250908972700079,3484.881,1835.766,0.04355082256008491,1765.498,0.05440658501808154,0.0398006681400942,0.07894415737081958,0.14387177067552614,1,1
91360,2019.0,17983.2,0.039151295291312546,10.625233009495823,11.91503281733746,1.5638177976432344,0.05710118639082259,15386.6,1.6276893920502717,10.64,2639.5,162.5,634.2,484.5,0.13124746038195856,7039.2,16318.4,0.048326766744800756,7932.4,0.031717512009482814,1.0571831980232969,0.10201980586332,-0.1898631353084542,1,1
91385,2019.0,310.772,-0.049407690115364125,0.5313089111937638,79.35120061373225,6.210078425780691,0.548135825305691,150.478,1.049947347512722,0.53,-56.146,-7.61,140.613,10.428,0.07826067378627662,170.017,333.016,0.0328778525352015,305.018,-0.030235110083817792,0.09179130411975703,-0.06679558940110994,-2.5027651231924146,0,0
73211,2019.0,1470.9,0.012275014543203028,1.435894758348278,11.073234934216144,0.8633315846744511,0.8629417705977527,184.415,0.04994558047817835,1.44,543.568,-11.643,622.637,316.263,0.077965616172991,5179.6579999999985,1345.523,0.01173962772748598,1215.3,0.009557313404273942,0.10715296634575822,0.09318086721668838,0.045605093120929856,1,1
136201,2019.0,2062.017,0.05416313858312165,2.7477823772915433,40.55998063058216,8.220520041001851,0.2845912792365627,1361.553,0.7539426678065179,2.72,130.769,1.908,18.478,157.981,0.2026756402049066,2469.891,1903.182,0.06258393396046279,1740.905,0.06358267939808251,0.09321416159985757,0.08345759890541199,-0.13455203028082177,1,1
91441,2019.0,22.291,-0.13619130941965588,-0.23093210992986016,-7.577984718242598,2.564035031023785,0.41926291793313075,12.228,0.9882198338574179,-0.23,-69.254,-11.42,5.428,-5.235,-0.3383531540847984,13.945999999999998,21.056,-0.24569390341202424,29.555,0.017057018252301732,-0.287565555743529,0.05865311550151973,-0.4456870621194637,1,1
91458,2019.0,1208.601,0.021183395058247016,2.9547105778882465,26.764042675380768,1.1651777478968988,0.4111801141785132,728.17,0.09698261157752767,2.67,1294.106,29.087,279.113,247.262,0.04353519242325457,12325.185000000001,1236.66,0.019391032704124532,1534.949,0.007249853106336137,-0.19433153805110134,-0.02268934064334576,0.09243253732129711,0,0
91678,2019.0,3223.918,0.056456632965934415,2.4401838476690743,35.59158056183403,3.4900316885707423,0.17804706600115833,2602.88,2.603356483765102,2.44,364.224,-68.798,126.169,74.328,0.09805778876572886,834.484,3166.702,0.06110530158041158,2996.628,0.07704706695631645,0.0567551260950642,0.018068008925374062,-0.07607635498467748,0,0
68668,2019.0,62.095,0.01451314390037602,-0.46118836915297096,-19.514802631578945,0.678743385612814,0.164039270687237,59.604,0.28246573171697964,-0.46,140.684,35.016,37.642,-3.648,-0.03478095056490442,209.862,71.3,-0.014452103636795818,83.917,-0.0038639930743730694,-0.15035094200221652,-0.12910238429172508,-2.004223624817137,0,0
91775,2019.0,26.742,-0.03646646455082944,5.22278766266731,1.5126021791905324,6.199559830928436,0.7445069111672892,121.884,2.344890977369694,5.28,-115.791,143.295,112.105,421.808,4.098605645435553,89.651,477.054,2.073337134543167,12.269,-0.2504665791110804,37.882875539978805,-0.9439434529424342,-1.0175882947077317,0,0
101282,2019.0,4388.0,0.10337477797513321,1.3780918727915192,14.048410256410259,5.727052264808363,0.17424605074198182,3450.0,1.532648569332355,1.37,-366.0,27.0,115.0,117.0,0.4076655052264808,1911.0,4178.0,0.04292002934702861,3347.0,0.11646297627606039,0.24828204362115328,0.05026328386787937,1.4085439723095141,1,1
108125,2019.0,284.125,0.1664338185587453,1.8254812808358325,12.478900900900902,3.49706855967506,0.33630067144404574,188.105,1.8352943461959372,1.84,122.172,22.593,100.529,37.74,0.2802385071767493,37.62299999999999,283.419,0.2443873156896139,273.8,0.2765062742887656,0.03513148283418543,0.002491011541216423,-0.31897521731395445,0,0
92073,2019.0,5597.0,0.24737143949531637,5.03921568627451,18.240933852140078,-3.548766086298259,0.5005274261603375,2841.0,1.3772397094430993,4.8,-7926.0,-1194.0,443.0,1542.0,-0.19454958364875094,3485.0,5688.0,0.37336561743341407,5878.0,0.25230653360948974,-0.03232391970057843,-0.0159985935302391,-0.3374552236604043,0,0
91859,2019.0,387.605,-0.1276533248980162,0.28574740624818873,142.22351318458416,1.8617768561027486,0.5708364040575182,175.282,0.8067789445405773,0.29,156.87,-32.177,133.576,4.93,0.013090499695971152,352.57500000000005,408.427,0.00973838702285854,360.917,-0.0316543750463389,0.13163691375025297,-0.050980958653566,-14.108261624679782,0,0
91863,2019.0,1870.667,0.062045188873850195,6.378972641688254,15.168586767036452,4.870357241673213,0.3546946365585806,1250.656,2.665696530893506,6.1,165.858,-175.383,69.136,100.96,0.3210818065304019,463.124,1938.084,0.13886329063085415,1870.275,0.09008240554418716,0.036256165537153606,-0.03478538597914236,-0.5531922901151219,0,0
92114,2019.0,830.129,0.10011640476977263,1.8901993821960124,13.040952310206507,2.4790451377856852,0.323601158625212,585.896,1.5481136476151836,1.9,60.499,15.089,81.092,53.848,0.1900969406847274,390.533,866.199,0.09623980597620456,824.444,0.08081575995864317,0.050646253717656985,-0.041641701271878565,0.04028061730014878,0,0
92069,2019.0,1182.115,0.05122764186505427,-1.6152950310559007,-47.87360730593607,2.849023283943151,0.42358572496112135,627.88,0.8674793400605723,-1.57,319.961,-84.836,84.814,-29.127,-0.05951135592804779,1063.985,1089.286,-0.02319599328178668,960.951,0.017133747450383593,0.13354999370415352,0.08522004322097222,-3.208469421539186,1,1
92189,2019.0,15309.508,0.12431815145677926,4.840367413536902,17.372648151631665,7.237355429515756,0.16847664133351506,13829.208,3.756409387696469,4.78,3773.658,44.725,378.615,664.505,0.41659483150448845,2985.6900000000005,16631.172,0.15008881034789623,14869.38,0.11919565308744394,0.11848456357965158,-0.07946908371821294,-0.17170273274458128,0,0
92180,2019.0,1114.82,0.1607287087357356,3.885755850500188,18.421126481939407,-21.687214700824935,0.4970767422385778,523.696,0.9147324683538746,3.83,789.732,-208.694,26.642,216.355,-1.1773012210782927,1038.2169999999999,1041.304,0.19005683565097464,1007.356,0.12385956552721142,0.033700102049325255,0.07059994007513641,-0.1543124024704798,1,1
92345,2019.0,414.806,0.0014255344718270462,-2.6388429296271783,-11.37998766915722,0.9934735194250485,0.38593074831134655,236.187,0.3225348215109307,-2.58,1060.833,-75.08,418.1,-95.695,-0.08730005236452275,747.717,384.626,-0.08024670652657,455.469,-0.07189501394837138,-0.15553857671982071,0.07846583434297216,-1.0177643984847533,1,1
100331,2019.0,1469.302,0.027432235738659366,0.23037342359556698,10.114013863380531,1.3488601633981765,0.05984174085064296,1307.888,1.8776197726021184,0.0,-91.246,16.418,189.281,33.758,0.13336546514751665,505.04,1391.136,0.04556325785796811,1268.152,0.01217831573118152,0.09697891104536359,0.056188611321969915,-0.39793076640453595,1,1
92673,2019.0,12043.8,0.03123765753473843,8.61106866062657,6.1223527622138265,0.8815744541815507,0.14861861559756775,9876.265,2.3195578950525637,7.83,1257.045,-10.911,15.932,157.772,0.14399275710189158,4565.793,11600.283,0.03154761726228861,11123.721,0.04381834362711235,0.04284195908904942,0.03823329137746035,-0.009825139089686435,0,0
93593,2019.0,3008.652,0.20116329386255655,20.56861407591686,27.4972342770639,23.887931898797248,0.586363676621976,1214.265,1.120945973552483,20.33,3639.502,29.423,178.11,512.611,0.8687394396869487,2244.096,2935.586,0.19573919362223144,2725.053,0.14745127568578772,0.07725831387499615,0.02488974944014594,0.027710854121496983,0,0
93558,2019.0,10454.343,0.03540549270640022,1.208187134502924,11.388964181994192,0.7146501829632761,0.14531539054406165,8505.505,2.62105237374457,1.23,674.924,-0.498,5.854,51.65,0.0627493573202319,3676.69,9951.63,0.01360353581311876,9867.208,0.024350546468551414,0.008555814370184418,0.050515644170854586,1.6026683939227357,1,1
93575,2019.0,34.986,-0.5738009542144472,-0.8002767855030635,-5.248184223361959,3.5129992579767504,-3.0379592881833313,63.081,0.09216682301161672,-0.87,-609.313,47.056,137.686,-67.657,-0.6693742270591144,31.36700000000002,15.622,-0.39916340702195313,11.698,-0.34950704659591525,0.33544195588989567,1.2395339905261809,0.43750891018647253,1,1
93630,2019.0,2239.6,0.0020513490559874565,4.684615384615385,20.799999999999997,1.465517440851507,0.5849310460813992,987.2,0.28937474906011607,4.55,3767.8,129.2,565.5,243.6,0.07045756927170706,7413.1,2378.4,0.029638281563674852,2305.0,0.07923374817572769,0.031843817787418696,-0.05835856037672392,-0.9307871796959504,0,0
93608,2019.0,172.113,-0.12519874306746626,-0.662346268023749,-3.487601744767698,1.5332807881773398,0.7756869515177672,15.592,0.8654241213162515,-0.66,-585.127,-16.405,35.585,-24.989,-0.43963757916959884,40.824000000000005,69.51,-0.31112190141809537,78.718,-0.1342019490353592,-0.11697451662897937,1.4760897712559342,-0.5975894255698179,1,1
94558,2019.0,6209.0,0.06837748344370861,6.659050596759162,13.725680361173817,2.546263149078727,0.3280330736206074,4226.0,1.0979399441340782,6.25,2382.0,-268.0,334.0,443.0,0.1855108877721943,4942.0,6289.0,0.07733938547486034,6180.0,0.08536184210526315,0.017637540453074432,-0.012720623310542217,-0.11587759556306342,0,0
93735,2019.0,420.669,0.24066297132962472,2.422513759562463,25.172199645633288,3.342335050998725,0.569951076438557,178.881,0.7065689140593547,2.38,400.88,40.482,228.588,69.984,0.1327788233865582,328.557,415.955,0.11887949148713174,431.755,0.044453639984929336,-0.03659482808537252,0.011332956690026562,1.0244280011550653,0,0
94476,2019.0,9351.0,0.06188719030047443,13.721783331038022,7.4720608485401465,2.406517393476345,0.5956256990182677,3254.0,0.44377654000992667,13.26,3864.0,-309.0,43.0,1096.0,0.32206876285630326,17554.0,8047.0,0.0604422875420504,6641.0,0.0895542248835662,0.2117151031471164,0.16204796818690195,0.023905494268707056,1,1
94392,2019.0,3723.7,0.07784361113276682,1.0790719980816499,16.22690611111111,2.4059663097199344,0.3396549721189591,2273.7,1.6071695294996264,1.06,833.4,-20.8,261.3,126.0,0.1482701812191104,1639.9,3443.2,0.05881254667662435,3055.5,0.043405765920826164,0.12688594338078868,0.08146491635687733,0.32358851183206055,1,1
94540,2019.0,1255.995,0.021708611059391713,2.4901137463697967,26.23976518954433,1.5824963754407426,0.5942300099446185,384.364,0.06678723791142363,3.5,-1398.988,214.387,424.063,411.566,0.06030909057339105,13594.726,947.246,0.02901818150538823,913.052,0.03368672797173555,0.037450221893167046,0.32594384140972876,-0.25189622735798384,1,1
94122,2019.0,61.303,-0.7701056051990252,-0.563278044675106,-4.01222810184897,4.725477141914433,-0.014750193251194926,64.324,1.2060770957799003,-0.61,-272.325,14.307,33.531,-32.126,-1.1777688162187923,14.535000000000004,63.389,-0.6112485254385631,57.3,-0.4409833276624702,0.1062652705061083,-0.032907917777532464,0.25988950999347454,0,0
94244,2019.0,1231.661,0.3302567571139083,4.852578788206969,30.559009234509148,-12.847795577542415,0.8816702319153822,143.767,0.6346129336893525,5.13,-17092.6,-108.386,1269.669,582.489,-0.4204257892966595,634.3899999999999,1214.969,0.3042506048564015,1165.095,0.1554637105822545,0.0428068097451281,0.013738622137684177,0.08547609057270746,0,0
94243,2019.0,654.744,0.033010415835966284,0.8712599096411219,43.68386468703373,2.3137041888038596,0.49499375486633795,249.061,0.4633097850593717,0.88,181.259,24.884,66.521,40.883,0.05296473206709238,976.636,493.184,0.03840654591913423,408.588,0.030493597876787477,0.20704474923394714,0.3275856475473657,-0.14050027030625473,1,1
94373,2019.0,12160.953,0.04825484217952629,2.071798855851402,14.528437408384638,1.1824836251674802,0.15060597025105935,9488.94,1.5788240940548381,1.92,2191.243,-60.519,81.973,293.346,0.08139097082009977,6207.268,11171.423,0.04145772053341911,9466.478,0.04860656089346024,0.18010341332858976,0.08857689839512825,0.16395309627860535,1,1
94449,2019.0,100.077,0.04749006974634848,-0.33266159128228096,-224.40222122503926,9.208734923119419,0.8763524146749286,10.057,0.49554330276906206,-0.34,100.333,7.134,65.02,-4.457,-0.04103673694871559,96.569,81.336,-0.027154476498004693,73.112,0.02874232208092655,0.1124849545902178,0.23041457657125997,-2.7488854830192744,1,1
94451,2019.0,1089.201,0.0908074369357702,2.3907800494856097,7.562385341089832,1.571524364706548,0.36825510606032436,747.358,0.8801610619613878,2.28,1198.776,55.57,860.85,183.588,0.20780802535514176,250.81599999999992,1183.006,0.1365901855471293,1172.833,0.10205350912550329,0.0086738691697795,-0.07929376520491026,-0.3351832961348613,0,0
94496,2019.0,124.243,0.08960256295366967,1.232309424252171,11.044304078303426,1.1316641927762399,0.3529526210274326,76.492,0.71031490906032,1.23,93.687,15.759,45.414,15.325,0.1024658669983017,117.77999999999999,118.217,0.09208130794512975,112.035,0.0874608337363125,0.05517918507609231,0.05097405618481264,-0.026919089734663008,1,1
67952,2019.0,4.113,-0.8291583305546293,-0.9973463888260342,-4.010642686247009,4.473451734609367,-2.922743824426729,119.577,0.23249410813573027,-1.05,-620.955,-0.093,81.232,-96.968,-1.115395233275053,38.858999999999995,30.483,-0.7395757857725779,42.22,-0.47108775415378207,-0.2779962103268593,-0.865072335400059,0.12112693047200217,0,0
141718,2019.0,341.737,0.030843021693567167,1.2932903753707683,21.047090830005136,6.44203042736284,0.47482483506367307,164.3,0.9218302949227555,1.31,-28.039,-1.649,3.306,25.289,0.30607700035099183,329.23,312.848,0.07451595128721157,266.131,0.07159279714606574,0.17554136872442536,0.09234196798445254,-0.5860883319507397,1,1
131058,2019.0,6498.0,-0.02898247084293596,-2.0040982683690243,-11.641145730337078,2.9113086617492097,0.5669992325402916,2821.0,0.42921141050135053,-2.0,-1905.0,-132.0,524.0,-712.0,-0.25008781173164735,14367.0,6515.0,-0.04690691086369326,6572.0,0.02543578797580932,-0.008673158855751673,-0.002609363008442057,-0.3821279144312852,0,0
81668,2019.0,2975.851,0.19028049388315674,1.552935572946184,25.332667166201432,5.5468798365097145,0.39228754785136005,1694.498,1.3775450515877485,1.56,1259.338,-37.431,604.516,257.573,0.21896154084834388,1135.6860000000001,2788.322,0.12725159130567099,2566.863,0.11963466285595618,0.08627612770919223,0.06725514485055886,0.49530934686768713,1,1
136194,2019.0,6462.376,0.055753692372229026,4.387037045545391,9.662558022627806,1.5472454037824244,0.4422781623371669,3377.076,0.39820715153324654,4.28,2737.193,-12.339,163.851,954.843,0.1601279288733978,14882.554999999998,6055.126,0.06279395526888452,5396.175,0.05391124954761906,0.12211446070596302,0.06725706451030086,-0.11211688874365378,1,1
94871,2019.0,7580.3,0.044105827819520764,2.8032467238017507,56.4309943384018,13.075332433799964,0.6694106720702465,2349.3,0.2152776094806485,2.79,-3842.4,350.0,1304.9,1236.4,0.23170480313337458,31574.699999999997,7106.4,0.03745486270993384,6663.9,0.03730019901066709,0.0664025570611804,0.0666863672182822,0.1775728070636592,1,1
94545,2019.0,3057.965,0.11273366578079957,3.9307212144301498,21.39302062209233,3.4284924817352973,0.4978027842754298,1415.248,1.189718839829596,3.85,1673.857,-221.371,714.597,268.256,0.16026219683043413,1379.689,2818.112,0.11324930204950265,2480.006,0.04750458899671111,0.1363327346788678,0.08511123759453139,-0.004553107695777963,1,1
76884,2019.0,35.144,0.009443746702650756,1.6255961844197138,11.79874816625917,1.206281267185495,0.8858781886976687,3.74,0.0448436997557488,1.63,44.265,37.81,67.11,6.135,0.10223807222490709,28.056999999999917,32.772,0.00839485225196872,28.788,0.0038720906962782316,0.1383909962484368,0.0723788600024411,0.12494495664721855,1,1
94560,2019.0,114.288,-0.07719111788997152,0.07964997964997965,102.95043433827286,1.2155147449201213,0.30664929443720595,94.191,0.5438593681816908,0.08,-16.512,-25.069,19.789,1.957,0.011806795694772913,224.676,135.849,0.007834675143222026,171.926,0.001758740729529287,-0.20984028012051698,-0.15871298279707613,-10.852497580164698,0,0
94649,2019.0,617.949,0.23037023307787977,1.6140918902251002,26.25005444646098,18.676005627026036,0.5692068596118801,240.881,1.8204688263063653,1.58,146.498,-26.396,100.566,104.69,0.7114654053429564,188.403,559.157,0.34084323620380924,594.599,0.3697868220130478,-0.05960655836959027,0.10514399354742927,-0.32411675336831824,1,1
94650,2019.0,451.37,0.0389072149095253,2.8079900124843946,15.153187800106704,1.7347281037501525,0.3070025475998928,289.429,1.12620332968402,2.76,173.635,-16.007,38.028,22.492,0.11447941691436948,310.88,417.648,0.06065051261170405,370.075,0.021074920457655275,0.1285496183206108,0.08074263494617472,-0.3585014662841091,1,1
94713,2019.0,4052.65,0.025744870480224637,0.5309104580487499,12.356132565385703,0.8578701366809793,0.29674020367587745,3035.597,0.960186161687592,0.53,137.001,85.2,684.158,127.092,0.06942869317250648,3280.891,4316.466,0.028271270910323266,4186.497,0.057659069129354826,0.031044809061131547,-0.06111851686078385,-0.08936281775631502,0,0
94773,2019.0,25.75,-0.48934988895618814,-1.2193452626370909,-0.97183302901197,0.7801571661237785,0.6621948034991513,10.349,0.9353932584269662,-1.22,-79.563,-0.83,6.732,-14.787,-0.8027687296416938,24.744000000000003,30.636,-0.4514838788470933,28.812,0.04417910447761194,0.06330695543523525,-0.15948557252905077,0.08387012667160848,0,0
97356,2019.0,1513.3,0.0763888888888889,3.4787591061635426,17.75345694117647,1.8291440484848485,0.31214029385875824,1015.9,1.0023754581240667,3.48,592.6,32.9,123.1,85.0,0.10303030303030303,1223.5000000000002,1476.9,0.05768969729876476,1306.8,0.04382357112466317,0.13016528925619847,0.024646218430496216,0.3241339869281047,0,0
106791,2019.0,5388.679,0.04126172549325051,2.07824322321493,35.72729080532704,3.0270187205791586,0.42048320302843356,2852.927,0.3898640005340797,2.07,2189.724,-149.453,319.305,546.871,0.08472567195405205,11929.538999999999,4922.941,0.043308525500523505,4630.488,0.048009347896960396,0.06315813797595404,0.09460564325268174,-0.047260902642558326,1,1
94852,2019.0,282.472,0.12014865667019382,0.8098980386843263,19.767920448366727,3.824186503762441,0.3536152395876692,184.793,1.581653315039391,0.93,-36.818,-3.704,13.808,23.909,0.1934541629581681,159.51500000000001,285.887,0.13227516154731345,285.862,0.14767506518887227,8.745478587562271e-05,-0.011945279078796939,-0.09167635658325844,0,0
94892,2019.0,486.327,0.03748209358576695,2.1253424010579014,60.1079618683614,2.5531623597637294,0.8217599942126605,88.699,0.5815104093632854,1.98,538.917,-310.396,576.972,22.501,0.04247627569464502,245.11200000000008,497.638,0.0262933411859289,504.543,0.021110935615415542,-0.013685652164434011,-0.02272937356070071,0.4255355879162974,0,0
94940,2019.0,16783.0,0.11367563564551962,3.6412478336221836,17.43358400761542,3.2062289915966384,0.38989147286821707,9838.0,1.013322440771696,3.61,11371.0,-764.0,4511.0,2101.0,0.18391106442577032,11187.0,16125.0,0.1320304153836486,14810.0,0.0988108534261875,0.0887913571910871,0.0408062015503876,-0.13901932887808013,1,1
135389,2019.0,2647.046,0.09010734785300205,7.356138294755347,18.470288968992094,-121.17175594460414,0.42927462151238893,1432.741,1.3899993023387156,6.97,-379.143,-19.511,5.803,150.639,-6.5603605957669195,1617.192,2510.386,0.08340872873932606,2443.381,0.0012580314923369726,0.027423066644129634,0.054437843423282256,0.08031076860805435,1,1
138275,2019.0,431.408,-0.07696851086836765,-1.73828125,-2.3471460674157303,0.22713426783037993,0.2873624880689458,306.861,0.43618301495748574,-0.1,-25.735,0.185,61.39,-32.93,-0.09677040171618324,912.327,430.599,-0.03335703678492055,507.434,-0.010588266477841793,-0.1514187066692418,0.0018787781671579032,1.3074145154033041,0,0
95014,2019.0,1399.719,0.08172396059560155,6.539373319431488,51.58598286438359,4.06847439163293,0.8153506534478013,220.071,0.3597487078763775,6.61,601.766,-111.047,1100.416,238.334,0.07886782737722961,2206.214,1191.832,0.07193996179244101,965.23,0.042699676102624,0.2347647710908282,0.17442642922828044,0.1360022796702205,1,1
95031,2019.0,10299.4,0.047315705481444904,3.215193798449613,22.421665541517985,2.9328537548409885,0.38356123455068764,6189.6,0.46449090993199793,3.17,4781.3,-45.8,70.5,1036.9,0.13080445560167023,20785.0,10040.9,0.047966877920155436,10041.5,0.060453019340804846,-5.9752029079357046e-05,0.02574470415998566,-0.013575460128850962,0,0
67844,2019.0,44.312,0.005937846836847947,-0.04178584753140157,-88.30741071428571,2.357296416938111,0.30273286664507604,27.989,1.2079383707983509,-0.04,-2.057,0.48,5.155,-0.672,-0.02669420831016128,26.576,40.141,-0.020222081791098672,38.188,-0.03751740947075209,0.05114171991201413,0.10390872175581076,-1.2936318277310923,1,1
95154,2019.0,32789.2,0.07437327078460214,1.9096797107744214,12.876504819768002,2.2523289542415164,0.18474744212272334,29784.6,0.6412906487296778,1.91,,339.8,410.1,4172.4,0.17491772695830798,55316.700000000004,36534.2,0.0732388037170571,29241.5,0.051440605239800735,0.24939555084383486,-0.10250669235948782,0.01548997266432446,0,0
95399,2019.0,5763.0,0.02236263879137738,1.616867469879518,67.1854694485842,3.7461733421971077,0.662548404941914,1830.0,0.16541101113314016,1.35,-5737.0,-27.0,408.0,671.0,0.055758683729433274,32064.0,5423.0,0.02046667683391795,4355.605,0.01379323397736923,0.2450623966130998,0.06269592476489028,0.09263653170686645,1,1
95547,2019.0,10800.0,0.09827225707054034,2.7650273224043715,10.151798418972332,4.089165737939818,0.837893169551461,1742.0,0.47092335334589597,2.58,16957.0,79.0,4915.0,2530.0,0.4028021015761821,17618.0,10746.0,0.11087251851527236,9567.0,-0.039105500173203495,0.12323612417685795,0.005025125628140704,-0.11364638968669562,0,0
97625,2019.0,53922.0,0.008525954512129293,27.458650564452615,6.083692991681805,0.8056183054366818,0.5147227314390468,25413.0,0.05620114273939789,25.53,100793.0,20496.0,269805.0,10459.0,0.13242257729609277,311691.0,52368.0,0.011224559882205977,42911.0,0.004675078754243131,0.22038638111439957,0.029674610449129238,-0.2404197045048259,0,0
99886,2019.0,26.726,-0.1452665021800115,-0.21128850114036446,-4.874851184238105,2.588671044576771,0.33032208881265485,17.569,1.0322237960339944,-0.21,-236.312,-0.167,3.359,-9.542,-0.5310256552952306,20.033,26.235,-0.3754327982373308,22.031,-0.28501849342659397,0.19082202351232358,0.018715456451305495,-0.6130692287353623,0,0
102850,2019.0,70.337,0.01049187580346179,0.7810137216465978,17.477285765507347,0.9616190676600754,0.853336686787391,8.747,0.04524900609996662,0.94,23.003,26.731,77.609,8.367,0.0550210759589397,142.89399999999995,59.64,0.0063480622742860615,48.417,0.0055603648183874645,0.23179874837350514,0.17935949027498327,0.6527682543318724,1,1
97870,2019.0,33669.0,0.07570526903093071,3.0508203898331687,6.568724945848375,1.4991034479917609,0.08806342680957276,31056.0,1.334914350672259,2.77,,29.0,66.0,2216.0,0.2282183316168898,22741.0,34055.0,0.08686448982791736,26223.0,0.03376592639343615,0.29866910727224194,-0.011334605784759947,-0.1284670044006889,0,0
97054,2019.0,1698.352,0.10153924790612907,2.2527860567578077,14.084781777132255,-8.940590050205385,0.6463457551866543,541.648,3.2577136925753716,1.97,-109.859,-2.039,1.612,69.539,-0.6347695116385212,323.74499999999995,1531.575,0.14791188970047095,1444.497,0.13792350699610456,0.0602825758724317,0.10889247996343636,-0.313515308933236,1,1
97071,2019.0,717.945,0.042325233040194386,1.0539089168262428,25.277326697476003,2.1064889605740666,0.5305875929600183,263.085,0.5617339447242476,0.94,-962.135,23.055,85.366,50.634,0.08333511631925872,908.561,560.456,0.05074945501014808,509.557,0.026993893204455357,0.09988872687452041,0.28100154160183854,-0.16599630416265854,1,1
107971,2019.0,1321.588,0.013961749199328057,2.0684370201824,7.981872224731362,0.8320667811851027,0.7791548385607792,287.07,0.04141915318229528,1.96,725.605,-41.796,438.11,447.254,0.10424456289928981,9731.048999999999,1299.87,0.014251334316042603,746.651,0.003064308515072741,0.740933849951316,0.016707824628616766,-0.02031985990171901,0,0
97161,2019.0,530.904,-0.0017286805488808102,0.25317418079525583,69.28036636636637,0.7753370943855317,0.13734506640658856,428.102,0.23204621650308843,-0.38,-263.513,15.197,40.783,9.99,0.011191296106683634,2026.9,496.261,0.004671214749629436,496.303,0.04670360504616674,-8.462572259279748e-05,0.06980802440651183,-1.3700708791044012,1,1
97159,2019.0,10918.0,0.16147848686110308,6.833333333333333,21.03658536585366,9.324823378291587,0.6374189143052236,4248.0,0.8814324405657539,6.81,12553.0,-3220.0,7422.0,4141.0,0.44326696638835367,5359.0,11716.0,0.3115407764068613,9714.0,0.2710612934792278,0.20609429689108502,-0.06811198361215431,-0.4816778441541217,0,0
97164,2019.0,6530.9,-0.07291635312885651,-0.5147717099373321,-21.56295652173913,0.8355482175348743,0.20733384683098588,5763.0,0.9680056452794014,-0.51,391.9,102.1,476.4,-57.5,-0.038749241862659205,6194.1,7270.4,-0.007655744471221058,6266.0,0.042763992489978184,0.16029364826045317,-0.10171379841549297,8.524397451215698,0,0
97234,2019.0,2091.677,0.015251007690815045,4.854416015342057,8.967093026725841,1.4263538461121157,0.820084952450438,329.45,0.04461590850193883,4.86,3101.958,826.785,4407.377,703.701,0.1590653561707189,1195.3510000000024,1831.142,0.017145726234624542,1502.33,0.013610245250307743,0.21886802500116495,0.14228006347951172,-0.11050675357123409,1,1
133288,2019.0,14357.0,0.07355672784010699,4.103988214976672,15.002479728209934,4.627824767273778,0.22521648770349845,11184.0,1.156650641025641,4.04,1817.0,-1029.0,568.0,1067.0,0.3084706562590344,9578.0,14435.0,0.08549679487179487,12884.0,0.11134850850521817,0.12038186898478734,-0.005403533079321094,-0.13965514203886112,0,0
97262,2019.0,1977.33,0.03824802429306793,1.8190533571972851,25.84860956054983,2.138695673901549,0.2766414268069399,1427.81,0.8453906286137195,1.84,584.193,105.512,634.648,102.651,0.08273929276124889,1661.0479999999998,1973.862,0.04396467099413582,1819.519,0.058472040470052625,0.08482626452375605,0.001756961732887024,-0.13002819245094313,0,0
111324,2019.0,153.427,0.010571710042104464,2.4667748548001365,13.037266022644644,1.4748676247664483,0.8790300460364882,16.318,0.045504962625971625,2.47,163.899,8.314,63.12,28.881,0.1131270637727823,336.456,134.893,0.009742750369557253,120.706,0.006882896005201657,0.11753351117591501,0.13739778935897334,0.08508476981381206,1,1
97519,2019.0,1899.773,0.04109275477707006,7.270466321243524,8.886637685290763,1.8639486607583762,0.48952054543667134,1059.3,0.7937692168219823,7.22,1079.142,310.458,718.171,392.896,0.20974734503282375,1812.2500000000002,2075.108,0.1502903705313119,1915.977,0.1404844537198977,0.083054754832652,-0.08449439740003906,-0.7265775935490911,0,0
97520,2019.0,15066.0,0.22731520418652462,87.6139551192146,19.65919695847924,8.946780812749004,1.0,0.0,0.6403226517388813,84.26,18051.0,82.0,6305.0,3998.0,0.45509391007398975,15248.0,14527.0,0.17622426940538635,12681.082,0.09197048492249678,0.14556470812190944,0.037103324843395055,0.28991996932958575,0,0
97535,2019.0,745.347,0.24439120017425395,2.298333105615521,25.82741372648099,10.134174007108637,0.45977689243027886,372.889,1.4840192465632673,2.29,416.942,75.185,105.699,134.572,0.3923805191813694,328.339,690.25,0.28932624128723217,565.153,0.2916006339144216,0.22135067848883394,0.07982180369431363,-0.1553092485253296,1,1
97536,2019.0,995.789,-0.034157600868836825,-0.4029485722159072,-19.754381945631728,8.199508923819323,0.601487882727012,391.794,1.2763966930131594,-0.41,-829.781,-9.311,122.598,-46.792,-0.4150729162970585,571.9610000000001,983.142,-0.06074926517173689,598.118,-0.017620917520782212,0.6437258199886978,0.01286385893390775,-0.4377281639164851,0,0
97594,2019.0,725.614,0.05552061011190834,2.600770285955471,11.992600872299423,2.212846651394691,0.2850167537772461,525.981,1.0499922212754538,2.61,60.111,72.1,280.014,49.295,0.184517660093728,411.44899999999996,735.655,0.07035820669712502,640.056,-0.08282470827855397,0.14936036846775896,-0.013649061040841074,-0.2108865089340455,0,0
97612,2019.0,1924.346,-0.008909803388351985,4.0094682955557905,2.848257962946921,0.5239615395807535,0.5892598184881056,714.89,0.20256722108617498,3.75,2063.905,-491.969,17.198,796.533,0.18395859728893446,8345.166,1740.492,0.09270452051111652,1414.949,0.05492668474056152,0.23007401680201892,0.10563334965055861,-1.0961096971240316,1,1
97698,2019.0,403.0,0.09814230634419908,-2.4861350162554983,-12.919652307692306,3.9786408121827406,0.8300536672629696,95.0,0.19282511210762332,-2.68,,0.0,33.0,-182.0,-0.3079526226734349,2824.0,559.0,-0.06278026905829596,422.0,0.07080640629390278,0.3246445497630332,-0.27906976744186046,-2.563266736768314,0,0
97708,2019.0,1478.7,0.01039559059513012,1.803860260958451,19.558056,1.8781743918053777,0.19722517259691988,1209.3,1.0985196528841246,1.82,16.2,-2.6,20.0,30.0,0.09603072983354674,1225.5,1506.4,0.02187705097352877,1336.039,0.019991630972922905,0.12751199628154575,-0.01838821030270847,-0.5248175538966022,0,0
97735,2019.0,2242.447,0.12616498661612996,7.5344847629328235,26.467635979712977,9.341229116945108,0.8576815935175559,307.608,0.829563196897611,7.41,1265.065,-248.521,1039.412,453.689,0.35293023993926065,1508.307,2161.407,0.17412902671143393,2090.041,0.16960698161883264,0.03414574163856115,0.03749409528145322,-0.27545114677973725,0,0
97813,2019.0,5242.544,0.07082853816200188,1.961076947129791,11.672158011699404,1.7267177602682708,0.5025367548497099,2319.497,1.4443251849683496,1.93,1659.788,135.806,972.266,301.041,0.1479347485304365,1576.4360000000001,4662.65,0.09325192712471599,4180.826,0.0655154031944929,0.11524612600476547,0.12437004707623353,-0.24046032778201848,1,1
97828,2019.0,2014.645,0.015060644321517928,0.42203801375041133,383.59103854502536,-5.390208006164374,0.7487290259125955,468.795,0.2586319350092816,0.41,-5648.273,74.005,175.908,47.451,-0.014051965412460173,7003.491,1865.695,0.006577894000962334,1727.674,0.014159985956677442,0.07988833541513038,0.07983620045077039,1.2895845264935224,1,1
97829,2019.0,1448.8,-0.026703122604384934,13.517481875745618,8.056234215885947,1.7021922111453778,0.8999877134783143,162.8,0.47862393413701854,13.54,3426.9,-35.9,1415.9,589.2,0.21128881876210287,1962.0,1627.8,0.1732431637753602,1736.4,0.1451344030006251,-0.06254319281271604,-0.10996436908711144,-1.1541366598396354,0,0
97884,2019.0,571.85,0.06562799170301031,9.548295776242782,16.30029103070409,4.479502138789078,0.79366023205493,121.107,0.6882597264925994,9.39,92.469,-40.146,113.757,168.642,0.27481117547847767,739.017,586.93,0.1977569672621351,468.709,0.22176721091320328,0.2522268614428141,-0.025693012795392857,-0.6681381565888515,0,0
97886,2019.0,209.181,0.011145076682561704,2.4813861510452635,10.357114304508423,1.0802456691251172,0.7949262723957508,38.802,0.04388294356422922,2.39,258.586,3.56,102.755,39.526,0.10429986938107742,842.0360000000002,189.21,0.009167154100310364,163.64,0.008166695491826241,0.15625763871913972,0.10554938956714763,0.21576189956099617,1,1
97882,2019.0,4445.4,0.0390373060864252,1.6365473441108545,16.443153995413653,1.9326637916735776,0.6346637977407208,1697.9,0.49635278160477614,1.62,-2849.6,446.7,3597.6,566.9,0.11753607563443356,5556.9,4647.5,0.060544893360246925,5027.2,0.03113750533872969,-0.07552912157861232,-0.04348574502420664,-0.35523371303752854,0,0
97936,2019.0,1397.681,0.03418955386511065,3.7522989250097134,6.262827261274011,0.8872445168696188,0.6299655661035366,503.998,0.29405586290649033,4.09,609.202,-54.721,157.418,115.886,0.14166836795194185,4186.512000000001,1362.03,0.025019241667791122,1187.038,0.018533363974354174,0.14741903797519537,0.026174900699690952,0.3665303816592114,0,0
97913,2019.0,253.898,-0.04985226438407679,-0.12189719697548308,-17.145595238095236,0.24667141421289135,0.22252961569051272,204.306,0.4700712665555214,-0.12,10.372,0.114,0.117,-3.192,-0.014386867926569282,556.724,262.783,-0.005709910773700065,263.736,0.04302231594971535,-0.0036134619467951836,-0.03381116738906253,7.730830718703533,0,0
98006,2019.0,1372.054,0.062411754537991686,2.710169955563044,25.59987053859364,3.180680303240955,0.8679254034846496,159.453,0.4714467574965929,2.64,723.596,-141.471,209.474,128.687,0.12424595266784072,2184.8349999999996,1207.295,0.050252066712745486,1117.838,0.05683641019724895,0.0800268017369244,0.1364695455543177,0.2419738852683272,1,1
98052,2019.0,0.085,-2.558015470792211,-0.3798744019138756,-6.317877666692906,16.233009708737864,1.0,0.0,0.005361245851416901,-0.4,-198.436,4.476,9.414,-25.406,-2.569377022653722,1.286999999999999,0.063,-2.1620287635094884,1.547,-2.4080836236933796,-0.9592760180995475,0.3492063492063493,0.1831551522191323,1,1
98004,2019.0,1704.048,-0.005084819124105365,-0.4331540002131802,-196.58135434070275,5.114066642182793,0.8322733454398168,250.116,0.3368350768263308,-0.44,-1688.863,-104.046,1093.889,-77.211,-0.026015013780602034,3125.6189999999997,1491.212,-0.017440426389297985,1313.646,-0.02526199919061109,0.1351703579198658,0.14272685573882185,-0.7084463985797058,1,1
98046,2019.0,3807.2,0.20084525038085407,9.00697476039942,24.298946740947073,-58.310975133689844,0.30314889672751616,2706.5,2.1372991415364297,8.87,1666.2,-21.9,46.3,359.0,-2.3997326203208558,1337.6000000000001,3883.9,0.19755668060752807,3839.6,0.16161776367961933,0.011537660172934729,-0.019748191251062145,0.016646208891610077,0,0
98083,2019.0,1248.623,0.05732801266407228,0.6310977024831746,19.88598587923807,2.575925520158525,0.42452998078861315,662.896,2.0177670265147865,0.63,73.229,-2.492,147.24,40.791,0.12953471534181846,382.212,1151.921,0.0714517182849906,1193.625,0.07971654569478885,-0.034938946486543054,0.0839484652159306,-0.1976678232507278,1,1
98142,2019.0,891.82,-0.0008825500247876704,-0.9447751578404845,-29.71077273471169,1.054748665291975,0.7882358630118318,192.688,0.2782628958952218,-0.93,355.454,39.089,486.164,-73.324,-0.035500546374537444,2759.2480000000005,909.918,-0.02242328273385211,986.787,0.02369287254557372,-0.07789826983938786,-0.019889704346985063,-0.9606413550030612,0,0
98161,2019.0,1961.72,0.15441099720338006,2.8619472895328504,6.058811796925292,1.8785438731661197,0.3219081542017228,1358.121,0.8363539712738042,2.74,,237.394,244.15,366.604,0.3100515309155893,2053.3849999999998,2002.857,0.15308667133243245,1796.22,0.13681263745448596,0.11503991715936797,-0.020539159810211087,0.008650824133943002,0,0
111247,2019.0,5.652,-1.7256478665646748,-3.0545649738610905,-4.989253831695726,3.998209203791237,0.42290467050543823,0.902,0.017793310716969102,-4.86,-324.446,53.294,70.961,-65.441,-0.8013641595846293,14.873999999999995,1.563,-0.7449853145420187,0.0,-6.4921099642715365,inf,2.6161228406909793,1.3163515211377295,1,1
98365,2019.0,67.232,0.05651218916940098,-0.07196298839773015,-209.83008538422902,-47.948089062320676,0.6502030763208116,21.445,1.5472969562364343,-0.07,-354.878,0.871,11.504,-1.991,0.22850912429702747,24.213,61.307,-0.050249861188228766,58.215,-0.15144273100047798,0.0531134587305677,0.09664475508506365,-2.1246237866750404,1,1
98427,2019.0,14539.0,0.0265445789991816,27.157456472369415,14.46453574912892,1.923451732872058,0.4084378081419918,8399.0,0.08897495190289084,26.86,18591.0,-591.0,6505.0,4305.0,0.13297708037313893,152117.0,14198.0,0.02697824819988344,12491.0,0.02256864819700568,0.13665839404371147,0.024017467248908297,-0.016074772442182212,0,0
98563,2019.0,964.313,-0.09105371036986427,-1.9845804988662132,-10.732746800731261,0.7990625584837605,0.32267386728467246,796.417,0.6562944432165,-1.99,162.363,-42.768,68.517,-39.384,-0.0744508906545077,1599.214,1175.825,-0.021982438161834147,661.71,0.006182612850122116,0.7769491166825346,-0.1798839112963239,3.1421115210027746,0,0
98561,2019.0,960.442,0.0776642179810589,1.2763764995386033,58.54072056874323,18.43539269598434,0.34593833318998884,608.382,1.3282326549088317,1.28,-64.277,29.757,359.143,99.588,0.3149157119502145,328.958,930.16,0.14220782837045318,800.959,0.053115749698538835,0.16130788217624126,0.03255568934376886,-0.45386819508457277,0,0
98564,2019.0,59.283,-0.39822164389503356,-1.0750508686805447,-1.4417922399359395,1.0798702360830925,0.21997166752935407,57.265,2.294617740826405,-1.08,-119.939,-2.328,16.677,-13.737,-0.7489777002344473,14.751999999999999,73.414,-0.42936175532912424,80.811,-0.18323421127159445,-0.09153456831371973,-0.1924837224507587,-0.07252651417502344,0,0
98634,2019.0,2893.617,0.06822360175404595,1.8315766857984714,33.348317039410404,3.1173790203830993,0.7565299943930205,660.893,0.49699529639658935,1.78,-479.802,722.558,1892.105,298.373,0.09347935059808386,3470.5760000000005,2714.474,0.054629360079241705,2502.996,0.047431761754254544,0.08448994724721895,0.06599547462970727,0.24884497374828005,1,1
98636,2019.0,53.979,-0.1709490261085785,-1.8878770949720671,-5.48764537034297,2.2763640827349163,-0.6638003786237254,72.946,0.4091702363953673,-1.96,-58.203,-2.814,29.964,-33.793,-0.41481617872706067,71.892,43.843,-0.31537736465361965,28.29,-0.23996947792821124,0.5497702368328032,0.2311885591770635,-0.4579540408794633,1,1
125410,2019.0,408.83,0.011283907394722527,0.027946858624887525,451.2135037878788,3.7173651788305566,0.4895010135830975,141.276,0.5479857033949487,0.07,-51.837,-3.01,9.811,2.64,0.008238594695468462,477.425,276.741,0.005227567497995109,258.611,-0.002464029824663599,0.07010529327832148,0.4773018815426699,1.158538823085529,1,1
98667,2019.0,717.5,0.010539629005059023,-0.033729413011843845,-417.7362942857142,2.815476660889659,0.2891585760517799,439.3,0.6118206118206118,0.04,-725.2,52.1,183.0,-3.5,-0.006739842095128058,780.5,618.0,-0.003465003465003465,751.9,-0.04169921875,-0.17808219178082188,0.1610032362459547,-4.041736930860035,1,1
98675,2019.0,45764.0,0.0112559721434934,5.4580792885859575,52.21067429268294,1.7698533658536588,0.36150708163358847,27860.0,0.29859713953329226,5.29,2778.0,144.0,551.0,1230.0,0.03389830508474576,144821.0,43634.0,0.008417162800246356,41581.0,0.06748600151408715,0.04937351194054977,0.04881514415364165,0.3372643978282038,1,1
112093,2019.0,12067.0,0.026382144191258873,2.7593894001386494,40.824249014778324,4.038656213450292,0.8339125011137842,1864.0,0.6223590084844451,2.71,297.0,-212.0,2730.0,406.0,0.09892787524366471,13604.0,11223.0,0.022514279376698275,10059.844,0.020413242262158213,0.1156236617585721,0.0752027087231578,0.17179607438662875,1,1
98701,2019.0,35.953,-0.16054722542611816,1.7627234097765092,5.083043630274369,2.7717021874372874,0.4855332990926211,57.095,0.7601561697318401,1.78,-98.405,86.366,124.918,54.343,0.545283965482641,17.465000000000003,110.979,0.3722250762012398,35.013,-0.8713997113997113,2.1696512723845434,-0.6760378089548473,-1.4313175970426022,0,0
98743,2019.0,5163.0,0.11330935251798561,0.9946020804809342,65.1416292721519,4.507281552441428,0.5856735856735856,2036.0,0.5753424657534246,0.98,-744.0,-431.0,2247.0,316.0,0.06919202977884827,5954.0,4914.0,0.036998009600749324,4472.0,0.08117730833135534,0.09883720930232558,0.05067155067155067,2.062579683088972,1,1
98733,2019.0,231.694,0.00884350689553069,0.17045881204475483,8.447788546255506,0.4543893466657978,0.5375320474215806,107.509,0.5107110295813789,0.17,7.764,-1.183,15.119,9.08,0.05378796405447512,425.43899999999996,232.468,0.019947933257906125,226.905,-0.013778665088778778,0.024516868292897856,-0.003329490510521882,-0.5566705191363285,0,0
98783,2019.0,294.022,-0.010657734470158343,0.06375577592025336,80.4632980456026,2.121137110104544,0.29159921510914893,231.052,1.8419521892100998,0.06,-108.766,-3.666,15.626,1.228,0.026361548204280532,118.56700000000001,326.16,0.006934992912527601,326.825,-0.021336261417644938,-0.0020347280654783558,-0.09853446161393191,-2.5368053874872545,0,0
98785,2019.0,3163.6,0.08784226385431679,9.24986837365256,22.38626449970042,3.3513634524823974,0.42342683851402585,1673.1,0.7617672538261623,9.32,2030.5,71.6,142.5,333.8,0.14970623850742254,3439.0,2901.8,0.0876276481243273,2603.8,0.059068219633943424,0.11444811429449266,0.09021986353297944,0.0024491782511951838,1,1
98809,2019.0,2104.231,0.01422504928347446,0.5854890487581479,8.830224939246659,2.2699210279382536,0.13107580206521796,1683.81,0.5645054397966416,0.23,-1129.484,-380.012,416.778,197.52,0.2570626505616413,2190.8509999999997,1937.81,0.05753975594543977,3353.356,0.009432613846472412,-0.4221281605651175,0.08588096872242391,-0.7527787692223981,1,1
98964,2019.0,6964.3,0.09624367727134525,7.809771738785359,10.686611951219511,2.951174831612034,0.2954551934536538,4942.1,1.0677199872140282,7.82,2177.0,144.6,361.5,738.0,0.27615626403233046,5826.0,7014.6,0.11233389652495548,6444.9,0.10788221056877774,0.0883954754922498,-0.007170758133036834,-0.14323565505480101,0,0
47734,2019.0,150.048,-0.6930633791482923,-1.3308110270342346,-1.7883831375397639,-1.655913769010883,-3.2315137016093956,155.652,0.26967544226215345,-1.44,-1178.85,-7.133,53.054,-159.692,0.9259278586628166,69.72300000000001,36.784,-1.1707538801035182,42.877,-0.8720394213956446,-0.142104158406605,3.079164854284472,-0.40801957531243754,1,1
99972,2019.0,837.554,0.011502502010624216,1.9400064983290009,40.62357526527976,3.1816706612073573,0.6261772012526101,324.578,0.5345306503385346,1.94,959.769,-72.323,613.822,83.591,0.07832079378613123,969.361,868.267,0.05146107314046076,768.867,0.030677188580154023,0.12928113704971092,-0.0353727597616863,-0.7764814973984582,0,0
100170,2019.0,4348.0,0.1613569457930673,3.4771304766490134,44.05069094433674,10.130368424404534,0.7684538519394004,862.0,0.6992880891109567,3.45,2556.2,-104.2,956.5,722.2,0.2299707043688702,4233.2,3722.8,0.13565753141612039,3435.3,0.10246146283226237,0.08368992518848427,0.16793811109917262,0.1894433291588927,1,1
102810,2019.0,59.288,-0.4533065887821969,-0.42160170363458,-5.45538592508513,3.49932742976237,-1.6196499584353725,116.598,0.3199577309879303,-0.44,-1209.358,38.032,128.537,-70.48,-0.6414445243317528,4.181000000000012,44.509,-0.5066530562364764,4.484,-0.6547841928957023,8.926181980374665,0.33204520434069507,-0.10529190892589911,1,1
100108,2019.0,334.638,-0.0070586634150468335,0.4216041367684913,54.81445266911606,2.169342187419813,0.6665231240777917,105.318,0.6013576426905317,0.42,102.263,-50.671,76.441,18.508,0.039576098670817864,434.2299999999999,315.818,0.035241586137954015,306.571,0.059983772190917314,0.030162670311281746,0.05959128358738259,-1.2002935789386873,1,1
100222,2019.0,69744.0,0.007966637090577112,5.344173984523489,7.683133093890299,0.7463015650063518,0.19890519004664714,54440.0,0.09884108223836355,4.95,30648.0,3120.0,32492.0,5123.0,0.09713505621812252,637041.0,67957.0,0.007451224514135946,62412.0,0.00557027998644241,0.08884509389220022,0.026296040143031624,0.0691715268360739,0,0
100230,2019.0,322.073,0.3115353769914895,-1.1380397636085569,-5.834594020639082,-26.63694906267752,-1.5756616937461436,162.805,0.2224603710899006,-1.14,-1471.589,18.725,160.052,-120.548,4.565347472069684,106.32500000000002,63.209,-0.42426162119548383,90.335,-0.29562078073207665,-0.30028228261471185,4.095366166210507,-1.7343001615692824,1,1
100231,2019.0,291.609,-0.1873788301378947,-0.41039429461431265,-45.95580457015021,6.73796308770039,0.7858412251138738,53.505,0.8612044687576481,-0.42,-191.922,10.334,66.449,-25.032,-0.14661832494772417,215.48000000000002,249.838,-0.08628659476117102,218.876,-0.07814037001877155,0.1414590909921599,0.16719234063673255,1.1715867992766726,1,1
100225,2019.0,102.428,-0.14930762522038665,-0.6687151986064764,-17.167248514648637,3.200679802901904,-0.8607374603324967,157.143,0.14304321682941082,-0.7,-564.136,90.592,400.133,-68.334,-0.18644104791579133,186.90699999999998,84.452,-0.11574285012576327,36.567,-0.19030414206548768,1.30951404271611,0.2128546393217449,0.28999437164501085,1,1
100271,2019.0,967.775,0.17023763436868591,2.3011844895890303,8.547771849232687,4.581573789489791,0.97489769578345,21.433,0.6003194856730644,2.32,-881.064,127.561,693.334,690.07,0.5359962654947404,718.051,853.826,0.48518371129294674,452.477,0.23535542825052572,0.8870042013185202,0.13345693384834845,-0.6491274739726393,1,1
100420,2019.0,5517.9,0.025126105275651296,1.5160668287284274,10.890021262352567,2.1542437066464877,0.44213463076059406,3279.3,0.7747245505825294,1.48,941.7,120.5,1087.1,627.4,0.19781813595661496,5828.800000000001,5878.3,0.08268754283304337,5388.0,0.11267390307292463,0.09099851521900523,-0.061310242757259846,-0.6961319152222954,0,0
101614,2019.0,17.572,0.0479809113779599,-0.21697048868832014,-11.70666119321292,1.2524489078878023,0.5035379061371841,6.876,0.3680182813413403,-0.22,3.72,-4.29,20.391,-3.654,-0.10698600456754698,15.713000000000001,13.85,-0.09709305415315937,16.787,0.11133583507968225,-0.17495681181866918,0.2687364620938628,-1.4941744988500667,1,1
108564,2019.0,9821.0,0.3541616790359907,0.9448263705270581,41.91246268656716,-9.102544570502431,0.1605824013504959,7956.0,0.8917952578095597,1.51,-6116.0,-353.0,613.0,268.0,-0.2171799027552674,9153.0,9478.0,0.02521640948438088,10629.0,-0.09233210395402693,-0.10828864427509644,0.0361890694239291,13.044889271621305,0,0
100929,2019.0,136.467,-0.34263416763325827,-4.194611165726703,-3.1278226947948826,4.870122631634544,-30.75871886120996,312.347,0.016268137277605385,-4.22,-1282.171,113.907,495.072,-324.277,-1.5570328330116294,91.74300000000005,9.835,-0.5363886885582145,0.0,-0.4169467608273617,inf,12.875648195221148,-0.36122037070870855,1,1
100984,2019.0,1362.455,0.017505487134007097,3.777408880590957,8.810272081213911,0.8495883195996012,0.8734981550097114,165.756,0.050922504894223605,3.72,1176.599,-12.67,385.767,465.339,0.09643156440209981,6475.085999999999,1310.305,0.018084512769907093,1181.089,0.01431565413647181,0.10940411772525198,0.039799893917828184,-0.03201776256109613,0,0
101197,2019.0,2945.0,0.030823425803610745,5.819317294727131,10.358603414634146,3.653356903225806,0.16823056300268097,2482.0,1.4867962132536123,5.53,1393.0,-242.0,467.0,164.0,0.35268817204301073,1104.0,2984.0,0.0817140009965122,3146.0,0.0763888888888889,-0.05149396058486968,-0.01306970509383378,-0.6227889293423977,0,0
101005,2019.0,4478.5,0.14171084535404593,9.850655021834061,48.6180867098147,8.210507875666288,0.7314859567155362,1000.0,0.4746199039086495,9.92,1508.4,246.2,3063.1,1127.9,0.16887764269030367,4682.9,3724.2,0.14374195521684277,3128.9,0.11462313303230288,0.19025855732046396,0.20254014284947108,-0.014130250696345367,1,1
112537,2019.0,567.25,-0.3304388581477054,-5.405899506505159,-0.7103350691923068,0.4680912189875494,0.2265071730657601,746.204,1.2664073606842947,-5.46,-241.271,4.077,90.3,-144.597,-0.6589724191990084,573.1540000000001,964.72,-0.18981539216857427,864.041,-0.11782615054602184,0.11652109101304217,-0.41200555601625344,0.7408433234658021,0,0
101143,2019.0,2699.161,0.1423118258080423,-0.2719668830123581,-68.13329547611869,1.6700766067056187,0.693205471020043,879.209,0.2860998255722014,-0.3,1116.495,-306.072,582.41,-179.094,-0.024511901193609447,9248.980000000001,2865.791,-0.017879448348127217,2409.17,0.1106200620310529,0.18953456999713597,-0.058144505304120256,-8.959519949224202,0,0
101204,2019.0,431.73,0.021804925024074842,0.19351570415400202,91.93052356020942,0.8192708548575236,0.23267163990390693,303.44,1.1508720667968535,0.19,128.831,-0.112,0.46,1.337,0.008911848025329112,295.141,395.45,0.0038910505836575876,385.082,0.03307405239740467,0.026924135638643185,0.09174358325957778,4.603865731187234,1,1
101336,2019.0,1591.066,0.10129224517762908,1.770556785338697,15.754931008701792,3.7480086114473457,0.5109813176033233,758.222,0.6689979164158729,1.71,180.117,-143.346,482.062,240.755,0.23789432079247055,1742.5240000000003,1550.497,0.10387933247642754,1342.532,0.043045848235882304,0.15490505999112136,0.026165158655579442,-0.024904735495730353,0,0
101334,2019.0,342.958,0.03107861060329067,1.4093310399901713,12.630105699030185,1.4192502761199697,0.41311868044964134,259.739,0.8069692090853893,1.42,-156.812,44.022,177.993,45.885,0.11237041953092666,334.493,442.575,0.08366442333815305,410.561,0.26004571728203385,0.07797623252086781,-0.22508501383946217,-0.6285325427072171,0,0
101452,2019.0,372.511,-0.02809554829669274,-0.019319504937685972,-211.18553571428572,2.929046159561623,0.12268947999130156,189.614,0.976969253161925,-0.02,-246.805,-3.935,1.601,-0.448,-0.013869539642735518,142.732,216.131,-0.002025078426586387,139.231,-0.1123024507558406,0.5523195265422213,0.7235426662533372,12.873807516705687,1,1
101558,2019.0,273.575,-0.030039622066443155,0.13899715399298213,20.93568045391004,0.7651768089633699,0.42804089787284055,170.338,0.43136025167690456,0.14,-529.576,-214.389,179.889,12.161,0.03654893427743649,495.81999999999994,297.815,0.017614196802185372,536.034,0.2301574349808804,-0.44441024263386275,-0.08139281097325524,-2.705421053471832,0,0
101521,2019.0,3543.0,0.136960087479497,5.619047619047619,53.37737288135594,11.732227248536455,0.7437743774377438,854.0,0.47894812473056475,5.63,3082.0,-81.0,3512.0,826.0,0.2197977647684939,3263.0,3333.0,0.11869521482971691,2752.0,0.13810157884725127,0.21111918604651161,0.063006300630063,0.15388044645256618,1,1
101615,2019.0,46.89,-0.008336057535142202,0.03596361328538185,78.96870588235294,2.2550170075169027,0.5621544537077665,19.957,1.346329936493871,0.04,-189.184,1.495,9.568,0.68,0.028555830848696093,20.345,45.58,0.02008565942992173,44.73,-0.009192884640913316,0.019002906326850023,0.02874067573497153,-1.4150253350768223,0,0
101602,2019.0,2072.6,0.07115280534006856,1.1474436335076528,25.94462954924875,5.19992184920812,0.5124498839417598,924.2,0.8905383820351405,1.15,1119.5,-2.6,322.4,179.7,0.20042382333258976,1701.6999999999998,1895.6,0.08442168561495819,1765.9,0.040338722093918394,0.0734469675519564,0.09337412956319899,-0.15717383724613287,1,1
101677,2019.0,5562.14,0.021174086289878227,4.526139094670598,77.89420356416565,3.942131661624381,0.7282965281148912,1377.986,0.2505183841765904,4.58,-3386.954,-823.097,621.593,365.359,0.05060879348200838,19526.065,5071.654,0.018047198472998134,4368.428,0.01246462488183773,0.16097918976803569,0.09671125041258725,0.17326167391345984,1,1
105645,2019.0,1331.762,0.014417329581173447,4.638893190852305,9.937715334965501,0.9006723248460642,0.7867246666265826,244.752,0.04584654958858288,4.66,781.025,-57.904,721.692,359.44,0.09063172917391589,5460.245000000002,1147.587,0.014359768613726218,781.041,0.007834880233453573,0.4693044283206642,0.16048892153710348,0.0040084885067165,1,1
102017,2019.0,2689.308,0.011598364810570713,1.6741153664393802,5.812024783390174,0.8221703188119507,0.2188373317374136,2224.174,0.8235021054211666,1.68,429.088,-152.966,256.36,173.584,0.14146022246181403,2769.855,2847.261,0.050205017898755255,2658.592,0.04465106715525676,0.07096575931921854,-0.05547542006159603,-0.7689799686166774,0,0
102092,2019.0,29.564,-0.23922343641013719,-0.15625077131926446,-3.091824737382513,3.9145592999999996,0.7840443869855634,4.009,0.371287425748515,-0.16,-468.624,2.269,34.315,-25.322,-1.2661,14.095000000000006,18.564,-0.50645012900258,49.17,-0.0695686555080677,-0.6224527150701648,0.592544710191769,-0.5276466078086071,1,1
102112,2019.0,1258.094,0.04094015833628335,5.172420164444308,14.743581838965493,2.3351318490551094,0.34310525328144903,798.135,0.522208244275859,1.46,377.502,-18.527,25.569,167.964,0.15838294076434262,2243.925,1215.012,0.07219038621968374,1461.921,0.023409734424727345,-0.1688935311826016,0.03545808601067323,-0.43288628195314416,0,0
102158,2019.0,6027.1,0.09355415642766783,1.3802083333333333,33.84271698113208,4.146113542501387,0.7194897959183674,1649.4,0.8804635910336462,1.39,36.2,-1429.5,1250.0,397.5,0.1225112494606423,5164.0,5880.0,0.05952113561834598,4488.3,0.10134439947870223,0.3100728560925071,0.02501700680272115,0.5717804348953311,0,0
116863,2019.0,34.464,-0.24538391142852017,-0.4582313876267039,-12.351838291380627,2.915253240518483,0.3846568289981741,20.558,0.8166263352154677,-0.55,-57.798,8.734,12.525,-7.866,-0.2360177628420547,24.764000000000003,33.409,-0.1922710273520569,24.016,-0.3834857968223399,0.39111425716189213,0.03157831721991079,0.2762396644358237,0,0
137635,2019.0,3856.0,0.07714701601164484,2.719662308596683,15.424709114583333,7.897451066666667,0.18955181273194405,2839.0,1.4386036960985626,2.72,-266.0,-389.0,1224.0,192.0,0.512,1166.0,3503.0,0.07885010266940452,3275.0,0.06864635557269572,0.06961832061068703,0.10077076791321725,-0.021599041727316855,1,1
102669,2019.0,219.496,-0.24864754326932015,-0.10892133008921329,-38.10089352196576,-8.436850783182194,0.4003743893946054,121.402,1.2477997731979094,-0.12,-582.694,9.817,31.076,-8.058,0.22143446001648803,91.935,202.463,-0.04966226210432896,219.297,-0.28908328961423957,-0.07676347601654379,0.08412895195665389,4.006770387280567,1,1
103378,2019.0,876.293,-0.02395851636503043,-1.4217447419902105,-44.38208782236838,11.415788298839399,0.7911860617609392,94.898,0.2981991073619672,-1.43,-1037.185,82.939,1124.182,-175.149,-0.2572161171085307,371.69899999999984,454.462,-0.11492550632471185,265.989,-0.1911203555199145,0.7085744147314363,0.9281986172661302,-0.7915300342698707,1,1
102974,2019.0,703.353,0.05345052071030516,0.9962644042041281,15.40755640292342,1.7170066148245724,0.3874340019670809,446.56,1.7017975114970703,1.0,337.642,-13.425,49.026,31.47,0.11143925551353417,357.71,728.999,0.07346452832831431,654.129,0.04351081876886525,0.11445754583576023,-0.035179746474275096,-0.2724309006459033,0,0
104023,2019.0,1498.021,-0.01708586108743755,1.9192725577057592,10.905173377260754,,0.3897847694694093,1197.094,0.30897995634054376,-2.77,,-10.648,13.644,205.794,,6192.375,1961.757,0.03241289371473932,1814.019,0.022640967812471262,0.08144236636992229,-0.23638809495773436,-1.5271316173683065,0,0
103355,2019.0,2406.796,0.1770606813606739,5.016859284514528,41.745241020900224,13.335482927086236,0.7640987097837164,463.898,0.9581155862872711,5.0,375.369,187.441,735.359,400.235,0.31944917794125743,1252.8429999999998,1966.492,0.1950027722857179,1473.413,0.1301668976565031,0.33465090914767276,0.22390327547734742,-0.09200941460850244,1,1
102886,2019.0,3757.505,0.15445387469252686,3.6634452473068335,17.28427633702167,2.8817548512193447,0.6172808268039734,1281.131,0.6218711323984396,3.68,2719.049,310.046,1384.721,694.08,0.16672696010112,3793.1520000000005,3347.444,0.12894265462696583,3087.004,0.138706374519486,0.08436658974202821,0.12249973412549998,0.1978493473658162,1,1
108342,2019.0,35.219,-0.5468201298608225,-2.5277433107441696,-3.619829577278649,9.12054705462618,-16.935350085386677,147.034,0.0388744523055329,-2.55,-1068.239,22.754,145.536,-158.899,-2.5196067549353844,60.06999999999999,8.198,-0.7534900703704407,0.327,-0.4349201270653838,24.07033639143731,3.2960478165406197,-0.2742835621019032,1,1
108857,2019.0,339.076,-0.30038828728407024,-1.7044503454891764,-9.486929345166239,4.855397919758538,0.50840679692771,110.022,0.41430242761041236,-1.94,-1469.235,67.691,473.52,-245.192,-0.5117986803846547,63.514999999999986,223.807,-0.45388947097567206,121.301,-0.7526618570321401,0.8450548635213229,0.5150375099974533,-0.338190668670147,1,1
103365,2019.0,4911.892,0.009681012402787563,2.861783213684304,36.03697146131095,4.081423182351486,0.8328461611126063,562.701,0.2544345478201049,2.85,1756.24,-124.977,1210.878,452.053,0.11325655339082183,11943.667,3366.366,0.03416678419569407,3975.163,0.036038045343504486,-0.1531501978661001,0.4591081302508402,-0.7166542702017701,1,1
103403,2019.0,2727.912,0.12098622745527857,5.845548763119262,9.761273459902169,4.925716586833641,0.5238230181919943,1345.949,0.3648350437048574,5.84,,133.193,218.283,1333.925,0.5046182352197935,7390.519,2826.573,0.1721740728698682,2507.661,0.11759357619812356,0.12717508467053554,-0.03490481229389797,-0.2973028665778162,0,0
103419,2019.0,1017.354,-0.13415847400291805,-0.3185759546439887,-44.824475268254375,0.5947983286196109,0.23583514147627174,831.513,0.5430290430133231,-0.33,958.121,-34.143,19.316,-19.105,-0.013269498974834834,1906.994,1088.133,-0.00953428474898706,670.627,-0.06519345591393388,0.6225606782906148,-0.0650462765121543,13.071162917299203,0,0
103515,2019.0,292.136,0.26954869993509223,0.8298764856676765,20.376526256669475,7.718003510078179,0.22819607790607327,230.473,2.960111022997621,0.83,71.779,1.061,11.711,28.488,0.3787693453172366,84.496,298.616,0.2823949246629659,267.316,0.20125130344108447,0.11708988612728012,-0.021700109840062026,-0.045490281892301865,0,0
105397,2019.0,1472.2,-0.016243438785643355,-3.520567375886525,-14.30735294117647,2.4345845331139446,0.3619579218548733,1040.2,1.087011601546873,-3.63,607.9,-66.8,301.0,-124.1,-0.17016317016317017,1041.8999999999999,1630.3,-0.08274436591545539,1718.2,0.03852530196573774,-0.051158188802234945,-0.09697601668404583,-0.8036913014447389,0,0
104415,2019.0,25868.0,0.059954453206091496,2.330117160578911,17.179393670511683,2.265613371299294,0.4308736217133164,14762.0,0.41349296178800876,2.3,13861.0,339.0,1100.0,3381.0,0.13187970511370284,55835.0,25938.0,0.05389851583796968,25896.0,0.046300844570505,0.0016218721037998146,-0.002698743156758424,0.1123581470467061,0,0
105238,2019.0,64845.0,0.004668998563385057,9.919359551218372,8.221296907216495,0.6889269926157516,0.2665005238261532,46209.0,0.07729076235648613,9.64,41376.0,959.0,55823.0,4074.0,0.0837978484892116,757996.0,62998.0,0.004998294641739809,59727.0,0.009451618603208718,0.05476585129003633,0.02931839106003365,-0.06588168604644935,0,0
104579,2019.0,43215.013,0.1604273666090632,6.3531840978976115,26.611852796135476,10.424005436338895,0.31335328906069954,28566.857,1.701635517372983,6.46,6376.242,934.5,5064.552,4059.907,0.39170536212543045,18035.729,41603.428,0.16605559398689923,36765.478,0.15183630242367857,0.13158947641045213,0.038736831974519,-0.03389363310627198,0,0
104398,2019.0,5581.3,0.010492624967918234,18.03558052434457,8.321329041636382,3.436504438060118,0.45824776671116135,4220.9,0.25639321172711327,17.56,4874.3,-347.0,4536.8,963.1,0.4129754298700742,25292.600000000002,7791.2,0.03169374450846889,7719.4,0.02570327979977057,0.009301241029095549,-0.28364051750693087,-0.6689370369249207,0,0
104406,2019.0,9039.0,0.029469880878450854,5.390856486868029,28.16992074820144,1.987220353227771,0.20615529190649595,6758.0,0.26286861201173384,5.29,-760.0,3.0,4333.0,695.0,0.07054405196914332,27646.0,8513.0,0.02146055272502702,8197.0,0.017499537864316964,0.0385506892765646,0.06178785387055092,0.37321164352320996,1,1
105040,2019.0,822.224,-0.15093337936156748,-0.4758041879526189,-15.405497020824729,1.2004826045382664,0.25666516428980846,606.921,1.912127081074372,-0.48,-85.524,-9.518,16.019,-16.951,-0.0779256003824795,367.24,816.484,-0.03969761336571406,865.048,0.08020962737899492,-0.05614023730475068,0.007030143885244547,2.8020769150803724,0,0
104697,2019.0,41140.0,-0.06988043893650707,1.8921274741161216,28.243340224719095,1.3753368302024438,0.06355070721203245,42836.0,2.354851994851995,1.58,1124.0,-212.0,899.0,267.0,0.048695969359839504,15025.0,45743.0,0.013745173745173745,45794.0,0.0084786179852684,-0.0011136830152421715,-0.10062741840281574,-6.0839982259986884,0,0
104617,2019.0,495.175,-0.025173205338884896,-0.6784700035498756,-50.156970568999355,2.887106142895865,0.6038904407872803,210.291,0.8319349985896511,-0.69,64.229,-32.577,56.373,-22.935,-0.05756141390007127,552.962,530.891,-0.03594038925627605,500.97,-0.02858495124091622,0.059726131305267646,-0.06727558010966461,-0.2995845103572702,0,0
104692,2019.0,85.585,-0.022617974150886684,-0.23828052621826942,-35.378468118195954,1.3663017593032858,0.5686877870247337,37.004,0.3797791106881211,-0.24,-31.728,-5.178,96.089,-7.716,-0.03861958507470157,127.362,85.794,-0.0341559505101702,101.871,-0.005964063949753765,-0.1578172394498925,-0.0024360677902884025,-0.337802818745975,0,0
105124,2019.0,2222.107,0.059010812540185933,3.038848273052763,18.645221777749555,4.135890045227624,0.3260107093668103,1439.691,1.4309934676339384,2.99,286.21,-14.57,40.185,141.741,0.2218203727757868,1370.107,2136.074,0.09495478391474362,1988.454,0.1057117588561649,0.07423857931840522,0.04027622638541544,-0.378537761792291,0,0
104723,2019.0,7982.2,0.045927747811369914,-1.8588235294117645,-55.798734177215195,1.8772351015410822,0.7758322933605617,1778.3,0.3288003382131074,-1.86,9303.8,18.4,542.8,-379.2,-0.03364296931143702,23221.4,7932.9,-0.01571696205049986,7824.1,0.06985692002541932,0.013905752738334028,0.00621462516860167,-3.922177177994092,0,0
105505,2019.0,7210.3,0.06333940164187819,8.683965677659465,7.676216428571427,2.7252839391377854,0.16045036657744677,5771.4,2.550419232766936,8.36,923.3,3.6,8.3,168.0,0.35502958579881655,2605.2,6874.4,0.062328411367515026,6456.5,0.05902321042135189,0.06472547045612942,0.048862446177120995,0.016220376104276676,1,1
108771,2019.0,16648.0,0.029657417893544733,3.647899864284294,15.636394123222749,1.867164210526316,0.17194282076509057,14308.0,1.4082314588427058,3.17,223.0,65.0,502.0,422.0,0.11941143180531975,10510.0,17279.0,0.03439282803585982,15380.8,0.026996571863890297,0.12341360657443051,-0.03651831703223566,-0.13768597736067806,0,0
105740,2019.0,996.495,0.012260452961672476,-0.16481516056758777,-15.71457377513452,0.31732724850023736,0.32441592132695957,667.194,2.3538436603974158,-0.17,98.787,-0.405,6.765,-3.531,-0.02019318201314187,332.183,987.581,-0.008415939517734013,1009.635,0.0024805644182806816,-0.021843537516032997,0.009026095074733098,-2.4568133404282824,0,0
105051,2019.0,104213.0,0.06206344492789175,14.568990971110662,18.026643061333335,2.368519374934305,0.22650236143531838,71243.0,1.286903913596289,14.53,19002.0,325.0,22140.0,3750.0,0.13138993027574367,36821.0,92105.0,0.05239552332648698,90039.4,0.054476892543237884,0.022941068021332948,0.13145866131046088,0.18451808451577087,1,1
105426,2019.0,6466.0,-0.16700358194134127,-6.598039215686274,-1.7186924219910849,0.8656488549618321,0.27872255681749597,5976.0,2.048636352397201,-7.79,1308.4,761.2,1627.1,-673.0,-0.5036671157012423,1282.6000000000004,8285.3,-0.1664070420097421,9224.6,0.00688273563947953,-0.10182555341153016,-0.21958166873860926,0.003584823841554988,0,0
105248,2019.0,74639.0,0.032224227935795484,4.363869103321874,26.421507444444444,2.1781951726664834,0.13222769312662186,52167.0,1.9454386589430763,4.62,3607.0,1261.0,6064.0,900.0,0.08244023083264633,20786.0,60116.0,0.02912527102682761,48382.0,0.03788606726149622,0.24252821297176635,0.24158293965001,0.10640096382668472,1,1
105016,2019.0,15999.6,0.005049842839850222,5.533094812164579,7.9828742321370845,1.0838906935908692,0.14032083889851946,12100.5,0.05791567590164589,5.41,8725.1,506.7,6367.1,1546.5,0.13577699736611062,,14075.6,0.006363252208211044,13860.5,0.009098169182472162,0.01551892067385739,0.13669044303617608,-0.20640536087285966,1,1
105174,2019.0,9709.003,0.04328531963079604,5.849392768423958,26.919033519170835,3.2132223240142466,0.4664086231339023,5112.101,1.0597198342419705,5.75,3281.962,349.59,896.527,423.847,0.11936618458927574,4971.330999999999,9580.554,0.04688236949386814,9373.784,0.05605849167578467,0.022058327778835148,0.013407262252266468,-0.07672500135776125,0,0
105208,2019.0,3672.7,0.10414827890556044,8.741966942562078,17.4834795194508,3.5602425675675677,0.4193907774245265,2136.7,1.2312968415417558,8.54,1884.4,-182.0,129.1,349.6,0.20363466915191056,2408.6000000000004,3680.1,0.11697002141327623,3505.1,0.11094633742585185,0.049927248865938204,-0.0020108149235075383,-0.10961562931081503,0,0
125348,2019.0,534.909,0.06519102684660896,1.0323010006417417,16.506813409467675,1.2574906452880315,0.2785152073523056,380.589,0.1468388101755108,1.0,-1974.08,-2.721,6.034,130.296,0.07618009691481599,3483.8759999999997,527.508,0.03626961033885429,578.688,0.03339127547802269,-0.08844143994691432,0.014030118974498877,0.7974008057310785,0,0
105419,2019.0,2222.559,0.05402971847997593,2.0647619526671863,25.327374873625104,1.483949756422023,0.1431957303259492,1678.1,1.0857522516854032,2.08,902.982,-4.157,5.294,82.097,0.05859074475054846,1672.511,1958.557,0.04551156928627379,1717.018,0.06543000042992878,0.14067353982311193,0.13479413670370594,0.1871644798737186,1,1
108640,2019.0,306.486,0.22842168066900792,0.6555624136102441,20.3794478185917,5.57054885784502,0.9801828479544034,4.979,0.8060694142331902,0.65,-117.806,10.563,206.76,75.41,0.2733415010765472,96.668,251.247,0.2419360013346423,159.201,0.5854890562581336,0.5781747602087928,0.21985934160407875,-0.05585907261045275,1,1
108597,2019.0,181.712,-0.10856529919639875,-2.2027346266733483,-7.726759181020474,5.125520200060362,0.5321472468043265,76.129,1.6665813165091103,-2.23,-24.079,11.868,35.575,-30.77,-0.6633466994351743,50.783,162.72,-0.31514692176121756,151.493,0.26962908358654414,0.07410903474087914,0.11671583087512286,-0.6555089334534032,1,1
105617,2019.0,1303.634,0.009510427186745083,1.0100714799565305,47.88769998939249,2.5296719034673987,0.6801301405898937,393.359,0.4289275964265422,1.02,-279.499,14.489,444.566,65.991,0.05282508669298675,2350.84,1229.747,0.023017223067658587,1135.229,-0.0025679875378784942,0.08325897241878073,0.0600830902616554,-0.5868125725336455,1,1
105561,2019.0,8094.0,0.04774290988420876,0.6143790849673203,26.140212765957443,1.065790500975927,0.33520501436406375,5091.0,0.7345098791482831,0.6,3676.0,174.0,887.0,188.0,0.04077206679679028,9102.0,7658.0,0.018031843468252446,7015.0,0.117268172988447,0.09166072701354241,0.05693392530686863,1.6476998853870242,1,1
105639,2019.0,20156.447,0.05494854677364819,2.7742665466480685,96.47955432522981,22.306800999853973,0.37418212003906975,9884.381,0.6080733722434397,2.78,2922.777,989.246,3794.483,1211.242,0.23120754605331598,16930.913,15794.341,0.046632145497104836,11692.713,0.02939760083001179,0.35078497180252355,0.27618157667990073,0.1783405242861853,1,1
105810,2019.0,1195.777,0.09387744645967824,1.8375932145500085,52.78643784269385,6.4738897690446064,0.11633255507651839,962.1,2.9607055061239587,1.85,105.265,-5.105,1.52,32.281,0.12264305063238237,338.48,1088.758,0.0877830835164357,1075.565,0.10235720935853036,0.012266111299642498,0.09829457051061852,0.0694252548339965,1,1
105627,2019.0,274.634,0.06027285925044686,1.2520059646382165,20.047827813067148,2.212271017567576,0.5403603995563655,128.888,0.8555741336278704,1.26,-5.024,5.212,5.732,17.632,0.1103496617287196,316.34599999999995,280.411,0.05379775801993007,276.927,-0.05473012042134902,0.012580932881228555,-0.020601902207830602,0.12036005716293986,0,0
119022,2019.0,20173.329,-0.018051264207375246,0.8693170598090239,37.569721692997625,1.2527095959225758,0.04626769094230894,19222.963,1.3728855086164682,0.86,244.818,84.371,886.733,136.468,0.03334359530685744,11068.350999999999,20155.512,0.009295469129728492,18203.402,0.023573733225273452,0.10723874581245861,0.0008839765519230043,-2.9419422468570446,0,0
105739,2019.0,111.389,-0.08367731882671332,-0.47849614286925307,-7.732559718900406,8.80560188298588,0.8223220704529116,9.886,0.5126551371472271,-0.73,-351.288,22.627,43.822,-33.867,-1.1387693342299932,61.545,55.64,-0.3120433416564547,61.985,0.05998796835450222,-0.10236347503428248,1.001959022286125,-0.731840716797482,1,1
118588,2019.0,711.518,0.05497063122805141,-0.10060429722470904,-65.80235817575084,1.92666492965086,0.2644045135672806,456.654,0.8500885287790423,0.18,-78.78,17.106,34.458,-6.293,-0.02927957269411152,624.276,620.795,-0.008617348901982963,702.503,-0.03755600061031505,-0.11630982358794209,0.1461400301226654,-7.379065284846708,1,1
113612,2019.0,5223.203,0.05473914025399743,18.14886031782152,20.513684797850086,-10.856059179273542,0.5916248898619464,1556.369,0.31245224930717175,16.28,-2242.478,1422.456,2073.017,957.062,-0.5292105872861661,9950.847000000002,3811.126,0.0784639958443831,3504.286,0.05983433077767979,0.08756134630563833,0.37051438341319604,-0.30236614048357857,1,1
106977,2019.0,589.464,0.04684705708659073,1.403237118964122,10.041068476296667,1.8005815596969135,0.4628932836173124,284.492,0.7273537465223516,1.42,-282.807,7.82,149.852,104.036,0.1793217090339973,538.364,529.675,0.14286302803266038,548.441,0.0632765932437741,-0.03421698961237412,0.11287865200358731,-0.6720841092918675,1,1
105787,2019.0,603.88,-0.12608831508230717,0.2605997931747673,39.21722222222223,1.1333417431192663,0.3481658117888145,421.783,2.334748942803123,0.24,-38.677,-22.21,57.946,3.78,0.028899082568807334,179.19800000000004,647.071,0.013638922164330968,634.117,0.017700712239761763,0.02042840674512758,-0.06674847118786043,-10.244741891119384,0,0
106225,2019.0,874.264,0.04924236244289105,5.4422057957741865,15.032507602620353,1.7402628700719691,0.12277643650410426,726.692,0.44627849847002543,5.48,606.011,-4.126,70.049,83.195,0.11576663827987152,1696.919,828.4,0.04481909666853424,836.015,0.034519850006556815,-0.009108688241239702,0.055364558184452,0.09869154229210994,1,1
105798,2019.0,1315.014,-0.006385849803649057,-0.49487317862924984,-53.993631406761175,0.9053829495435012,0.20362657566360343,1065.996,1.5860859941630991,-0.49,371.54,0.855,18.569,-6.419,-0.01676832852235472,786.3480000000001,1338.563,-0.007605981934756102,1380.929,0.03296563311608089,-0.030679347019289177,-0.017592746848672944,-0.16041743742928974,0,0
105698,2019.0,1205.7,0.018819714018967128,0.9450337512054003,63.59561224489795,1.4532750378920367,0.3590731070496084,981.9,0.8928779578039399,0.94,557.8,-59.7,129.6,19.6,0.02285181298822432,1447.0,1532.0,0.011423242802191398,1309.6,0.2861990350458618,0.16982284667073924,-0.2129895561357702,0.6474931282522345,0,0
106252,2019.0,4868.0,0.028139221674313604,5.49902333623857,34.2097111609418,2.5898989231629916,0.6628068872696895,1453.1,0.05562260166736151,5.73,4860.6,-528.8,1448.9,1962.2,0.07570654165943246,75910.8,4309.4,0.025326650807930746,3644.7,0.05361308436863383,0.1823744066727028,0.12962361349607843,0.11105182788330363,1,1
106121,2019.0,6611.099,0.008866160234227826,5.338238585496867,18.52858361721084,5.21419654563662,0.3907411107267674,4086.275,0.5074775642051474,5.37,919.835,-587.311,2215.001,572.43,0.28141366082582026,10679.472,6706.96,0.043312526402118474,6306.368,0.05891786607499177,0.06352182428935317,-0.014292764531173568,-0.7952980125907833,0,0
111307,2019.0,4262.0,0.055587474863544956,2.7729845911664093,29.415958624454145,2.472473674068636,0.30231470657002574,2984.0,0.2724203821656051,2.77,3028.0,187.0,5337.0,458.0,0.08405211965498256,10056.0,4277.0,0.029171974522292993,3965.0,0.0464968959837831,0.07868852459016394,-0.0035071311667056347,0.9055095095145324,0,0
105768,2019.0,3289.7,0.010424371665538786,4.430241775663893,8.63835473048535,0.6870300981926853,0.41452112805720065,1907.9,0.06713791838870643,3.85,1746.1,69.2,2195.6,447.1,0.07953251743275935,12866.4,3258.7,0.009211453435907156,3250.3,0.00950106232510192,0.0025843768267543414,0.009512995979992021,0.1316750106887101,0,0
106071,2019.0,8750.743,0.04487581013070712,3.408392472774545,10.359722444538932,1.7402426895624896,0.3161690118140429,5769.188,2.014872171971907,3.27,2455.072,12.4,113.653,319.864,0.16798159399336504,3183.5880000000006,8436.57,0.0763918360679307,8590.472,0.0769385569105546,-0.017915430025265206,0.037239423130490314,-0.41255751346515945,0,0
108583,2019.0,225.662,-0.0520119435554971,-3.159677462136283,-0.4557427197098797,0.04150803638737972,0.25903937778949543,157.383,0.07682889290709774,-3.18,545.715,38.087,224.936,-119.123,-0.09107778268801141,2512.875,212.404,-0.04308811608902,191.412,0.009903289346804012,0.10966919524376732,0.062418786840172547,0.2071064663871699,1,1
96967,2019.0,3553.923,0.09581939307337828,6.181770365337833,13.203337422181887,4.2835261371491535,0.46554508898237434,1871.233,1.7005538992975717,6.06,868.977,-8.417,170.077,282.068,0.32442752920581575,1689.7050000000002,3501.199,0.13700216333520815,3443.591,0.14640432611427764,0.016729048252246036,0.015058841271233,-0.30059941579948996,0,0
107343,2019.0,1442.752,0.009919666816486102,5.992390589828888,8.525812734356302,1.0912081506334683,0.7292477884298798,336.333,0.04396019685490365,5.83,1382.01,174.474,3080.065,300.824,0.12798875422588726,4571.588999999998,1242.217,0.010645710257289616,953.555,0.007858741021417395,0.3027219195536704,0.16143314734865152,-0.06820056372531447,1,1
106021,2019.0,1786.735,0.08032744387377772,4.085817700630497,13.66189196140254,2.061091075267581,0.1473586766385564,1410.14,1.458751233745214,4.08,444.481,-2.526,2.194,104.981,0.15086424933607714,1052.555,1653.849,0.09259682308953616,1378.51,0.09420377472363373,0.19973667220404637,0.08034953614265872,-0.13250324154096105,1,1
106095,2019.0,78.444,-0.04837792286191844,0.03275663206459054,501.88309859154936,0.8217440935348854,0.48539967622712965,33.695,0.21440008382421796,0.03,152.291,-16.58,52.628,0.426,0.0016373217106552746,250.651,65.478,0.0013948873775789863,67.693,0.0665448694311287,-0.03272125625987921,0.19802070924585372,-35.682314600828064,1,1
106049,2019.0,2362.969,-0.01745357056673019,8.269466143113748,7.45513663555391,1.7728939337242693,0.705840957975081,688.043,0.3858437131521107,8.32,543.64,400.132,800.666,791.851,0.2378083756733916,4959.793,2339.017,0.1306235611383808,1918.249,0.09802982129000311,0.2193500426691216,0.010240199194790045,-1.1336173230512383,0,0
106259,2019.0,10390.0,0.22644907146876758,4.1160288330953785,13.719534602368867,9.739633573573574,0.34951716738197425,7275.0,1.1885228480340064,4.1,-4712.0,-686.0,1857.0,1182.0,0.7099099099099099,5825.0,11184.0,0.12561105207226356,10771.0,0.0832973672852827,0.0383437006777458,-0.07099427753934191,0.802779832928175,0,0
110915,2019.0,195.992,-0.12766092805112092,-0.555052686128865,-26.35785820988423,8.507180969677002,-0.4408081020926895,218.804,0.3449464847086188,-0.56,-531.715,-110.804,354.526,-80.33,-0.3227569137801492,81.64299999999997,151.862,-0.18246533771874035,316.613,0.12111088672840395,-0.5203545021840543,0.2905927750194255,-0.30035518171729264,1,1
107029,2019.0,16829.0,0.1085899513776337,11.403225806451612,10.191852899575672,4.375009107468124,0.13991529910005293,16247.0,2.640480849874196,11.57,1004.0,-364.0,4507.0,707.0,0.42926533090467517,-671.0,18890.0,0.09882583170254403,19883.0,-0.06044150631566521,-0.04994216164562692,-0.10910534674430916,0.09880129017764014,0,0
107240,2019.0,998.763,0.02698331158919161,-0.29028578670553196,-179.23716000873173,2.6167885051756667,0.3337199286750484,705.468,1.0147981168821212,0.55,-166.065,-1.823,274.364,-9.162,-0.014599586966498395,629.2639999999999,1058.816,-0.008781110548833787,1406.92,0.016081895538837827,-0.24742273903278084,-0.05671712554400386,-4.072881435569132,0,0
129617,2019.0,1206.2,-0.0177626054255358,-4.273764258555134,-1.3173398576512454,0.4844309135192118,-0.08796440028976509,2102.6,0.3158978717839746,-4.25,1362.2,4.7,0.0,-1011.6,-0.3677341960812825,5859.7,1932.6,-0.1653535584687306,1622.9,0.03641748255530914,0.19083122804855493,-0.3758667080616785,-0.8925780274097046,0,0
107342,2019.0,114.387,0.009262073981152622,0.4090169649082036,43.812363636363635,2.1613037454653203,0.37101818386112095,67.174,0.11376314878431999,0.03,-310.265,0.002,15.092,12.32,0.04933090949860256,920.979,106.798,0.013123485393198584,94.799,0.006394500966122178,0.1265730651167206,0.07105938313451561,-0.2942367287616435,1,1
107353,2019.0,1509.944,0.0016170584601786799,-1.4811548966055406,-40.522432959275065,2.473187287378054,0.07271663904864009,1284.255,2.420226615826061,0.92,187.127,-89.239,7.16,-18.981,-0.06103254683309861,556.258,1384.965,-0.03316930131446966,1623.882,0.07579854848101805,-0.1471270695777157,0.09023982555515847,-1.0487516587958172,1,1
111861,2019.0,1452.183,0.021701467070518243,1.1716609733824872,19.468088908133073,3.090579967830482,0.3307879799853196,597.168,0.36118773488870043,1.16,-35.311,26.623,59.322,69.285,0.15875107117162116,2301.42,892.345,0.028043965295668837,1068.2,0.011941163861563851,-0.16462741059726643,0.6273784242641579,-0.22616267558033748,1,1
107476,2019.0,12506.109,0.04235225848977884,1.5186591005421546,15.625626575133612,1.5687321409079904,0.38690326938333075,7281.55,1.0424168303725263,1.54,3423.926,57.484,331.761,480.118,0.10039483110420974,10119.243,11876.674,0.042140003486228254,9736.909,0.05698209605084815,0.21975813885084078,0.05299758164617463,0.005036900474390132,1,1
107740,2019.0,23757.293,0.04280336058594832,5.92965636959009,13.616303368618553,1.1925852168430229,0.1012499698311,18023.321,1.746777517295949,7.23,2069.347,-94.709,464.401,300.598,0.08758509446782523,7967.930999999999,20053.764,0.02618350490930918,17045.7,0.03912086547476751,0.17647054682412563,0.18467999324216652,0.6347452617288905,1,1
107646,2019.0,166.656,0.022457374799472934,2.0197283311772316,11.055942353883106,1.3912450191677035,0.7236154338729133,37.119,0.11507858302072067,2.01,114.891,44.055,120.86,24.98,0.1258368553883664,1010.0980000000001,134.302,0.021404469061202386,119.051,0.024315489924626982,0.1281047618247641,0.240904826435943,0.04919092995299002,1,1
107789,2019.0,3467.996,0.003530877682442598,5.068286691232613,5.512711040662335,1.0524400014838893,0.3940074266823712,936.893,0.025087754166436514,5.07,1497.546,-1089.649,713.232,458.016,0.19091151227063805,,1546.047,0.007432240295602001,3910.881,0.002815459097567374,-0.6046806333406718,1.2431374984072283,-0.5249241760210605,1,1
110861,2019.0,70.086,0.20447183240409897,1.9085917312661498,5.52763580978169,2.8842597907192373,0.3775736061808311,14.904,0.1499711894979457,1.78,12.914,-6.921,18.577,35.454,0.521789041458784,134.85199999999998,23.945,0.2220538130073154,35.692,0.3373720012588056,-0.32912137173596323,1.9269576111923157,-0.07917891778168742,1,1
107748,2019.0,1542.876,0.02582294379899381,2.3231722662639993,9.013537353247843,1.073657357151498,0.5672094263072767,670.551,0.8219853817721511,2.33,508.472,-31.221,64.937,73.849,0.11911609339086254,1748.852,1549.366,0.039179121304128005,1515.69,0.0034001490951962835,0.02221826362910617,-0.00418881013266072,-0.34090038419843166,0,0
113428,2019.0,192.408,-0.3413278180558647,0.7102760380422176,21.935133899412147,1.2072544171978634,0.813525994149752,87.91,0.36273396395689356,0.72,-391.037,-13.687,446.085,33.682,0.05503747653121084,804.722,471.433,0.025915889159214753,588.287,-0.18644806334721517,-0.1986343400415104,-0.5918656521711463,-14.170600320093625,0,0
107850,2019.0,331.504,-0.029084080642895693,-1.291574454631679,-2.05950186647084,0.5314749101820049,0.47174924676226077,167.437,1.1228824067054461,-1.51,-31.555,7.966,72.159,-32.682,-0.25805993130403887,201.36,316.965,-0.11577947980359787,324.263,-0.029653194796097807,-0.022506422256008247,0.045869417759058714,-0.7487976220636647,1,1
107886,2019.0,3106.0,0.061891697694166824,1.8440366972477065,22.450746268656715,10.513979496738116,0.44356062007473457,1504.0,0.9953966266480077,2.17,1418.5,3.9,45.8,100.5,0.46831314072693386,2416.6,2702.9,0.03701112175001841,2754.4,0.05619896065330364,-0.0186973569561429,0.1491361130637463,0.6722459295397075,1,1
108230,2019.0,10086.8,0.008638284806011127,4.054337818410893,22.060322549800798,1.0837801099998041,0.18456763300018628,6567.9,0.19602426909195336,4.0,5604.3,257.2,1910.1,251.0,0.04912802646258636,33964.100000000006,8054.5,0.0061086462899100245,6415.0,0.01631755801903087,0.2555728760717069,0.25231857967595744,0.41410787203041055,1,1
107820,2019.0,1490.5,0.025581204977079244,2.0323161905887215,20.51354026162791,2.612609348389485,0.288430637386181,1062.8,0.6307698804848177,2.02,432.6,-9.6,27.0,68.8,0.12736023694927803,2229.6,1493.6,0.029055281050720045,1364.4,0.016608323609490473,0.09469363822925814,-0.0020755222281734795,-0.11956780137752986,0,0
107794,2019.0,1731.1,0.044307661003153934,1.768644097042482,6.513464195121951,1.5899739938080495,0.36819303207172516,1050.0,0.8755597702966125,1.77,-560.5,51.0,374.7,205.0,0.24410573946177663,1420.1999999999998,1661.9,0.10800273958168695,1729.0,0.19431045823284365,-0.03880855986119139,0.041639087791082385,-0.5897542860971391,1,1
108973,2019.0,17098.0,0.0022856728222617278,1.4415584415584415,105.42063063063064,7.498679910285165,0.7873061285950911,2825.0,0.43211764323128476,1.48,1677.0,126.0,4342.0,1110.0,0.07113104774110862,26230.0,13282.0,0.03611282818752643,10480.012,0.006067548851721687,0.2673649610324873,0.2873061285950911,-0.9367074544703976,1,1
107892,2019.0,4.915,-0.2034646698039026,-0.5690992244979121,-6.923221523410203,5.4975255157652745,-1.0530209617755857,3.33,0.015498246653353337,-0.97,-214.399,4.851,102.743,-40.068,-0.7940704334211933,-1.7289999999999992,1.622,-0.38285064544177644,23.249,0.0479319258940112,-0.9302335584326208,2.030209617755857,-0.46855341051045635,1,1
108669,2019.0,940.0,0.028060868351249477,5.025416453657172,7.61727915547025,0.6054313409610984,0.6928838951310862,328.0,0.07851209292067926,4.73,6467.0,-40.0,1036.0,521.0,0.07948131197559115,12543.0,1068.0,0.03830037491729765,1633.0,0.05057853530104622,-0.34598897734231476,-0.1198501872659176,-0.2673474238348433,0,0
108811,2019.0,8093.0,0.003384578950484498,0.23761980830670926,19.611159663865546,0.18744803212851405,0.09824394874228762,7600.0,0.08350920999177591,0.24,3162.0,-698.0,4281.0,119.0,0.009558232931726907,86161.0,8428.0,0.0011791167523755735,8295.0,0.007759005479738264,0.016033755274261603,-0.0397484575225439,1.8704358102499743,0,0
108734,2019.0,26.868,-0.4198968993906436,-1.9424869330019372,-3.2535611399109974,13.334532274234595,-2.7833084663978918,119.178,0.1491680004545928,-1.95,-742.824,-82.95,198.731,-106.289,-4.0984421994293205,8.682999999999993,31.501,-0.5033147392247299,13.368,-0.43346562192598626,1.356448234590066,-0.1470746960413956,-0.16573693026072944,0,0
111146,2019.0,283.696,0.00911425441531083,1.5737940581407732,5.057840928312865,1.1026072334651011,0.8703469831682541,30.696,0.05334829833225587,1.55,-14.985,-354.633,554.302,88.677,0.21799958699628297,-52.104999999999905,236.755,0.019981698596479292,214.467,0.004603297220753727,0.10392274802184011,0.1982682519904544,-0.5438698881727337,1,1
108861,2019.0,1663.7,0.032981886996485535,2.3349719101123596,12.651115789473684,1.8264297421981002,0.12973304276763825,1277.9,1.369392893779726,2.38,118.3,17.1,39.9,53.2,0.14436906377204886,922.3,1468.4,0.049612981441760705,1590.5,0.054004456678463764,-0.07676831185161893,0.13300190683737398,-0.3352165897306121,1,1
110938,2019.0,519.415,0.21457279591174222,4.592242295430394,46.01455811908453,13.084382721532938,0.5639324664856898,192.601,0.6350139963395295,4.68,450.858,79.308,288.538,172.852,0.2843531103280592,377.635,441.677,0.24851518031339725,397.471,0.25478466429928154,0.1112181769235995,0.17600644815102426,-0.13658072862531379,1,1
110849,2019.0,1660.414,0.023667504236907413,2.6270205213364006,11.004862643894802,2.1083557561866075,0.2711228600793526,1239.648,0.5567515244047153,2.61,783.054,-194.858,11.648,172.435,0.19158401375925088,2903.151,1700.764,0.05644724906614151,1668.056,0.06106730677965245,0.019608454392418394,-0.02372463198891787,-0.5807146560999767,0,0
109104,2019.0,3618.774,0.2899293245312179,8.833325198887207,28.07436547578266,-3.342894180473769,0.39510531576084945,2076.523,3.783252974206098,8.65,-3040.9,-17.427,192.431,361.972,-0.11907283116896787,622.4079999999999,3432.867,0.3989177691938923,2787.979,0.33212309964828324,0.23131020714288036,0.05415502552239854,-0.27321030317328643,1,1
113838,2019.0,16883.0,0.27767136407169246,5.686141304347825,33.17715651135006,36.0305764596849,0.5932441471571906,6081.0,0.6013676588897828,5.63,26565.0,745.0,8985.0,5859.0,1.086005560704356,15338.0,14950.0,0.23567980691874496,12497.0,0.18355290918467815,0.1962871089061375,0.12929765886287625,0.17817206192563148,1,1
109717,2019.0,161857.0,0.1244721991671167,44.189109144339206,23.64745567933368,4.091856001080911,0.6307530386861474,50520.0,0.5877306780301729,44.22,132579.0,5986.0,109140.0,30736.0,0.17303578264688,119274.0,136819.0,0.13203202859204782,110855.0,0.06417800755214273,0.23421586757475982,0.1830008989979462,-0.057257542018758656,1,1
111245,2019.0,534.896,0.07381149504990939,1.7691974062171154,2.328739566043878,-1.7840530055788866,0.6943789111874167,177.476,0.684096194216755,1.72,-846.335,-65.765,33.293,248.827,-0.7661024150543726,683.884,580.706,0.29312871525069917,487.096,0.08779611714669781,0.19217977564997457,-0.07888673442327108,-0.748194253207906,0,0
111848,2019.0,1179.0,0.06411067527099414,4.2933558558558556,25.58371672131148,5.008901422916444,0.5969212667908618,411.1,0.701540789654698,4.3,1039.8,61.1,395.9,183.0,0.1957847437680539,1003.4999999999999,1019.9,0.12587701196863393,911.7,0.09738920110976737,0.11867939015026865,0.1559956858515541,-0.4906879797323974,1,1
110833,2019.0,2756.163,0.08794871859505486,2.2092909603730906,27.022244272396904,4.521716130710715,0.18087740579763814,2012.952,1.6725577767553543,2.21,688.109,59.207,210.125,158.225,0.1673331084246628,1197.0910000000001,2457.449,0.10768909313158316,2219.531,0.09884542804385615,0.10719291598089872,0.12155450631935798,-0.18330894951829457,1,1
109438,2019.0,1327.195,0.049220398957992594,3.2673165281973815,27.69245012509361,4.764575369843445,0.567186364428601,526.452,0.15498871174205636,3.29,-228.252,-13.354,72.69,415.289,0.1720532256380597,7673.827,1216.348,0.05291668758500597,1127.076,0.06425274277320457,0.07920672607703468,0.09113099211738744,-0.06985109604745417,1,1
109421,2019.0,901.238,0.03620252118964908,1.4587880575492413,3.9073530733285406,1.511883899233297,0.15925599590971512,754.767,2.1470284361323033,1.47,-118.042,18.669,70.913,44.512,0.3869330134390376,260.572,897.737,0.10645493028483964,755.231,-0.004435622339927365,0.18869193663925338,0.003899805845141829,-0.6599263078489404,0,0
110733,2019.0,7105.16,-0.0016599893755674343,1.447487378184807,25.00194512603167,1.3086213962177036,0.2482461507396572,4824.99,0.986118345060782,1.07,816.584,-8.323,129.927,98.626,0.05234078347189017,5497.863,6418.311,0.015153037598203748,4376.67,0.029239696575531295,0.4664827368752955,0.1070139792228828,-1.1095482912128596,1,1
59062,2019.0,3291.8,0.019380684278908617,2.0952841012016186,29.571168876080687,1.9456191884717482,0.1704574092741935,2633.3,1.8221686470351877,2.1,229.8,-136.4,83.7,34.7,0.06579446340538492,1221.6,3174.4,0.01991848917972562,2885.2,0.029492080830147458,0.10023568556772504,0.036983366935483895,-0.02700028581306346,0,0
109428,2019.0,8118.0,0.03174722871578312,7.752903446772738,8.53486702811245,1.5207026046511627,0.2854661262304574,6170.0,0.7442682296155835,7.66,5415.0,-779.0,753.0,996.0,0.178175313059034,10342.0,8635.0,0.08584726771246337,8041.0,0.10798277575356079,0.07387140902872777,-0.05987261146496815,-0.6301894100798034,0,0
111908,2019.0,939.288,0.053560867846782295,0.42918606015566946,21.156325526291806,0.9863454453430007,0.17804069277073634,711.414,0.2706765741592079,0.43,-245.62,-132.175,91.598,87.784,0.046621774850137854,3105.982,865.51,0.027453261529031332,871.825,0.0296295412431011,-0.007243426146302359,0.08524222712620307,0.9509837761951394,1,1
109011,2019.0,3.335,-0.493419713095789,-3.0246166139094623,-14.024918002804366,6.847563102750327,-7.926040538449636,115.378,0.05658031813844362,-3.19,-549.566,-75.009,222.79,-98.418,-0.48824264793427796,-2.8669999999999902,12.926,-0.43080007353778005,0.0,-0.4478969258359513,inf,-0.7419928825622777,0.14535661297308808,0,0
110905,2019.0,3283.308,0.02513255191762176,1.6046718921066145,66.39986686631687,2.5548235212944834,0.2579490732541491,2287.697,0.12971673175424686,1.21,-2748.718,122.041,135.222,331.246,0.03847633499684751,22827.359999999997,3082.938,0.013937402739421699,2487.099,0.01159853291469559,0.23957188676445929,0.06499319804679818,0.8032450082349115,1,1
111328,2019.0,224.776,-0.04345912529042692,-0.6707217754250229,-8.468489033922744,1.2680023635289304,0.20253854700607582,193.071,1.1144217004451114,-0.72,-44.93,16.982,24.508,-13.177,-0.14973183037134674,154.474,242.107,-0.06065390404558824,213.112,-0.03587224896530899,0.1360552197905327,-0.07158405167962921,-0.28349005765956153,0,0
111098,2019.0,13739.0,0.1162981162981163,3.111689403620805,16.727247886448403,7.101134614707951,0.4920241823876466,6974.0,0.6089058411318579,3.07,2730.0,2231.0,4661.0,2413.0,0.4245249824067558,17708.0,13729.0,0.10702088969707722,12882.0,0.13564074056170541,0.06575065983542928,0.0007283851700779372,0.08668612854273855,0,0
110830,2019.0,1528.0,0.05320362294532036,2.0140845070422535,7.735524475524476,0.9091890410958904,0.7045624532535527,395.0,0.10368359829391237,2.01,127.0,-20.0,296.0,858.0,0.11753424657534246,12282.0,1337.0,0.06653741760372238,1160.0,0.054021219729488944,0.15258620689655172,0.14285714285714285,-0.20039543370640325,1,1
111734,2019.0,382.415,0.008302194367725255,0.19365751451394647,10.585698185506592,0.6696198019519636,0.3988906742784143,240.915,1.1797619187792154,0.2,26.046,1.374,29.433,8.873,0.06325702756845775,286.065,400.784,0.026118875766816985,394.579,-0.06337482507181262,0.015725621485177834,-0.04583266797077721,-0.6821381424742304,0,0
112107,2019.0,1336.542,-0.006012193103985308,-0.7140910559512271,-13.83577054727151,1.7165383564050998,0.5603969899574244,611.872,0.3937118079824941,-0.73,-104.046,-6.058,9.599,-50.834,-0.12406525177187264,3493.16,1391.874,-0.014379136363623507,1059.574,0.017462436066968418,0.3136166044089416,-0.039753598386060886,-0.5818807922849234,0,0
111811,2019.0,8906.3,-0.05530999818638755,1.219290735984642,23.956550425531915,1.0829329441297262,0.25602620132884124,7132.7,0.47652491152729726,1.22,9407.6,-1323.4,855.2,470.0,0.0452040433574101,17910.3,9587.3,0.02336076981192095,7409.4,-0.005753110006762051,0.2939374308311064,-0.07103146871381932,-3.367644501088443,0,0
112036,2019.0,870.248,0.025898626360314838,2.7435633117540226,5.860991044423789,1.3104552783879335,0.7573974980943811,190.327,0.08871027471371244,2.77,104.566,650.178,822.425,1016.685,0.2235893671318121,7816.892999999999,784.522,0.11496223897776063,714.803,0.03212680127286401,0.09753596445454209,0.10927163291787866,-0.7747205813786828,1,1
111228,2019.0,6297.0,0.0899113550021106,9.42262053459905,9.548299188069596,3.8621974262734584,0.32005590496156533,4865.0,0.7682808976699238,9.03,5600.0,-137.0,470.0,1207.0,0.40449061662198393,8024.0,7155.0,0.1296037796628369,6140.0,0.08838330886978402,0.16530944625407165,-0.119916142557652,-0.306259777021826,0,0
111218,2019.0,938.5,0.06692437786905049,2.1590841686932793,27.289348351648353,2.545700358790364,0.2128708087737946,814.6,1.2016953088713425,2.2,138.1,5.4,10.4,36.4,0.09328549461814455,787.5000000000001,1034.9,0.04226660473757547,979.9,0.08878814683768244,0.05612817634452507,-0.09314909653106589,0.5833866544183046,0,0
129010,2019.0,164.203,0.006155729042558408,2.1531806115426213,9.492933333333333,0.7200209188356105,0.5404219694591353,57.092,0.03507560792976916,2.31,61.148,140.731,188.712,21.9,0.07584809600498726,681.6289999999999,124.227,0.006183485181658935,95.238,0.005501344624590859,0.3043848043848044,0.32179799882473215,-0.004488753233023979,1,1
111732,2019.0,963.01,0.04049084992337584,-0.6911330334562443,-43.276762290502795,1.4138202788568677,0.5743914849396943,415.299,0.2835707037066744,-0.69,676.073,-5.018,27.53,-35.8,-0.03266927108285858,3356.946,975.777,-0.010403843493645518,1041.179,0.09029647302088065,-0.06281532762378039,-0.01308393208694205,-4.891912632875238,0,0
111313,2019.0,1511.998,0.03804262563550294,1.8386130589520417,9.838938058185443,2.4528359428377584,0.16254819704072235,1224.11,1.7336336368391276,1.84,226.564,4.055,15.06,52.178,0.2492988499706162,736.0680000000001,1461.708,0.06188481961034078,1216.665,0.04610771185996541,0.20140548137737185,0.03440495639347938,-0.38526724526242095,0,0
111012,2019.0,281.6,-0.04553227875160325,0.33966513448154917,6.388645108695652,-34.07277391304348,0.43995749202975565,158.1,0.2755490483162518,0.33,-1267.8,-14.5,70.4,36.8,-5.333333333333333,951.6,282.3,0.035919960956564176,402.4,-0.08508802209181912,-0.2984592445328031,-0.002479631597591175,-2.267603792962433,0,0
111514,2019.0,1241.62,0.09042299651740819,1.1840953118946145,59.09152692112625,3.2991708345683657,0.9599146361026824,46.977,0.440694040354699,1.18,2123.322,291.046,1103.388,122.246,0.055831538064196724,1533.9589999999998,1171.924,0.045969775904581296,1081.454,0.07965174612421917,0.08365589289974426,0.059471433301135496,0.9670097305911978,1,1
111342,2019.0,1723.691,0.011930707756586858,3.9021308168517703,35.893209780445055,3.382795479860245,0.6892410020105331,463.851,0.22045905862040188,3.9,1364.302,32.646,555.031,168.295,0.09424611230236708,5400.822,1492.639,0.024856751880743124,1250.548,0.023781249188513428,0.19358793105102715,0.1547942938647591,-0.5200214487464975,1,1
79633,2019.0,6797.0,0.06754807692307692,1.4463891774037099,13.336659525222553,1.7835135952380952,0.24981341294381065,7036.0,1.179303407519175,3.21,-1024.0,-225.0,340.0,337.0,0.13373015873015873,6652.0,9379.0,0.04237394693826229,8358.0,0.06208512299882858,0.12215841110313472,-0.27529587376052883,0.5940945275051358,0,0
111951,2019.0,2080.241,0.04472561025466115,2.072299367625008,45.30233491678989,2.186951147559656,0.36111566921533755,1156.357,0.9384294724726049,2.31,427.975,46.514,49.363,63.574,0.04827457903828995,1802.2169999999999,1809.963,0.032961842470245736,1072.086,0.06313704639776642,0.6882628818956688,0.14932791443802995,0.35689048010694274,1,1
115837,2019.0,991.346,0.057188476258739844,1.6575886856408157,31.744907802418645,2.9135284895375757,0.3377340586471478,584.855,0.8316056711515571,1.65,400.777,9.854,285.978,56.726,0.09177939679873931,770.3049999999998,883.112,0.053417531753326,762.31,0.059274347549331634,0.1584683396518477,0.12255976591870571,0.07059376166662822,1,1
122794,2019.0,201.998,-0.3575318331064307,-1.622806586384861,-0.3737352344317907,-0.1113218020082459,0.058212749087601955,161.541,1.8680476143801528,-1.63,-196.78,0.76,1.188,-33.016,0.29786274279837244,77.133,171.526,-0.3595691617386001,150.157,-0.32121995950429866,0.14231104777000073,0.17765236757109695,-0.005666027148486322,1,1
111124,2019.0,62.766,0.06456582053087084,2.7934493951018005,5.788542304848421,5.026612548156303,0.5369619180238542,30.592,0.5777598992584301,2.79,6.655,1.087,4.657,9.467,0.8683727756374978,108.364,66.068,0.08278823282496152,68.526,0.10540373589469197,-0.035869596941306925,-0.049978809711206634,-0.2201087240576589,0,0
111851,2019.0,2651.171,0.05080164643437163,4.698460660837322,7.855764401233104,4.516513381127358,0.26576327799572796,2108.512,0.57465829644798,4.43,921.745,-162.921,2291.885,527.125,0.5749298413809878,1551.1489999999994,2871.706,0.10548320563286821,2690.685,0.05145052110333057,0.06727692018946856,-0.07679581405617437,-0.5183911398067902,0,0
111622,2019.0,647.644,0.013825999056348003,2.431262761613068,16.82664689556528,2.6841447276152595,0.7575524481928152,132.38,0.05723725258671729,2.36,670.735,-20.691,622.85,152.411,0.159517504840651,931.3040000000004,546.015,0.015976826468126645,455.418,0.015848632270327748,0.19893153103302896,0.18612858621100156,-0.13462169199055185,1,1
111761,2019.0,229.958,-0.3066165855090905,-3.2569020866773677,-2.0540992089894288,0.4305428438613708,0.026507097520212013,308.129,1.0924355536227681,-3.26,112.611,-42.718,68.041,-40.581,-0.20960177676772895,186.94700000000003,316.519,-0.14006150405367626,409.474,-0.0762477019573916,-0.2270107503773133,-0.27347805345018783,1.1891567392535263,0,0
112531,2019.0,13329.2,0.03039401601348504,0.9955364957115351,23.35424175824176,1.87410582010582,0.07049806647602655,11994.2,7.744973290918913,0.99,373.8,-14.3,27.3,45.5,0.08024691358024691,1389.6,12903.9,0.027309285156953366,12225.0,0.01879382889200561,0.05553374233128831,0.03295902789079279,0.11295538637510813,0,0
111803,2019.0,1476.0,0.04221294363256785,-1.4122222222222223,-84.83084185680566,16.255088195386705,0.6712873206669251,339.1,0.5384133611691022,-1.44,-797.4,695.6,1385.6,-127.1,-0.19161766922960954,454.9000000000001,1031.6,-0.06633611691022964,718.5,-0.05552483132396859,0.435768963117606,0.43078712679333087,-1.636349331235248,1,1
133902,2019.0,890.517,0.06105860819543536,0.20615135572642657,18.966647035728307,1.4477467015306695,0.24029310899471404,639.99,2.7580621926544833,0.17,15.725,1.184,6.992,10.188,0.07633118804834009,208.29299999999998,842.417,0.033355378178222754,777.613,0.01679215307038751,0.08333708412796592,0.05709761317732195,0.830547621711561,1,1
111860,2019.0,1034.129,0.07315331120974604,1.771286391599075,14.345506249308706,1.6193754370018179,0.34458833230978,641.397,1.8319642823714406,1.81,247.39,28.381,165.334,45.205,0.11288381245380266,333.56300000000005,978.617,0.0846234485857092,927.401,0.053656583451782744,0.05522530167640537,0.05672494959723768,-0.13554325151787985,1,1
111974,2019.0,7280.431,0.0682596345888124,1.7830601852656458,6.118694192240401,2.1053512940647754,0.2543824276473697,5759.725,2.6343645911805336,1.79,34.966,-47.406,10.127,205.191,0.3440850658519162,2499.014,7724.771,0.06997591317968195,7034.209,0.012900665441611857,0.09817194797595578,-0.057521446266821395,-0.02452670516013908,0,0
49087,2019.0,1424.881,-0.14522404264524608,-1.3168094031285502,-0.6538531680852123,0.13146818518444386,0.016949644674472568,1489.686,2.2960827660190217,-1.42,-632.459,-22.862,35.106,-60.273,-0.20106683212906065,576.699,1515.371,-0.09132535633601574,1632.255,-0.048541155302819945,-0.07160890914716145,-0.05971474972135537,0.5901831481600741,0,0
112461,2019.0,6547.0,0.02045654175441567,3.4938488576449913,21.56074949698189,2.4918766350793558,0.6244618083240313,2355.0,0.06758198532185233,3.46,8002.0,304.0,1542.0,1988.0,0.11557467589093658,90728.0,6271.0,0.021424491599400804,5834.0,0.032122048451395276,0.07490572505999314,0.044012119279221815,-0.04517959460061141,1,1
112244,2019.0,533.227,0.010137961469976793,0.176011396011396,29.259469083845907,-3.319987143578677,0.798862656145171,94.437,0.30325313367707385,0.18,-231.455,169.577,299.032,12.356,-0.1134671013361495,1178.433,469.515,0.007980566584057856,974.948,-0.03376740482240933,-0.5184204696045328,0.1356974750540451,0.2703310426891987,1,1
129495,2019.0,3108.4,0.025622044770377092,6.138763884933068,10.11930107826216,1.3115604385031239,0.1888549643139863,2943.883,1.383587682222162,6.02,329.937,-251.062,264.998,107.766,0.12960978513828003,1905.7849999999999,3629.293,0.04108340389226043,3618.126,0.0496406726033589,0.0030864043982989854,-0.14352464791351924,-0.3763407521545714,0,0
122105,2019.0,1727.8,-0.022258654391827986,-4.375730337078652,-5.407097370583402,3.17358934169279,0.4503622216259726,819.4,0.3285437235543018,-4.8,-395.2,-45.9,55.3,-243.4,-0.5869303110682421,4393.1,1490.8,-0.053640691114245416,827.9,-0.03976198420642865,0.8007005677014132,0.15897504695465522,-0.5850416180428979,1,1
112161,2019.0,468.026,0.08494272212785485,1.4275439257457958,15.92245225527831,7.363065392979186,0.27847563968218175,326.37,1.7765550070106397,1.4,28.02,1.011,5.062,41.68,0.46243287622597967,239.278,452.334,0.16369941833292095,414.823,0.12448367589716476,0.09042651926243248,0.03469117952663299,-0.48110553480951285,0,0
112277,2019.0,13081.73,0.012771206087963118,3.078575449616308,5.294656657523699,1.279086037130468,0.05818071142769269,11935.301,5.227343582102973,2.97,,-6.737,22.887,103.905,0.24158054428569767,2092.425,12672.602,0.04285995369367786,8920.552,0.025322293332942558,0.4206073794536483,0.032284451133239946,-0.7020247343420029,0,0
112154,2019.0,4590.0,0.040502793296089384,1.3015106499474907,33.43038337931035,3.2774885665990534,0.4039286520659291,2640.0,0.349814390648448,1.25,2092.0,-153.0,682.0,290.0,0.09803921568627451,11878.0,4429.0,0.02290498380854593,4130.0,0.02659139864814677,0.07239709443099274,0.03635132083991872,0.7682960893854748,0,0
137094,2019.0,297.014,0.0021665769521159875,0.08132958576839364,237.92079865135392,0.823820911661953,0.24936708860759488,234.828,0.0749498142426209,0.08,-1681.738,7.551,17.118,9.491,0.003462584676630855,4107.758,312.84,0.002273841858383567,301.18,0.03902016584584551,0.03871439006574131,-0.05058816008183086,-0.04717342407612816,0,0
111957,2019.0,4288.9,-0.07024166245086975,-1.0964285714285713,-46.250162866449514,1.3258135300434193,0.2001686137540649,4648.7,1.0380047505938244,-1.1,88.8,31.5,164.3,-61.4,-0.028666137541435172,4857.1,5812.1,-0.010965656421338382,6301.7,-0.04952156835602927,-0.0776933208499293,-0.2620739491749971,5.405604895132818,0,0
124145,2019.0,570.983,0.01892242441789947,0.2651035060026506,8.185482088563187,0.8156945180869143,0.7152051330956538,174.702,0.3658814589665654,0.26,-298.588,27.63,85.033,102.616,0.09965137169215829,1464.0960000000002,613.431,0.06120540336780024,421.734,-0.02217933589298967,0.45454480786467316,-0.06919767667431234,-0.6908373546010411,0,0
134493,2019.0,481.686,0.009033388152116267,0.3642061020002252,29.790824317362183,1.324270879673604,0.3230548583721764,326.624,0.1322826507140566,0.35,-2758.324,-66.734,19.601,77.64,0.04445230738049149,3544.9269999999997,482.497,0.021285987273370312,538.139,0.06418429181903006,-0.10339707770668916,-0.0016808394663594497,-0.5756180798145348,0,0
112100,2019.0,11144.0,0.060738105824811026,1.1113207547169812,22.261799660441422,1.5635821607440972,0.6271202501658296,3935.0,0.3242089093701997,0.86,4469.0,-6323.0,999.0,589.0,0.07023610779871214,31226.0,10553.0,0.018095238095238095,6873.0,-0.01494125471070716,0.5354284882875018,0.05600303231308633,2.3565795324237673,1,1
139085,2019.0,5603.0,0.028756708407871198,2.4330900243309,21.4953,8.165812290502792,0.6188165017733807,2042.0,0.2659748771163299,2.46,-126.0,-184.0,913.0,612.0,0.37988826815642457,18715.0,5357.0,0.03038578024924284,4576.1,0.030569887153391286,0.17064749459146425,0.045921224565988426,-0.05361296725010823,1,1
116042,2019.0,7863.1,0.0696949776492243,5.850448502778252,12.322132220421395,6.143144457013575,0.18237330379396294,5904.9,1.270159517402698,5.71,2516.6,348.6,773.9,617.0,0.4985455720749839,4009.399999999999,7222.0,0.1085140435111416,6983.0,0.06737157826796765,0.03422597737362165,0.08877042370534483,-0.3577331062954223,1,1
112166,2019.0,727.461,0.09534371425631963,4.23243743461817,30.046516213056005,3.2632605108996184,0.4222608453045909,405.871,0.6122853454910242,4.32,634.427,-24.279,29.884,105.193,0.10860695089441504,1067.8909999999998,702.516,0.09168208602827169,674.949,0.07625545722558984,0.04084308592204746,0.03550808807201551,0.03993831714211671,0,0
112491,2019.0,370.37,0.062086963278330985,3.717280747275558,15.250395074826892,2.6659775674659922,0.2344839087975476,289.176,0.24918878233903785,3.73,220.496,-15.215,192.885,71.632,0.17481367232686293,1284.534,377.753,0.047252810319203184,375.208,0.03045047015088563,0.006782904415683991,-0.019544517184509405,0.31393165525859346,0,0
112495,2019.0,4057.088,-0.03724143375857416,-2.74625174156252,-2.4396889398740766,1.264875262905301,0.16901412491343792,3765.551,0.700671690947944,-2.82,-3069.272,167.672,440.805,-528.258,-0.5184575960616468,5931.406,4531.426,-0.08168188691965377,4747.116,-0.07444763166298154,-0.045436007883523304,-0.10467742383964786,-0.5440674161309884,0,0
112230,2019.0,12886.0,0.012468055958057802,15.389016437934147,6.782109852240228,2.546325424123121,0.46955848179705656,6848.0,0.09408523787313433,14.41,12618.0,739.0,9631.0,2098.0,0.37544738725841087,114178.0,12910.0,0.015289762126865671,12126.0,0.010035939513121313,0.06465446148771235,-0.0018590240123934935,-0.18454872910349884,0,0
121738,2019.0,12.101,-0.0803309900410076,-0.8425210084033613,-2.2076600837821667,3.4305641661500315,0.7803065490013934,2.365,0.9676404494382023,-0.84,-72.447,-0.486,1.862,-5.013,-1.5539367637941723,8.524,10.765,-0.4506067415730337,12.382,-0.24156292185390732,-0.13059279599418505,0.12410589874593593,-0.8217270568110493,1,1
113414,2019.0,1230.593,0.16174428331271437,0.6880337216598914,37.75977714772885,12.67058227107007,0.5196309518886606,522.74,2.320756407002757,-1.01,66.563,-49.525,125.313,50.437,0.33555765494850576,266.357,1088.205,0.1075642832922088,1023.513,0.01883041043231959,0.0632058410591755,0.13084666951539475,0.5036987963125302,1,1
112489,2019.0,1864.225,0.010202488948723273,-5.745084289559427,-0.8650873946326615,-3.362137271437881,0.10731163297288375,1540.856,0.733677229369957,-5.76,-2485.138,-180.574,351.169,-811.091,3.886471230881282,1675.9299999999998,1726.085,-0.34475648513654183,1871.813,-0.23452448589457953,-0.07785393092151836,0.08003082119362596,-1.0295933198897842,1,1
112493,2019.0,5267.132,0.019023105251107095,-0.10321858656834203,-171.1900984838668,3.9300698656483237,0.4880763924258427,2658.514,1.223358795313664,-0.1,1100.095,247.925,566.06,-46.302,-0.02295734333033694,3118.078,5193.185,-0.01090736396654717,4976.553,-0.012045826056374765,0.04353053207712256,0.01423923854051015,-2.744060738181183,0,0
115750,2019.0,11094.0,0.07120743034055728,3.9794520547945207,13.248055077452667,2.326819830713422,0.17274867569158328,8433.0,1.1623717217787914,3.85,342.0,-53.0,369.0,581.0,0.1756348246674728,7854.0,10194.0,0.06624857468643101,10170.0,0.0407119021134594,0.002359882005899705,0.08828722778104768,0.07485226176710387,1,1
112304,2019.0,8477.0,0.0994661421747682,2.280534836259051,13.78623974522293,1.8699262548596116,0.12735662491760052,6619.0,0.8155037092785722,2.3,628.0,147.0,2081.0,628.0,0.13563714902807775,7185.0,7585.0,0.06751962154607032,7393.0,0.07234182056605835,0.02597051264709861,0.11760052735662492,0.47314424899286456,1,1
112520,2019.0,7638.0,0.0012033694344163659,2.0793067116950534,12.739823255033558,0.5825483090379009,0.1106154314103214,8772.0,0.6913640824337586,0.61,,-155.0,35.0,298.0,0.045726561301212214,13328.0,9863.0,0.02088882658068134,8502.0,0.01650093673439977,0.1600799811808986,-0.2255905910980432,-0.9423917169416648,0,0
113391,2019.0,53827.0,0.03632686084142395,0.6467206414980096,20.426130159386073,1.6830519232452943,0.17387419252750527,44377.0,0.6087188087845341,1.17,,83.0,419.0,1694.0,0.08239700374531835,84334.0,53717.0,0.01919633751104866,40289.0,0.011061382556872203,0.3332919655489091,0.002047768862743638,0.8923849833602702,0,0
112526,2019.0,12838.0,0.06539647670144903,4.26445050855867,7.91661198371146,1.8372696098285404,0.4685158000463571,6879.0,0.5442122524492284,4.19,17824.0,168.0,1557.0,1719.0,0.23207776427703525,21793.0,12943.0,0.07227851826935205,13263.0,0.07907840324077982,-0.024127271356405036,-0.008112493239588967,-0.09521558732369842,0,0
112561,2019.0,11547.969,-0.00044480423192686696,-0.08400157999685903,-586.29849583593,9.416682135541924,0.2613941674854928,7967.932,1.2696180694903991,-0.09,-1164.454,549.381,2378.203,-17.651,-0.016061242187080577,4991.268,10787.8,-0.002077349278312078,10337.448,-0.013012070605734368,0.04356510426944822,0.07046561856912438,-0.7858789388136564,1,1
129498,2019.0,37.714,0.11417940281066455,0.2550047664442326,33.803289719626164,8.025781065088758,0.5591860692623752,15.771,1.1678853561402363,0.27,-1.233,2.911,4.171,3.21,0.23742603550295857,25.145,35.777,0.10478553241496376,31.596,0.17176947321026564,0.13232687681985064,0.05414092852950213,0.08964854383236699,1,1
113280,2019.0,5586.369,0.06859650621282277,6.374444885727696,67.73766308134101,8.297345475283747,0.18725484251236124,3953.993,2.1474051408993438,6.35,2567.381,65.982,676.798,176.553,0.1224923491281371,1475.6490000000001,4864.985,0.07793052184974915,4476.412,0.0861581313315983,0.08680456579957327,0.14828082717624003,-0.11977355489704601,1,1
104503,2019.0,10333.0,0.0035558313247261533,2.5871559633027523,39.638120567375886,3.2828046989721,0.4944794016383711,4258.0,0.35435422801851074,2.58,4098.0,38.0,703.0,846.0,0.0828193832599119,22380.0,8423.0,0.03559108119478334,9123.0,0.05379940449484032,-0.07672914611421681,0.2267600617357236,-0.9000920678620087,1,1
115936,2019.0,54.573,-0.05347426110784889,-0.38715131022823335,-1.8468231441048033,1.7491194209891436,0.17564620268198408,38.175,0.9697001423904849,-0.36,-64.523,1.382,2.012,-10.992,-0.9470963294847493,38.962,46.309,-0.23017003099087027,49.869,-0.3711793268043782,-0.07138703402915643,0.1784534323781555,-0.767674962384786,1,1
113545,2019.0,226.525,-0.10283901902468458,-0.3543967779337279,-17.917770124838572,1.6051560306662347,0.2179195952145524,175.588,1.112380593761148,-0.36,-106.494,-35.9,78.448,-11.615,-0.08958458666913478,109.52499999999999,224.514,-0.05754786158785525,270.015,-0.18207118929140587,-0.16851286039664456,0.008957125168140942,0.7870172094524439,0,0
128542,2019.0,1804.436,0.018113709824052873,2.099664755459473,10.401660523763336,0.9747311428004105,0.29554376328184223,1417.137,0.6949501572526932,2.1,328.898,-3.161,85.891,67.015,0.09370918619902732,2626.6600000000003,2011.675,0.02315089902110889,1960.362,0.03326448486237297,0.0261752676291419,-0.10301813165645546,-0.21758071651831448,0,0
113708,2019.0,227.188,0.23887023822320713,0.48035367201493956,54.39741907331006,4.97872406706799,0.9012054805869986,19.079,0.5814530454942342,0.5,-336.217,27.414,257.36,25.208,0.09152500526464842,74.76999999999998,193.118,0.07589799175021829,165.083,-0.07577948156261409,0.16982366445969602,0.176420634016508,2.1472537377449137,1,1
113845,2019.0,968.0,0.047708068496223735,0.6711921287468537,17.148592045454546,3.214790200603586,0.3641921397379913,582.4,0.7090332069045592,0.67,-882.8,-14.6,347.1,105.6,0.18746671400674597,854.8000000000001,916.0,0.08174007276104961,826.0,0.09798935071127712,0.1089588377723971,0.056768558951965066,-0.4163441885390961,1,1
113866,2019.0,113.427,-0.3354084778873538,-0.6681193506733075,-3.4275313201035376,5.651116421987026,0.7638122450760138,21.657,0.7081875545463673,-1.2,-500.858,6.588,29.054,-28.975,-1.6487424604529417,96.024,91.694,-0.22378491932930172,101.739,-0.02709662178124262,-0.09873303256371697,0.23701659868693703,0.49879839487216243,1,1
113834,2019.0,1189.346,-0.014275664981314573,0.14902624894157496,58.58028409090909,3.9064602402532436,0.5928658195888182,426.995,0.832705035697045,0.15,-605.215,-26.223,5.057,35.728,0.06668558032581266,1201.169,1048.782,0.02836708249701466,1002.286,-0.03951758569247485,0.04638995256842855,0.13402594628817055,-1.5032475575455084,1,1
113869,2019.0,70.516,0.061751652720632426,0.3936185434253827,8.51077789894584,1.5019742434205252,0.4529335010951116,23.479,0.5677059220360058,0.04,-21.305,5.479,42.46,11.004,0.1764790787933219,30.743000000000002,42.918,0.14555748091905976,46.237,0.22067861619074947,-0.07178233881956014,0.6430402162262921,-0.5757576159553716,1,1
113906,2019.0,308.749,-0.1965948840557645,-5.112129165299714,-1.201065114253627,1.38700834793472,0.4495318239989688,179.364,0.4633298021343609,-6.51,-263.682,-136.265,138.09,-218.155,-1.1548152814318005,551.5889999999999,325.839,-0.3102075349624247,402.361,-0.1133589735356237,-0.19018244810008922,-0.05244921571696444,-0.36624723161680145,0,0
134565,2019.0,888.19,-0.05572807999620108,-1.8812489800359027,-44.55019026689414,9.01801185872547,0.8014014064273899,142.394,0.581495160654589,-1.99,-595.425,-100.508,231.982,-103.749,-0.20242364408995306,980.799,716.994,-0.08414232395634126,515.289,-0.08651608052005873,0.3914405314299355,0.23876908314434991,-0.3376926453194164,1,1
136749,2019.0,835.726,-0.12019757964929612,-1.8504927993056268,-1.6157858064197594,-0.974127161306886,0.4250316638396714,513.886,0.7064791920929321,-2.02,-1232.228,-12.613,225.013,-162.031,0.6028813704369309,1016.2230000000001,893.764,-0.12807802728014317,699.09,-0.12257558750690399,0.2784677223247364,-0.06493660518884181,-0.06152849007902243,0,0
134916,2019.0,160.154,0.007809151315036227,0.4324650771977733,65.09196114146934,1.3098174185445286,0.8821476234472847,16.072,0.04127331259387761,0.45,198.977,-16.239,137.683,8.235,0.020122568064861377,970.2329999999997,136.374,0.0024923059322934146,114.876,0.003694644652027595,0.18714091716285378,0.17437341428718087,2.133303666235815,1,1
133968,2019.0,173.317,-0.6068555470885371,-4.857716618382933,-3.394599005136963,12.391977173769625,0.9439837160793639,5.559,0.34582627664987003,-4.88,-969.926,-58.738,237.021,-221.337,-3.6504980868188417,45.715,99.239,-0.7713111840592134,22.112,-0.5507042009452885,3.4880155571635316,0.7464605648988805,-0.21321567788656764,1,1
134185,2019.0,5681.1,0.010433749456139764,7.00599700149925,13.993725658035524,2.14374114870181,0.3344307357923671,4164.6,0.47920352287957113,6.87,48.6,-536.2,994.5,467.3,0.15319302386572253,11707.0,6257.2,0.03578786138234731,5225.8,0.0040667519870672235,0.19736691032951884,-0.09206993543437951,-0.7084556312357266,0,0
134562,2019.0,2358.926,-0.06189351868959317,-1.847439447062688,-67.57460992753387,12.247638887518686,0.8358151091785403,296.027,0.40064725393717626,-1.89,-1234.55,1330.218,2757.385,-275.577,-0.18124616480439762,1722.4400000000005,1803.01,-0.061236026587897584,1270.788,-0.12673419876153116,0.41881257928151666,0.30832663157719586,0.010737014439560795,1,1
134187,2019.0,70697.0,0.13859315019193857,7.7477224947442185,16.919810962373372,4.44721504392169,0.9098284322504387,5035.0,0.5736741529167608,7.65,41221.0,1920.0,41124.0,22112.0,0.2628407051243953,55390.0,55838.0,0.2271765261881768,40653.0,0.18851450475604561,0.3735271689666199,0.26610910132884413,-0.3899319066216467,1,1
137066,2019.0,742.602,0.012575556343426504,0.37506503307396327,37.94008703870251,2.0097050502146985,0.3400074657952965,487.98,0.1762180095238549,0.39,32.658,-259.384,670.813,65.603,0.05297049129498854,3490.3819999999996,739.372,0.015635471831220892,712.068,0.01593525069142968,0.038344652477010584,0.004368572247799509,-0.19570343132749932,0,0
134847,2019.0,1630.242,0.015520330521685999,5.545517939862856,7.799091170385718,1.0823779075432463,0.8091884277819916,285.282,0.15810901742902825,2.43,,-37.085,17.515,668.002,0.13878256887843451,9186.22,1495.098,0.07064228556297027,834.096,0.16115296688173303,0.7924771249352592,0.09039139909223343,-0.7802968802891969,1,1
135237,2019.0,3964.0,0.010199311546470613,5.147967103541057,18.007108074998342,1.1115985160395574,0.7983178449594165,438.912,0.10077271447766398,8.09,761.759,102.07,214.516,845.672,0.061731095932218955,21109.920000000002,2176.256,0.0391593006510976,1205.111,0.06205918554726332,0.8058552282735778,0.8214768850723445,-0.7395430618808884,1,1
134350,2019.0,430.912,0.043068945420841616,0.2370776783136009,34.03947624847747,2.32260350871891,0.3732964224872231,232.497,0.75745956298211,0.24,-25.252,-7.883,34.203,9.031,0.06823264528997552,390.06100000000004,370.984,0.018439116817144236,314.456,0.011643162393162394,0.17976441855140293,0.16153796390140815,1.3357379774717395,1,1
134539,2019.0,107293.0,0.05238419618528611,12.265298740587287,7.0238810991957115,1.5940702855636233,0.07380159876548747,103235.0,2.0526131634193954,11.87,19797.0,-100.0,3019.0,5595.0,0.22695006692897415,44697.0,111461.0,0.10303487900998122,89300.0,0.09391035662393556,0.24816349384098543,-0.03739424552085483,-0.49158773525408295,0,0
134366,2019.0,272.26,-0.32181094485004574,-2.963470319634703,-6.866949152542373,22.73403340523524,0.8914821646991327,27.237,0.96862095846744,-2.99,-1202.053,26.723,165.421,-113.575,-3.310645368157174,73.01700000000002,250.991,-0.4383070522765338,27.685,-1.7638121129738709,8.065956294022035,0.08474009028212158,-0.2657865229897992,1,1
135012,2019.0,785.368,0.10130691864703928,1.5873920850537164,27.264845533443257,3.5986350584892985,0.8222755828093508,126.712,0.5481551815602728,1.6,885.549,20.93,339.684,156.474,0.13198809632261393,935.0910000000001,712.969,0.1203026132685462,635.977,0.09953435413193486,0.12106098176506395,0.10154578950837974,-0.15789926839829882,1,1
134864,2019.0,3460.437,0.10406065325790419,-0.14821146107950603,-1201.3240993858599,28.869859269131812,0.8162806422530374,479.29,0.672524322401357,-0.15,-982.815,-159.291,1500.256,-26.704,-0.024031699092601774,2348.151,2608.816,-0.006884000061869384,1933.026,-0.043888820873102946,0.34960212640699073,0.3264396569171609,-16.116306264187628,1,1
135031,2019.0,4139.389,0.03634414725707779,1.1733938119028835,15.246373228258234,35.706452656899195,0.1624442342538179,3456.101,1.6741547095190066,1.16,-1062.765,-57.72,71.823,107.098,2.3419636999781326,2218.463,4126.413,0.043451448286942335,4213.346,0.03896098848500937,-0.02063277024958311,0.0031446197944802346,-0.16356879482887965,0,0
134940,2019.0,2899.6,-0.012423773550559753,-1.5801282051282053,-125.47083164300201,19.20233443708609,0.7580396814922352,550.0,0.3903657908294693,-1.61,-598.1,1762.6,3403.4,-147.9,-0.15304221854304637,2370.2000000000003,2273.1,-0.02539927872230809,1761.6,-0.06299624814588604,0.2903610354223433,0.27561479917293563,-0.5108611671067651,1,1
134947,2019.0,1846.73,0.08937534366590237,2.6837819903513336,46.10285054629289,11.216271122787736,0.3623354747451691,994.478,1.6377422647501114,2.68,261.835,139.079,337.16,149.645,0.24328801776639017,511.412,1559.563,0.1571465475960448,1278.208,0.1472614947650451,0.22011675721009413,0.18413299110071213,-0.43126116969717093,1,1
131722,2019.0,5598.0,-0.024923770383136683,1.1952538823939975,12.281909489051095,0.7280924275205539,0.2054614245764106,4830.0,0.8338820301783265,1.1,-2559.0,4.0,238.0,137.0,0.059281696235395934,6905.0,6079.0,0.01879286694101509,6114.0,0.05874335559492981,-0.00572456656853124,-0.07912485606185228,-2.3262356649128937,0,0
113965,2019.0,744.956,0.04734630711159133,0.9285665094177198,17.06932119481579,2.387794129852883,0.3852923365015827,429.369,0.8101729043452844,1.03,-11.965,18.621,52.65,53.933,0.13988805428174217,794.215,698.493,0.06255618202337636,511.081,0.08792171592892815,0.3666972554252653,0.06651892001780972,-0.24313943753954345,1,1
115259,2019.0,670.885,-0.006679872579507641,0.07812294326707911,828.6938163437236,7.5414159359882245,0.8374824356466003,115.543,0.8644348066090098,0.08,-497.058,-2.792,458.33,3.561,0.009100364679033895,361.93699999999995,710.957,0.004329730695857393,699.393,-0.07561302742835085,0.0165343376327758,-0.05636346501968474,-2.5427916997005893,0,0
132490,2019.0,1370.227,0.061740438323847,2.7846804181150904,23.025981575078514,-7.4268148154383375,0.8974634860175074,135.514,0.38234804854855126,2.75,-1353.836,-515.778,596.602,229.906,-0.3225406392002211,2779.9420000000005,1321.617,0.06651254520001122,860.501,0.08912237160510633,0.5358692203727828,0.03678070121676713,-0.07174747052325127,0,0
128212,2019.0,5453.922,0.02022386587556238,1.0190291721496902,15.063356790481718,2.5855846892192433,0.1456729809822686,4341.056,0.8519504079714767,1.02,320.351,52.629,175.178,137.84,0.17164731109954398,5642.394,5081.258,0.02311097846926654,4443.603,0.03455788246372362,0.14349954305098808,0.0733408931410292,-0.12492385805055818,1,1
116019,2019.0,5639.0,0.037658463832960475,1.9943222143364088,7.611608540925267,1.2449720605355064,0.10563810299206187,4394.0,0.9686514195583596,1.99,345.0,300.0,739.0,281.0,0.16356228172293363,3787.0,4913.0,0.05540220820189275,4136.0,0.1181273816004355,0.18786266924564796,0.14777121921432934,-0.32027142860933977,1,1
115787,2019.0,506.201,0.09018869145697203,0.012399032772547202,3098.6287966804985,2.463374578177728,0.09372899222339352,227.832,0.5722913508074613,0.01,205.092,-27.204,13.089,0.241,0.0007949886029642189,420.50100000000003,251.395,0.0005486275206133701,172.355,-0.2865261021535686,0.4585883786371154,1.013568288947672,163.3896597752521,1,1
115319,2019.0,1478.525,0.049339508465757284,3.2630068555030025,19.852854397394136,1.8457508816399337,0.35909917464702196,857.508,1.1022447362220746,3.27,473.891,-11.28,11.694,61.4,0.09297156190709809,1099.5690000000002,1337.973,0.0505823561492163,1229.162,0.05663203498295436,0.0885245394829973,0.10504845762956364,-0.024570774832881583,1,1
114025,2019.0,4043.0,0.06802629813497921,7.0749502542560245,5.065760000000001,-5.930645853658538,0.5357415415924701,1825.0,0.5491757474154791,2.69,1390.0,-12.0,373.0,672.0,-1.170731707317073,6719.0,3931.0,0.09388097233864208,5076.0,0.08372584831298664,-0.2255713159968479,0.028491477995421014,-0.27539844933008756,0,0
114121,2019.0,2028.837,0.1144595212907809,9.49055322146469,7.540129466652529,3.751963330343482,0.2842457728204311,1490.541,0.979681201241775,9.29,334.448,182.711,1120.262,377.24,0.4975993246451749,967.4570000000001,2082.476,0.17746900149458972,1639.002,0.0791564819173114,0.2705756307801944,-0.025757319652183325,-0.35504499193189926,0,0
115979,2019.0,272.013,-0.03171021377672208,-0.33229506951302895,-24.85742569730224,2.5439220396353113,0.4690084739624828,146.628,0.4708598555056705,-0.34,-192.888,18.936,53.766,-26.244,-0.10234052675500512,517.1659999999999,276.14,-0.044749931367751204,254.22,-0.10296474762850433,0.08622452993470217,-0.014945317592525566,-0.2913907841303668,0,0
116289,2019.0,1840.965,0.07709471526366886,9.998269789285052,10.02373431725195,2.349429120655463,0.32794985387841413,1120.608,0.6673343557447408,10.02,1024.4,25.272,410.375,161.802,0.23438661144597947,2060.841,1667.447,0.06475530162470564,1503.778,0.08939814884891316,0.1088385386672766,0.10406207813501721,0.190554492518269,1,1
119157,2019.0,182.237,-0.41917791784824165,-1.8427903096354499,-5.198638146678318,5.290858062709967,0.07187243136610233,84.687,0.11550716436842286,-1.88,-1399.091,31.138,504.152,-348.995,-1.0177392450541247,274.7300000000001,91.245,-0.441793225149408,36.93,-0.45293641072750007,1.4707554833468726,0.997227245328511,-0.051189801051200315,1,1
113970,2019.0,376.437,0.05224985253254486,-0.5654893502291722,-5.446610088681225,1.826042199488491,0.31143582960676863,295.173,1.6190679422439938,-0.56,-88.019,-3.813,21.656,-31.461,-0.3352621483375959,213.108,428.679,-0.11882433366443956,483.736,0.0933053751342505,-0.11381621380257004,-0.1218674112797687,-1.4397235054572126,0,0
114114,2019.0,862.049,0.019089749069927185,3.28565370088132,5.247053271431394,0.6476111438302049,0.8998155122923039,84.986,0.10777226441622928,3.18,539.148,-66.004,167.853,247.919,0.12342377908687342,7646.107999999999,848.295,0.031497052348307075,791.432,0.02054067163831838,0.0718482447007449,0.016213699243777246,-0.39391950526591946,0,0
115331,2019.0,5292.1,0.12083119255580294,1.9308703535811422,8.835393825566381,-24.29590703679793,0.4568596933755523,3036.1,0.6213209141027921,1.89,-1069.8,135.3,979.7,851.9,-2.749838605551969,7452.2,5589.9,0.0946892228347857,5524.3,-0.060348376194293396,0.01187480766793973,-0.05327465607613719,0.2760817856392157,0,0
116861,2019.0,76.649,-0.12340025094102887,0.9517772655586558,1.8071454974189025,-0.43881027545651496,0.7222581030977155,23.222,0.17179489813739893,-1.55,,2.613,2.934,15.691,-0.2428195605075828,473.43199999999996,83.61,0.032240566280037394,88.149,-0.005752966846636123,-0.05149235952761803,-0.08325559143643103,-4.8274839799397515,0,0
115842,2019.0,955.258,0.03890269443672848,0.6819962987985783,50.04425985907,2.4182494134865626,0.3426946047846251,591.003,0.1088309936842365,0.68,-881.686,-30.418,146.348,116.086,0.048322213582469034,8040.250000000001,899.13,0.014051087977075927,827.669,0.011388772286175176,0.08634007072875753,0.06242478840657084,1.7686606546195895,1,1
114128,2019.0,6966.923,0.08168631270171034,1.5306893975036668,8.185854047486458,4.666128232690874,0.4154451344842816,3977.285,0.937705951440182,1.52,681.793,34.166,455.732,553.084,0.5700233849299636,5770.293,6803.955,0.07622480725494828,6471.41,0.008976942684859187,0.05138679205922667,0.023951951475281633,0.07164997385293512,0,0
116048,2019.0,3063.117,-0.015292410316605703,1.3760404252276301,30.85301799398584,0.8542878735585103,0.2346108186826996,1717.567,0.31511444018714396,1.38,2387.087,-767.853,2566.937,144.326,0.02768895651391498,4321.138,2244.044,0.02026662877129403,2941.324,-0.024126298473843913,-0.23706330890442542,0.364998636390374,-1.754561130476032,1,1
115967,2019.0,131.718,0.015870089789662277,-0.004503782181721667,-142.03617630448127,2.5784109676970015,0.5377249006632696,60.148,0.1244526448088059,-0.01,-1578.564,-29.789,75.49,-6.516,-0.018153198958057642,962.9970000000001,130.113,-0.006232531980464513,112.66,-0.07887785417948842,0.15491745073673002,0.012335431509533942,-3.5463310640693213,0,0
114805,2019.0,3.049,-0.9600726323091362,-0.19774368706837472,-5.9673207144761395,1.280052231266322,-0.5300279960263704,33.884,0.3677821140911733,-0.2,-678.776,14.009,58.591,-11.253,-0.2145103795344936,0.4269999999999996,22.146,-0.18688034542887985,6.0,-0.7047663976547099,2.6910000000000003,-0.8623227670911225,4.137365462942738,0,0
116055,2019.0,443.099,0.011004448606883634,0.9144784828592268,38.25131006979063,2.65897358773018,0.34148876775928183,179.281,0.901986509230178,1.08,30.171,0.835,15.259,10.03,0.06951326850972701,249.748,272.252,0.0332299659417697,273.352,0.08778189502938366,-0.004024115426263448,0.6275325801096042,-0.6688396062106352,1,1
121719,2019.0,3106.329,0.04497600336526511,1.5273483713226594,12.524974890590103,1.605701698056999,0.13777514238922695,2534.491,1.8439190363247555,1.51,460.167,-19.322,151.063,77.461,0.12819999337989474,1193.8669999999997,2939.478,0.04859087650009692,2379.995,0.05761861531845764,0.23507738461635433,0.0567621189884735,-0.07439407138137547,1,1
115727,2019.0,1038.1,0.14364159914283803,3.808801835764629,15.28302140935987,10.877158039816234,0.42940633651184246,556.5,0.5205764611689351,3.68,405.4,176.1,325.7,185.9,0.7117151607963247,1465.6,975.3,0.0992260475046704,893.6,0.08262610088070457,0.0914279319606087,0.06439044396595915,0.4476198816251052,1,1
116030,2019.0,3876.411,0.12944007136709737,2.1517185597785304,8.546656771828387,-8.212213244165092,0.49443887132189807,1988.152,1.8749588779325397,2.09,-269.755,13.536,77.295,258.047,-0.9608684967008745,1716.8780000000002,3932.565,0.12303102773224552,3938.317,0.10130314592907612,-0.001460522350029201,-0.014279229968226843,0.05209290496052722,0,0
116452,2019.0,1314.581,0.06600923808505309,7.631502398851573,14.845045454882968,2.719414485651639,0.6012607937397337,582.109,0.5670624793645245,7.55,1685.604,-365.542,1044.79,404.027,0.18318667288129753,1493.3579999999997,1459.874,0.15693720988949098,1408.889,0.14684265108744093,0.03618808862869973,-0.0995243425117511,-0.5793907758935296,0,0
120427,2019.0,5.633,-1.0699851197619163,-0.16828952201423492,-8.556682452744719,4.819137211244086,-1.021242435469927,49.098,0.3935039688968087,-0.18,-373.042,21.743,51.059,-24.283,-0.5632015956953336,1.5079999999999956,24.291,-0.3933743722663211,3.708,-0.9597535200785877,5.550970873786407,-0.7681034127866289,1.720017355471033,0,0
116021,2019.0,1106.0,0.02341769432389464,1.224609375,48.407272727272726,3.002409733900485,0.6384202453987731,282.9,0.350946442989145,1.25,361.8,-66.9,112.4,62.7,0.06202393906420022,2036.3000000000002,782.4,0.028124158966538082,560.873,0.0771757960616928,0.3949682013575264,0.41359918200409,-0.1673459692872295,1,1
116248,2019.0,26.103,-0.5623955557562893,-0.12291521578369222,-2.928848130841121,-8.84024682651622,0.07620269020847634,30.974,1.3484415845566058,-0.16,-175.166,7.132,16.652,-17.12,3.0183356840620594,-1.2840000000000025,33.529,-0.688517997184798,38.322,-0.7142096860031932,-0.12507176034653722,-0.22147991291121122,-0.18317958563784278,0,0
116591,2019.0,1834.1,0.029693956159394918,0.5506029352195182,45.67719928694718,0.8734343651863764,0.3831718767813964,724.984,0.2709882752707192,0.93,161.011,116.963,168.957,35.341,0.019121889669710356,3992.4960000000005,1175.342,0.008148263770325988,876.737,0.05585902241551414,0.3405867438011629,0.5604819703541606,2.644206544654721,1,1
116594,2019.0,1462.765,-0.018224224361389926,0.28269263051871746,34.80812351543943,1.895555028565269,0.17808000800470103,969.296,1.964689771445612,0.22,34.865,-25.398,4.014,10.104,0.05445725989005066,567.0939999999999,1179.307,0.01683295821248111,1088.532,0.012310967577736734,0.08339212811382679,0.24035980452927022,-2.0826513160281737,1,1
117778,2019.0,265.763,0.01527279376471395,0.12496147919876732,33.9304562268804,2.451082240065151,0.42009072810939596,159.921,1.28425332159772,0.13,-157.253,-9.789,18.636,5.677,0.07223841093310597,187.642,275.769,0.026437729065668207,269.554,-0.009476775226908702,0.023056604613546944,-0.03628399131156884,-0.4223106785466283,0,0
117769,2019.0,444.8,0.03194690265486726,0.3871336520473914,16.738405369127516,-1.355446956521739,0.7000453103760762,132.4,0.38658258889472763,0.39,-153.6,11.2,65.4,29.8,-0.08097826086956522,1058.3999999999999,441.4,0.026099141706078122,426.1,0.0021775106698022823,0.03590706406946715,0.007702763932940721,0.2240595117895112,0,0
117568,2019.0,243.858,0.05755557263007334,0.3447953653522706,47.477436314363146,1.5229826483065583,0.3534015653220951,156.804,1.553918019236068,0.35,-758.964,1.195,37.428,1.845,0.03207803046108909,87.75500000000001,242.506,0.011822300254387706,241.874,-0.0053940331375838925,0.0026129306994551087,0.005575119790850552,3.86839036326389,0,0
117580,2019.0,835.9,0.039234784346045305,4.312396996887018,9.73240636942675,1.3506079552150851,0.22151424287856067,623.1,0.20422535211267606,4.3,1017.0,27.7,269.1,141.3,0.13877430760164997,3613.0,800.4,0.03605327617881201,799.3,0.026353480378115156,0.0013762041786563527,0.0443528235882059,0.08824463417565982,1,1
2542,2019.0,5220.0,0.017132367937997144,4.498132400858301,7.809907950530035,0.8708447399527187,0.21118240146654446,4303.0,1.1076142131979696,4.5,556.0,-28.0,111.0,283.0,0.11150512214342001,4410.0,5455.0,0.05746192893401015,5157.0,-0.049501151189562546,0.0577855342253248,-0.04307974335472044,-0.7018483671567636,0,0
118580,2019.0,411.381,0.021220000526254102,-0.09174254535344407,-87.96355026895978,6.547917524377796,0.6581714912388389,125.301,1.1657841257119959,-0.09,-440.482,33.578,97.944,-13.199,-0.07443898642513522,206.00899999999996,366.561,-0.04197714616468373,286.827,-0.3259961643579309,0.277986382035164,0.1222716000883891,-1.5055131771703656,1,1
116812,2019.0,266.845,-0.7393666826287789,-0.25429428083055455,-29.925958126721763,0.3203625603235027,0.6670158416691709,116.343,0.3410934671953984,-0.26,-207.479,-81.663,19.645,-9.075,-0.010705173046320664,913.707,349.395,-0.008859380399828962,357.299,0.04203364156098415,-0.02212152846775389,-0.23626554472731423,82.45580043532763,0,0
118573,2019.0,6838.0,0.06061700371440363,2.6322314049586777,13.714599686028258,21.8405,0.38857765328353566,3929.0,0.35751641259597194,2.51,,-48.0,1541.0,1274.0,1.5925,16418.0,6426.0,0.07088016023144542,4304.0,0.027915456047399305,0.4930297397769517,0.06411453470277,-0.1447958989303839,1,1
118570,2019.0,4362.2,0.12423016466101477,3.6792777300085984,31.283313858378126,12.232596180206526,0.3057576387445437,3006.0,1.3102248313008744,3.66,1675.1,-7.2,264.0,427.9,0.39102622681166044,2848.8999999999996,4329.9,0.12948225254939935,4142.6,0.10375261921391835,0.04521315116110637,0.0074597565763643925,-0.040562222119057044,0,0
118952,2019.0,3283.099,0.0328389570586359,1.830224854704659,19.560438111183338,2.897028269672198,0.22440858729845878,2498.75,0.7188423588715166,1.83,367.452,-96.325,426.222,213.827,0.1481065124004494,3950.978,3221.735,0.04770966732844873,2991.547,0.05908886658660809,0.0769461419125289,0.01904688001961677,-0.31169176191143966,0,0
119091,2019.0,133.957,0.07614797299736471,0.46615810874023966,26.192829795445775,2.559325036768865,0.7613262673798554,28.959,0.6875832327456748,0.47,3.422,8.707,35.173,12.955,0.09771090243994418,139.41899999999998,121.333,0.07341482350407734,108.556,0.03928532243068909,0.11769962047238293,0.10404424187978535,0.03722885056225163,1,1
119067,2019.0,738.2,0.0101496193892729,0.05561844261602662,1426.1456500607533,22.135283428964776,0.6810896327393526,179.809,0.6070811762983125,0.06,-686.519,-158.671,288.946,3.292,0.015521053847495745,614.298,563.823,0.0035445720241530495,463.768,-0.03285117490915146,0.21574364768591195,0.30927613807879434,1.863425914359317,1,1
122075,2019.0,6.599,-0.8607843137254901,-0.38299490900579325,-2.0175202902979374,2.665456257569641,0.9011032938919091,1.237,1.3361820318342055,-0.39,-114.981,-0.015,3.183,-6.545,-1.3211546225272508,5.627000000000001,12.508,-0.699177438307873,18.23,-0.7344974699871019,-0.313878222709819,-0.4724176527022705,0.23113857307628932,0,0
119179,2019.0,1298.865,-0.2374310493275966,-1.221388185942594,-3.2667746797638775,0.9946470480420447,0.42448793114962274,542.926,0.5237299238870353,-1.36,-982.27,120.851,242.694,-214.295,-0.30447372272211254,1367.3890000000001,943.379,-0.11896883865272835,740.739,-0.17402811205454202,0.27356464287691074,0.37682204077046444,0.9957415069055271,1,1
119198,2019.0,13448.0,0.09363257845028942,7.439310884886452,11.819643157894738,2.7991307081525254,0.3869030597655133,8576.0,0.6861571666830177,7.38,11808.0,-370.0,848.0,2565.0,0.23682023820515188,17990.0,13988.0,0.12582164230354165,13113.0,0.0867391640467969,0.06672767482650804,-0.0386045181584215,-0.2558308989132163,0,0
134029,2019.0,2161.761,0.0944893902161387,7.77507651641625,15.943251457174936,2.585145843843057,0.9437782203602264,106.311,0.3633948823972214,7.45,643.731,-76.413,824.622,447.098,0.1621467146012845,4338.267,1890.922,0.08592270074071427,1618.693,0.09521452583225469,0.1681782771655898,0.1432311856332519,0.09970228358249357,1,1
119194,2019.0,13989.0,0.02593950664935612,8.272840824749732,7.129352691466083,1.8499749294974923,0.36114570361145704,8208.0,0.11727656933173898,7.81,18750.0,1758.0,15145.0,2742.0,0.2594870824264219,27324.0,12848.0,0.025028981406259983,11545.0,0.02097175457352104,0.11286271113035946,0.08880759651307596,0.0363788373292892,1,1
137332,2019.0,5471.0,-0.010902470056596324,1.0640251268422325,11.541080835603996,0.9091821694333142,0.18436859068268388,4454.0,0.5750752964468503,0.91,-545.4,5.7,324.0,110.1,0.07877790497996566,8719.199999999999,5460.8,0.011594599717769962,5079.2,-0.04968437369338868,0.07512994172310608,0.001867858189276263,-1.9403058597949807,0,0
119320,2019.0,250.334,-0.13458028041698245,-1.7290881688018085,-18.159860536064503,21.251724075119764,0.6604677602728601,66.896,0.45088988413312675,-1.86,-296.082,134.971,295.476,-64.246,-1.1702581103480936,134.55699999999996,197.024,-0.14702712104117702,168.816,-0.2699362276268433,0.16709316652450004,0.2705761734611012,-0.08465676628945662,1,1
119332,2019.0,388.645,-0.46842385258983404,-2.6817309311331874,-5.380853027601276,1.553750858916505,0.5638406415531536,182.961,0.43964269506772047,-2.76,-779.716,5.073,50.198,-159.268,-0.2887554911733298,874.109,419.482,-0.16692256821042548,403.549,-0.27521739683247604,0.03948219423167955,-0.07351209348672898,1.8062343972525685,0,0
119329,2019.0,78.119,-0.008897208625137747,-0.1329328806476887,-39.794518664047146,0.748629173339904,0.7471383602804407,21.207,0.12091137663775604,-0.13,-304.106,-15.517,13.497,-9.162,-0.018812369101884937,675.651,83.868,-0.013208733161099837,96.739,0.026131419712956946,-0.13304871871737364,-0.06854819478227686,-0.32641468968876397,0,0
119988,2019.0,1312.283,0.035826177745767414,0.5358245113330901,99.75280874520004,4.121586518038559,0.313959945923551,856.084,1.1018920539385928,0.4,190.892,-5.122,223.165,16.146,0.04131799966220885,862.837,1247.863,0.014257293551369439,1020.669,0.0011265024524335686,0.2225932207209194,0.051624256829475544,1.5128315985558314,1,1
120037,2019.0,937.837,0.14054298746246763,3.6459075068286713,29.449458001581043,5.881686419383632,0.6944269354494815,262.27,0.7432244734668146,3.7,924.874,237.158,552.49,193.543,0.19972138091872063,561.94,858.289,0.16759610605307504,798.108,0.14459562640417037,0.07540458183604229,0.09268206862723395,-0.16141853905627207,1,1
119953,2019.0,4592.0,-0.028505579815623485,11.415331299280425,9.004556881014874,1.0967826635763003,0.7711394844615755,950.0,0.1578687152962653,13.28,4126.0,0.0,0.0,2286.0,0.12180306905370844,25991.0,4151.0,0.08693998630866358,2586.0,0.06961840955432566,0.6051817478731631,0.10623946037099494,-1.3278765160419965,1,1
119598,2019.0,3421.4,0.0608852889450348,7.6725396670884844,13.990152499365644,4.6851793847722645,0.33706604019838166,2539.7,1.0247151340073826,7.46,2436.8,-637.3,725.4,394.1,0.3348912304554725,2780.7,3831.0,0.10541379125875998,3304.2,0.09393070268769951,0.15943344833847836,-0.10691725398068387,-0.42241628711010637,0,0
119644,2019.0,149.37,0.045095411413439875,0.1343546333058656,11.313342626149986,0.5583703346978088,0.8864640713003652,18.344,0.6253071966251911,0.15,40.199,-5.596,10.072,7.174,0.0493550273468405,223.283,161.57,0.02776476962671982,207.95,0.054031205405149496,-0.22303438326520797,-0.07550906727734102,0.6241954109369474,0,0
134337,2019.0,2698.0,0.13573033707865167,5.061346048744168,8.675557762128324,8.412263141122912,0.5845927018061187,1127.0,0.6403115411848006,4.81,-1130.0,32.0,231.0,639.0,0.9696509863429439,3837.0,2713.0,0.15081425536936513,2262.0,0.11985731272294887,0.19938107869142352,-0.0055289347585698485,-0.10001652863498108,0,0
119951,2019.0,3520.543,0.06844822755413785,1.4894373263760523,18.120937029065416,3.639448832131447,0.3782780534459259,1865.657,0.8502158271342944,1.48,-69.007,-136.072,368.396,282.019,0.20084219851842566,3118.465,3000.79,0.07990463089805903,2736.929,0.07627243688509548,0.09640768905587242,0.1732053892474982,-0.1433759622585213,1,1
119897,2019.0,3979.296,0.19674683072902224,3.6950554486298235,40.00210607253808,13.384089572779612,0.5895933454144807,1349.548,1.5773500499589632,3.63,1130.082,-109.181,881.32,483.801,0.33458462283234497,1107.8579999999997,3288.319,0.23207101607848762,2649.181,0.12942917202698245,0.24125871354203426,0.21013076894303742,-0.1522128266871489,1,1
120077,2019.0,2296.314,-0.03597032932491874,-0.8093489370174546,-361.8340453737871,39.31600400950401,0.4871590584675613,738.313,0.6428402706116805,-0.82,111.855,76.435,926.236,-36.585,-0.10865755865755866,1069.9759999999997,1439.653,-0.01633609717086571,1398.095,0.008235779981556156,0.02972473258254982,0.5950468619868814,1.2018924684819647,1,1
119765,2019.0,10811.0,0.24385791435308435,5.897033222550918,25.617966577208914,112.6074683303085,0.8964787162915088,929.0,0.6120583822125222,5.94,16.0,-3109.0,2884.0,2422.0,4.395644283121597,11643.0,8974.0,0.16518892374846542,7922.0,0.027640384055862673,0.13279474880080788,0.20470247381323825,0.4762364740895635,1,1
120743,2019.0,1899.0,-0.009722897423432183,0.2568493150684932,149.34826666666666,9.0514101010101,0.533271719038817,1010.0,0.9169491525423729,0.25,-924.0,-373.0,715.0,30.0,0.06060606060606061,1504.0,2164.0,0.012711864406779662,2156.0,-0.02621283255086072,0.0037105751391465678,-0.12245841035120147,-1.7648679306433317,0,0
122406,2019.0,1557.796,0.13406021588135777,6.033751514719509,24.434218021796276,-74.5358560668853,0.7996246820048201,287.335,0.4232598336694262,5.83,1798.552,14.674,904.176,507.885,-3.0504702872175575,2479.8840000000005,1433.984,0.149909148653818,1274.172,0.09279695011826594,0.12542419704718036,0.08634127019548345,-0.10572358601715376,1,1
130452,2019.0,5624.856,0.0952138331815821,5.1646981395950124,11.826441420018703,5.335571481808858,0.17029681597409593,4304.832,0.9472259810554804,4.99,1070.146,-63.536,1567.111,439.459,0.45115612484895895,2605.12,5188.4,0.08023031809587934,4281.481,0.04457437936563949,0.21182366568951255,0.0841215018117339,0.18675627171011194,1,1
121968,2019.0,6364.0,0.0973111395646607,2.8747637521137968,11.994029065743945,2.781921669341894,0.12886019090398654,6206.0,1.8233939083695931,3.12,-226.0,186.0,668.0,289.0,0.2319422150882825,2919.0,7124.0,0.07396979779882262,5988.4,0.061575642945333235,0.18963329102932344,-0.10668163952835485,0.3155523262253611,0,0
122122,2019.0,7398.068,0.14514053823784837,11.241277481906321,25.96857879096634,9.395490693971823,0.4003181662191446,4027.832,2.104748662873703,11.0,1105.863,131.806,409.251,658.559,0.3618022676404694,2377.9049999999997,6716.615,0.20636900800082225,5884.506,0.19088819113228755,0.14140677229320514,0.10145780277714302,-0.29669411291994935,1,1
122320,2019.0,286.27,0.02821381978433179,1.560974124809741,18.232204844182693,1.455041927872853,0.6153174307242171,114.515,0.8024816825624463,1.56,133.93,32.926,212.131,25.639,0.07980614195090671,149.717,297.687,0.06911564112379298,299.248,0.06229685168034261,-0.005216409132224705,-0.038352363388391264,-0.5917882070456666,0,0
122321,2019.0,2036.524,0.046798585381570584,1.7565038795070744,22.083640379368585,3.45170511139127,0.1359624513453743,1763.206,1.7265072024555863,1.78,344.901,-11.254,39.765,92.364,0.15630145447468843,1097.9569999999999,2040.659,0.07814490870233967,1849.955,0.036714249301318086,0.10308575073447743,-0.0020263062079456775,-0.40113071780747467,0,0
122316,2019.0,1092.602,0.01621284242352045,-1.8995703356970692,-5.011659648025892,1.848933092714962,0.3792654863013951,673.271,2.28096156393988,-1.9,75.45,-8.373,11.565,-54.379,-0.368926308362393,390.54,1084.636,-0.1143576360046013,1028.933,-0.09207268832385983,0.0541366639032862,0.007344399411415555,-1.14177315122943,0,0
121256,2019.0,825.116,-0.01210756406608577,0.006746539490519949,2463.4851724137934,1.3732593276050977,0.09893472128982715,652.319,0.31185201522511147,0.01,131.516,-92.155,257.15,0.29,0.0005574457451511831,1761.424,723.942,0.00012492310767338034,654.42,0.004924946150847533,0.10623452828458796,0.1397542897082915,-97.9201318441564,1,1
136213,2019.0,179.951,0.007958970601558523,0.8074582963977758,16.781052421467603,1.0091963405502982,0.7512208931983864,38.665,0.03525493871743968,0.87,293.397,19.923,77.762,40.079,0.06013903748129987,1044.1579999999997,155.419,0.009091441129181532,144.511,0.006205315054778792,0.07548214322785128,0.1578442790135053,-0.12456446800145111,1,1
122739,2019.0,1305.171,0.014305736546015094,0.5482941758934198,34.1787325562305,1.2417287831296915,0.20236780670706822,1006.217,1.5919289584800327,0.55,86.888,3.349,56.745,12.182,0.03633045143165599,719.086,1261.505,0.015372811500710466,1202.938,-0.009271242706902992,0.04868663222875992,0.034614210803762126,-0.06941312944909633,0,0
122945,2019.0,150.869,0.17174041867067238,-0.22547297297297297,-3.9272999700329634,1.4585865331107404,0.24519245374730386,49.692,1.1751664554363543,-0.23,-101.767,-0.695,8.729,-6.674,-0.3713967723984419,27.586,65.834,-0.11913389621748988,60.548,-0.28964147821290676,0.08730263592521638,1.2916578059969013,-2.441574766908861,1,1
123043,2019.0,1886.081,-0.008794294003408861,-0.4245109864177461,-86.49952810376776,0.8456280483136197,0.6273175578646755,780.905,0.24192262726562566,-0.42,569.029,-1502.754,3210.458,-40.475,-0.009776100134317216,5327.700999999999,2095.363,-0.004673089263567315,1885.508,0.044864042503246285,0.11129891785131635,-0.09987863678035735,0.8819015660521592,0,0
124054,2019.0,183.563,0.06587968378886172,-1.1661272424634732,-2.8899076166686495,1.4348273554076934,0.0039053424095467923,201.497,1.6505140339425588,-1.17,-431.223,-2.347,55.313,-25.221,-0.49649592503641876,60.913,202.287,-0.20578492167101828,248.626,0.062395608174494,-0.18638034638372494,-0.09256155857766449,-1.320138537138214,0,0
127656,2019.0,248.017,-0.0011666369288625977,0.0513189448441247,630.1766355140188,8.023071317022385,0.8362075717714922,35.55,1.0673266060820645,0.05,-327.49,8.348,116.804,1.712,0.012731464267122778,76.107,217.043,0.008418899248593572,204.906,-0.009239971125090235,0.059232038105277544,0.14270904843740637,-1.138573570536254,1,1
125057,2019.0,3610.0,0.029118019412012943,3.1380753138075312,28.925373333333333,2.7968428854024556,0.48953488372093024,1756.0,0.17285563539520626,3.16,-498.0,76.0,158.0,567.0,0.09669167803547067,19568.0,3440.0,0.028491030601477313,3357.0,0.02339887949027793,0.0247244563598451,0.04941860465116279,0.022006533189540697,1,1
124651,2019.0,439.107,0.04352213731552237,1.281805663653236,46.590525922466135,6.425451535500909,0.684526074418232,126.023,0.6807623027227288,1.31,-115.602,44.867,80.889,42.82,0.1379132647309854,487.755,399.472,0.07297192745070305,286.776,-0.03041775805338549,0.39297570229028916,0.09921846837825943,-0.4035769804090182,1,1
124672,2019.0,22977.0,0.16645079505056906,4.650564334085779,32.27350257256577,11.65017346509672,0.6972196613130186,6240.0,0.29771036475261825,4.43,11858.0,-1712.0,14524.0,10301.0,0.3609826184468741,54518.0,20609.0,0.1488046226074395,18358.0,0.09854803830707445,0.12261684279333261,0.11490125673249552,0.11858618458165644,1,1
125191,2019.0,3327.458,-0.07143062140847388,1.1954465998720953,17.483005934548775,0.7496108277060088,0.32361599122071166,2480.173,0.5552518280184715,1.4,211.661,-17.0,245.019,140.196,0.04287654139753376,5718.186,3666.812,0.02122936362182671,3300.184,0.022518155439806,0.1110931996518981,-0.09254742266579247,-4.364708555608015,0,0
129599,2019.0,1584.335,0.09635407123931944,2.3100590091944557,15.969289032518684,1.814032126801262,0.13245549137161292,1190.206,1.2609396168078102,2.26,631.166,24.296,335.702,84.167,0.1135950462858616,532.157,1371.925,0.07735809517857241,1420.49,0.09400575950439222,-0.03418890664489018,0.1548262477905134,0.24555899439996512,1,1
124636,2019.0,29805.0,0.1675801749271137,5.0888342832147595,13.118918063455947,-8.330023340557027,0.6674767932489452,9851.0,0.744328031958996,5.08,20903.0,-1856.0,6620.0,7911.0,-0.6349626775824705,31113.0,29625.0,0.19876385015451872,28748.0,0.14045336064047664,0.030506470015305414,0.0060759493670886075,-0.15688806190443025,0,0
124671,2019.0,1807.3,0.054473660594094954,1.2295345104333868,42.536422976501306,4.456695390507455,0.3768713631998192,1103.0,0.9493188887697093,1.21,446.8,-10.0,56.5,76.6,0.10477362877855285,1611.3,1770.1,0.041081197039579534,1590.2,0.06450293892154357,0.11313042384605701,0.021015761821366052,0.3259998373857631,0,0
127984,2019.0,1260.385,-0.0037746398661617215,1.4671151266472027,55.59890871441825,1.3900437424025645,0.8735465019701127,152.249,0.3058959291434628,1.44,86.176,-103.717,148.652,74.371,0.025001277444895057,3751.854,1203.992,0.01889529676802543,989.786,0.02579580457571431,0.216416477905325,0.0468383510853893,-1.199766106481543,1,1
130453,2019.0,3.648,-1.0126807483403741,-2.9448642996340126,-12.380876091482804,2.9345083119580875,,0.0,0.0,-3.27,-695.951,-225.049,514.187,-123.914,-0.23701943951905216,126.15499999999997,0.0,-0.19112768015103396,9.821,-0.30367110219269994,-1.0,inf,4.298451524866142,1,1
125906,2019.0,86.942,0.057809867884348484,0.4095847237671487,16.43127687502829,3.2018222230062268,0.8034623901227941,14.645,0.4143382209840915,0.41,-14.599,-8.488,95.39,22.093,0.19486143696307925,83.01200000000001,74.515,0.1228474040958402,63.156,0.07635522801464041,0.17985622902020398,0.16677179091458086,-0.5294172611148728,1,1
125272,2019.0,2444.0,0.0557815223707147,4.958821482426632,4.517202339181287,0.8525845474613686,0.13460104399701714,2321.0,1.5785756327251323,4.97,222.0,19.0,26.0,171.0,0.18874172185430463,1458.0,2682.0,0.10064743967039436,2461.0,-0.017321016166281754,0.08980089394555059,-0.08873974645786727,-0.44577306135763584,0,0
124983,2019.0,893.841,-0.07243725876207158,0.7897057500224962,18.76648359161349,1.2535366559093954,0.2171513343110976,696.567,1.1994152448813706,0.76,212.129,11.548,29.003,26.328,0.06679656579187725,660.457,889.785,0.03548970208222967,866.555,0.024142017033670637,0.026807300171368256,0.004558404558404603,-3.0410782427599528,0,0
138238,2019.0,127.068,-0.14477777191964994,-1.1297813217349282,-22.252093848917784,10.845831248436328,0.6197024905640665,29.119,0.5858512437163822,-1.31,-316.123,38.334,64.616,-46.756,-0.4874072220832291,61.370000000000005,76.569,-0.3577434830179729,48.324,-0.6637826841380962,0.5844921777998511,0.6595227833718605,-0.5953028390670184,1,1
126770,2019.0,117.243,-0.24466413908735254,-1.1960963152134256,-7.206777489705658,5.897353707915025,0.6924418398781913,34.743,0.37202409376677525,-1.49,-559.538,37.345,95.401,-59.013,-0.8183066171168673,204.219,112.964,-0.19434738363955514,101.937,-0.2106657015287923,0.10817465689592592,0.03787932438653019,0.258901120794695,0,0
129352,2019.0,68.458,-0.08006144640545236,-0.20120225654305005,-83.0010571796286,16.035333712215394,-0.1674753275901905,70.742,0.7642748130116166,-0.21,-330.474,21.709,53.039,-10.878,-0.19319433097716052,23.194000000000003,60.594,-0.13720469709773847,50.024,-0.42882983682983683,0.21129857668319207,0.12978182658349008,-0.41648173787796655,1,1
128243,2019.0,2184.977,0.01795888545071407,1.0483611942477553,19.39217143056087,1.4284576285095862,0.17230144185701446,2019.337,2.7776745509919447,1.04,121.102,16.766,40.281,28.723,0.0736615615030313,621.7630000000001,2439.701,0.032702018045712,1943.086,0.015061825913786171,0.2555805558786384,-0.10440787621106036,-0.45083250135785125,0,0
134521,2019.0,3662.0,0.016774193548387096,0.8644253907436396,14.148126756756756,1.512949971098266,0.1814477468839885,3415.0,1.71405094494659,0.55,-730.0,-5.0,43.0,74.0,0.1069364161849711,1956.0,4172.0,0.030402629416598194,3646.0,0.021367521367521368,0.1442676906198574,-0.12224352828379674,-0.4482650392327812,0,0
127973,2019.0,784.535,0.01629339121551005,-0.634404265806336,-22.824562791354712,0.9375514180621375,0.9264973669964073,47.792,0.03650084584701326,-1.03,-661.274,46.616,245.637,-70.79,-0.041076423966256874,17434.078,650.208,-0.003973951224085322,546.975,0.018684794805838543,0.18873440285204982,0.20659081401643783,-5.100048112508043,1,1
128260,2019.0,748.586,0.008418093065769476,0.23857885736223086,60.27357226448215,1.5209845070266559,0.3102697634821123,512.024,1.0696173258774389,0.24,43.996,-1.997,25.544,6.836,0.025234683292912067,654.63,742.354,0.009849618968441163,700.97,-0.00392287006191822,0.05903818993680188,0.008394916710895301,-0.1453382011282255,0,0
126122,2019.0,6489.0,0.07573696145124717,2.3748457594659804,19.609694572531716,3.130437286255173,0.7921333333333334,1559.0,0.42052144659377627,2.38,5957.0,-491.0,4380.0,1813.0,0.1596372281412345,13202.0,7500.0,0.10165405102326885,7017.0,0.014623955431754874,0.06883283454467722,-0.1348,-0.2549538292978526,0,0
126448,2019.0,1106.603,0.018806522154205463,7.533099141295862,29.147366293951233,8.124282801090672,0.952411209821341,36.399,0.8535344235951859,8.74,-610.482,-267.483,105.158,96.499,0.2787312829281819,775.883,764.865,0.10768595548562405,617.736,0.022464197594955146,0.23817456000621628,0.4467951860785891,-0.8253577073315181,1,1
134381,2019.0,2068.3,0.04965399354856497,0.327158963011007,76.84337842565598,2.145310011395084,0.4109415378614268,1208.1,0.6291683283737768,1.58,-65.9,74.9,292.5,34.3,0.02791795539638613,2775.5,2050.9,0.010522440715403258,2066.0,0.022168998451967174,-0.007308809293320382,0.008484080159929831,3.718866553068724,0,0
135203,2019.0,8878.0,0.024530936911773635,3.774733637747336,12.819447580645162,4.443358490566038,0.23065192527640108,6054.0,0.8617895082685357,3.77,563.0,75.0,381.0,496.0,0.3466107617051013,7967.0,7869.0,0.054320446829481984,7095.0,0.04011326097215668,0.10909090909090909,0.12822467912059982,-0.5484032561665221,1,1
122620,2019.0,2071.159,0.037395658769822725,1.876667672804105,15.010649145945251,1.4447652205682018,0.13396953569462294,1326.039,2.044953289126617,1.89,174.543,2.164,7.507,31.087,0.09624934981299384,601.768,1531.169,0.041518253634366384,1403.317,0.03503547602800983,0.09110699863252572,0.3526651858808531,-0.09929596029856169,1,1
128258,2019.0,2607.1,0.06376856786483728,3.6512776727450147,29.86351895774177,8.634834733893557,0.6314558891069266,882.7,0.4059285121095537,3.63,3350.7,-2.8,174.0,598.7,0.2891432435042983,5649.1,2395.1,0.10146941680931479,2145.2,0.09220470740660765,0.11649263471937353,0.08851404951776544,-0.3715488876350436,1,1
128065,2019.0,22597.0,0.040359741010178835,30.04656862745098,7.438120564483237,3.420636980905579,0.6881235610130468,6502.0,0.41592849732662995,29.37,3372.0,-6912.0,4292.0,12259.0,0.4598792062122519,45021.0,20848.0,0.244573457824595,17636.0,0.031092653166231762,0.18212746654570197,0.08389293937068304,-0.8349790636761396,1,1
127783,2019.0,182.702,-0.0644234163902798,-0.9166310936566209,-17.891603408932145,-31.994203864090608,0.8448460554960434,26.94,0.927244763908618,-0.95,-202.93,-4.862,38.174,-21.473,1.7882245169886744,140.14600000000002,173.634,-0.11467066827585469,184.593,-0.007938178737388,-0.05936844842437147,0.05222479468306906,-0.43818748631253124,1,1
98003,2019.0,1771.677,-0.05682870626710409,2.1243517263934963,4.537854951338868,1.064138692667781,0.5085173278048323,860.076,0.5500458276703576,0.1,127.453,22.297,184.795,363.74,0.23450257976046876,2923.5229999999997,1749.962,0.11433029366170001,1806.342,-0.04644256113849391,-0.03121225105766245,0.012408840877687583,-1.497057292927617,0,0
113619,2019.0,2417.238,-0.09825593651698428,0.3874020728918301,33.84081014884129,0.5691132307230843,0.048206865203378364,3658.077,1.7340270308315349,0.39,308.712,5.835,318.195,15.923,0.016817364248076984,1741.336,3843.353,0.00718406880969053,3596.166,0.021927710843373492,0.06873625967210632,-0.3710601133957771,-14.67692029681671,0,0
132275,2019.0,476.581,-0.025506965068848007,-0.8079267626559462,-2.8715474065660658,1.575361334065249,0.2969614487659092,308.397,0.5305910898657867,-0.88,,8.257,15.858,-36.978,-0.5486105959675385,777.4780000000001,438.663,-0.04472726744917411,295.566,-0.05445855071527408,0.48414567304764433,0.08643993224867383,-0.42972225840013856,1,1
127330,2019.0,1761.5,-0.0029823720509133513,-8.722667152044655,-2.79387022056522,0.9420030675709903,0.16531146293566135,1439.185,0.9642641033757281,-8.72,419.991,8.209,22.484,-143.767,-0.33716779707126704,1537.575,1724.218,-0.08040129342694385,1730.408,0.054009650148813815,-0.003577191043961787,0.02162255584850635,-0.9629064170015714,0,0
134157,2019.0,1474.477,-0.12888830400973825,-2.745191321822581,-3.708302557667025,0.7127130223387761,0.2625813257862497,1163.129,0.5437383654389762,-2.63,52.834,-182.069,202.498,-200.808,-0.19219387071457286,2519.538,1577.298,-0.06922408681623253,1240.851,0.0629337623516491,0.2711421435772706,-0.06518806211635335,0.8618996643739749,0,0
134687,2019.0,346.701,0.013698778776319418,0.5488610857095353,15.195101669885267,0.7977738768093613,0.7939762867396538,22.676,0.024473056069124456,0.61,-331.282,29.771,77.795,26.409,0.052502042706989334,4415.742,110.065,0.005872065940394383,151.443,0.021893248769072365,-0.27322490970200014,2.149965929223641,1.3328720956766662,1,1
48363,2019.0,49.647,-0.6622341025467506,-0.551509178165365,-6.908316580830512,9.394202657807309,0.8299894403379092,2.737,0.07594441089893576,-0.59,-519.276,34.477,161.613,-132.617,-1.359839629219474,27.62700000000001,16.099,-0.6255991018190051,16.778,-0.5370732388466104,-0.0404696626534747,2.0838561401329274,0.05855986784703623,1,1
128044,2019.0,786.261,0.019229483514678986,2.506898984430116,7.427503108679433,0.896150676115838,0.6330956715402537,193.079,0.067351041376432,2.09,-19.718,-17.802,134.695,152.798,0.12065301932605564,7607.979,526.238,0.01955598877358924,469.311,0.02100810125651814,0.12129909590868333,0.4941167304527607,-0.016695921780810568,1,1
128362,2019.0,5020.0,0.09100629678032553,7.212259903961585,9.372928998699608,1.9639734059945502,0.21839856050382367,3475.0,0.5817087531074185,6.79,3619.0,-130.0,719.0,769.0,0.20953678474114443,6773.0,4446.0,0.10061494177678922,4679.0,0.03245568300312826,-0.04979696516349647,0.12910481331533963,-0.09549918557603639,1,1
128415,2019.0,2156.2,0.0840303693218376,1.956419316843345,35.99944009632752,11.838263710156406,0.7808683100155451,394.7,0.5851851851851853,1.96,-58.3,301.4,1649.6,332.2,0.3288457731142348,1342.0,1801.2,0.10792722547108512,1494.93,0.013906186058294462,0.2048724689450342,0.1970908283366643,-0.22141638539248598,1,1
130842,2019.0,236.257,-0.04499584928267755,2.4559515625826234,2.5081927892430755,0.7824198970356614,0.24713759303880686,266.831,0.26597315819017403,0.6,175.073,-171.9,1121.328,92.889,0.31194567674033574,-632.893,354.422,0.06970780789885242,309.507,-0.007727900585857011,0.1451178810172307,-0.33340198971847124,-1.6454922431066479,0,0
124121,2019.0,560.444,-0.04470717584958647,-0.11928698752228165,-154.6690077704722,1.2925322978539278,0.7268244462799804,142.873,0.13028716795652312,-0.22,492.915,77.03,273.352,-13.384,-0.008356763365108266,3728.05,523.008,-0.003334104747786086,448.046,0.06183311647569004,0.16730871383741858,0.07157825501713151,12.409049574484111,1,1
129109,2019.0,2204.336,0.09453799402701536,3.834258678124849,12.962088417129404,4.06063028154662,0.3708175682888354,1273.128,0.8339662549859581,3.57,605.194,86.01,224.482,238.257,0.31326975645224703,1873.741,2023.464,0.09819710062259049,1672.445,0.07890536663029638,0.2098837330973515,0.08938730810135483,-0.03726287815399449,1,1
122288,2019.0,426.927,-0.01882889480592085,-2.4247402864857444,-8.45451371194534,0.7961317154016021,0.5564274589672936,37.025,0.009861056800017956,-2.92,-1627.115,-50.195,330.845,-105.966,-0.09416647042357404,7866.892000000001,83.47,-0.012518710253632475,294.946,0.02028846275533752,-0.7169990438927804,4.114735833233497,0.5040602765334702,1,1
128493,2019.0,1612.213,0.01776425682324763,0.10277720223158444,275.45019114462775,0.9812410872237196,0.15870428638991574,697.313,0.11877538924685327,-0.06,-307.476,75.278,107.811,13.393,0.00356231768490046,6510.258,828.856,0.0019192221425472047,769.414,0.03855387460881836,0.07725619757373794,0.9451062669510747,8.255967003210367,1,1
128641,2019.0,174.837,0.026330067764970138,1.037286524404235,33.905771619080724,1.71972073983188,0.4797612685985797,80.804,0.08645736385780382,1.09,13.424,-8.321,34.479,63.289,0.05072058996775918,1737.1319999999998,155.321,0.03522897805960911,132.653,0.03386439318030628,0.170881925022427,0.12564946143792527,-0.2526019993989491,1,1
129244,2019.0,424.33,-0.05584821809022704,-0.35766842739319804,-27.259884443983832,3.4624327010412417,0.4680707876370887,234.751,1.3918254068373912,-0.37,-685.635,10.499,50.274,-19.298,-0.12701567786012347,226.59699999999998,441.32,-0.06086161221142929,510.367,-0.28139763445961974,-0.13528891954221184,-0.038498141937822916,-0.08237366607683753,0,0
129356,2019.0,279.124,0.07534418022528161,1.3762250662977056,59.8593951072386,4.479874472527541,0.7053053496616178,73.155,0.6429039451159346,1.39,12.043,10.732,178.396,23.872,0.07483995560766708,203.287,248.24,0.061824858918013176,220.566,-0.007272293752980449,0.12546811385254303,0.12441185949081539,0.21867128439705133,1,1
128663,2019.0,720.845,0.21476781032161762,3.871833364608745,6.185700092085494,-2.7165875069556145,0.5821695511812945,291.082,0.8199637010776684,3.83,-466.707,64.256,205.343,288.862,-0.4391721982175382,642.809,696.651,0.3399928437922252,675.352,0.2078668992005406,0.0315376277852142,0.03472901065239277,-0.3683166741801616,0,0
129075,2019.0,428.413,0.05339567173517932,-1.8286306382151993,-5.665441551450589,-8.14651552418636,-0.2539846930091536,434.68,1.0439361541936456,-1.85,-1591.128,48.056,174.422,-282.368,1.4379312627628316,139.50500000000002,346.639,-0.8503779551272398,298.276,-0.19306920884832435,0.1621417747321273,0.23590536552436395,-1.0627905173378935,1,1
129105,2019.0,455.154,0.19247653345080726,0.3308686079840485,38.383816698053984,4.122366948478351,0.1636619035607061,338.18,1.8355212986164071,0.34,-129.483,15.129,64.7,15.93,0.10739856801909309,123.08999999999999,404.358,0.07231179867087918,299.785,-0.07003694609541732,0.3488266591056923,0.12562135533363997,1.661758343570561,1,1
129429,2019.0,2019.194,-0.09178221951942746,0.14282747982914096,37.10770508826584,0.6106641056225628,0.3322290705102763,1413.233,1.9476269225778489,0.13,713.864,-64.552,171.67,9.63,0.01645653117512962,759.044,2116.344,0.008862286690833195,2138.03,0.016306741203108436,-0.010142982090990373,-0.045904635541292,-11.356494065393237,0,0
129707,2019.0,1076.654,0.04059879947492268,2.2431921688682275,35.449481815960844,4.625087204829129,0.6521025036524798,362.425,0.4554893975737151,2.27,529.006,85.123,1115.178,118.703,0.13046981134564065,976.5509999999997,1041.758,0.0519006889893744,890.151,0.03908340769709279,0.17031604750205312,0.03349722296349052,-0.2177599129130164,0,0
129580,2019.0,2071.744,-0.01710076990334904,-0.11086227962447036,-49.88170925883953,0.47143900940829697,0.37741042323532803,1445.62,0.30447203841732823,-0.11,682.689,5.47,22.19,-35.296,-0.009451139834883531,7378.077,2321.947,-0.0046282904252241824,1248.424,0.018714069111264633,0.8599025651541464,-0.1077556895140156,2.6948350972423523,0,0
129576,2019.0,2496.1,0.07321222550304073,3.809967563305317,25.67738396048918,3.3687206602900344,0.43950447847442936,1551.9,0.5203533170456681,3.78,1299.7,131.6,310.8,425.2,0.13119407590249924,4905.9,2768.8,0.07990979139259538,2229.1,0.07607725468598668,0.24211565205688407,-0.098490320716556,-0.08381408301580508,0,0
129245,2019.0,317.18,-0.02819248191036723,-0.3766876105304022,-46.723065765868924,3.0607337173947835,0.6640960838655886,129.322,0.5210893966279163,-0.38,-93.358,-0.221,73.787,-26.199,-0.06550798127700433,649.456,384.997,-0.035460071383036175,420.318,-0.011137620595929985,-0.08403399330982725,-0.17614942454097046,-0.2049513491996438,0,0
129722,2019.0,900.127,-0.009313585114247088,0.11959187066206724,411.31558297132926,3.7353971595392137,0.28530964605724296,580.588,0.6183557412500276,0.13,-59.876,227.408,289.503,5.755,0.009081584345905001,1004.6770000000001,812.363,0.004380599917640154,683.679,-0.003804874879937637,0.18822283557049446,0.10803544720771366,-3.126098089154956,1,1
129325,2019.0,322.07,0.013001069114275664,0.6585779993981858,26.845719134493002,1.031491850436257,0.4086332979222768,191.494,0.22491767433557752,0.66,-99.285,-4.162,32.337,30.641,0.038422954709040884,1373.68,323.816,0.02128277311595607,300.468,0.0211734386043545,0.07770544617064032,-0.005391950984509663,-0.38912711029520236,0,0
130780,2019.0,2648.848,0.0730758871607647,9.45288601549304,19.64690991678199,4.773135998658755,0.5632868322558694,1062.738,0.21722802912248781,9.14,2903.798,234.023,1364.893,811.483,0.24294588914369883,8719.935000000001,2433.492,0.07243781888594816,2249.538,0.06539817300370133,0.08177412428685364,0.08849669528397865,0.008808496509553405,1,1
131108,2019.0,356.804,-0.051022024088753705,-0.940898701970762,-6.8870325641084404,1.8754957563654517,0.3007161902399703,225.547,0.9470426571455417,-0.97,-404.598,-12.326,76.719,-43.637,-0.27232276585122317,205.454,322.54,-0.12812705534153904,292.894,-0.13235538636019586,0.10121750530908798,0.10623178520493567,-0.6017857122155194,1,1
129768,2019.0,988.136,0.019599860866848024,0.37079551521623066,129.9638156947444,4.245429548156957,0.6362078483691402,316.31,0.41447763890563943,0.4,-59.285,217.413,382.758,34.725,0.032666242718885,1689.7030000000002,869.48,0.01655326863297411,670.963,0.0002486326851076936,0.295868773687968,0.13646777384183645,0.18404777336876552,1,1
129467,2019.0,6199.225,0.061411558665656986,4.255722178374112,10.48940652818991,1.3301282002287087,0.13467517776369442,4971.401,0.5404312160092036,4.21,1483.59,79.903,1727.461,474.496,0.12680681186814866,8856.095000000001,5745.127,0.04463477487468998,5768.578,0.04419086907208461,-0.0040652999751411905,0.07904055036555327,0.3758680051163477,1,1
129614,2019.0,24578.0,-0.025124602873881487,-5.6551218692606735,-58.84930646835183,11.667569201845206,0.27630273290469143,15531.461,0.7216390905409868,-5.72,-5326.05,311.429,3878.169,-976.091,-0.19826179613722092,22456.994,21461.268,-0.03282123971077768,11758.751,-0.06844789870464778,0.8251315977351676,0.1452259018432648,-0.23450171001215442,1,1
129601,2019.0,822.938,0.005814853624851471,0.6397079781307491,45.42697761080676,1.2659777296527264,0.2895666012907185,518.713,0.10325958059811234,0.63,17.501,-33.089,68.191,98.753,0.027868412036982166,6827.388,730.136,0.013966156117223898,728.236,0.010357788425673545,0.002609044320797073,0.12710234805570472,-0.5836468119040824,1,1
130373,2019.0,365.635,-0.07470343420019959,-2.1617637098412845,-14.872115695919621,3.8834012828134625,0.7451662195660295,75.046,0.33093486373898295,-2.19,-169.507,8.568,407.357,-95.751,-0.26111962562790775,466.62500000000006,294.49,-0.10760074752239926,348.201,-0.08163870318014269,-0.15425285969885213,0.2415871506672552,-0.3057349886472808,1,1
129597,2019.0,283.958,0.05990070542880514,1.7549354312008312,17.225704981815106,1.8648857450266698,0.43996210731368873,167.896,0.9185343599390899,1.76,29.104,15.867,90.159,23.646,0.10826179520637319,224.76299999999998,299.794,0.07244862630712998,254.35,0.046794823699808516,0.17866719087871039,-0.05282293841771335,-0.17319749894401987,0,0
130028,2019.0,572.727,0.036097113801577256,2.1226947070200763,41.093992325659,13.201649399105358,0.37375090008670225,340.925,0.2936838169962567,2.23,-249.122,-2.648,2.599,77.922,0.3212549730988848,1761.753,544.392,0.0420366764904376,481.821,0.048839957224666414,0.1298635800432111,0.05204889124013564,-0.141294773629677,1,1
129657,2019.0,1894.92,0.12788167925934812,2.3828362048148497,16.043905964980304,15.451336278228988,0.31647840505720076,1230.263,1.087483142971767,2.29,1156.473,-176.736,37.302,226.958,0.9630657467050266,1503.0430000000001,1799.889,0.1371267890200931,1679.838,0.08634038002988895,0.07146581991834923,0.0527982558924468,-0.0674201578466939,1,1
131837,2019.0,406.037,0.011833181459644218,0.8284685198723322,30.031316100983574,1.81354603545743,0.30459270739260363,244.097,0.11313759213442438,0.8,-580.498,-5.587,22.542,92.926,0.0603884967731412,3034.483,351.013,0.029951665284999478,301.099,0.011660903797450412,0.1657727192717345,0.15675772692179493,-0.6049240886258648,1,1
130747,2019.0,875.339,0.0648075152540054,5.4730650574634705,7.902336176512491,1.414157310968337,0.5409149951338231,358.028,0.28032243767830783,5.15,666.677,-166.332,227.21,161.439,0.1789543344373944,2367.4399999999996,779.873,0.05802864571070974,763.906,0.09560062433578288,0.020901786345440536,0.12241223891582348,0.11681936499242741,1,1
136512,2019.0,487.374,0.10227483898006871,1.191920308376739,24.078791004984357,9.823546408523638,0.5660487938149554,196.957,0.48945639561216964,1.19,204.953,26.379,86.746,86.27,0.40797506845298614,793.274,453.869,0.09303434085487634,407.144,0.06098220180153037,0.11476283575344355,0.0738208602041558,0.09932351903913161,1,1
131149,2019.0,549.626,0.035068385686868736,0.8677075479801113,11.213455527325921,0.8569315447297973,0.1858382129307717,462.036,0.25536595693554914,0.68,3.397,6.549,72.556,90.921,0.07641993519674219,2144.35,567.499,0.0409130732750843,515.481,0.04489577233815141,0.10091157579037836,-0.031494328624367705,-0.14285623445880133,0,0
130212,2019.0,90.891,-0.5685305943169915,-0.6826362450413993,-10.840326826699949,9.747464952963764,0.4109454887696183,46.315,0.46175891939509617,-0.76,-982.142,2.337,102.354,-102.562,-0.899185523535652,61.18500000000002,78.626,-0.6023315225370723,93.468,-0.6398281557980067,-0.1587923139470193,0.1559916567038893,-0.0561168176583361,1,1
130583,2019.0,8671.1,-0.011118729105877726,0.006902770167953027,5218.1948875,1.3733447083593777,0.12086035864173983,9216.9,0.6189559693473923,-0.53,-36.1,94.9,232.1,1.6,0.00026318386682896343,,10484.0,9.446104072451618e-05,8814.9,0.0037529711021225135,0.18934985082076944,-0.1729206409767264,-118.70703583823631,0,0
131018,2019.0,367.437,0.016520967210723592,0.422456955740995,95.08661049157375,2.367996779484344,0.3097416227480709,228.548,0.15062208575002844,0.42,-118.158,-34.682,57.272,19.997,0.024903577561997417,2094.362,331.105,0.009096781530763107,315.531,0.012973347068673159,0.049358066243887326,0.10972954198819103,0.8161332285329368,1,1
132182,2019.0,3830.536,0.047598379876116856,2.281368097260876,25.388274724075277,2.0503967842431234,0.3026384924138603,2317.356,0.6433184905033572,2.28,1624.288,203.884,1107.522,155.749,0.08076156440432584,4022.1150000000007,3323.034,0.030152027206886048,2647.666,0.10149881152040928,0.2550805124211286,0.15272248192465077,0.5786129254104165,1,1
131617,2019.0,2068.188,-0.021272432171100343,0.8318432157928618,2.8490945829750642,-1.7392163415274253,0.34792521679201777,1534.673,1.540414962201787,0.83,603.082,3.223,67.224,69.78,-0.6104452803779197,1311.844,2353.523,0.04567202277710509,2453.038,-0.0981503546510823,-0.04056806294888211,-0.12123739602289844,-1.4657650543510412,0,0
131290,2019.0,576.523,-0.004196248632389367,-0.57470366470808,-87.74957094734354,53.11715849535837,0.7958396775554898,109.816,0.6664027771583189,-0.58,-529.486,-209.98,388.328,-33.842,-0.6053267032750819,406.9069999999999,537.891,-0.04192745888031558,481.985,-0.06341566806935556,0.11599116155067056,0.07182124259375983,-0.8999164570319462,1,1
131047,2019.0,154.956,-0.2836907920467639,-0.910018443668328,-7.527319965502371,2.617579888134119,0.43796519652739263,87.139,1.6299278820882657,-0.94,-452.013,-0.365,31.217,-23.19,-0.3477439380988799,62.385999999999996,155.042,-0.24379218267067557,128.99,-0.37400591047788373,0.20196914489495302,-0.0005546884070123755,0.16365828033946847,0,0
131096,2019.0,421.026,-0.013255280874540499,-0.011425660432282948,-3765.2090445859876,5.520765629183192,0.781544546470705,73.68,0.4892660219074988,-0.01,-388.506,78.4,383.454,-0.471,-0.00146625740133115,291.5309999999999,337.277,-0.0006832493657095857,286.63,-0.06781185000580867,0.17669818232564627,0.248309253225094,18.400355916575617,1,1
130440,2019.0,7463.841,0.10066884078860801,2.9888950781272317,19.452004329449096,12.054542159362478,0.23849913119512917,5105.13,1.7495603288341037,2.94,983.621,-2.968,283.99,418.529,0.6197069440866138,3130.2029999999995,6704.037,0.10922399963881592,6171.853,0.08467388547263864,0.08622758837580873,0.11333529334638219,-0.07832673110761627,1,1
131129,2019.0,2.289,-0.5827750777179387,-0.598656644404378,-3.858639207618401,42.77709381612979,-16.342166434216644,37.303,0.01784573519285175,-0.81,-345.019,35.073,105.715,-47.149,-11.086056901011052,12.748000000000005,2.151,-0.3911708826628392,7.995,-0.6817556120288013,-0.7309568480300188,0.06415620641562081,0.4898222325516194,1,1
127172,2019.0,66.063,-1.0522894520087085,-0.05841134671779833,-23.454347091479605,7.288580858085808,0.7017204056055599,20.944,0.14604813498262173,-0.24,-307.431,3.675,21.137,-4.143,-0.31075607560756074,397.978,70.216,-0.008617372439800071,21.612,-0.4086984036255257,2.2489357764205073,-0.059146063575253385,121.11256497962415,0,0
131514,2019.0,216.135,-0.11571000346826538,-0.2682324789272857,-4.0263580470162745,0.9839238753645676,0.37412519929512467,149.171,1.745057841558061,-0.27,-266.981,-24.854,26.535,-24.885,-0.2443706853377589,107.62100000000001,238.34,-0.18220090789281007,239.127,-0.10104546131657706,-0.0032911381818030005,-0.0931652261475204,-0.3649317953106013,0,0
134618,2019.0,392.755,0.09743838135901445,2.1215474893438078,15.658381519555288,3.8363852166446293,0.9797186088428137,8.293,0.418175905159586,2.13,83.334,91.944,356.018,110.993,0.24500522048549409,618.598,408.897,0.11351171136344344,302.238,0.13495608579290588,0.35289738550413907,-0.039476934289075234,-0.14160063143586282,0,0
131907,2019.0,1916.869,0.027044857342443777,4.604191077061739,6.561413176465982,0.6972892092616865,0.9295935507601766,114.847,0.08825976333051398,4.88,2331.552,14.716,322.998,510.835,0.1062711934926876,18158.81,1631.2,0.027639882418430056,1450.735,0.04842731253495224,0.12439556500670361,0.17512812653261395,-0.021527771608374165,1,1
132039,2019.0,263.79,-0.017146654187490735,-0.028592186364808175,-719.4273196721311,6.861812744799118,0.6075647573369055,98.431,0.4160242162879416,-0.03,-131.225,122.727,149.412,-1.22,-0.009537881808444934,431.94499999999994,250.821,-0.0020235528279980096,204.369,-0.05039174206172637,0.22729474626778032,0.05170619684954618,7.473539188228004,1,1
131300,2019.0,8899.0,0.07808277627648984,19.952267303102627,9.538264354066985,5.259887203166227,0.2430283757338552,6189.0,1.28090239699201,19.09,1321.0,-461.0,240.0,836.0,0.5514511873350924,5581.0,8176.0,0.13097289675701082,7441.0,0.07514904298713523,0.09877704609595485,0.08842954990215264,-0.4038249270659873,1,1
132030,2019.0,383.486,0.019226773822082283,0.6975232957332025,35.13861135524697,2.319436801113867,0.448655250798513,227.508,0.6292557360749784,0.7,121.672,-2.486,33.026,22.756,0.06600820896604737,600.031,412.642,0.03470161430519,308.609,0.017982511090951083,0.3371029360776906,-0.07065688902244562,-0.4459400749201828,0,0
132067,2019.0,1573.239,0.021848104727073863,1.0840305711987128,15.128724628001038,0.9317914092802758,0.17706060446548488,1453.929,0.294208569819938,0.93,-134.281,-274.234,384.842,188.643,0.06159087644147262,5416.4220000000005,1766.751,0.0314138139650367,1359.381,0.011013561095572277,0.2996731600632934,-0.10952986583847976,-0.30450645848381824,0,0
136534,2019.0,1398.244,0.03889384912441459,0.5381491360872804,41.04810083057962,6.932518609018302,0.4099221010136341,809.758,0.6486522512268376,0.52,-146.671,1.01,35.007,44.788,0.16888768222508801,1960.571,1372.29,0.021170333550450414,1263.324,-0.09703123336954676,0.0862534076768904,0.018912911993820513,0.8371864114340842,0,0
132086,2019.0,7584.0,-0.061089879631977664,2.891757959327915,4.851720025441122,,0.030712072957604423,23279.298,4.0689429026006465,-1.26,,-3.522,18.572,360.047,,4890.787,24016.907,0.0609991405326529,17282.718,-0.011522288128897459,0.38964872307700665,-0.68422245212508,-2.001487547177426,0,0
132448,2019.0,1600.3,-0.08684000456152356,0.40459571313855086,21.132206106870232,1.1955599222630102,0.22730718864153296,1121.1,0.7093824866767712,0.4,114.3,25.5,145.7,26.2,0.056575253724897426,1784.6,1450.9,0.012809856744731824,1331.5,0.05941459152468327,0.08967330078858438,0.10297056999103994,-7.779155012583364,1,1
132500,2019.0,1591.834,0.02386652973969077,0.6807928457020822,46.97464170179394,3.1047980406639977,0.2694521493359102,1055.356,1.972437117523532,0.71,101.05,0.906,42.41,20.402,0.06609519366585029,602.1890000000001,1444.609,0.02785643871228485,1301.52,0.020888434588781663,0.1099399164054336,0.10191338971306432,-0.1432311220326418,1,1
132318,2019.0,123949.0,0.026756361865335445,4.088235294117647,14.43410071942446,1.140776119402985,0.10238953825748155,86623.0,1.0383473208521627,5.36,14611.0,-1290.0,1725.0,2780.0,0.07903340440653873,81849.0,96504.0,0.029911771035076393,66974.0,0.06997369869716802,0.4409173709200585,0.2843923567935008,-0.10549054972508048,1,1
132452,2019.0,2742.837,-0.04979816447332694,-0.5878187177236235,-53.724046288107594,1.9708919346016853,0.8994491411671369,134.09,0.31077090435215454,-0.61,-672.684,311.348,1567.31,-119.858,-0.036685470860335474,2716.3350000000005,1333.554,-0.027931661600385543,1076.794,-0.02922751992947259,0.238448579765489,1.0567873516932946,0.7828572172247558,1,1
139874,2019.0,2348.789,-0.14810785913572622,1.3165461478482852,7.580440698042334,0.8955532190198692,0.43563809080479415,1369.997,0.6664699986025493,1.28,446.576,4.811,59.219,123.259,0.11813999405748901,3374.9790000000003,2427.515,0.03384054292465819,2371.569,0.06233146421918075,0.02359028980392302,-0.0324306955878747,-5.376639567085852,0,0
134144,2019.0,2292.0,0.03042909782479496,0.3590109367570138,31.614635761589405,1.1099302487793536,0.69004329004329,716.0,0.28160429111300744,0.57,-3437.0,-183.0,18.0,151.0,0.03510811439200186,7868.0,2310.0,0.01840789954894551,1336.0,-0.0019495552577068356,0.7290419161676647,-0.007792207792207792,0.6530456255416758,0,0
132286,2019.0,3060.321,0.06798416062648503,7.934611349207761,6.916532843852465,9.74506454465075,0.5134644872067939,1445.949,0.5630185715316839,7.68,1068.748,-3.897,554.886,446.187,1.4089522546419098,4616.611000000001,2971.929,0.08452811873231408,2805.691,0.09364542115662972,0.059250288075201545,0.029742298688831336,-0.19572135703411195,0,0
134480,2019.0,624.333,0.2259433585288192,-0.10862801887233149,-43.54309366130558,65.10745241769548,0.32930266100284983,212.047,0.9300517448821398,-0.12,-345.56,77.093,106.237,-11.627,-1.4952417695473252,184.90600000000003,316.159,-0.034203396511706584,286.166,-0.26717588842840845,0.10480979571297777,0.9747437207228008,-7.605874900508403,1,1
132317,2019.0,77.106,0.06139296386421244,2.021501859951764,5.782829208121006,0.7096355199325037,0.6337847562970232,27.988,0.11014215796482368,2.02,36.683,0.443,42.015,49.452,0.12271424494708238,636.088,76.425,0.07126921813119347,68.615,0.06800791628176145,0.11382350797930486,0.00891069676153088,-0.13857671693269694,0,0
138072,2019.0,139.375,-0.1407219184170354,-1.4365562692917326,-1.482712543554007,0.7268571184558885,0.22475829093243646,80.905,1.0539066681478042,-1.45,-471.585,-7.367,3.327,-34.44,-0.4902211973695447,83.304,104.361,-0.347797986326409,111.631,-0.15604732867584706,-0.06512527882039931,0.3355084753883155,-0.5953917965328078,1,1
138077,2019.0,3775.8,0.03334783239089459,7.03125,6.510933333333334,2.477491869389879,0.14151596435061006,3968.6,1.695320522223852,6.83,610.9,19.5,452.3,292.5,0.3805125536620268,1954.6000000000001,4622.8,0.10726859322282528,4448.1,0.11843434343434343,0.03927519615116562,-0.1832222895215021,-0.6891183953384911,0,0
134636,2019.0,619.3,0.04138372603541636,0.8459268805534831,14.315658100469067,2.1862610591022915,0.3398303697044837,395.097,2.0414165256781094,0.85,13.561,14.958,144.079,24.943,0.15271816662278742,124.882,598.478,0.08508090923975332,576.899,0.05067026069332083,0.03740516104205407,0.03479158799488035,-0.5135956302629618,0,0
133811,2019.0,1321.659,0.011452996683070107,0.01795006683226669,218.9406890082163,2.119594785201145,0.7105691307836792,262.574,0.4226052695691952,0.02,-1908.103,174.319,616.228,15.457,0.009681136908825575,1503.6639999999998,907.208,0.007200343969333439,861.39,0.013458574176250281,0.05319077305285641,0.45684231179619245,0.5906179943415053,1,1
134069,2019.0,2625.216,0.2032252517574995,7.832900131300408,3.2810325127601643,1.2533087750064358,0.19202832411591003,1925.386,2.1524664527737434,7.85,425.588,48.948,177.507,292.316,0.38198608826100644,833.723,2382.987,0.26403852963067337,2158.243,-0.07863893651128286,0.10413285251012057,0.10164931659299854,-0.23031971113548114,1,1
134264,2019.0,458.728,0.09449030455699922,2.8381693533444503,39.74040515485455,5.620784879694625,0.5956808409411215,180.163,0.7198817418838905,2.84,282.968,48.339,131.796,76.588,0.14143753335660217,469.7780000000001,445.596,0.12373159284958439,344.49,0.09981532102911295,0.2934947313419838,0.029470641567698106,-0.2363283913117699,0,0
134194,2019.0,2293.798,0.11632477916485459,4.442603550295858,26.113066062866277,4.968985170236561,0.35617598669931066,1186.511,1.1433860982924702,4.48,718.019,188.856,770.574,240.256,0.19028731280631334,833.784,1842.912,0.1490604925418879,1450.448,0.05819608144252057,0.2705812273173529,0.24465953881682886,-0.2196136133646155,1,1
133794,2019.0,313.22,0.055596451350307295,8.186623831775702,2.52485034426171,0.4915361616273861,0.7127200829908514,79.478,0.2606200084029338,8.2,163.166,0.22,12.916,168.186,0.19467932534873303,1017.1830000000001,276.657,0.15843675285012065,192.124,-0.0028421031081287762,0.43999188024400904,0.13216003932667544,-0.6490937213103521,1,1
132486,2019.0,1696.45,0.011906075224064212,0.3279897145382591,34.299856066638085,1.6174406363317346,0.2567136807921296,1167.294,0.8776032760428192,0.33,247.839,-15.403,46.222,32.654,0.04715590156382452,1562.7600000000002,1570.45,0.018247799914611874,1429.429,-0.13530873544202265,0.09865547711708658,0.08023178069979942,-0.34753365996026425,1,1
134374,2019.0,180.501,-0.04853490977311685,-0.3150319135078807,-124.90798015298739,7.419304094752159,0.6573289539609196,61.554,0.5101704639049355,-0.32,-132.789,5.55,221.17,-9.674,-0.05939815923422179,126.71100000000004,179.63,-0.027475305170719513,162.548,-0.07309098200101795,0.10508895833845998,0.004848855981740296,0.7664921088789434,0,0
134343,2019.0,499.708,-0.3471481782313983,-2.1475782077049357,-9.592200147167034,2.007982054062138,0.5767113489177732,241.443,0.38475542919200406,-2.07,-405.788,-35.428,192.897,-139.977,-0.2093348786779826,1247.647,570.398,-0.09441987999959528,698.772,-0.10353101141453634,-0.1837137149170259,-0.12393100957576988,2.6766428662362878,0,0
134962,2019.0,426.357,0.013932822052193717,0.3286070242050308,53.98545585845821,1.5425529917307623,0.1615770969362129,333.86,1.4371093242482424,0.33,94.192,-0.586,8.199,5.539,0.02857349201190605,262.42199999999997,398.2,0.019990327842820226,369.589,0.1064687995234716,0.07741301824459058,0.07071069814163747,-0.3030218332713406,1,1
134168,2019.0,983.67,0.021568547471592335,2.3566615672860407,6.589830383615298,1.0699265904031072,0.77729188227199,200.348,0.2603369451410758,2.41,-236.277,-18.498,83.984,274.207,0.1623602624224338,3213.395,899.599,0.07935337046428349,544.276,0.058660384305281754,0.6528360611160516,0.09345386110922746,-0.7281962020592406,1,1
134596,2019.0,660.943,-0.14839942951704152,0.2899214416024424,53.497250545781434,1.7353362714999232,0.26240602268090046,507.905,1.6447681764873083,0.29,72.268,1.659,5.258,7.787,0.03243785902632269,396.991,688.597,0.018599862895578502,669.132,-0.08559151266320666,0.029089925455665,-0.04015991937228887,-8.97852276385965,0,0
134260,2019.0,184.455,-0.1267043449588412,-0.3831007455553432,-18.37636726546906,3.6506029965729168,0.6329982467103068,60.494,1.23603737364648,-0.39,-179.674,3.174,29.306,-14.028,-0.1986574900161441,96.338,164.833,-0.1051921173400522,155.913,-0.15295223915683892,0.05721139353357313,0.11904169674761737,0.20450417923661435,1,1
132757,2019.0,5764.6,0.06865035843148475,2.7729734731208056,13.700094994866529,2.4504439491323113,0.380667626843631,3397.1,0.9196090265902156,2.69,1381.1,-52.3,263.8,389.6,0.17886328160866774,5241.8,5485.1,0.06531871374442544,5283.3,0.08574953732264036,0.03819582457933492,0.05095622686915462,0.05100597510378322,1,1
132995,2019.0,5249.0,0.052010376134889756,3.0550918196994994,21.838950819672128,4.331497109826589,0.44017668523141923,2915.0,0.7209914151204653,3.05,1303.0,-118.0,296.0,549.0,0.19833815028901733,6340.0,5207.0,0.0760177236222653,4707.0,0.04825072886297376,0.10622477161674103,0.00806606491261763,-0.3158125019195377,0,0
138860,2019.0,1174.757,0.02325528217323699,2.0871817775792763,9.323576992210906,1.879310632375607,0.48746672124113843,571.0,0.8387942944695205,2.06,322.61,-20.885,77.259,70.098,0.20156541142370776,1218.3419999999999,1114.074,0.05277728629671319,843.741,0.025218636261708033,0.32039808424623206,0.05446945175993694,-0.5593694976566982,1,1
133302,2019.0,136.001,0.006334793621883993,0.20880412775128993,8.428952142633719,0.168615962206301,0.17852117695917083,132.53,0.7964642400485784,0.21,-38.942,-18.676,150.776,3.197,0.02000438006444952,49.93799999999999,161.331,0.015783055801025875,201.527,0.0174822107417877,-0.19945714470021386,-0.15700640298516705,-0.5986332620409134,0,0
121538,2019.0,41.727,-0.02392608473996271,0.059981255857544526,18.839218749999997,0.20521285116437393,0.9238143574127333,2.702,0.2568901701446483,0.06,-0.233,-1.375,8.837,1.088,0.010892853567209307,123.664,35.466,0.007880688691066864,31.706,-0.07496778207350131,0.11858954141172023,0.17653527321942128,-4.0360398282302485,1,1
134113,2019.0,719.514,0.009567306871414046,-0.3317496154418697,-259.8345137045208,4.915588391755611,0.5999503713722468,261.172,0.3294832578240092,-0.34,117.228,173.964,1067.148,-26.743,-0.018918150332197712,883.6500000000001,652.849,-0.013496797519774829,514.284,0.019671869800843636,0.26943284255391975,0.10211396509759525,-1.708857553608292,1,1
133007,2019.0,315.291,0.026721026087401754,0.8480348369807951,7.1105569453587885,1.9303931941664283,0.05986964385731474,263.527,1.9086297526963723,0.85,-51.348,12.27,43.254,22.785,0.2714826994566772,85.102,280.309,0.15514353415404727,267.802,-0.05560590882348264,0.04670241447039232,0.1247979907887366,-0.8277657768136857,1,1
135144,2019.0,325.353,0.013631555664715803,1.9971724787935912,15.456852288815478,1.3666630647792968,0.9002245298905417,29.151,0.05146788625577055,2.0,95.715,-137.808,109.556,61.451,0.0884179417156111,1031.489,292.166,0.010825192111003183,203.626,0.0030100351711016804,0.4348167719249997,0.11358953471656529,0.25924376444646313,1,1
133087,2019.0,4355.0,0.014977208595615368,1.1958341486747983,58.963026000000006,0.9370027246460562,0.38409703504043125,1828.0,0.329119538700377,1.64,529.0,123.0,614.0,55.0,0.015891360878358855,8159.0,2968.0,0.006098913284542027,1951.945,0.07803267023215595,0.5205346462118554,0.4673180592991914,1.4557175839138072,1,1
132994,2019.0,3107.462,0.015833806018250532,-2.0098577375234434,-12.791950156472263,0.9635188339982695,0.30741604319684823,2086.369,0.48804213006585334,-2.01,-209.554,-16.78,50.51,-175.75,-0.07532227863714462,6004.254,3012.442,-0.028473047567081366,2836.316,0.03110513468592585,0.06209674803512733,0.031542516005287395,-1.5560980425768165,0,0
134154,2019.0,17.456,-1.0287012396067454,-0.9814107254152779,-3.4236430405610623,1.995093765838824,-3.4944232352721007,120.082,0.09637276544171752,-1.12,-375.449,48.27,250.153,-72.434,-0.5827400059533865,16.830000000000013,26.718,-0.2612719848793086,0.0,-0.755109086656792,inf,-0.34665768395838015,2.9372810677805408,0,0
133297,2019.0,143.006,-0.5980012066833531,-6.970131444372893,-2.5767089391835527,6.474080385610608,0.8168218224514614,17.473,0.11045903006160546,-7.07,-1887.726,-242.322,520.146,-368.009,-2.512538489373178,314.89699999999993,95.388,-0.4261533651396545,55.511,-0.4711410034955048,0.7183621264253932,0.499203254078081,0.40325351293983663,1,1
136112,2019.0,24508.2,0.03497437694362927,1.070415603049869,30.520855550792973,1.463229887183281,0.02966472600531458,26379.625,3.3959629825561826,1.11,203.41,24.265,597.286,128.315,0.04794196823048311,6919.697,27186.093,0.01602852569167245,21786.637,0.051184695527576825,0.2478333852076391,-0.09850231145755295,1.1820083528830139,0,0
134299,2019.0,1014.194,0.03818156346315495,0.6750246960254643,51.83514056007227,2.667621583274292,0.9386151279258104,57.872,0.8019757341801332,0.66,-63.944,-211.569,755.86,55.35,0.05146357383140031,413.1630000000001,942.773,0.04708382281511071,846.813,0.12565268571127947,0.11331899722843182,0.07575630613095616,-0.18907256929653435,1,1
133291,2019.0,36.629,-0.17648461721917483,-1.4546978995591668,-0.5911880399776581,26.875580767152893,-4.3872479726210845,144.82,0.1906619477562716,-1.68,-395.615,-29.376,83.112,-84.147,-45.46029173419773,23.664999999999992,26.882,-0.5968168632485301,187.584,-0.27190892457816634,-0.8566935346298191,0.362584629119857,-0.704290163219329,1,1
133678,2019.0,1560.0,0.06350806451612903,0.8194284305407502,65.82637115044248,5.056682488103331,0.9467492260061919,86.0,0.745269958467928,0.82,981.0,-18.0,670.0,113.0,0.07681849082256968,1482.0,1615.0,0.05214582371942778,1556.0,-0.008362676056338027,0.037917737789203085,-0.034055727554179564,0.21789359120753635,0,0
136218,2019.0,3083.015,0.05369361104416266,1.905316881026669,5.736578575900945,0.7527578364587122,0.22763640576483554,2520.027,0.8400042428266493,1.82,1396.787,-5.218,277.696,269.911,0.13122069653521473,3525.194,3262.747,0.06948941649033277,2810.272,0.0491911322414234,0.1610075466004714,-0.05508609769620506,-0.2273123914973094,0,0
64308,2019.0,2192.4,0.056102969153863314,2.729703109610243,7.59056907216495,0.8215940487260553,0.32886749913284774,1547.9,0.3336853831797335,2.62,891.0,122.4,1491.1,523.8,0.10823879486702621,5271.0,2306.4,0.07578234638811325,1743.7,0.09013158799345498,0.32270459368010557,-0.04942767950052029,-0.2596828703807028,0,0
108911,2019.0,23894.091,0.07917154302510138,3.155767215868785,12.687881348997713,2.731433691241005,0.07365930262330693,19768.192,1.585822714223218,3.13,3786.415,39.125,863.944,1063.219,0.2152789434350106,10673.022,21340.088,0.07900983540431959,14209.608,0.06021327379454416,0.5018069463985213,0.11968099662944223,0.002046677099810074,1,1
108867,2019.0,219.75,-0.3699651042488646,-7.5263844549650605,-9.68725427677325,5.665908891560066,-10.704771185988145,876.781,0.047566614723628754,-7.57,-2874.185,-224.201,1084.38,-761.497,-0.5848828501534219,430.7139999999997,74.908,-0.48355094799219206,89.912,-0.2460854351215453,-0.16687427707091382,1.933598547551663,-0.23489943348257392,1,1
108774,2019.0,1168.07,0.03460157323276525,0.24216021113094777,204.65789887010177,3.060334825199964,0.7903412319349667,230.984,0.6450848694183771,0.24,8.613,42.037,117.84,12.479,0.014953416614241634,1581.22,1101.714,0.007306809285778275,1029.52,0.050642225119534465,0.07012394125417666,0.06022978740399051,3.735524341672989,1,1
108858,2019.0,264.157,-0.28068507305448875,1.6307757749774023,11.522123573524615,1.1495605344697184,0.5878788326669968,111.534,0.3235553621428008,-0.3,65.117,153.545,227.641,61.34,0.09976984946691281,585.9680000000001,270.634,0.07333478392899415,344.285,0.02315471060509843,-0.21392451021682618,-0.02393269138393562,-4.827448013295573,0,0
108747,2019.0,301.012,0.02220581542351454,1.919072316273608,12.714476569272346,7.996523579686673,0.25077489097546773,263.716,0.7246963145974882,1.46,27.722,-111.272,156.374,39.222,0.6289306159100749,317.759,351.985,0.08075355157504632,239.182,-0.04363172603251055,0.4716199379551974,-0.14481583022003783,-0.7250174761307171,0,0
122813,2019.0,1349.405,0.02736686474394515,0.07968092946633719,326.3014145810664,3.1827611185849722,0.3326239199906634,897.783,0.752649182250311,0.08,49.399,95.593,195.41,3.676,0.009754052469160371,1552.624,1345.243,0.0020566829888370676,1507.599,-0.07803121892977781,-0.10769176684250918,0.0030938648259088023,12.306311615588113,0,0
108984,2019.0,23.868,-0.4690676218738124,-1.7880748293792657,-6.174238246971219,2.357968972338875,-1.9771395308841233,225.039,0.14220139475471394,-2.26,-743.913,189.549,422.41,-176.061,-0.38190443549786557,99.80099999999999,75.589,-0.33121379780007265,138.882,-0.1917502301760221,-0.4557322043173342,-0.6842397703369538,0.41620797499792295,0,0
108831,2019.0,1066.2,-0.00922201510840773,0.9367736650796087,9.041671767406276,0.7584014137126461,0.17532235985930064,904.278,1.1357318713962112,0.95,149.171,75.839,144.145,36.596,0.08387845005019504,722.321,1096.523,0.03790457980873702,924.351,0.13326837199065691,0.18626257774373578,-0.02765377470422405,-1.2432955372395937,0,0
109046,2019.0,532.777,0.1022556965340628,1.6961968892261003,16.837667950818293,7.045203130300513,0.7093714195409111,147.122,0.2407659307314011,1.7,,-4.731,3.045,178.847,0.4184191748452981,2068.8379999999997,506.22,0.08506235315380445,454.362,0.09054302604226146,0.11413366434693042,0.05246138042748215,0.20212635487723246,1,1
109429,2019.0,314.545,-0.00020159410348572816,-0.5556854930132099,-25.35606953421951,0.8358122113250821,0.10920696456121116,315.257,0.11157142168080648,-0.56,-666.232,13.33,45.506,-46.567,-0.0329630035994776,3040.573,353.906,-0.014680582961040828,358.819,0.00338050014548051,-0.01369214004832523,-0.11121879821195456,-0.9862679769583594,0,0
133634,2019.0,443.5,0.007942608250064053,0.9259259259259259,19.040399999999998,13.8375,0.28919860627177696,346.8,1.2497438524590163,0.94,-51.3,0.8,14.1,25.0,0.7267441860465117,339.4,487.9,0.06403688524590165,441.3,0.028564331843020367,0.10559709947881252,-0.09100225456036069,-0.8759682295669997,0,0
125803,2019.0,205.226,0.15034995439084065,1.2152344375100015,13.050979720832236,1.783097425194948,0.2899305197616642,206.643,0.617669344483238,1.22,106.929,100.345,294.86,53.158,0.13662556094150788,154.62499999999994,291.018,0.11282486655134723,275.026,0.055246814220221215,0.05814722971646303,-0.29479963438687634,0.3325958982846706,0,0
130158,2019.0,34727.0,0.11138491867915229,12.478140629283704,6.664454462457338,3.046013699912255,0.19782586401394728,31288.0,1.379305467147606,12.06,5400.0,-1127.0,1293.0,4688.0,0.4570537194111339,23898.0,39004.0,0.16578258717023836,34484.0,0.18617873769365795,0.13107528128987356,-0.1096554199569275,-0.3281265506806595,0,0
91376,2019.0,657.91,-0.022820829591404124,-0.6492549270950169,-10.242509871668313,1.0779115822645087,0.2026755996069633,335.129,0.6951536371289315,-0.8,-36.674,-1.076,24.569,-24.312,-0.10523900838466434,553.1840000000001,420.317,-0.04020911651415142,,,,0.5652709740505379,-0.43244638107449,1,1
137246,2019.0,2854.0,0.1354138581827986,4.595454209241629,17.345401862497123,11.587581059907833,0.45971373137606614,1475.9,0.9720660451213436,4.58,650.1,-175.6,290.6,434.9,0.6680491551459293,2284.6,2731.7,0.15475766849334568,2408.2,0.10751376868607396,0.1343326966198821,0.04477065563568481,-0.12499419575695422,1,1
137883,2019.0,335.27,0.06689215052991698,-0.9234701276102087,-6.952038629136734,0.3880630624214541,0.5712683707861669,68.817,0.09875474507342945,-0.93,84.995,-62.896,31.439,-50.946,-0.055820038282733436,1586.7179999999998,160.513,-0.031344247771276694,161.884,-0.011750983520629454,-0.008469027204664952,1.088740475849308,-3.13411248590294,1,1
145357,2019.0,2204.0,0.04799258668620563,1.3023066853247869,17.24632166377816,1.4813185367124408,0.4396458258041199,1240.4,0.48621697014958154,1.28,-24.4,132.1,159.0,230.8,0.0858918536712441,4207.3,2213.6,0.05069519186416852,2097.9,0.07655026455026455,0.05515038848372173,-0.004336826888326667,-0.053310877789045294,0,0
