permno,mergent_id,PERMCO,GVKEY,companyid,Company Name,Ticker Symbol,CUSIP,Primary Link Marker,Security-level Identifier,Link Type Codd,Historical CRSP PERMCO Link to COMPUSTAT Record,First Effective Date of Link,Last Effective Date of Link
10001,12836,7953,012994,10675,GAS NATURAL INC,EGAS,367204104,P,01,LC,7953,1986-01-09T00:00:00Z,2017-08-31T00:00:00Z
10026,45751,7976,012825,17216,J & J SNACK FOODS CORP,JJSF,466032109,P,01,LU,7976,1986-02-04T00:00:00Z,NA
10032,12401,7980,012945,24637,PLEXUS CORP,PLXS,729132100,P,01,LU,7980,1986-02-05T00:00:00Z,NA
10104,46032,8045,012142,23295,ORACLE CORP,ORCL,68389X105,P,01,LC,8045,1986-03-12T00:00:00Z,NA
10107,46247,8048,012141,20601,MICROSOFT CORP,MSFT,594918104,P,01,LC,8048,1986-03-13T00:00:00Z,NA
10116,23074,8028,011929,622034,ACURA PHARMACEUTICALS INC,ACUR,00509L802,C,01,LC,8028,1986-03-14T00:00:00Z,2017-02-22T00:00:00Z
10116,23074,8028,011929,2622265,ACURA PHARMACEUTICALS INC,ACUR,00509L802,C,01,LC,8028,1986-03-14T00:00:00Z,2017-02-22T00:00:00Z
10138,46064,8087,012138,25020,PRICE (T. ROWE) GROUP,TROW,74144T108,P,01,LU,8087,1986-04-02T00:00:00Z,NA
10145,44175,22168,001300,15029,HONEYWELL INTERNATIONAL INC,HON,438516106,P,01,LC,22168,1962-01-31T00:00:00Z,NA
10145,44175,22168,001300,15029,HONEYWELL INTERNATIONAL INC,HON,438516106,C,00X,LC,22168,1950-01-01T00:00:00Z,1962-01-30T00:00:00Z
10158,129704,53454,185128,1654280,AMERESCO INC,AMRC,02361E108,P,01,LC,53454,2010-07-22T00:00:00Z,NA
10180,55844,9743,014304,1228,AKORN OPERATING COMPANY LLC,AKRXQ,009728106,P,01,LU,9743,1988-04-08T00:00:00Z,2020-10-05T00:00:00Z
10182,46851,8125,012171,30106,TECH DATA CORP,TECD,878237106,P,01,LU,8125,1986-04-23T00:00:00Z,2020-06-30T00:00:00Z
10200,46865,8135,012181,26081,REPLIGEN CORP,RGEN,759916109,P,01,LU,8135,1986-04-29T00:00:00Z,NA
10201,111012,53455,162346,1000160,ATLANTIC POWER CORP,AT,04878Q863,P,01,LC,53455,2010-07-23T00:00:00Z,2021-05-28T00:00:00Z
10220,129657,53456,185229,1652246,BWX TECHNOLOGIES INC,BWXT,05605H100,P,01,LC,53456,2010-08-02T00:00:00Z,NA
10259,46456,8187,012234,27941,SIGMA DESIGNS INC,SIGM,826565103,P,01,LU,8187,1986-05-15T00:00:00Z,2020-08-31T00:00:00Z
10299,46936,8220,012216,18926,LINEAR TECHNOLOGY CORP,LLTC,535678106,P,01,LU,8220,1986-05-28T00:00:00Z,2017-03-31T00:00:00Z
10302,46866,8222,012215,8542,CYPRESS SEMICONDUCTOR CORP,CY,232806109,P,01,LU,8222,1986-05-29T00:00:00Z,2020-04-30T00:00:00Z
10308,8285,8228,017240,30889,TOMPKINS FINANCIAL CORP,TMP,890110109,P,01,LU,8228,1986-06-02T00:00:00Z,NA
10318,11963,8237,001979,3424,BALCHEM CORP  -CL B,BCPC,057665200,C,01,LU,8237,1986-06-03T00:00:00Z,NA
10333,47330,8254,012252,33873,XOMA ROYALTY CORP,XOMA,98419J206,P,01,LC,8254,1986-06-06T00:00:00Z,NA
10353,47424,8275,012256,755,STEEL EXCEL INC,SXCL,858122203,P,01,LC,8275,2015-07-07T00:00:00Z,2017-02-28T00:00:00Z
10353,47424,8275,012256,755,STEEL EXCEL INC,SXCL,858122203,P,01,LC,8275,1986-06-11T00:00:00Z,2010-08-04T00:00:00Z
10353,47424,8275,012256,2304910,STEEL EXCEL INC,SXCL,858122203,P,01,LC,8275,2015-07-07T00:00:00Z,2017-02-28T00:00:00Z
10353,47424,8275,012256,2304910,STEEL EXCEL INC,SXCL,858122203,P,01,LC,8275,1986-06-11T00:00:00Z,2010-08-04T00:00:00Z
10363,47388,8284,012250,874,AMAG PHARMACEUTICALS INC,AMAG,00163U106,P,01,LU,8284,1986-06-11T00:00:00Z,2020-11-30T00:00:00Z
10375,53609,8292,015363,6579,TCF FINANCIAL CORP,TCF,872307103,P,01,LC,8292,1986-06-17T00:00:00Z,2019-07-31T00:00:00Z
10375,53609,8292,015363,30053,TCF FINANCIAL CORP,TCF,872307103,P,01,LC,8292,1986-06-17T00:00:00Z,2019-07-31T00:00:00Z
10375,53609,9882,015363,6579,TCF FINANCIAL CORP,TCF,872307103,P,01,LC,8292,1986-06-17T00:00:00Z,2019-07-31T00:00:00Z
10382,47606,8299,012262,2837,ASTEC INDUSTRIES INC,ASTE,046224101,P,01,LU,8299,1986-06-18T00:00:00Z,NA
10395,47460,8314,017074,21679,NAVIGATORS GROUP INC,NAVG,638904102,P,01,LU,8314,1986-06-19T00:00:00Z,2019-05-31T00:00:00Z
10397,47472,8317,012266,33289,WERNER ENTERPRISES INC,WERN,950755108,P,01,LU,8317,1986-06-20T00:00:00Z,NA
10421,47582,8340,012392,28226,SKYWEST INC,SKYW,830879102,P,01,LU,8340,1986-06-26T00:00:00Z,NA
10443,57806,8360,012926,23923,FRP HOLDINGS INC,FRPH,30292L107,P,01,LC,8360,1986-07-02T00:00:00Z,NA
10463,47998,8377,012377,26103,RESEARCH FRONTIERS INC,REFR,760911107,P,01,LU,8377,1986-07-08T00:00:00Z,NA
10501,47741,8418,012379,1968,AMERICAN WOODMARK CORP,AMWD,030506109,P,01,LU,8418,1986-07-18T00:00:00Z,NA
10507,41457,7340,007205,20097,MEDICAL ACTION INDUSTRIES,MDCI,58449L100,P,01,LU,7340,1986-07-22T00:00:00Z,2014-10-02T00:00:00Z
10514,47837,8431,012421,31124,KASPIEN HOLDINGS INC,KSPN,485837108,C,01,LC,8431,1986-07-24T00:00:00Z,2023-06-09T00:00:00Z
10516,549,20207,001722,2490,ARCHER-DANIELS-MIDLAND CO,ADM,039483102,P,01,LC,20207,1962-01-31T00:00:00Z,NA
10516,549,20207,001722,2490,ARCHER-DANIELS-MIDLAND CO,ADM,039483102,C,00X,LC,20207,1949-07-01T00:00:00Z,1962-01-30T00:00:00Z
10517,21314,5674,001076,398,PROG HOLDINGS INC,PRG,74319R101,P,01,LC,5674,1982-11-04T00:00:00Z,1992-12-31T00:00:00Z
10517,21314,5674,001076,398,PROG HOLDINGS INC,PRG,74319R101,J,01,LC,5674,1993-01-01T00:00:00Z,2010-11-30T00:00:00Z
10517,21314,5674,001076,398,PROG HOLDINGS INC,PRG,74319R101,P,01,LC,5674,2010-12-01T00:00:00Z,NA
10530,47870,8441,012433,20311,MERIDIAN BIOSCIENCE INC,VIVO,589584101,P,01,LU,8441,1986-07-29T00:00:00Z,2023-02-28T00:00:00Z
10547,47985,8458,012482,643107,CLEARFIELD INC,CLFD,18482P103,P,01,LC,8458,1986-08-06T00:00:00Z,NA
10550,48176,8461,012458,25157,PRO-DEX INC/CO,PDEX,74265M205,P,01,LU,8461,1986-08-07T00:00:00Z,NA
10606,48086,8508,012445,33148,WATTS WATER TECHNOLOGIES INC,WTS,942749102,P,01,LU,8508,1986-08-21T00:00:00Z,NA
10629,2918,8534,018049,12170,F N B CORP/FL,FNB,302520101,P,01,LC,8534,1986-09-02T00:00:00Z,NA
10645,48149,8549,012597,18380,LAKELAND INDUSTRIES INC,LAKE,511795106,P,01,LU,8549,1986-09-09T00:00:00Z,NA
10649,48193,8551,012598,23684,PAMT CORP,PAMT,693149106,P,01,LU,8551,1986-09-10T00:00:00Z,NA
10656,55,37,001094,631,ACETO CORP,ACETQ,004446100,P,01,LC,37,1972-12-14T00:00:00Z,2019-10-02T00:00:00Z
10661,40248,8565,012575,8472,CYANOTECH CORP,CYAN,232437301,C,02,LU,8565,1986-09-15T00:00:00Z,NA
10667,47874,8570,012559,15697,FUEL SYSTEMS SOLUTIONS INC,FSYS,35952W103,P,01,LU,8570,1986-09-16T00:00:00Z,2016-06-30T00:00:00Z
10693,48820,8596,012589,14523,ENCOMPASS HEALTH CORP,EHC,29261A100,P,01,LC,8596,1986-09-24T00:00:00Z,NA
10696,47969,8598,012635,11985,FISERV INC,FI,337738108,P,01,LC,8598,1986-09-25T00:00:00Z,NA
10812,49247,8702,012840,14538,HEARTLAND EXPRESS INC,HTLD,422347104,P,01,LU,8702,1986-11-05T00:00:00Z,NA
10860,48515,8743,012915,23317,ORASURE TECHNOLOGIES INC,OSUR,68554V108,P,01,LU,8743,1986-11-17T00:00:00Z,NA
10866,1174,20342,002436,5207,CALERES INC,CAL,129500104,P,01,LU,20342,1962-01-31T00:00:00Z,NA
10866,1174,20342,002436,5207,CALERES INC,CAL,129500104,C,00X,LU,20342,1949-11-01T00:00:00Z,1962-01-30T00:00:00Z
10874,1181,20344,002444,5227,BRUNSWICK CORP,BC,117043109,P,01,LU,20344,1962-01-31T00:00:00Z,NA
10874,1181,20344,002444,5227,BRUNSWICK CORP,BC,117043109,C,00X,LU,20344,1950-01-01T00:00:00Z,1962-01-30T00:00:00Z
10886,2505,8762,004001,9412,DIXIE GROUP INC,DXYN,255519100,C,01,LU,8762,1986-11-25T00:00:00Z,NA
10890,1236,21814,002504,31815,UNISYS CORP,UIS,909214306,P,01,LU,21814,1962-01-31T00:00:00Z,NA
10890,1236,21814,002504,31815,UNISYS CORP,UIS,909214306,C,00X,LU,21814,1950-01-01T00:00:00Z,1962-01-30T00:00:00Z
10909,49493,8786,012850,6375,CERNER CORP,CERN,156782104,P,01,LU,8786,1987-01-30T00:00:00Z,2022-06-30T00:00:00Z
10932,49640,8810,017150,33221,WEBSTER FINANCIAL CORP,WBS,947890109,P,01,LC,8810,1986-12-12T00:00:00Z,NA
10933,49614,8811,012909,19677,MARKEL GROUP INC,MKL,570535104,P,01,LU,8811,1986-12-12T00:00:00Z,NA
10952,49844,8826,013189,465870,CEDAR REALTY TRUST INC,CDR,150602605,P,01,LU,8826,1986-12-17T00:00:00Z,2022-08-31T00:00:00Z
11003,129726,47199,163921,1655179,WILLIAMS PARTNERS LP,WPZ,96949L105,P,01,LC,53459,2015-02-03T00:00:00Z,2018-08-31T00:00:00Z
11003,129726,53459,163921,1655179,WILLIAMS PARTNERS LP,WPZ,96949L105,P,01,LC,53459,2015-02-03T00:00:00Z,2018-08-31T00:00:00Z
11018,49872,8889,016821,30,FIRST BANCORP P R,FBP,318672706,P,01,LC,8889,1987-01-13T00:00:00Z,NA
11144,17841,9002,001585,1960,AMERICAN VANGUARD CORP,AVD,030371108,P,01,LU,9002,1987-03-02T00:00:00Z,NA
11154,50439,9010,013200,24404,PHOTRONICS INC,PLAB,719405102,P,01,LU,9010,1987-03-10T00:00:00Z,NA
11203,48668,8727,015364,2542,ARGO GROUP INTL HOLDINGS LTD,ARGO,G0464B107,P,01,LC,9053,2007-08-07T00:00:00Z,2023-11-30T00:00:00Z
11208,91770,9058,016981,23377,OFG BANCORP,OFG,67103X102,C,01,LU,9058,1990-01-31T00:00:00Z,NA
11267,1503,9117,002818,6059,CATO CORP  -CL A,CATO,149205106,C,01,LU,9117,1987-04-22T00:00:00Z,NA
11285,50766,9141,016777,28,FIRST BANCORP/NC,FBNC,318910106,P,01,LU,9141,1987-04-30T00:00:00Z,NA
11292,51607,9146,013235,15675,IMMUCELL CORP,ICCC,452525306,P,02,LU,9146,1987-05-01T00:00:00Z,NA
11308,1832,20468,003144,7204,COCA-COLA CO,KO,191216100,C,00X,LU,20468,1950-01-01T00:00:00Z,1962-01-30T00:00:00Z
11308,1832,20468,003144,7204,COCA-COLA CO,KO,191216100,P,01,LU,20468,1962-01-31T00:00:00Z,NA
11343,51727,9188,013323,26990,SANDERSON FARMS INC,SAFM,800013104,P,01,LU,9188,1987-05-19T00:00:00Z,2022-07-29T00:00:00Z
11348,17040,9193,016748,6336,CENTURY BANCORP INC/MA,CNBKA,156432106,P,01,LU,9193,1987-05-20T00:00:00Z,2021-11-30T00:00:00Z
11369,6452,9213,017248,32080,UNITED BANKSHARES INC/WV,UBSI,909907107,P,01,LU,9213,1987-05-29T00:00:00Z,NA
11370,129722,53461,184576,1655175,ENVESTNET INC,ENV,29404K106,P,01,LC,53461,2010-07-29T00:00:00Z,2024-11-29T00:00:00Z
11378,51858,9221,013406,5531,CALGON CARBON CORP,CCC.1,129603106,P,01,LC,9221,1987-06-02T00:00:00Z,2018-03-08T00:00:00Z
11379,51834,9222,013381,6028,DESTINATION XL GROUP INC,DXLG,25065K104,P,01,LC,9222,2021-09-08T00:00:00Z,NA
11379,51834,9222,013381,6028,DESTINATION XL GROUP INC,DXLG,25065K104,P,01,LC,9222,1987-06-02T00:00:00Z,2020-12-21T00:00:00Z
11379,51834,9222,013381,3446680,DESTINATION XL GROUP INC,DXLG,25065K104,P,01,LC,9222,2021-09-08T00:00:00Z,NA
11379,51834,9222,013381,3446680,DESTINATION XL GROUP INC,DXLG,25065K104,P,01,LC,9222,1987-06-02T00:00:00Z,2020-12-21T00:00:00Z
11397,25974,9239,019873,33106,WASHINGTON TR BANCORP INC,WASH,940610108,P,01,LU,9239,1987-06-08T00:00:00Z,NA
11403,52606,9245,013421,5480,CADENCE DESIGN SYSTEMS INC,CDNS,127387108,P,01,LU,9245,1987-06-10T00:00:00Z,NA
11404,2054,20499,003413,7705,CONSOLIDATED EDISON INC,ED,209115104,C,00X,LU,20499,1951-01-01T00:00:00Z,1962-01-30T00:00:00Z
11404,2054,20499,003413,7705,CONSOLIDATED EDISON INC,ED,209115104,P,01,LU,20499,1962-01-31T00:00:00Z,NA
11442,46642,9280,016781,6972,CITY HOLDING CO,CHCO,177835105,P,01,LU,9280,1987-06-23T00:00:00Z,NA
11481,56408,9312,013480,9992,EBIX INC,EBIXQ,278715206,P,01,LC,9312,1987-07-01T00:00:00Z,2023-12-27T00:00:00Z
11499,153,176,001050,6149,CECO ENVIRONMENTAL CORP,CECO,125141101,P,01,LC,176,1980-11-28T00:00:00Z,NA
11511,52338,9340,013582,6363,CPS TECHNOLOGIES CORP,CPSH,12619F104,C,01,LC,9340,2015-01-15T00:00:00Z,NA
11511,52338,9340,013582,6363,CPS TECHNOLOGIES CORP,CPSH,12619F104,C,01,LC,9340,1987-07-15T00:00:00Z,1993-06-18T00:00:00Z
11511,52338,9340,013582,2208252,CPS TECHNOLOGIES CORP,CPSH,12619F104,C,01,LC,9340,2015-01-15T00:00:00Z,NA
11511,52338,9340,013582,2208252,CPS TECHNOLOGIES CORP,CPSH,12619F104,C,01,LC,9340,1987-07-15T00:00:00Z,1993-06-18T00:00:00Z
11533,52546,9360,013824,11499,FAIR ISAAC CORP,FICO,303250104,P,01,LU,9360,1987-07-22T00:00:00Z,NA
11547,52520,9370,013623,7675,CONMED CORP,CNMD,207410101,P,01,LU,9370,1987-07-23T00:00:00Z,NA
11552,52475,9374,013599,6177,CELGENE CORP,CELG,151020104,P,01,LU,9374,1987-09-30T00:00:00Z,2019-11-29T00:00:00Z
11581,9596,323,001706,729,ENERPAC TOOL GROUP CORP,EPAC,292765104,P,01,LC,323,1987-08-05T00:00:00Z,NA
11600,76920,9424,013700,9023,DENTSPLY SIRONA INC,XRAY,24906P109,P,01,LC,9424,1987-08-12T00:00:00Z,NA
11618,52750,9440,014225,11608,FASTENAL CO,FAST,311900104,P,01,LU,9440,1987-08-20T00:00:00Z,NA
11628,36184,9449,016705,8083,CENTRAL PACIFIC FINANCIAL CP,CPF,154760409,C,01,LC,9449,1987-08-24T00:00:00Z,NA
11628,36184,9449,016705,500385,CENTRAL PACIFIC FINANCIAL CP,CPF,154760409,C,01,LC,9449,1987-08-24T00:00:00Z,NA
11638,52790,9459,013782,21293,MULTI-COLOR CORP,LABL,625383104,P,01,LU,9459,1987-08-27T00:00:00Z,2019-07-31T00:00:00Z
11641,71061,9462,013789,1169,AIR METHODS CORP,AIRM,009128307,P,01,LU,9462,1987-08-27T00:00:00Z,2017-04-28T00:00:00Z
11641,71061,9462,013789,2650501,AIR METHODS CORP,AIRM,009128307,P,01,LU,9462,1987-08-27T00:00:00Z,2017-04-28T00:00:00Z
11644,48476,9465,034010,7606,COMSTOCK RESOURCES INC,CRK,205768302,P,01,LC,9465,2018-08-14T00:00:00Z,NA
11664,129707,53462,184392,1195777,GREEN DOT CORP,GDOT,39304D102,P,01,LC,53462,2010-07-22T00:00:00Z,NA
11674,87046,20574,003897,9693,DTE ENERGY CO,DTE,233331107,P,01,LC,20574,1962-01-31T00:00:00Z,NA
11691,185,157,001254,1349,MATSON INC,MATX,57686G105,P,01,LU,157,1972-12-14T00:00:00Z,NA
11691,185,157,001254,1830202,MATSON INC,MATX,57686G105,P,01,LU,157,1972-12-14T00:00:00Z,NA
11701,53017,9522,012972,16043,INGLES MARKETS INC  -CL A,IMKTA,457030104,P,01,LU,9522,1987-09-22T00:00:00Z,NA
11707,53018,9526,013839,5587,CAMBREX CORP,CBM,132011107,P,01,LU,9526,1987-09-22T00:00:00Z,2019-12-31T00:00:00Z
11731,56657,9550,014084,1283,ALBANY INTL CORP  -CL A,AIN,012348108,P,01,LU,9550,1987-09-30T00:00:00Z,NA
11752,53148,9558,014561,15553,COHERENT CORP,COHR,19247G107,P,01,LC,9558,1987-10-02T00:00:00Z,NA
11775,53307,9576,013906,17483,JOHNSON OUTDOORS INC  -CL A,JOUT,479167108,P,01,LU,9576,1987-10-09T00:00:00Z,NA
11786,50744,9588,017120,27981,SVB FINANCIAL GROUP,SIVBQ,78486Q101,P,01,LC,9588,1987-10-23T00:00:00Z,2024-11-07T00:00:00Z
11790,192,153,001266,1383,ALICO INC,ALCO,016230104,P,01,LU,153,1972-12-14T00:00:00Z,NA
11809,53573,9616,014027,7045,CLEAN HARBORS INC,CLH,184496107,P,01,LU,9616,1987-11-24T00:00:00Z,NA
11825,54000,9632,014108,8484,CYBEROPTICS CORP,CYBE,232517102,P,01,LU,9632,1987-12-17T00:00:00Z,2022-11-30T00:00:00Z
11844,47393,9645,019262,7423,COMMUNITY TRUST BANCORP INC,CTBI,204149108,P,01,LU,9645,1987-12-29T00:00:00Z,NA
11850,2907,20678,004503,11430,EXXON MOBIL CORP,XOM,30231G102,P,01,LC,20678,1962-01-31T00:00:00Z,NA
11850,2907,20678,004503,11430,EXXON MOBIL CORP,XOM,30231G102,C,00X,LC,20678,1950-01-01T00:00:00Z,1962-01-30T00:00:00Z
11884,54066,9677,014309,16277,INTERPARFUMS INC,IPAR,458334109,P,02,LU,9677,1988-02-04T00:00:00Z,NA
11891,60887,9764,014418,20519,MGM RESORTS INTERNATIONAL,MGM,552953101,P,01,LU,9764,1988-05-02T00:00:00Z,NA
11896,54419,9698,014256,19863,MAXIM INTEGRATED PRODUCTS,MXIM,57772K101,P,01,LC,9698,2008-10-08T00:00:00Z,2021-08-31T00:00:00Z
11896,54419,9698,014256,19863,MAXIM INTEGRATED PRODUCTS,MXIM,57772K101,P,01,LC,9698,1988-02-29T00:00:00Z,2007-10-01T00:00:00Z
11955,55932,9804,014477,33114,WASTE MANAGEMENT INC,WM,94106L109,P,01,LU,9804,1988-06-03T00:00:00Z,NA
11992,1641,8292,015363,6579,TCF FINANCIAL CORP,TCF,872307103,P,01,LC,9882,2019-08-01T00:00:00Z,2021-06-30T00:00:00Z
11992,1641,8292,015363,30053,TCF FINANCIAL CORP,TCF,872307103,P,01,LC,9882,2019-08-01T00:00:00Z,2021-06-30T00:00:00Z
11992,1641,9882,015363,6579,TCF FINANCIAL CORP,TCF,872307103,P,01,LC,9882,2019-08-01T00:00:00Z,2021-06-30T00:00:00Z
11992,1641,9882,015197,30053,CHEMICAL FINANCIAL CORP,CHFC,163731102,P,01,LC,9882,1988-08-02T00:00:00Z,2019-07-31T00:00:00Z
11995,1825,1035,003138,259416,COCA COLA CONSOLIDATED INC,COKE,191098102,P,01,LU,1035,1982-11-01T00:00:00Z,NA
11999,129727,23988,007509,1655173,MOLYCORP INC,MCPIQ,608753109,P,02,LC,53465,2010-07-29T00:00:00Z,2016-08-31T00:00:00Z
11999,129727,23988,007509,2300322,MOLYCORP INC,MCPIQ,608753109,P,02,LC,53465,2010-07-29T00:00:00Z,2016-08-31T00:00:00Z
11999,129727,53465,007509,1655173,MOLYCORP INC,MCPIQ,608753109,P,02,LC,53465,2010-07-29T00:00:00Z,2016-08-31T00:00:00Z
12007,129680,53466,184569,1652670,WESTMORELAND RES PARTNERS LP,WMLPQ,96108P103,P,01,LC,53466,2010-07-14T00:00:00Z,2018-10-08T00:00:00Z
12008,5623,7062,004115,9793,DYCOM INDUSTRIES INC,DY,267475101,P,01,LU,7062,1984-05-31T00:00:00Z,NA
12009,129629,53467,184748,1651361,QUAD/GRAPHICS INC,QUAD,747301109,P,01,LC,53467,2010-07-06T00:00:00Z,NA
12011,129679,53468,184673,1653111,REALD INC,RLD,75604L105,P,01,LC,53468,2010-07-16T00:00:00Z,2016-03-31T00:00:00Z
12026,129694,53476,184603,1653112,QLIK TECHNOLOGIES INC,QLIK,74733T105,P,01,LC,53476,2010-07-16T00:00:00Z,2016-08-31T00:00:00Z
12027,129677,53477,182331,1652839,SMART TECHNOLOGIES INC,SMT,83172R207,P,01,LC,53477,2010-07-15T00:00:00Z,2016-09-30T00:00:00Z
12036,3524,20773,004941,12886,GATX CORP,GATX,361448103,P,01,LC,20773,1962-01-31T00:00:00Z,NA
12036,3524,20773,004941,12886,GATX CORP,GATX,361448103,C,00X,LC,20773,1950-01-01T00:00:00Z,1962-01-30T00:00:00Z
12051,129749,53484,184676,1656526,INTRALINKS HOLDINGS INC,IL,46118H104,P,01,LC,53484,2010-08-06T00:00:00Z,2017-01-31T00:00:00Z
12052,3596,20791,005046,12984,GENERAL DYNAMICS CORP,GD,369550108,C,00X,LC,20791,1954-01-01T00:00:00Z,1962-01-30T00:00:00Z
12052,3596,20791,005046,12984,GENERAL DYNAMICS CORP,GD,369550108,P,01,LC,20791,1962-01-31T00:00:00Z,NA
12060,3597,20792,005047,12986,GE AEROSPACE,GE,369604301,P,01,LC,20792,1962-01-31T00:00:00Z,NA
12060,3597,20792,005047,12986,GE AEROSPACE,GE,369604301,C,00X,LC,20792,1950-01-01T00:00:00Z,1962-01-30T00:00:00Z
12062,55442,9848,014960,18319,LABCORP HOLDINGS INC,LH,504922105,P,01,LC,9848,1988-07-07T00:00:00Z,NA
12068,18341,7067,017095,23049,OLD NATIONAL BANCORP,ONB,680033107,P,01,LU,7067,1987-01-30T00:00:00Z,NA
12068,18341,7067,017095,23049,OLD NATIONAL BANCORP,ONB,680033107,C,00X,LU,7067,1987-01-01T00:00:00Z,1987-01-29T00:00:00Z
12070,129810,53488,185453,1659429,WHITESTONE REIT,WSR,966084204,P,01,LC,53488,2010-08-26T00:00:00Z,NA
12073,56474,9847,016245,1013530,PEOPLE'S UNITED FINL INC,PBCT,712704105,P,01,LC,9847,1988-07-06T00:00:00Z,2022-04-29T00:00:00Z
12076,56654,9857,015520,1142586,SIGNET JEWELERS LTD,SIG,G81276100,P,01,LC,9857,2008-09-11T00:00:00Z,NA
12084,129751,53494,184725,1656513,NXP SEMICONDUCTORS NV,NXPI,N6596X109,P,01,LC,53494,2010-08-06T00:00:00Z,NA
12088,121943,53496,176375,1692512,PARK STERLING CORP,PSTB,70086Y105,P,01,LC,53496,2010-08-13T00:00:00Z,2017-11-30T00:00:00Z
12089,129768,53497,184797,1657354,REALPAGE INC,RP,75606N109,P,01,LC,53497,2010-08-12T00:00:00Z,2021-04-30T00:00:00Z
12093,130028,53500,185177,1663616,CORESITE REALTY CORP,COR.4,21870Q105,P,01,LC,53500,2010-09-23T00:00:00Z,2021-12-31T00:00:00Z
12149,56394,9879,014597,7355,JUNIPER PHARMACEUTICALS INC,JNP,48203L107,P,01,LC,9879,1988-07-28T00:00:00Z,2018-08-31T00:00:00Z
12175,3805,20846,005313,14037,GREAT NORTHERN IRON ORE PPTY,GNI,391064102,P,01,LC,20846,1976-01-30T00:00:00Z,2015-04-07T00:00:00Z
12209,57023,10059,015087,18862,LIFEWAY FOODS INC,LWAY,531914109,P,01,LU,10059,1988-12-29T00:00:00Z,NA
12211,57224,9971,014954,18922,LINDSAY CORP,LNN,535555106,P,01,LU,9971,1988-10-12T00:00:00Z,NA
12217,47443,8268,012236,20014,MEASUREMENT SPECIALTIES INC,MEAS,583421102,C,01,LC,8268,1988-09-28T00:00:00Z,NA
12226,133890,9977,014891,20663,MGP INGREDIENTS INC,MGPI,55303J106,P,01,LC,9977,1988-10-20T00:00:00Z,NA
12248,54606,9898,014616,25298,PROVIDENCE AND WORCESTER RR,PWX,743737108,C,01,LU,9898,1988-08-10T00:00:00Z,2016-11-30T00:00:00Z
12266,35265,9899,014603,24165,AVID BIOSERVICES INC,CDMO,05368M106,C,01,LC,9899,1988-08-11T00:00:00Z,NA
12308,98675,17322,126136,6513,CHARTER COMMUNICATIONS INC,CHTR,16119P108,P,03,LC,17322,2010-09-14T00:00:00Z,NA
12308,98675,17322,126136,1661731,CHARTER COMMUNICATIONS INC,CHTR,16119P108,P,03,LC,17322,2010-09-14T00:00:00Z,NA
12312,130029,17401,126600,1663941,SCIQUEST INC,SQI,80908T101,P,02,LC,53514,2010-09-24T00:00:00Z,2016-07-29T00:00:00Z
12312,130029,17401,126600,2497663,SCIQUEST INC,SQI,80908T101,P,02,LC,53514,2010-09-24T00:00:00Z,2016-07-29T00:00:00Z
12312,130029,53514,126600,1663941,SCIQUEST INC,SQI,80908T101,P,02,LC,53514,2010-09-24T00:00:00Z,2016-07-29T00:00:00Z
12332,111145,53523,107781,741619,HUDBAY MINERALS INC,HBM,443628102,P,01,LC,53523,2010-10-25T00:00:00Z,NA
12340,130174,53528,184785,1667608,TOWER INTERNATIONAL INC,TOWR,891826109,P,01,LC,53528,2010-10-15T00:00:00Z,2019-09-30T00:00:00Z
12345,130158,53531,294524,1667126,LYONDELLBASELL INDUSTRIES NV,LYB,N53745100,C,01,LC,53531,2010-10-14T00:00:00Z,NA
12347,130202,53532,177313,1669156,AEGERION PHARMACEUTICALS INC,AEGR,00767E102,P,01,LC,53532,2010-10-22T00:00:00Z,2016-11-30T00:00:00Z
12348,130198,53533,185194,1668860,BRAVO BRIO RESTAURANT GP INC,BBRG,10567B109,P,01,LC,53533,2010-10-21T00:00:00Z,2018-05-31T00:00:00Z
12356,130100,53540,185119,1665220,KEYW HOLDING CORP,KEYW,493723100,P,01,LC,53540,2010-10-01T00:00:00Z,2019-06-28T00:00:00Z
12358,128109,53542,152109,1665918,BIMI INTERNATIONAL MEDCL INC,BIMI,05552Q301,P,01,LC,53542,2010-10-04T00:00:00Z,2024-08-21T00:00:00Z
12360,130212,53544,185419,1670028,PACIFIC BIOSCIENCES OF CALIF,PACB,69404D108,P,01,LC,53544,2010-10-27T00:00:00Z,NA
12363,130199,53546,185195,1668844,VERA BRADLEY INC,VRA,92335C106,P,01,LC,53546,2010-10-21T00:00:00Z,NA
12366,130440,53550,185881,1672856,BOOZ ALLEN HAMILTON HLDG CP,BAH,099502106,P,01,LC,53550,2010-11-17T00:00:00Z,NA
12369,130246,20799,005073,13005,GENERAL MOTORS CO,GM,37045V100,P,19,LC,53554,2010-11-18T00:00:00Z,NA
12369,130246,20799,005073,1554402,GENERAL MOTORS CO,GM,37045V100,P,19,LC,53554,2010-11-18T00:00:00Z,NA
12369,130246,20799,005073,1673114,GENERAL MOTORS CO,GM,37045V100,P,19,LC,53554,2010-11-18T00:00:00Z,NA
12369,130246,53554,005073,1673114,GENERAL MOTORS CO,GM,37045V100,P,19,LC,53554,2010-11-18T00:00:00Z,NA
12373,130288,53556,185797,1671577,HOWARD HUGHES HOLDINGS INC,HHH,44267T102,P,01,LC,53556,2010-11-10T00:00:00Z,NA
12374,130373,53557,185112,1672171,INPHI CORP,IPHI,45772F107,P,01,LC,53557,2010-11-11T00:00:00Z,2021-04-30T00:00:00Z
12380,112350,53561,116166,1670900,REPOSITRAK INC,TRAK,700215304,C,01,LC,53561,2010-11-02T00:00:00Z,NA
12384,130386,53563,184035,1672225,SEMGROUP CORP,SEMG,81663A105,P,01,LC,53563,2010-11-11T00:00:00Z,2019-12-31T00:00:00Z
12392,130451,53570,179438,1674049,ANACOR PHARMACEUTICALS INC,ANAC.1,032420101,P,01,LC,53570,2010-11-24T00:00:00Z,2016-06-30T00:00:00Z
12399,122216,53575,178774,1071064,IMRIS INC,IMRSQ,45322N105,C,01,LC,53575,2010-11-19T00:00:00Z,NA
12400,130452,53576,178519,1040468,LPL FINANCIAL HOLDINGS INC,LPLA,50212V100,P,01,LC,53576,2010-11-18T00:00:00Z,NA
12400,130452,53576,178519,1673122,LPL FINANCIAL HOLDINGS INC,LPLA,50212V100,P,01,LC,53576,2010-11-18T00:00:00Z,NA
12402,130260,53578,184526,1671123,PRIMO WATER CORP -OLD,PRMW.1,74165N105,P,01,LC,53578,2010-11-05T00:00:00Z,2020-03-31T00:00:00Z
12406,130227,53581,185827,1670714,SP BANCORP INC,SPBC.2,78468K106,P,01,LC,53581,2010-11-01T00:00:00Z,2014-10-31T00:00:00Z
12410,130261,53583,184807,1671132,FRESH MARKET INC,TFM.1,35804H106,P,01,LC,53583,2010-11-05T00:00:00Z,2016-04-29T00:00:00Z
12411,118991,53584,062475,1064121,ARBUTUS BIOPHARMA CORP,ABUS,03879J100,P,01,LC,53584,2010-11-15T00:00:00Z,NA
12413,130453,53585,179686,1673821,ZOGENIX INC,ZGNX,98978L204,P,01,LC,53585,2010-11-23T00:00:00Z,2022-03-31T00:00:00Z
12431,4370,20977,005959,16041,TRANE TECHNOLOGIES PLC,TT,G8994E103,P,01,LC,20977,1962-01-31T00:00:00Z,NA
12431,4370,20977,005959,16041,TRANE TECHNOLOGIES PLC,TT,G8994E103,C,00X,LC,20977,1950-01-01T00:00:00Z,1962-01-30T00:00:00Z
12437,122127,20325,002337,4900,RESOLUTE FOREST PRODUCTS INC,RFP,76117W109,P,05,LC,20325,2010-12-20T00:00:00Z,2023-03-31T00:00:00Z
12437,122127,20325,002337,1011055,RESOLUTE FOREST PRODUCTS INC,RFP,76117W109,P,05,LC,20325,2010-12-20T00:00:00Z,2023-03-31T00:00:00Z
12437,122127,20325,002337,1676306,RESOLUTE FOREST PRODUCTS INC,RFP,76117W109,P,05,LC,20325,2010-12-20T00:00:00Z,2023-03-31T00:00:00Z
12447,69090,53608,108768,1203976,FIRST MAJESTIC SILVER CORP,AG,32076V103,P,01,LC,53608,2010-12-15T00:00:00Z,NA
12448,130664,8523,014275,1676104,FIRST REPUBLIC BANK,FRCB,33616C100,P,04,LC,53609,2010-12-09T00:00:00Z,NA
12448,130664,53609,014275,1676104,FIRST REPUBLIC BANK,FRCB,33616C100,P,04,LC,53609,2010-12-09T00:00:00Z,NA
12449,130780,53610,184700,1677118,CORPAY INC,CPAY,219948106,P,01,LC,53610,2010-12-15T00:00:00Z,NA
12451,130842,53612,183528,1677109,GAIN CAPITAL HOLDINGS INC,GCAP,36268W100,P,01,LC,53612,2010-12-15T00:00:00Z,2020-07-31T00:00:00Z
12452,122145,53613,174428,1678301,INFUSYSTEM HOLDINGS INC,INFU,45685K102,P,01,LC,53613,2010-12-23T00:00:00Z,NA
12473,144388,13394,030861,18025,KNIGHT-SWIFT TRPTN HLDGS INC,KNX,499049104,P,01,LC,53620,2017-09-11T00:00:00Z,NA
12473,144388,13394,030861,1677470,KNIGHT-SWIFT TRPTN HLDGS INC,KNX,499049104,P,01,LC,53620,2017-09-11T00:00:00Z,NA
12473,144388,53620,030861,1677470,KNIGHT-SWIFT TRPTN HLDGS INC,KNX,499049104,P,01,LC,53620,2017-09-11T00:00:00Z,NA
12476,130583,53621,185532,1676064,TARGA RESOURCES CORP,TRGP,87612G101,P,01,LC,53621,2010-12-07T00:00:00Z,NA
12477,130747,53622,185370,1677099,WALKER & DUNLOP INC,WD,93148P102,P,01,LC,53622,2010-12-15T00:00:00Z,NA
12485,127022,53627,181445,2177450,6D GLOBAL TECHNOLOGIES,SIXD.1,83002F100,C,01,LC,53627,2014-12-12T00:00:00Z,2015-09-10T00:00:00Z
12485,127022,53627,181445,2177450,6D GLOBAL TECHNOLOGIES,SIXD.1,83002F100,C,01,LC,53627,2010-12-15T00:00:00Z,2011-03-01T00:00:00Z
12486,2638,27382,004130,1678345,DYNASIL CORP OF AMERICA,DYSL,268102209,C,01,LC,27382,2010-12-17T00:00:00Z,NA
12490,4427,20990,006066,16506,INTL BUSINESS MACHINES CORP,IBM,459200101,P,01,LC,20990,1962-01-31T00:00:00Z,NA
12490,4427,20990,006066,16506,INTL BUSINESS MACHINES CORP,IBM,459200101,C,00X,LC,20990,1950-01-01T00:00:00Z,1962-01-30T00:00:00Z
12493,91385,15632,065226,25472,QAD INC,QADA,74727D306,P,02,LC,15632,2012-03-01T00:00:00Z,2021-11-30T00:00:00Z
12493,91385,15632,065226,25472,QAD INC,QADA,74727D306,J,02,LC,15632,2010-12-16T00:00:00Z,2012-02-29T00:00:00Z
12494,130824,53632,185921,1677104,RIGNET INC,RNET,766582100,P,01,LC,53632,2010-12-15T00:00:00Z,2021-05-28T00:00:00Z
12496,121355,53634,147349,1685856,UNI-PIXEL INC,UNXLQ,904572203,P,01,LC,53634,2010-12-10T00:00:00Z,2024-03-28T00:00:00Z
12501,111292,46153,148217,375187,FAIRPOINT COMMUNICATIONS INC,FRP,305560302,P,03,LC,46153,2011-01-25T00:00:00Z,2017-07-31T00:00:00Z
12501,111292,46153,148217,1684366,FAIRPOINT COMMUNICATIONS INC,FRP,305560302,P,03,LC,46153,2011-01-25T00:00:00Z,2017-07-31T00:00:00Z
12503,4441,21265,006081,21684,NAVISTAR INTERNATIONAL CORP,NAV,63934E108,P,01,LC,21265,2008-06-30T00:00:00Z,2021-07-30T00:00:00Z
12503,4441,21265,006081,21684,NAVISTAR INTERNATIONAL CORP,NAV,63934E108,P,01,LC,21265,1962-01-31T00:00:00Z,2007-02-13T00:00:00Z
12503,4441,21265,006081,21684,NAVISTAR INTERNATIONAL CORP,NAV,63934E108,C,00X,LC,21265,1949-11-01T00:00:00Z,1962-01-30T00:00:00Z
12503,4441,21265,006081,3416717,NAVISTAR INTERNATIONAL CORP,NAV,63934E108,P,01,LC,21265,2008-06-30T00:00:00Z,2021-07-30T00:00:00Z
12503,4441,21265,006081,3416717,NAVISTAR INTERNATIONAL CORP,NAV,63934E108,P,01,LC,21265,1962-01-31T00:00:00Z,2007-02-13T00:00:00Z
12503,4441,21265,006081,3416717,NAVISTAR INTERNATIONAL CORP,NAV,63934E108,C,00X,LC,21265,1949-11-01T00:00:00Z,1962-01-30T00:00:00Z
12513,131018,53645,185549,1681904,AMERICAN ASSETS TRUST INC,AAT,024013104,P,01,LC,53645,2011-01-13T00:00:00Z,NA
12521,131047,53649,185703,1684312,LEAF GROUP LTD,LEAF,52177G102,P,01,LC,53649,2011-01-26T00:00:00Z,2021-06-30T00:00:00Z
12542,131058,53656,100873,1684303,NIELSEN HOLDINGS PLC,NLSN,G6518L108,P,03,LC,53656,2011-01-26T00:00:00Z,2022-10-31T00:00:00Z
12558,131150,21029,006310,17922,KINDER MORGAN INC,KMI,49456B101,P,04,LC,53667,2011-02-11T00:00:00Z,NA
12558,131150,21029,006310,1687673,KINDER MORGAN INC,KMI,49456B101,P,04,LC,53667,2011-02-11T00:00:00Z,NA
12558,131150,53667,006310,1687673,KINDER MORGAN INC,KMI,49456B101,P,04,LC,53667,2011-02-11T00:00:00Z,NA
12559,131108,53668,184702,1685814,NEOPHOTONICS CORP,NPTN,64051T100,P,01,LC,53668,2011-02-02T00:00:00Z,2022-08-31T00:00:00Z
12566,131149,53670,185396,1687120,SUMMIT HOTEL PROPERTIES INC,INN,866082100,P,01,LC,53670,2011-02-09T00:00:00Z,NA
12569,113807,53671,174280,874922,WESTERN COPPER AND GOLD CORP,WRN,95805V108,P,01,LC,53671,2011-02-09T00:00:00Z,NA
12570,4465,20964,005860,17153,ITT INC,ITT,45073V108,P,01,LC,20964,1962-01-31T00:00:00Z,NA
12570,4465,20964,005860,17153,ITT INC,ITT,45073V108,C,00X,LC,20964,1950-01-01T00:00:00Z,1962-01-30T00:00:00Z
12573,131129,53673,185908,1687678,TALPHERA INC,TLPH,00444T209,P,01,LC,53673,2011-02-11T00:00:00Z,NA
12574,130823,53674,178972,1686589,BG MEDICINE INC,BGMD,08861T206,C,01,LC,53674,2011-02-04T00:00:00Z,NA
12575,131119,53675,185428,1686569,ENDOCYTE INC,ECYT,29269A102,P,01,LC,53675,2011-02-04T00:00:00Z,2018-12-31T00:00:00Z
12577,126770,53677,179840,1687395,STANDARD BIOTOOLS INC,LAB,34385P108,P,01,LC,53677,2011-02-10T00:00:00Z,NA
12582,106217,53681,122777,572261,POINTS.COM INC,PCOM,73085G109,P,01,LC,53681,2011-02-10T00:00:00Z,2022-07-05T00:00:00Z
12583,131096,53682,185836,1686117,PACIRA BIOSCIENCES INC,PCRX,695127100,P,01,LC,53682,2011-02-03T00:00:00Z,NA
12585,69240,53684,186994,737584,SWISHER HYGIENE INC,SWSH,870808300,P,01,LC,53684,2011-02-02T00:00:00Z,2016-05-31T00:00:00Z
12587,131120,41822,143421,33771,WRIGHT MEDICAL GROUP NV,WMGI,N96617118,P,01,LC,53686,2015-10-02T00:00:00Z,2020-11-30T00:00:00Z
12588,97708,16549,120824,31952,U S CONCRETE INC,USCR,90333L201,P,02,LC,16549,2011-02-01T00:00:00Z,2021-08-31T00:00:00Z
12588,97708,16549,120824,1685255,U S CONCRETE INC,USCR,90333L201,P,02,LC,16549,2011-02-01T00:00:00Z,2021-08-31T00:00:00Z
12591,131553,53688,184254,1695757,APOLLO GLOBAL MGMT INC,APO,03769M106,P,01,LC,53688,2011-03-30T00:00:00Z,NA
12615,125803,53694,287462,1694747,FUTUREFUEL CORP,FF,36116M106,P,01,LC,53694,2011-03-23T00:00:00Z,NA
12622,131265,10604,022260,14461,HCA HEALTHCARE INC,HCA,40412C101,P,04,LC,53696,2011-03-10T00:00:00Z,NA
12622,131265,10604,022260,889208,HCA HEALTHCARE INC,HCA,40412C101,P,04,LC,53696,2011-03-10T00:00:00Z,NA
12622,131265,10604,022260,1692837,HCA HEALTHCARE INC,HCA,40412C101,P,04,LC,53696,2011-03-10T00:00:00Z,NA
12622,131265,53696,022260,14461,HCA HEALTHCARE INC,HCA,40412C101,P,04,LC,53696,2011-03-10T00:00:00Z,NA
12622,131265,53696,022260,1692837,HCA HEALTHCARE INC,HCA,40412C101,P,04,LC,53696,2011-03-10T00:00:00Z,NA
12623,131300,53697,186310,1694757,HUNTINGTON INGALLS IND INC,HII,446413106,P,01,LC,53697,2011-03-31T00:00:00Z,NA
12639,131290,53702,185646,1693804,CORNERSTONE ONDEMAND INC,CSOD,21925Y103,P,01,LC,53702,2011-03-17T00:00:00Z,2021-10-29T00:00:00Z
12640,131514,53704,186129,1695152,SERVICESOURCE INTL INC,SREV,81763U100,P,01,LC,53704,2011-03-25T00:00:00Z,2022-07-29T00:00:00Z
12641,131907,53705,186278,1698818,AIR LEASE CORP,AL,00912X302,P,01,LC,53705,2011-04-19T00:00:00Z,NA
12644,131719,53706,186139,1697428,CVR PARTNERS LP,UAN,126633205,P,01,LC,53706,2011-04-08T00:00:00Z,NA
12645,131802,53707,186955,1699093,ELLIE MAE INC,ELLI,28849P100,P,01,LC,53707,2011-04-15T00:00:00Z,2019-04-30T00:00:00Z
12650,4651,21033,006335,17690,KANSAS CITY SOUTHERN,KSU,485170302,P,01,LC,21033,1963-01-31T00:00:00Z,2021-12-31T00:00:00Z
12650,4651,21033,006335,17690,KANSAS CITY SOUTHERN,KSU,485170302,C,00X,LC,21033,1963-01-01T00:00:00Z,1963-01-30T00:00:00Z
12660,131617,53710,185645,1696103,GNC HOLDINGS INC,GNCIQ,36191G107,P,01,LC,53710,2011-04-01T00:00:00Z,2020-10-31T00:00:00Z
12663,98857,53712,148631,1546798,LONCOR GOLD INC,LONCF,54180A106,C,01,LC,53712,2011-04-27T00:00:00Z,2014-04-24T00:00:00Z
12668,130723,53714,185345,1696099,PREFERRED APARTMENT CMNTYS,APTS,74039L103,P,01,LC,53714,2011-04-01T00:00:00Z,2022-06-30T00:00:00Z
12681,131837,53717,185339,1698619,STAG INDUSTRIAL INC,STAG,85254J102,P,01,LC,53717,2011-04-15T00:00:00Z,NA
12695,131971,53728,186045,1699071,SAGENT PHARMACEUTICALS INC,SGNT,786692103,P,01,LC,53728,2011-04-20T00:00:00Z,2016-08-29T00:00:00Z
12698,131468,53731,018350,1696286,OCERA THERAPEUTICS INC,OCRX,67552A108,P,01,LC,53731,2013-07-16T00:00:00Z,2017-12-29T00:00:00Z
12745,132086,53753,186501,1701962,NGL ENERGY PARTNERS LP,NGL,62913M107,P,01,LC,53753,2011-05-12T00:00:00Z,NA
12756,132067,53759,186363,1701785,RLJ LODGING TRUST,RLJ,74965L101,P,01,LC,53759,2011-05-11T00:00:00Z,NA
12781,4825,21080,006547,18343,SPIRE INC,SR,84857L101,P,01,LC,21080,1962-01-31T00:00:00Z,NA
12781,4825,21080,006547,18343,SPIRE INC,SR,84857L101,C,00X,LC,21080,1950-10-01T00:00:00Z,1962-01-30T00:00:00Z
12783,132030,53763,186360,1700986,THERMON GROUP HOLDINGS INC,THR,88362T103,P,01,LC,53763,2011-05-05T00:00:00Z,NA
12785,132013,5981,017266,31849,UNIVERSAL AMERICAN CORP,UAM,91338E101,P,01,LC,53766,2011-05-02T00:00:00Z,2017-05-01T00:00:00Z
12785,132013,53766,017266,31849,UNIVERSAL AMERICAN CORP,UAM,91338E101,P,01,LC,53766,2011-05-02T00:00:00Z,2017-05-01T00:00:00Z
12792,132100,53773,187215,1702126,GLOBAL EAGLE ENTERTAINMENT,GEENQ,37951D300,P,02,LC,53773,2011-05-27T00:00:00Z,2021-03-31T00:00:00Z
12796,132182,53776,185624,1703877,SPIRIT AIRLINES INC,SAVEQ,848577102,P,01,LC,53776,2011-05-31T00:00:00Z,NA
12797,132207,53777,186715,1703878,TERRAVIA HOLDINGS INC,TVIAQ,88105A106,P,01,LC,53777,2011-05-27T00:00:00Z,2018-01-31T00:00:00Z
12798,132039,53779,186288,1700873,BOINGO WIRELESS INC,WIFI,09739C102,P,01,LC,53779,2011-05-04T00:00:00Z,2021-06-30T00:00:00Z
12871,132275,53823,181745,1706481,CSI COMPRESSCO LP,CCLP,12637A103,P,01,LC,53823,2011-06-15T00:00:00Z,2024-04-30T00:00:00Z
12872,132318,53810,186989,1710040,MARATHON PETROLEUM CORP,MPC,56585A102,P,01,LC,53810,2011-06-23T00:00:00Z,NA
12873,132269,53811,186520,1706477,PANDORA MEDIA INC,P,698354107,P,01,LC,53811,2011-06-15T00:00:00Z,2019-01-31T00:00:00Z
12877,90453,15120,063952,25076,INNOVATE CORP,VATE,45784J303,P,05,LC,15120,2014-12-29T00:00:00Z,NA
12877,90453,15120,063952,25076,INNOVATE CORP,VATE,45784J303,P,05,LC,15120,2011-06-23T00:00:00Z,2014-04-13T00:00:00Z
12877,90453,15120,063952,1708241,INNOVATE CORP,VATE,45784J303,P,05,LC,15120,2014-12-29T00:00:00Z,NA
12877,90453,15120,063952,1708241,INNOVATE CORP,VATE,45784J303,P,05,LC,15120,2011-06-23T00:00:00Z,2014-04-13T00:00:00Z
12877,90453,15120,063952,2202435,INNOVATE CORP,VATE,45784J303,P,05,LC,15120,2014-12-29T00:00:00Z,NA
12877,90453,15120,063952,2202435,INNOVATE CORP,VATE,45784J303,P,05,LC,15120,2011-06-23T00:00:00Z,2014-04-13T00:00:00Z
12880,132286,53816,187406,1710266,AMC NETWORKS INC,AMCX,00164V103,P,01,LC,53816,2011-06-16T00:00:00Z,NA
12881,121840,53817,164099,1708788,API TECHNOLOGIES CORP,ATNY,00187E203,P,01,LC,53817,2011-06-27T00:00:00Z,2016-04-29T00:00:00Z
12883,129469,53819,185083,1709579,CRUMBS BAKE SHOP INC,CRMBQ,228803102,C,01,LC,53819,2011-06-30T00:00:00Z,NA
12885,132317,53821,187483,1914795,FIDUS INVESTMENT CORP,FDUS,316500107,P,01,LC,53821,2011-06-21T00:00:00Z,NA
12891,94553,53826,128121,33485,QUARTERHILL INC,QTRHF,747713105,P,01,LC,53826,2011-06-01T00:00:00Z,NA
12892,132483,53827,033700,1714749,AMERICAN MIDSTREAM PTNRS LP,AMID.2,02752P100,P,01,LC,53827,2018-06-01T00:00:00Z,2019-07-31T00:00:00Z
12892,132483,53827,033700,1714749,AMERICAN MIDSTREAM PTNRS LP,AMID.2,02752P100,C,01,LC,53827,2017-03-31T00:00:00Z,2018-05-31T00:00:00Z
12893,132455,53828,186743,1713938,APOLLO RESIDENTIAL MTG INC,AMTG,03763V102,P,01,LC,53828,2011-07-22T00:00:00Z,2016-09-30T00:00:00Z
12903,119810,53835,160214,1713050,SARATOGA RESOURCES INC,SARA,803521103,C,01,LC,53835,2011-07-20T00:00:00Z,2015-06-18T00:00:00Z
12905,132448,53836,186773,1713614,SUNCOKE ENERGY INC,SXC,86722A103,P,01,LC,53836,2011-07-21T00:00:00Z,NA
12906,122328,53837,178870,1714444,SRC ENERGY INC,SRCI,78470V108,P,01,LC,53837,2011-07-27T00:00:00Z,2020-01-31T00:00:00Z
12908,132486,53840,187714,1715265,WESCO AIRCRAFT HOLDINGS INC,WAIR,950814103,P,01,LC,53840,2011-07-28T00:00:00Z,2020-01-31T00:00:00Z
12913,132500,53842,186960,1715277,CHEFS' WAREHOUSE INC,CHEF,163086101,P,01,LC,53842,2011-07-28T00:00:00Z,NA
12914,132490,53843,174222,1714415,DUNKIN' BRANDS GROUP INC,DNKN,265504100,P,01,LC,53843,2011-07-27T00:00:00Z,2020-12-31T00:00:00Z
12916,132387,53845,185980,1710511,HAWAIIAN TELCOM HOLDCO INC,HCOM.1,420031106,P,01,LC,53845,2011-07-06T00:00:00Z,2018-07-31T00:00:00Z
12920,132402,53847,187596,1711459,IF BANCORP INC,IROQ,44951J105,P,01,LC,53847,2011-07-08T00:00:00Z,NA
12922,132450,53851,186345,1713331,SKULLCANDY INC,SKUL,83083J104,P,01,LC,53851,2011-07-20T00:00:00Z,2016-10-31T00:00:00Z
12924,132491,53852,184715,1714754,TANGOE INC,TNGO,87582Y108,P,01,LC,53852,2011-07-27T00:00:00Z,2017-07-31T00:00:00Z
12959,116301,53867,105346,1715824,AMBIENT CORP,AMBTQ,02318N201,P,01,LC,53867,2011-08-03T00:00:00Z,2018-06-29T00:00:00Z
12960,132557,53868,187434,1717938,CARBONITE INC,CARB.2,141337105,P,01,LC,53868,2011-08-11T00:00:00Z,2019-12-31T00:00:00Z
12971,131978,53778,186158,1701598,JETPAY CORP,JTPY,477177109,P,02,LC,53778,2011-08-10T00:00:00Z,2018-12-31T00:00:00Z
12981,132757,53876,188255,1726944,FORTUNE BRANDS INNOVATNS INC,FBIN,34964C106,P,01,LC,53876,2011-10-04T00:00:00Z,NA
12994,122673,53879,178997,1017155,FRANCO-NEVADA CORP,FNV,351858105,P,01,LC,53879,2011-09-08T00:00:00Z,NA
13003,132666,53881,186783,1722356,VEREIT INC,VER,92339V308,P,01,LC,53881,2011-09-07T00:00:00Z,2021-11-30T00:00:00Z
13006,53792,53882,029855,1723637,FARMERS NATL BANC CORP/OH,FMNB,309627107,P,01,LC,53882,2011-09-15T00:00:00Z,NA
13007,24205,53883,066210,1722364,LCNB CORP,LCNB,50181P100,P,01,LC,53883,2011-09-08T00:00:00Z,NA
13008,132723,4388,032280,1725368,STARZ,STRZA,85571Q102,P,01,LC,53884,2011-09-26T00:00:00Z,2016-12-30T00:00:00Z
13008,132723,41998,032280,1725368,STARZ,STRZA,85571Q102,P,01,LC,53884,2011-09-26T00:00:00Z,2016-12-30T00:00:00Z
13008,132723,53884,032280,1725368,STARZ,STRZA,85571Q102,P,01,LC,53884,2011-09-26T00:00:00Z,2016-12-30T00:00:00Z
13015,111132,53887,163692,490172,STUDENT TRANSPORTATION INC,STB,86388A108,P,01,LC,53887,2011-09-06T00:00:00Z,2018-05-31T00:00:00Z
13018,132996,53890,189490,1731105,EXELIS INC,XLS,30162A108,C,01,LC,53890,2011-11-01T00:00:00Z,2015-05-28T00:00:00Z
13019,133007,53892,190590,1731142,GENIE ENERGY LTD,GNE,372284208,P,01,LC,53892,2011-10-31T00:00:00Z,NA
13035,132995,53896,189491,1731107,XYLEM INC,XYL,98419M100,P,01,LC,53896,2011-11-01T00:00:00Z,NA
13036,132785,53897,190567,1731590,ASB BANCORP INC,ASBB,00213T109,P,01,LC,53897,2011-10-12T00:00:00Z,2017-09-30T00:00:00Z
13038,106007,53899,118183,1696478,BURCON NUTRASCIENCE CORP,BRCNF,120831102,P,01,LC,53899,2021-05-25T00:00:00Z,NA
13038,106007,53899,118183,1696478,BURCON NUTRASCIENCE CORP,BRCNF,120831102,P,01,LC,53899,2011-10-27T00:00:00Z,2018-04-26T00:00:00Z
13041,132881,53900,190959,1731125,LUMOS NETWORKS CORP,LMOS,550283105,P,01,LC,53900,2011-11-01T00:00:00Z,2017-11-16T00:00:00Z
13046,132796,53901,187462,1729162,UBIQUITI INC,UI,90353W103,P,01,LC,53901,2011-10-14T00:00:00Z,NA
13049,132821,53902,187653,1729849,ZELTIQ AESTHETICS INC,ZLTQ,98933Q108,P,01,LC,53902,2011-10-19T00:00:00Z,2017-04-30T00:00:00Z
13080,133119,53919,187490,1732906,IMPERVA INC,IMPV,45321L100,P,01,LC,53919,2011-11-09T00:00:00Z,2019-01-31T00:00:00Z
13081,132546,53920,185180,1734860,INVENSENSE INC,INVN.2,46123D205,P,01,LC,53920,2011-11-16T00:00:00Z,2017-05-31T00:00:00Z
13083,133204,53921,187167,1733531,LRR ENERGY LP,LRE.2,50214A104,P,01,LC,53921,2011-11-30T00:00:00Z,2015-10-30T00:00:00Z
13084,133302,53922,189567,1735224,MANNING & NAPIER INC,MN,56382Q102,P,01,LC,53922,2011-11-18T00:00:00Z,2022-10-31T00:00:00Z
13085,133087,53923,191255,1732905,MARRIOTT VACATIONS WORLDWIDE,VAC,57164Y107,P,01,LC,53923,2011-11-22T00:00:00Z,NA
13103,133288,34988,118122,8936,APTIV PLC,APTV,G3265R107,P,04,LC,53927,2011-11-17T00:00:00Z,NA
13103,133288,53927,118122,1735209,APTIV PLC,APTV,G3265R107,P,04,LC,53927,2011-11-17T00:00:00Z,NA
13105,132994,53929,192255,1731564,ACADIA HEALTHCARE CO INC,ACHC,00404A109,P,01,LC,53929,2011-11-01T00:00:00Z,NA
13107,133297,53931,196055,1734864,CLOVIS ONCOLOGY INC,CLVSQ,189464100,P,01,LC,53931,2011-11-16T00:00:00Z,2023-07-31T00:00:00Z
13108,133086,53932,187363,1732178,GROUPON INC,GRPN,399473206,P,01,LC,53932,2011-11-04T00:00:00Z,NA
13109,133370,53933,187722,1735233,INTERMOLECULAR INC,IMI,45882D109,P,01,LC,53933,2011-11-18T00:00:00Z,2019-09-30T00:00:00Z
13110,133371,53934,161036,1735552,MATTRESS FIRM HOLDING CORP,MFRM.1,57722W106,P,01,LC,53934,2011-11-18T00:00:00Z,2016-09-30T00:00:00Z
13111,133178,53935,036333,1733549,LUMOS PHARMA INC,LUMO,55028X109,P,01,LC,53935,2020-03-19T00:00:00Z,2024-12-31T00:00:00Z
13112,133286,21296,260408,1734179,NORTEK INC,NTK,656559309,P,02,LC,21296,2011-11-15T00:00:00Z,2016-08-31T00:00:00Z
13113,127172,53936,186061,1731572,LILIS ENERGY INC,LLEXQ,532403201,P,01,LC,53936,2017-03-14T00:00:00Z,2020-12-07T00:00:00Z
13113,127172,53936,186061,1731572,LILIS ENERGY INC,LLEXQ,532403201,P,01,LC,53936,2011-11-02T00:00:00Z,2016-05-25T00:00:00Z
13113,127172,53936,186061,2632631,LILIS ENERGY INC,LLEXQ,532403201,P,01,LC,53936,2017-03-14T00:00:00Z,2020-12-07T00:00:00Z
13113,127172,53936,186061,2632631,LILIS ENERGY INC,LLEXQ,532403201,P,01,LC,53936,2011-11-02T00:00:00Z,2016-05-25T00:00:00Z
13116,133794,53938,187698,1742858,CIVITAS RESOURCES INC,CIVI,17888H103,P,01,LC,53938,2011-12-15T00:00:00Z,NA
13123,133775,52701,177124,1743276,CRESTWOOD MIDSTREAM PTNRS LP,CMLP,226378107,P,01,LC,53940,2013-10-08T00:00:00Z,2015-09-30T00:00:00Z
13123,133775,53940,177124,1743276,CRESTWOOD MIDSTREAM PTNRS LP,CMLP,226378107,P,01,LC,53940,2013-10-08T00:00:00Z,2015-09-30T00:00:00Z
13124,133773,53941,187961,1742907,VITAL ENGY INC,VTLE,516806205,P,01,LC,53941,2011-12-15T00:00:00Z,NA
13133,133659,53942,187814,1741449,ROSE ROCK MIDSTREAM LP,RRMS,777149105,P,01,LC,53942,2011-12-09T00:00:00Z,2016-09-30T00:00:00Z
13134,133958,3901,009256,1746473,ROUSE PROPERTIES INC,RSE,779287101,P,03,LC,53943,2012-01-13T00:00:00Z,2016-07-29T00:00:00Z
13134,133958,53943,009256,1746473,ROUSE PROPERTIES INC,RSE,779287101,P,03,LC,53943,2012-01-13T00:00:00Z,2016-07-29T00:00:00Z
13139,133774,53945,188663,1742808,SANCHEZ ENERGY CORP,SNECQ,79970Y105,P,01,LC,53945,2011-12-14T00:00:00Z,2019-01-24T00:00:00Z
13140,128357,53946,183806,1656815,TASMAN METALS LTD,TASIF,87652B103,P,01,LC,53946,2011-12-02T00:00:00Z,2016-08-31T00:00:00Z
13141,134144,53947,187128,1741489,WPX ENERGY INC,WPX,98212B103,P,01,LC,53947,2012-01-03T00:00:00Z,2021-01-29T00:00:00Z
13159,133291,53958,196269,1743836,FORTRESS BIOTECH INC,FBIO,34960Q307,P,01,LC,53958,2011-12-19T00:00:00Z,NA
13160,133792,53959,187969,1742364,JIVE SOFTWARE INC,JIVE.1,47760A108,P,01,LC,53959,2011-12-13T00:00:00Z,2017-06-30T00:00:00Z
13162,133802,53961,187810,1743240,MID-CON ENERGY PARTNERS -LP,MCEP,59560V208,P,01,LC,53961,2011-12-15T00:00:00Z,2021-01-29T00:00:00Z
13168,133678,53964,199356,1744572,TRIPADVISOR INC,TRIP,896945201,P,01,LC,53964,2011-12-21T00:00:00Z,NA
13169,133811,53965,187576,1743287,ZYNGA INC,ZNGA,98986T108,P,01,LC,53965,2011-12-16T00:00:00Z,2022-05-31T00:00:00Z
13172,129393,53966,015637,1641445,BROOKFIELD CDA OFFICE PPTYS,BOXC,112823109,P,03,LC,53966,2012-01-09T00:00:00Z,2017-07-31T00:00:00Z
13181,134113,53970,190455,1792728,GUIDEWIRE SOFTWARE INC,GWRE,40171V100,P,01,LC,53970,2012-01-25T00:00:00Z,NA
13185,127999,53971,143403,1693338,JUST ENERGY GROUP INC,JENGQ,48213W408,P,01,LC,53971,2012-01-30T00:00:00Z,2021-03-22T00:00:00Z
13188,134185,53972,170527,1794428,POST HOLDINGS INC,POST,737446104,P,01,LC,53972,2012-02-06T00:00:00Z,NA
13196,133902,53975,162914,1749783,RADIANT LOGISTICS INC,RLGT,75025X100,P,01,LC,53975,2012-01-11T00:00:00Z,NA
13198,128756,53976,136844,1792492,BANK OF THE JAMES FINANCIAL,BOTJ,470299108,P,01,LC,53976,2012-01-25T00:00:00Z,NA
13201,134069,53977,187692,1790999,RENEWABLE ENERGY GROUP INC,REGI,75972A301,P,01,LC,53977,2012-01-19T00:00:00Z,2022-06-30T00:00:00Z
13202,134154,53978,194255,1795040,VERASTEM INC,VSTM,92337C203,P,01,LC,53978,2012-01-27T00:00:00Z,NA
13210,134194,53983,187697,1796199,EPAM SYSTEMS INC,EPAM,29414B104,P,01,LC,53983,2012-02-08T00:00:00Z,NA
13244,134168,53987,187812,1795026,MATADOR RESOURCES CO,MTDR,576485205,P,01,LC,53987,2012-02-02T00:00:00Z,NA
13249,134264,53988,187696,1800631,PROTO LABS INC,PRLB,743713109,P,01,LC,53988,2012-02-24T00:00:00Z,NA
13253,134157,53989,181989,1795035,U S SILICA HOLDINGS INC,SLCA,90346E103,P,01,LC,53989,2012-02-01T00:00:00Z,2024-08-30T00:00:00Z
13260,134260,53992,187959,1799407,BRIGHTCOVE INC,BCOV,10921T101,P,01,LC,53992,2012-02-17T00:00:00Z,NA
13261,134276,53993,188157,1800620,BAZAARVOICE INC,BV.1,073271108,P,01,LC,53993,2012-02-24T00:00:00Z,2018-02-28T00:00:00Z
13264,134210,53996,187285,1800214,CERES INC,CERE.1,156773400,P,01,LC,53996,2012-02-22T00:00:00Z,2016-08-31T00:00:00Z
13265,116851,53997,065675,1072372,ORBITAL INFRAS GROUP INC,OIGBQ,68559A208,C,01,LC,53997,2012-02-17T00:00:00Z,2023-12-08T00:00:00Z
13265,116851,53997,065675,1803216,ORBITAL INFRAS GROUP INC,OIGBQ,68559A208,C,01,LC,53997,2012-02-17T00:00:00Z,2023-12-08T00:00:00Z
13267,130465,26032,020423,14349,CAESARS ENTERTAINMENT CORP,CZR.3,127686103,P,02,LC,53998,2012-02-08T00:00:00Z,2020-07-31T00:00:00Z
13267,130465,26032,020423,1043798,CAESARS ENTERTAINMENT CORP,CZR.3,127686103,P,02,LC,53998,2012-02-08T00:00:00Z,2020-07-31T00:00:00Z
13267,130465,26032,020423,1796209,CAESARS ENTERTAINMENT CORP,CZR.3,127686103,P,02,LC,53998,2012-02-08T00:00:00Z,2020-07-31T00:00:00Z
13267,130465,53998,020423,1796209,CAESARS ENTERTAINMENT CORP,CZR.3,127686103,P,02,LC,53998,2012-02-08T00:00:00Z,2020-07-31T00:00:00Z
13278,133701,54001,187164,1797061,HOMESTREET INC,HMST,43785V102,P,01,LC,54001,2012-02-10T00:00:00Z,NA
13280,134216,54004,196355,1797081,SYNACOR INC,SYNC,871561106,P,01,LC,54004,2012-02-10T00:00:00Z,2021-04-30T00:00:00Z
13281,68740,54005,107757,1237760,ALDERON IRON ORE CORP,AXXDF,01434T100,C,01,LC,54005,2012-03-09T00:00:00Z,2015-10-23T00:00:00Z
13284,134337,54006,177966,1806302,ALLISON TRANSMISSION HLDGS,ALSN,01973R101,P,01,LC,54006,2012-03-15T00:00:00Z,NA
13292,134336,54008,187687,1806310,DEMANDWARE INC,DWRE,24802Y105,P,01,LC,54008,2012-03-15T00:00:00Z,2016-07-29T00:00:00Z
13298,134382,54011,170458,1809779,MILLENNIAL MEDIA INC,MM,60040N105,P,01,LC,54011,2012-03-29T00:00:00Z,2015-10-30T00:00:00Z
13303,5776,21245,007658,22295,NL INDUSTRIES,NL,629156407,P,02,LU,21245,1962-01-31T00:00:00Z,NA
13303,5776,21245,007658,22295,NL INDUSTRIES,NL,629156407,C,00X,LU,21245,1950-01-01T00:00:00Z,1962-01-30T00:00:00Z
13305,134381,54014,180474,1809776,ZURN ELKAY WATER SOLUTI CORP,ZWS,98983L108,P,01,LC,54014,2012-03-29T00:00:00Z,NA
13309,134309,54015,170375,1804722,SELECT INCOME REIT,SIR,81618T100,P,01,LC,54015,2012-03-07T00:00:00Z,2018-12-31T00:00:00Z
13316,134374,54018,187739,1809458,VOCERA COMMUNICATIONS INC,VCRA,92857F107,P,01,LC,54018,2012-03-28T00:00:00Z,2022-02-28T00:00:00Z
13318,134299,54020,196268,1803614,YELP INC,YELP,985817105,P,01,LC,54020,2012-03-02T00:00:00Z,NA
13323,134480,54026,187450,1810090,ENPHASE ENERGY INC,ENPH,29355A107,P,01,LC,54026,2012-03-30T00:00:00Z,NA
13326,134343,54029,187740,1806317,MACOM TECHNLGY SOL HLDGS INC,MTSI,55405Y100,P,01,LC,54029,2012-03-15T00:00:00Z,NA
13327,111947,54030,166224,797902,NOVADAQ TECHNOLOGIES INC,NVDQ.1,66987G102,P,01,LC,54030,2012-03-01T00:00:00Z,2017-09-29T00:00:00Z
13329,134460,54032,188855,1809788,CAFEPRESS INC,PRSS,12769A103,P,01,LC,54032,2012-03-29T00:00:00Z,2018-11-30T00:00:00Z
13340,127379,54038,182012,1814834,GIGPEAK INC,GIG.2,37518Q109,P,01,LC,54038,2012-04-25T00:00:00Z,2017-04-28T00:00:00Z
13342,134555,54040,170444,1813872,INFOBLOX INC,BLOX,45672H104,P,01,LC,54040,2012-04-20T00:00:00Z,2016-11-30T00:00:00Z
13343,134521,54041,180016,1812358,MRC GLOBAL INC,MRC,55345K103,P,01,LC,54041,2012-04-12T00:00:00Z,NA
13350,134568,54044,171111,1734800,TRILOGY METALS INC,TMQ,89621C105,P,01,LC,54044,2012-05-01T00:00:00Z,NA
13352,134524,54046,187491,1812353,OAKTREE CAPITAL GROUP LLC,OAK,674001201,P,02,LC,54046,2012-04-12T00:00:00Z,2019-09-30T00:00:00Z
13353,92353,54047,130618,664896,PEMBINA PIPELINE CORP,PBA,706327103,P,01,LC,54047,2012-04-02T00:00:00Z,NA
13356,134539,54048,170841,1813482,PHILLIPS 66,PSX,718546104,P,01,LC,54048,2012-05-01T00:00:00Z,NA
13358,134493,54050,164132,1811446,RETAIL PPTYS OF AMERICA INC,RPAI,76131V202,P,01,LC,54050,2012-04-05T00:00:00Z,2021-10-29T00:00:00Z
13367,134557,54055,170904,1813582,TUMI HOLDINGS INC,TUMI,89969Q104,P,01,LC,54055,2012-04-19T00:00:00Z,2016-08-01T00:00:00Z
13372,134487,54058,170353,1813288,DIGITAL CINEMA DESTINATIONS,DCIN,25383B109,P,01,LC,54058,2012-04-17T00:00:00Z,2014-08-29T00:00:00Z
13373,134497,54059,184868,1812351,ERICKSON INC,EACIQ,29482P100,P,01,LC,54059,2012-04-11T00:00:00Z,2017-04-30T00:00:00Z
13374,132371,54060,186995,1815166,ENVIVIO INC,ENVI.2,29413T106,P,01,LC,54060,2012-04-25T00:00:00Z,2015-10-30T00:00:00Z
13375,134596,54061,187833,1818293,FIESTA RESTAURANT GROUP INC,FRGI,31660B101,P,01,LC,54061,2012-05-08T00:00:00Z,2023-10-31T00:00:00Z
13377,134565,54063,170335,1813890,PROOFPOINT INC,PFPT,743424103,P,01,LC,54063,2012-04-20T00:00:00Z,2021-09-30T00:00:00Z
13378,134277,54002,018025,1801761,EVERYWARE GLOBAL INC,EVRYQ,300439106,P,01,LC,54002,2013-05-22T00:00:00Z,2015-06-03T00:00:00Z
13379,134562,54064,170616,1813585,SPLUNK INC,SPLK,848637104,P,01,LC,54064,2012-04-19T00:00:00Z,2024-03-28T00:00:00Z
13384,134621,54068,186428,1816722,EVERBANK FINANCIAL CORP,EVER.3,29977G102,P,01,LC,54068,2012-05-03T00:00:00Z,2017-06-30T00:00:00Z
13385,121938,54069,175013,1822260,IMMUNOCELLULAR THERPTICS LTD,IMUC.2,452996408,C,01,LC,54069,2012-05-30T00:00:00Z,2018-10-16T00:00:00Z
13396,129527,54076,185030,1683095,TAHOE RESOURCES INC,TAHO,873868103,P,01,LC,54076,2012-05-08T00:00:00Z,2019-02-28T00:00:00Z
13399,134636,54077,187575,1817261,TILLY'S INC,TLYS,886885102,P,01,LC,54077,2012-05-04T00:00:00Z,NA
13400,132533,54079,187105,1818116,WAGEWORKS INC,WAGE,930427109,P,01,LC,54079,2012-05-10T00:00:00Z,2019-08-30T00:00:00Z
13401,134687,54080,183108,1818108,WESTERN ASSET MTG CAPITAL CP,WMC,95790D204,P,01,LC,54080,2012-05-10T00:00:00Z,NA
13403,134350,54022,170765,2648025,TECNOGLASS INC,TGLS,G87264100,P,02,LC,54022,2012-05-10T00:00:00Z,NA
13405,134655,54082,189459,1816703,CARLYLE GROUP INC,CG,14316J108,P,01,LC,54082,2012-05-03T00:00:00Z,NA
13407,134187,54084,170617,1820060,META PLATFORMS INC,META,30303M102,P,01,LC,54084,2012-05-18T00:00:00Z,NA
13410,134618,54087,186159,1816267,SUPERNUS PHARMACEUTICALS INC,SUPN,868459108,P,01,LC,54087,2012-05-01T00:00:00Z,NA
13429,134875,54099,011756,1830202,ALEXANDER & BALDWIN INC,ALEX,014491104,P,01,LC,54099,2012-07-02T00:00:00Z,NA
13432,134847,54103,170748,1828871,EQT MIDSTREAM PARTNERS LP,EQM,26885B100,P,01,LC,54103,2012-06-27T00:00:00Z,2020-06-30T00:00:00Z
13439,134780,29844,028322,14507,HEALTHCARE REALTY TRUST INC,HR,42226K105,P,01,LC,54106,2022-07-21T00:00:00Z,NA
13439,134780,29844,028322,1823948,HEALTHCARE REALTY TRUST INC,HR,42226K105,P,01,LC,54106,2022-07-21T00:00:00Z,NA
13439,134780,54106,028322,1823948,HEALTHCARE REALTY TRUST INC,HR,42226K105,P,01,LC,54106,2022-07-21T00:00:00Z,NA
13447,134864,54109,171007,1830138,SERVICENOW INC,NOW,81762P102,P,01,LC,54109,2012-06-29T00:00:00Z,NA
13453,116863,54113,140568,1823939,CHEMBIO DIAGNOSTICS INC,CEMI,163572209,P,01,LC,54113,2012-06-07T00:00:00Z,2023-04-28T00:00:00Z
13454,134877,54114,187773,1829383,EXA CORP,EXA,300614500,P,01,LC,54114,2012-06-28T00:00:00Z,2017-11-30T00:00:00Z
13456,136281,54116,170969,1829403,TESARO INC,TSRO,881569107,P,01,LC,54116,2012-06-28T00:00:00Z,2019-01-31T00:00:00Z
13500,134967,43335,149620,660177,AMREIT INC,AMRE,03216B208,P,05,LC,54133,2012-07-27T00:00:00Z,2015-02-27T00:00:00Z
13500,134967,43335,149620,1876050,AMREIT INC,AMRE,03216B208,P,05,LC,54133,2012-07-27T00:00:00Z,2015-02-27T00:00:00Z
13500,134967,54133,149620,1876050,AMREIT INC,AMRE,03216B208,P,05,LC,54133,2012-07-27T00:00:00Z,2015-02-27T00:00:00Z
13502,134888,54135,012413,1871994,VALINAR LLC,EGL,29286C107,P,01,LC,54135,2012-07-09T00:00:00Z,2019-01-31T00:00:00Z
13507,10915,261,001526,1888,AMERICAN NATIONAL GROUP-OLD,ANAT,02772A109,P,01,LC,261,1972-12-14T00:00:00Z,2022-05-31T00:00:00Z
13508,134957,54136,011922,1875481,NATURAL GROCERS VITAMIN CTGE,NGVC,63888U108,P,01,LC,54136,2012-07-25T00:00:00Z,NA
13509,134964,54137,170297,1875760,NORTHERN TIER ENERGY LP,NTI,665826103,P,01,LC,54137,2012-07-26T00:00:00Z,2016-06-30T00:00:00Z
13511,134940,54139,171067,1874468,PALO ALTO NETWORKS INC,PANW,697435105,P,01,LC,54139,2012-07-20T00:00:00Z,NA
13520,134962,54141,187775,1875078,CHUY'S HOLDINGS INC,CHUY,171604101,P,01,LC,54141,2012-07-24T00:00:00Z,2024-10-31T00:00:00Z
13521,121738,54142,164746,1200328,COUNTERPATH CORP,CPAH,22228P302,P,01,LC,54142,2012-07-11T00:00:00Z,2021-03-31T00:00:00Z
13524,134986,54143,179094,1876067,DEL FRISCOS RESTURNT GRP INC,DFRG,245077102,P,01,LC,54143,2012-07-27T00:00:00Z,2019-09-30T00:00:00Z
13526,134971,54145,170759,1875773,E2OPEN INC,EOPN,29788A104,P,01,LC,54145,2012-07-26T00:00:00Z,2015-03-31T00:00:00Z
13527,134947,54146,171141,1874195,FIVE BELOW INC,FIVE,33829M101,P,01,LC,54146,2012-07-19T00:00:00Z,NA
13534,134916,54151,170419,1879952,HOMETRUST BANCSHARES INC,HTBI,437872104,P,01,LC,54151,2012-07-11T00:00:00Z,NA
13537,134804,54155,188856,1830216,FRANCHISE GROUP INC,FRG,35180X105,P,01,LC,54155,2019-11-15T00:00:00Z,2023-08-31T00:00:00Z
13537,134804,54155,188856,1830216,FRANCHISE GROUP INC,FRG,35180X105,P,01,LC,54155,2012-07-02T00:00:00Z,2014-07-14T00:00:00Z
13537,134804,54155,188856,3110710,FRANCHISE GROUP INC,FRG,35180X105,P,01,LC,54155,2019-11-15T00:00:00Z,2023-08-31T00:00:00Z
13537,134804,54155,188856,3110710,FRANCHISE GROUP INC,FRG,35180X105,P,01,LC,54155,2012-07-02T00:00:00Z,2014-07-14T00:00:00Z
13543,135012,54157,171002,1877439,GLOBUS MEDICAL INC,GMED,379577208,P,01,LC,54157,2012-08-03T00:00:00Z,NA
13544,135052,54158,012432,1880454,HI-CRUSH INC,HCRSQ,428337109,P,01,LC,54158,2012-08-16T00:00:00Z,2020-10-30T00:00:00Z
13545,120094,54159,178148,1223484,SANDSTORM GOLD LTD,SAND,80013R206,P,01,LC,54159,2012-08-20T00:00:00Z,NA
13548,135031,54162,171049,1878334,BLOOMIN' BRANDS INC,BLMN,094235108,P,01,LC,54162,2012-08-08T00:00:00Z,NA
13554,135046,41998,013664,12977,GCI LIBERTY INC,GLIBA,36164V305,J,02,LC,41998,2012-08-10T00:00:00Z,2018-03-09T00:00:00Z
13561,135085,54169,179234,1881801,SOUND FINANCIAL BANCORP INC,SFBC,83607A100,P,01,LC,54169,2012-08-23T00:00:00Z,NA
13563,130464,54170,013861,1881375,TILE SHOP HOLDINGS INC,TTSH,88677Q109,P,01,LC,54170,2021-06-17T00:00:00Z,NA
13563,130464,54170,013861,1881375,TILE SHOP HOLDINGS INC,TTSH,88677Q109,P,01,LC,54170,2012-08-22T00:00:00Z,2019-11-10T00:00:00Z
13563,130464,54170,013861,3408352,TILE SHOP HOLDINGS INC,TTSH,88677Q109,P,01,LC,54170,2021-06-17T00:00:00Z,NA
13563,130464,54170,013861,3408352,TILE SHOP HOLDINGS INC,TTSH,88677Q109,P,01,LC,54170,2012-08-22T00:00:00Z,2019-11-10T00:00:00Z
13564,135101,54171,014090,1887851,USMD HOLDINGS INC,USMD,903313104,P,01,LC,54171,2012-09-28T00:00:00Z,2016-10-31T00:00:00Z
13567,135191,54174,014438,1892683,ADT CORP,ADT.4,00101J106,P,01,LC,54174,2012-10-01T00:00:00Z,2016-04-29T00:00:00Z
13577,59062,28836,160681,1892715,HYSTER YALE INC,HY,449172105,P,02,LC,28836,2012-10-01T00:00:00Z,NA
13579,135144,54180,190963,1889949,NATIONAL BANK HLDGS CORP,NBHC,633707104,P,02,LC,54180,2012-09-21T00:00:00Z,NA
13583,135180,54182,013871,1892151,SUMMIT MIDSTREAM CORP,SMC,86614G101,P,01,LC,54182,2012-09-28T00:00:00Z,NA
13584,135137,54183,012892,1889915,SUNOCO LP,SUN,86765K109,P,01,LC,54183,2012-09-21T00:00:00Z,NA
13586,135126,3622,008463,24106,PENTAIR PLC,PNR,G7S00T104,P,01,LC,54185,2012-09-29T00:00:00Z,NA
13586,135126,54185,008463,24106,PENTAIR PLC,PNR,G7S00T104,P,01,LC,54185,2012-09-29T00:00:00Z,NA
13597,134952,54152,012026,1874451,INFINITY CROSS BORDER ACQ CP,INXB.1,G4772R101,P,02,LC,54152,2012-09-20T00:00:00Z,2014-04-14T00:00:00Z
13597,134952,54152,020399,2061313,GLORI ENERGY INC,GLRI,379606106,C,01,LC,54152,2014-04-15T00:00:00Z,NA
13599,72152,54194,025027,1888148,LIFEVANTAGE CORP,LFVN,53222K205,P,01,LC,54194,2012-09-12T00:00:00Z,NA
13600,135183,54195,011745,1892144,QUALYS INC,QLYS,74758T303,P,01,LC,54195,2012-09-28T00:00:00Z,NA
13604,135203,54198,180483,1893368,BERRY GLOBAL GROUP INC,BERY,08579W103,P,01,LC,54198,2012-10-04T00:00:00Z,NA
13610,6266,21329,008123,23061,OLIN CORP,OLN,680665205,P,01,LU,21329,1962-01-31T00:00:00Z,NA
13610,6266,21329,008123,23061,OLIN CORP,OLN,680665205,C,00X,LU,21329,1954-01-01T00:00:00Z,1962-01-30T00:00:00Z
13615,135285,54202,015212,1899182,CROSSAMERICA PARTNERS LP,CAPL,22758A105,P,01,LC,54202,2012-10-25T00:00:00Z,NA
13616,135193,54203,014032,1893067,LIFELOCK INC,LOCK,53224V100,P,01,LC,54203,2012-10-03T00:00:00Z,2017-02-28T00:00:00Z
13618,135295,54205,012294,1899665,MPLX LP,MPLX,55336V100,P,01,LC,54205,2012-10-26T00:00:00Z,NA
13621,134366,54207,170945,1897609,PUMA BIOTECHNOLOGY INC,PBYI,74587V107,P,01,LC,54207,2012-10-19T00:00:00Z,NA
13622,131722,50961,174022,858092,ANYWHERE REAL ESTATE INC,HOUS,75605Y106,P,02,LC,54208,2012-10-11T00:00:00Z,NA
13622,131722,54208,174022,1895265,ANYWHERE REAL ESTATE INC,HOUS,75605Y106,P,02,LC,54208,2012-10-11T00:00:00Z,NA
13625,135217,54209,003382,1895230,SHUTTERSTOCK INC,SSTK,825690100,P,01,LC,54209,2012-10-11T00:00:00Z,NA
13627,135296,54212,013540,1899705,WHITEWAVE FOODS CO,WWAV,966244105,P,01,LC,54212,2012-10-26T00:00:00Z,2017-04-28T00:00:00Z
13628,135226,54213,015044,1895620,WORKDAY INC,WDAY,98138H101,P,01,LC,54213,2012-10-12T00:00:00Z,NA
13634,135220,54217,015420,1894867,AMBARELLA INC,AMBA,G037AX101,P,01,LC,54217,2012-10-10T00:00:00Z,NA
13636,135264,54219,015056,1902897,XURA INC,MESG,98420V107,P,01,LC,54219,2012-11-01T00:00:00Z,2016-08-31T00:00:00Z
13639,113766,54220,266196,1225432,COASTAL CONTACTS INC,COA,19044R207,P,01,LC,54220,2012-10-25T00:00:00Z,2014-05-30T00:00:00Z
13641,135237,54222,170750,1895607,DIAMONDBACK ENERGY INC,FANG,25278X109,P,01,LC,54222,2012-10-12T00:00:00Z,NA
13643,135230,54224,014320,1895298,INTERCEPT PHARMA INC,ICPT,45845P108,P,01,LC,54224,2012-10-11T00:00:00Z,2023-11-30T00:00:00Z
13644,135222,54226,005241,1895286,KYTHERA BIOPHARMA INC,KYTH,501570105,P,01,LC,54226,2012-10-11T00:00:00Z,2015-10-30T00:00:00Z
13655,131169,54233,186675,1895330,RLJ ENTERTAINMENT INC,RLJE,74965F203,P,01,LC,54233,2012-10-04T00:00:00Z,2018-10-31T00:00:00Z
13656,135239,54517,012976,1902587,SEARS HOMETOWN & OUTLET STR,SHOS,812362101,P,01,LC,54517,2012-10-12T00:00:00Z,2019-10-31T00:00:00Z
13658,102822,54235,064668,1900895,XPLORE TECHNOLOGIES CORP,XPLR,983950700,P,01,LC,54235,2012-10-26T00:00:00Z,2018-08-31T00:00:00Z
13678,135795,54255,015235,1906253,ALON USA PARTNERS LP,ALDW,02052T109,P,01,LC,54255,2012-11-20T00:00:00Z,2018-02-28T00:00:00Z
13681,135329,54259,012833,1901833,DELEK LOGISTICS PARTNERS LP,DKL,24664T103,P,01,LC,54259,2012-11-02T00:00:00Z,NA
13687,135389,16169,111873,26133,RH,RH,74967X103,P,02,LC,54265,2012-11-02T00:00:00Z,NA
13687,135389,54265,111873,1901845,RH,RH,74967X103,P,02,LC,54265,2012-11-02T00:00:00Z,NA
13688,6379,21356,008264,23595,PG&E CORP,PCG,69331C108,P,01,LC,21356,1962-01-31T00:00:00Z,NA
13688,6379,21356,008264,23595,PG&E CORP,PCG,69331C108,C,00X,LC,21356,1951-01-01T00:00:00Z,1962-01-30T00:00:00Z
13688,6379,21356,008264,24303,PG&E CORP,PCG,69331C108,P,01,LC,21356,1962-01-31T00:00:00Z,NA
13688,6379,21356,008264,24303,PG&E CORP,PCG,69331C108,C,00X,LC,21356,1951-01-01T00:00:00Z,1962-01-30T00:00:00Z
13690,135689,54266,016416,1904706,RUCKUS WIRELESS INC,RKUS,781220108,P,01,LC,54266,2012-11-16T00:00:00Z,2016-05-26T00:00:00Z
13691,135328,54267,171139,1901853,SOUTHCROSS ENERGY PRTNRS LP,SXEEQ,84130C100,P,01,LC,54267,2012-11-02T00:00:00Z,2020-01-31T00:00:00Z
13695,135248,54230,012005,1899651,METHES ENERGIES INTL LTD,MEIL,591517107,P,02,LC,54230,2012-11-26T00:00:00Z,NA
13704,125410,54278,125794,1913681,NEOGENOMICS INC,NEO,64049M209,P,01,LC,54278,2012-12-10T00:00:00Z,NA
13705,126237,54279,276731,826787,PLANET PAYMENT INC,PLPM,U72603118,P,01,LC,54279,2012-12-17T00:00:00Z,2017-12-29T00:00:00Z
13708,122792,32175,065697,1915403,REMY INTERNATIONAL INC,REMY,75971M108,C,03,LC,54282,2012-12-13T00:00:00Z,2015-11-30T00:00:00Z
13708,122792,54282,065697,1915403,REMY INTERNATIONAL INC,REMY,75971M108,C,03,LC,54282,2012-12-13T00:00:00Z,2015-11-30T00:00:00Z
13711,136110,54283,015314,1915392,SOLARCITY CORP,SCTY.1,83416T100,P,01,LC,54283,2012-12-13T00:00:00Z,2016-11-30T00:00:00Z
13712,121256,54284,178823,1914267,AMERICAN COASTAL INSURA CORP,ACIC,910710102,P,01,LC,54284,2012-12-11T00:00:00Z,NA
13721,136081,54287,016101,1921326,ABBVIE INC,ABBV,00287Y109,P,01,LC,54287,2013-01-02T00:00:00Z,NA
13730,136112,54291,196159,1915368,PBF ENERGY INC,PBF,69318G106,P,01,LC,54291,2012-12-13T00:00:00Z,NA
13735,69098,54293,107898,1612500,RIO ALTO MINING LTD,RIOM,76689T104,P,01,LC,54293,2012-12-21T00:00:00Z,2015-04-30T00:00:00Z
13739,136201,15651,065275,1927870,BRIGHT HORIZONS FAMILY SOLTN,BFAM,109194100,P,02,LC,54297,2013-01-25T00:00:00Z,NA
13739,136201,15812,065275,5091,BRIGHT HORIZONS FAMILY SOLTN,BFAM,109194100,P,02,LC,54297,2013-01-25T00:00:00Z,NA
13739,136201,15812,065275,1927870,BRIGHT HORIZONS FAMILY SOLTN,BFAM,109194100,P,02,LC,54297,2013-01-25T00:00:00Z,NA
13739,136201,54297,065275,1927870,BRIGHT HORIZONS FAMILY SOLTN,BFAM,109194100,P,02,LC,54297,2013-01-25T00:00:00Z,NA
13740,136188,54298,015093,1925113,CVR REFINING LP,CVRR,12663P107,P,01,LC,54298,2013-01-17T00:00:00Z,2019-01-31T00:00:00Z
13743,136196,3370,008092,22972,BRISTOW GROUP INC,VTOL,11040G103,P,03,LC,54299,2020-06-12T00:00:00Z,NA
13743,136196,3370,008092,1929148,BRISTOW GROUP INC,VTOL,11040G103,P,03,LC,54299,2020-06-12T00:00:00Z,NA
13743,136196,54299,008092,1929148,BRISTOW GROUP INC,VTOL,11040G103,P,03,LC,54299,2020-06-12T00:00:00Z,NA
13747,136189,54302,015396,1925431,SUNCOKE ENERGY PARTNERS LP,SXCP,86722Y101,P,01,LC,54302,2013-01-18T00:00:00Z,2019-06-28T00:00:00Z
13748,136218,54303,258869,1928451,TRI POINTE HOMES INC,TPH,87265H109,P,01,LC,54303,2014-07-31T00:00:00Z,NA
13749,136184,54304,033449,1924853,USA COMPRESSION PRTNRS LP,USAC,90290N109,P,01,LC,54304,2018-08-01T00:00:00Z,NA
13749,136184,54304,033449,1924853,USA COMPRESSION PRTNRS LP,USAC,90290N109,C,01,LC,54304,2018-04-30T00:00:00Z,2018-07-31T00:00:00Z
13752,136193,54307,016116,1925418,CYRUSONE INC,CONE,23283R100,P,01,LC,54307,2013-01-18T00:00:00Z,2022-03-31T00:00:00Z
13760,136194,54313,104432,1925428,NORWEGIAN CRUISE LINE HLDGS,NCLH,G66721104,P,01,LC,54313,2013-01-18T00:00:00Z,NA
13763,140262,44390,123455,746055,ALAMOS GOLD INC,AGI,011532108,P,01,LC,54315,2015-07-06T00:00:00Z,NA
13763,140262,44390,123455,933562,ALAMOS GOLD INC,AGI,011532108,P,01,LC,54315,2015-07-06T00:00:00Z,NA
13763,140262,54315,123455,933562,ALAMOS GOLD INC,AGI,011532108,P,01,LC,54315,2015-07-06T00:00:00Z,NA
13766,136231,54318,016486,1929884,BOISE CASCADE CO,BCC,09739D100,P,01,LC,54318,2013-02-06T00:00:00Z,NA
13769,39382,7119,001559,1927,AMERICAN SHARED HSPTL SERV,AMS,029595105,P,01,LU,7119,1984-07-03T00:00:00Z,NA
13773,136239,54321,016927,1930654,NEW SOURCE ENERGY PRTRS LP,NSLPQ,64881E109,C,01,LC,54321,2013-02-08T00:00:00Z,2015-08-31T00:00:00Z
13777,35248,5828,001562,1933,LOGILITY SPPLY CHAIN SOL INC,LGTY,029683109,P,01,LU,5828,1983-02-28T00:00:00Z,NA
13786,97163,40157,002408,30372,TELUS CORP,TU,87971M103,P,01,LC,40157,2013-02-04T00:00:00Z,NA
13788,136228,54327,013721,1929138,ZOETIS INC,ZTS,98978V103,P,01,LC,54327,2013-02-01T00:00:00Z,NA
13789,129234,54328,186230,1886379,ATLAS FINANCIAL HOLDINGS INC,AFHIF,G06207115,C,01,LC,54328,2013-02-12T00:00:00Z,2020-09-01T00:00:00Z
13794,136244,54330,016886,1930647,BENEFYTT TECHNOLOGIES INC,BFYT,08182C106,P,01,LC,54330,2013-02-08T00:00:00Z,2020-08-31T00:00:00Z
13797,129010,54332,162293,1934678,FIRST INTERNET BANCORP,INBK,320557101,P,01,LC,54332,2013-02-22T00:00:00Z,NA
13798,136247,54333,170450,1931124,ORAMED PHARMACEUTICALS INC,ORMP,68403P203,P,01,LC,54333,2013-02-11T00:00:00Z,NA
13799,136238,54334,017012,1930635,EXONE CO,XONE.1,302104104,P,01,LC,54334,2013-02-07T00:00:00Z,2021-11-30T00:00:00Z
13800,136263,54335,017056,1932521,XOOM CORP,XOOM,98419Q101,P,01,LC,54335,2013-02-15T00:00:00Z,2015-11-30T00:00:00Z
13803,136343,54337,180659,1941706,AVIV REIT INC,AVIV.1,05381L101,P,01,LC,54337,2013-03-21T00:00:00Z,2015-04-01T00:00:00Z
13816,136393,54344,017553,1941399,MODEL N INC,MODN,607525102,P,01,LC,54344,2013-03-20T00:00:00Z,2024-06-28T00:00:00Z
13818,136463,54346,185334,1943229,PINNACLE FOODS INC,PF,72348P104,P,01,LC,54346,2013-03-28T00:00:00Z,2018-10-31T00:00:00Z
13819,136321,54347,187607,1939970,SILVER SPRING NETWORKS INC,SSNI,82817Q103,P,01,LC,54347,2013-03-13T00:00:00Z,2018-01-31T00:00:00Z
13820,108548,54349,030075,731312,VERMILION ENERGY INC,VET,923725105,P,01,LC,54349,2013-03-12T00:00:00Z,NA
13825,136406,54351,016269,1941712,ENANTA PHARMACEUTICALS INC,ENTA,29251M106,P,01,LC,54351,2013-03-21T00:00:00Z,NA
13830,90465,15186,064055,33305,WEST CORP,WSTC,952355204,P,02,LC,15186,2013-03-22T00:00:00Z,2017-10-31T00:00:00Z
13830,90465,15186,064055,897933,WEST CORP,WSTC,952355204,P,02,LC,15186,2013-03-22T00:00:00Z,2017-10-31T00:00:00Z
13830,90465,15186,064055,1942040,WEST CORP,WSTC,952355204,P,02,LC,15186,2013-03-22T00:00:00Z,2017-10-31T00:00:00Z
13831,136492,54357,017699,1950230,CST BRANDS INC,CST,12646R105,P,01,LC,54357,2013-05-02T00:00:00Z,2017-06-27T00:00:00Z
13837,136512,54361,185375,1945763,EVERTEC INC,EVTC,30040P103,P,01,LC,54361,2013-04-12T00:00:00Z,NA
13856,6581,21384,008479,24151,PEPSICO INC,PEP,713448108,P,01,LC,21384,1962-01-31T00:00:00Z,NA
13856,6581,21384,008479,24151,PEPSICO INC,PEP,713448108,C,00X,LC,21384,1950-01-01T00:00:00Z,1962-01-30T00:00:00Z
13860,136534,54366,186392,1947132,UNITED PARKS & RESORTS INC,PRKS,81282V100,P,01,LC,54366,2013-04-30T00:00:00Z,NA
13862,136491,54368,016653,1945564,TAYLOR MORRISON HOME CORP,TMHC,87724P106,P,01,LC,54368,2013-04-10T00:00:00Z,NA
13863,48363,54369,183322,1947734,THERAPEUTICSMD INC,TXMD,88338N206,C,01,LC,54369,2013-04-23T00:00:00Z,NA
13869,126611,54372,180759,1946882,DIVERSIFIED RESTAURANT HLDGS,SAUC,25532M105,P,01,LC,54372,2013-04-18T00:00:00Z,2020-02-28T00:00:00Z
13870,136504,54373,017498,1945758,CHIMERIX INC,CMRX,16934W106,P,01,LC,54373,2013-04-11T00:00:00Z,NA
13874,136524,54374,014868,1946568,FAIRWAY GROUP HOLDINGS,FWMHQ,30603D109,P,01,LC,54374,2013-04-17T00:00:00Z,2016-07-07T00:00:00Z
13875,136537,54375,017550,1947127,BLACKHAWK NETWORK HLDGS INC,HAWK,09238E104,P,01,LC,54375,2015-05-01T00:00:00Z,2018-06-29T00:00:00Z
13875,136537,54375,017550,1947127,BLACKHAWK NETWORK HLDGS INC,HAWK,09238E104,J,01,LC,54375,2014-06-01T00:00:00Z,2015-04-30T00:00:00Z
13875,136537,54375,017550,1947127,BLACKHAWK NETWORK HLDGS INC,HAWK,09238E104,P,01,LC,54375,2013-04-19T00:00:00Z,2014-05-31T00:00:00Z
13876,136486,54376,017687,1947731,HEMISPHERE MEDIA GROUP INC,HMTV,42365Q103,P,01,LC,54376,2013-04-23T00:00:00Z,2022-09-30T00:00:00Z
13878,119734,54378,178157,1948281,MIMEDX GROUP INC,MDXG,602496101,P,01,LC,54378,2020-11-04T00:00:00Z,NA
13878,119734,54378,178157,1948281,MIMEDX GROUP INC,MDXG,602496101,P,01,LC,54378,2013-04-25T00:00:00Z,2018-11-07T00:00:00Z
13878,119734,54378,178157,3294090,MIMEDX GROUP INC,MDXG,602496101,P,01,LC,54378,2020-11-04T00:00:00Z,NA
13878,119734,54378,178157,3294090,MIMEDX GROUP INC,MDXG,602496101,P,01,LC,54378,2013-04-25T00:00:00Z,2018-11-07T00:00:00Z
13887,136584,54384,017626,1950821,ARMADA HOFFLER PROPERTIES,AHH,04208T108,P,01,LC,54384,2013-05-08T00:00:00Z,NA
13889,136628,45383,160378,602148,GRAMERCY PROPERTY TRUST,GPT,385002308,P,01,LC,54387,2015-12-18T00:00:00Z,2018-10-31T00:00:00Z
13889,136628,45383,160378,1953393,GRAMERCY PROPERTY TRUST,GPT,385002308,P,01,LC,54387,2015-12-18T00:00:00Z,2018-10-31T00:00:00Z
13889,136628,54387,160378,1953393,GRAMERCY PROPERTY TRUST,GPT,385002308,P,01,LC,54387,2015-12-18T00:00:00Z,2018-10-31T00:00:00Z
13890,136637,54388,017811,1953936,CHANNELADVISOR CORP,ECOM,159179100,P,01,LC,54388,2013-05-23T00:00:00Z,2022-11-30T00:00:00Z
13895,136594,54391,017628,1951106,EMERGE ENERGY SERVICES LP,EMESQ,29102H108,P,01,LC,54391,2013-05-09T00:00:00Z,2019-05-30T00:00:00Z
13901,17810,21398,008543,24343,ALTRIA GROUP INC,MO,02209S103,P,01,LC,21398,1962-01-31T00:00:00Z,NA
13901,17810,21398,008543,24343,ALTRIA GROUP INC,MO,02209S103,C,00X,LC,21398,1950-01-01T00:00:00Z,1962-01-30T00:00:00Z
13903,136635,54395,185344,1953932,GLOBAL BRASS & COPPER HLDGS,BRSS,37953G103,P,01,LC,54395,2013-05-23T00:00:00Z,2019-07-31T00:00:00Z
13904,136566,54396,016384,1949535,VOYA FINANCIAL INC,VOYA,929089100,P,01,LC,54396,2013-05-02T00:00:00Z,NA
13906,70382,25302,024544,33506,WILLIAM LYON HOMES,WLH,552074700,P,03,LC,25302,2013-05-16T00:00:00Z,2020-02-28T00:00:00Z
13906,70382,25302,024544,1953127,WILLIAM LYON HOMES,WLH,552074700,P,03,LC,25302,2013-05-16T00:00:00Z,2020-02-28T00:00:00Z
13909,136636,54400,018003,1953917,PLY GEM HOLDINGS INC,PGEM,72941W100,P,01,LC,54400,2013-05-23T00:00:00Z,2018-04-30T00:00:00Z
13911,136598,54401,017928,1951118,IQVIA HOLDINGS INC,IQV,46266C105,P,01,LC,54401,2013-05-09T00:00:00Z,NA
13914,136618,54402,017695,1953153,TABLEAU SOFTWARE INC,DATA,87336U105,P,01,LC,54402,2013-05-17T00:00:00Z,2019-07-31T00:00:00Z
13915,136604,54403,015117,1951902,TALLGRASS ENERGY PRT LP,TEP,874697105,P,01,LC,54403,2013-05-14T00:00:00Z,2018-06-30T00:00:00Z
13919,66823,29052,024287,1712,AMBAC FINANCIAL GROUP INC,AMBC,023139884,P,08,LC,29052,2013-05-01T00:00:00Z,NA
13919,66823,29052,024287,1951922,AMBAC FINANCIAL GROUP INC,AMBC,023139884,P,08,LC,29052,2013-05-01T00:00:00Z,NA
13920,136606,54406,185857,1953141,AMBIT BIOSCIENCES CORP,AMBI.2,02318X100,P,01,LC,54406,2013-05-16T00:00:00Z,2014-11-28T00:00:00Z
13921,136615,54408,170396,1953389,CUSTOMERS BANCORP INC,CUBI,23204G100,P,01,LC,54408,2013-05-16T00:00:00Z,NA
13924,136657,54410,017808,1955677,EPIZYME INC,EPZM,29428V104,P,01,LC,54410,2013-05-31T00:00:00Z,2022-08-31T00:00:00Z
13928,6630,21401,008549,24355,CONOCOPHILLIPS,COP,20825C104,P,01,LC,21401,1962-01-31T00:00:00Z,NA
13928,6630,21401,008549,24355,CONOCOPHILLIPS,COP,20825C104,C,00X,LC,21401,1950-01-01T00:00:00Z,1962-01-30T00:00:00Z
13931,129498,54414,165911,1951653,MAM SOFTWARE GROUP INC,MAMS,55277Q201,P,01,LC,54414,2013-05-13T00:00:00Z,2019-10-31T00:00:00Z
13932,136617,54415,017693,1953160,MARKETO INC,MKTO,57063L107,P,01,LC,54415,2013-05-17T00:00:00Z,2016-08-31T00:00:00Z
13936,6632,21402,008551,24356,PVH CORP,PVH,693656100,P,01,LC,21402,1962-02-28T00:00:00Z,NA
13936,6632,21402,008551,24356,PVH CORP,PVH,693656100,C,00X,LC,21402,1950-01-01T00:00:00Z,1962-02-27T00:00:00Z
13938,111124,46028,162501,641978,OTELCO INC,OTEL,688823301,P,05,LC,46028,2013-05-28T00:00:00Z,2021-03-31T00:00:00Z
13939,129831,54418,187169,1954872,POWER SOLUTIONS INTL INC,PSIX,73933G202,P,01,LC,54418,2013-05-28T00:00:00Z,NA
13940,136634,54419,017931,1953651,PORTOLA PHARMACEUTICALS INC,PTLA,737010108,P,01,LC,54419,2013-05-22T00:00:00Z,2020-07-31T00:00:00Z
13942,136595,54421,017688,1951125,RECEPTOS INC,RCPT,756207106,P,01,LC,54421,2013-05-09T00:00:00Z,2015-08-31T00:00:00Z
13947,136733,54424,017998,1959389,BLUEBIRD BIO INC,BLUE,09609G209,P,01,LC,54424,2013-06-19T00:00:00Z,NA
13949,136776,12165,028320,6136,CDW CORP,CDW,12514G108,P,02,LC,54426,2013-06-27T00:00:00Z,NA
13949,136776,12165,028320,1004368,CDW CORP,CDW,12514G108,P,02,LC,54426,2013-06-27T00:00:00Z,NA
13949,136776,12165,028320,1961452,CDW CORP,CDW,12514G108,P,02,LC,54426,2013-06-27T00:00:00Z,NA
13949,136776,54426,028320,1961452,CDW CORP,CDW,12514G108,P,02,LC,54426,2013-06-27T00:00:00Z,NA
13956,136749,54428,170384,1959962,GOGO INC,GOGO,38046C109,P,01,LC,54428,2013-06-21T00:00:00Z,NA
13957,136767,54429,017812,1961459,HD SUPPLY HOLDINGS INC,HDS,40416M105,P,01,LC,54429,2013-06-27T00:00:00Z,2020-12-31T00:00:00Z
13959,136784,54431,018047,1961771,NOODLES & CO,NDLS,65540B105,P,01,LC,54431,2013-06-28T00:00:00Z,NA
13962,136768,54432,018009,1961075,NANOSTRING TECHNOLOGIES INC,NSTGQ,63009R109,P,01,LC,54432,2013-06-26T00:00:00Z,2024-06-28T00:00:00Z
13963,136735,54433,018043,1962516,NEWS CORP,NWSA,65249B109,P,01,LC,54433,2013-07-01T00:00:00Z,NA
13966,136681,54435,017567,1961442,ARATANA THERAPEUTICS,PETX,03874P101,P,01,LC,54435,2013-06-27T00:00:00Z,2019-07-31T00:00:00Z
13976,115936,54440,166087,1958067,AIR INDUSTRIES GROUP INC,AIRI,00912N403,P,01,LC,54440,2013-06-12T00:00:00Z,NA
13977,136574,54385,196160,1951351,BIOAMBER INC,BIOAQ,09072Q106,P,01,LC,54385,2013-06-10T00:00:00Z,2018-02-07T00:00:00Z
13978,122439,54441,179060,1076543,B2GOLD CORP,BTG,11777Q209,P,01,LC,54441,2013-06-06T00:00:00Z,NA
13983,84923,54444,012151,1958357,COTY INC,COTY,222070203,P,01,LC,54444,2013-06-13T00:00:00Z,NA
13987,6687,21413,008611,24536,POWER REIT,PW,73933H101,P,01,LC,21413,1977-01-31T00:00:00Z,NA
13992,136679,54447,012803,1958061,GIGAMON INC,GIMO,37518B102,P,01,LC,54447,2013-06-12T00:00:00Z,2017-12-29T00:00:00Z
13993,122105,54448,163768,627716,GTT COMMUNICATIONS INC,GTTNQ,362393100,P,03,LC,54448,2013-06-17T00:00:00Z,2021-07-01T00:00:00Z
13993,122105,54448,163768,1958905,GTT COMMUNICATIONS INC,GTTNQ,362393100,P,03,LC,54448,2013-06-17T00:00:00Z,2021-07-01T00:00:00Z
13998,136755,54450,018246,1962804,KCG HOLDINGS INC,KCG,48244B100,P,01,LC,54450,2013-07-05T00:00:00Z,2017-07-31T00:00:00Z
14004,136673,54454,017419,1956592,RCS CAPITAL CORP,RCAPQ,74937W102,P,01,LC,54454,2013-06-05T00:00:00Z,2016-05-31T00:00:00Z
14005,136676,54455,017581,1957232,TEXTURA CORP,TXTR,883211104,P,01,LC,54455,2013-06-07T00:00:00Z,2016-06-30T00:00:00Z
14008,35964,216,001602,2068,AMGEN INC,AMGN,031162100,P,01,LU,216,1983-06-17T00:00:00Z,NA
14017,136826,54460,185363,1966869,DIAMOND RESORTS INTL,DRII,25272T104,P,01,LC,54460,2013-07-19T00:00:00Z,2016-09-30T00:00:00Z
14029,105605,43160,148531,117492,LIN MEDIA LLC,LIN.1,532771102,P,01,LC,54465,2013-07-31T00:00:00Z,2014-12-31T00:00:00Z
14029,105605,54465,148531,117492,LIN MEDIA LLC,LIN.1,532771102,P,01,LC,54465,2013-07-31T00:00:00Z,2014-12-31T00:00:00Z
14034,136792,54468,018261,1976443,OWENS REALTY MORTGAGE INC,ORM,690828108,P,01,LC,54468,2013-07-01T00:00:00Z,NA
14035,136838,54469,017933,1967181,PHILLIPS 66 PARTNERS LP,PSXP,718549207,P,01,LC,54469,2013-07-23T00:00:00Z,2022-03-31T00:00:00Z
14037,136824,54471,018071,1966849,REXFORD INDUS REALTY,REXR,76169C100,P,01,LC,54471,2013-07-19T00:00:00Z,NA
14040,136808,21833,010984,637487,SPRINT CORP,S.4,85207U105,P,10,LC,54473,2013-07-12T00:00:00Z,2020-03-31T00:00:00Z
14040,136808,54473,010984,637487,SPRINT CORP,S.4,85207U105,P,10,LC,54473,2013-07-12T00:00:00Z,2020-03-31T00:00:00Z
14043,105501,42933,145186,54794,WCI COMMUNITIES INC,WCIC,92923C807,P,03,LC,42933,2013-07-25T00:00:00Z,2017-02-28T00:00:00Z
14043,105501,42933,145186,1967826,WCI COMMUNITIES INC,WCIC,92923C807,P,03,LC,42933,2013-07-25T00:00:00Z,2017-02-28T00:00:00Z
14044,136846,54476,018159,1967527,AGIOS PHARMACEUTICALS,AGIO,00847X104,P,01,LC,54476,2013-07-24T00:00:00Z,NA
14049,136858,54479,018427,1968234,AZURE MIDSTREAM PARTNERS LP,AZURQ,05501X100,P,01,LC,54479,2013-07-26T00:00:00Z,2016-06-03T00:00:00Z
14052,136853,54482,018115,1967805,CELLULAR DYNAMICS INTL INC,ICEL,15117V109,P,01,LC,54482,2013-07-25T00:00:00Z,2015-05-29T00:00:00Z
14054,109011,54484,160770,604931,MIRATI THERAPEUTICS INC,MRTX,60468T105,P,01,LC,54484,2013-07-15T00:00:00Z,2024-01-31T00:00:00Z
14055,136816,54485,003169,1966124,ONCOMED PHARMACEUTICALS,OMED.2,68234X102,P,01,LC,54485,2013-07-18T00:00:00Z,2019-04-30T00:00:00Z
14057,136833,54487,018177,1966854,RETAILMENOT INC,SALE.,76132B106,P,01,LC,54487,2013-07-19T00:00:00Z,2017-05-31T00:00:00Z
14063,136926,54491,018322,1971651,CVENT INC,CVT.,23247G109,P,01,LC,54491,2013-08-09T00:00:00Z,2016-11-30T00:00:00Z
14071,136919,54495,018494,1972483,INDEPENDENCE REALTY TRUST,IRT,45378A106,P,01,LC,54495,2013-08-13T00:00:00Z,NA
14072,136928,54496,018315,1971352,PRECIGEN INC,PGEN,74017N105,P,01,LC,54496,2013-08-08T00:00:00Z,NA
14076,136934,54499,018498,1977560,MURPHY USA INC,MUSA,626755102,P,01,LC,54499,2013-09-03T00:00:00Z,NA
14077,136927,54500,017941,1971655,QEP MIDSTREAM PARTNERS LP,QEPM,74735R115,P,01,LC,54500,2013-08-09T00:00:00Z,2015-07-31T00:00:00Z
14086,136929,54501,018179,1971665,WORLD POINT TERMINALS LP,WPT,98159G107,P,01,LC,54501,2013-08-09T00:00:00Z,2017-07-31T00:00:00Z
14087,136890,54502,018271,1970978,YUME INC,YUME,98872B104,P,01,LC,54502,2013-08-07T00:00:00Z,2018-02-28T00:00:00Z
14088,136943,54503,018441,1972764,SIRIUSPOINT LTD,SPNT,G8192H106,P,01,LC,54503,2013-08-15T00:00:00Z,NA
14089,136925,54504,206243,1971653,EXPRO GROUP HOLDINGS N V,XPRO,N3144W105,P,01,LC,54504,2021-10-04T00:00:00Z,NA
14094,136255,54507,170420,1972765,CANCER GENETICS INC,CGIX,13739U203,P,01,LC,54507,2013-08-14T00:00:00Z,2021-03-30T00:00:00Z
14095,136878,54508,018291,1969809,CONTROL4 CORP,CTRL,21240D107,P,01,LC,54508,2013-08-02T00:00:00Z,2019-08-02T00:00:00Z
14097,136924,54509,018320,1971346,FOX FACTORY HOLDING CP,FOXF,35138V102,P,01,LC,54509,2013-08-08T00:00:00Z,NA
14099,136870,54510,018270,1969812,MARRONE BIO INNOVTIONS,MBII,57165B106,P,01,LC,54510,2013-08-02T00:00:00Z,2022-07-29T00:00:00Z
14101,136736,54512,021007,1974832,TOBIRA THERAPEUTICS INC,TBRA,88883P101,P,01,LC,54512,2015-05-05T00:00:00Z,2016-11-30T00:00:00Z
14102,136871,54513,017934,1969513,SPROUTS FARMERS MARKET,SFM,85208M102,P,01,LC,54513,2013-08-01T00:00:00Z,NA
14105,123895,54514,154414,884753,SOPHIRIS BIO INC,SPHS,83578Q209,P,01,LC,54514,2013-08-16T00:00:00Z,2022-03-31T00:00:00Z
14106,136930,11096,024415,5298,BMC STOCK HOLDINGS INC,BMCH,05591B109,P,02,LC,54515,2015-12-02T00:00:00Z,2021-01-29T00:00:00Z
14106,136930,11096,024415,1971658,BMC STOCK HOLDINGS INC,BMCH,05591B109,P,02,LC,54515,2015-12-02T00:00:00Z,2021-01-29T00:00:00Z
14106,136930,54515,024415,1971658,BMC STOCK HOLDINGS INC,BMCH,05591B109,P,02,LC,54515,2015-12-02T00:00:00Z,2021-01-29T00:00:00Z
14131,137015,54536,018339,1985696,CLUBCORP HOLDINGS INC,MYCC,18948M108,P,01,LC,54536,2013-09-20T00:00:00Z,2017-09-29T00:00:00Z
14134,136989,54539,018321,1983570,SISECAM RESOURCES LP,SIRE,172464109,P,01,LC,54539,2013-09-13T00:00:00Z,2023-05-31T00:00:00Z
14136,137039,54541,018630,1988598,RINGCENTRAL INC,RNG,76680R206,P,01,LC,54541,2013-09-27T00:00:00Z,NA
14137,121759,54542,176840,1979174,RING ENERGY INC,REI,76680V108,P,01,LC,54542,2013-09-03T00:00:00Z,NA
14141,136993,54544,018683,1989314,SCIENCE APPLICATIONS INTL CP,SAIC,808625107,P,01,LC,54544,2013-09-30T00:00:00Z,NA
14143,137038,54546,018623,1988605,VIOLIN MEMORY INC,VMEMQ,92763A309,P,01,LC,54546,2013-09-27T00:00:00Z,2016-10-27T00:00:00Z
14145,137032,54548,018564,1988113,APPLIED OPTOELECTRONICS INC,AAOI,03823U102,P,01,LC,54548,2013-09-26T00:00:00Z,NA
14149,137001,54550,018561,1984495,BENEFITFOCUS INC,BNFT,08180D106,P,01,LC,54550,2013-09-18T00:00:00Z,2023-01-31T00:00:00Z
14150,137033,54551,018571,1988131,COVISINT CORP,COVS,22357R103,P,01,LC,54551,2013-09-26T00:00:00Z,2017-07-31T00:00:00Z
14152,125566,54553,062541,1980751,CORPORATE RESOURCE SVCS INC,CRRSQ,22004Y105,C,01,LC,54553,2013-09-06T00:00:00Z,2015-03-03T00:00:00Z
14159,137017,54556,018487,1985709,MANDIANT INC,MNDT,562662106,P,01,LC,54556,2013-09-20T00:00:00Z,2022-09-30T00:00:00Z
14160,137028,54557,018469,1987466,FOUNDATION MEDICINE INC,FMI,350465100,P,01,LC,54557,2013-09-25T00:00:00Z,2018-07-31T00:00:00Z
14161,137003,54558,018430,1984469,FIVE PRIME THERAPEUTICS INC,FPRX,33830X104,P,01,LC,54558,2013-09-18T00:00:00Z,2021-04-30T00:00:00Z
14164,137018,54559,018584,1985717,ROCKET FUEL INC,FUEL,773111109,P,01,LC,54559,2013-09-20T00:00:00Z,2017-09-29T00:00:00Z
14166,136455,54355,017277,1942976,NV5 GLOBAL INC,NVEE,62945V109,P,01,LC,54355,2013-09-27T00:00:00Z,NA
14168,137047,54562,018677,1988609,PATTERN ENERGY GROUP INC,PEGI,70338P100,P,01,LC,54562,2013-09-27T00:00:00Z,2020-03-31T00:00:00Z
14169,137036,54563,018624,1988150,PREMIER INC,PINC,74051N102,P,01,LC,54563,2013-09-26T00:00:00Z,NA
14172,127620,54564,184133,1985140,PIONEER POWER SOLUTIONS INC,PPSI,723836300,P,01,LC,54564,2013-09-19T00:00:00Z,NA
14173,136891,54511,018479,1971663,JASON INDUSTRIES INC,JASNQ,471172106,P,02,LC,54511,2013-10-01T00:00:00Z,2020-01-13T00:00:00Z
14173,136891,54511,018479,1971663,JASON INDUSTRIES INC,JASNQ,471172106,J,02,LC,54511,2013-09-30T00:00:00Z,2013-09-30T00:00:00Z
14174,116882,54566,166711,1986868,SEQUENTIAL BRANDS GROUP INC,SQBGQ,81734P206,P,01,LC,54566,2013-09-24T00:00:00Z,2022-03-04T00:00:00Z
14176,137004,54568,018510,1985116,ACCELERON PHARMA INC,XLRN,00434H108,P,01,LC,54568,2013-09-19T00:00:00Z,2021-11-30T00:00:00Z
14177,136980,29669,020696,1981197,MASONITE INTERNATIONAL CORP,DOOR,575385109,P,03,LC,54569,2013-09-09T00:00:00Z,2024-05-14T00:00:00Z
14177,136980,54569,020696,1981197,MASONITE INTERNATIONAL CORP,DOOR,575385109,P,03,LC,54569,2013-09-09T00:00:00Z,2024-05-14T00:00:00Z
14179,137085,54570,018465,1993111,ANTERO RESOURCES CORP,AR,03674X106,P,01,LC,54570,2013-10-10T00:00:00Z,NA
14181,137183,54572,018383,2004281,BRIXMOR PROPERTY GROUP INC,BRX,11120U105,P,01,LC,54572,2013-10-30T00:00:00Z,NA
14182,137065,54574,018675,1990085,BURLINGTON STORES INC,BURL,122017106,P,01,LC,54574,2013-10-02T00:00:00Z,NA
14184,137094,54576,163963,1993180,COLUMBIA PROPERTY TRUST INC,CXP,198287203,P,01,LC,54576,2013-10-10T00:00:00Z,2021-12-31T00:00:00Z
14185,129495,54577,163765,1996267,COOPER-STANDARD HOLDINGS INC,CPS,21676P103,P,01,LC,54577,2013-10-17T00:00:00Z,NA
14196,137066,54580,170714,1990087,EMPIRE STATE REALTY TR INC,ESRT,292104106,P,01,LC,54580,2013-10-02T00:00:00Z,NA
14198,485,173,001633,2146,ANALOGIC CORP,ALOG,032657207,C,01,LU,173,1972-12-14T00:00:00Z,2018-06-29T00:00:00Z
14213,137189,54584,019000,2004761,MARCUS & MILLICHAP INC,MMI,566324109,P,01,LC,54584,2013-10-31T00:00:00Z,NA
14214,137070,54586,018868,1990913,OCI PARTNERS LP,OCIP,67091N108,P,01,LC,54586,2013-10-04T00:00:00Z,2018-07-31T00:00:00Z
14215,137114,54587,018468,1995392,PLAINS GP HOLDINGS LP,PAGP,72651A207,P,01,LC,54587,2013-10-16T00:00:00Z,NA
14220,137081,54588,018573,1992573,QTS REALTY TRUST INC,QTS,74736A103,P,01,LC,54588,2013-10-09T00:00:00Z,2021-09-01T00:00:00Z
14221,137062,54589,018578,1990089,RE/MAX HOLDINGS INC,RMAX,75524W108,P,01,LC,54589,2013-10-02T00:00:00Z,NA
14227,487,275,001635,2155,ANAREN INC,ANEN,032744104,C,00X,LU,275,1973-07-01T00:00:00Z,1979-01-30T00:00:00Z
14227,487,275,001635,2155,ANAREN INC,ANEN,032744104,P,01,LU,275,1979-01-31T00:00:00Z,2014-02-28T00:00:00Z
14228,137161,54592,187709,2000825,SPRAGUE RESOURCES LP,SRLP,849343108,P,01,LC,54592,2013-10-25T00:00:00Z,2022-11-30T00:00:00Z
14231,137115,54595,018689,1995404,VEEVA SYSTEMS INC,VEEV,922475108,P,01,LC,54595,2013-10-16T00:00:00Z,NA
14233,137096,54597,018431,1993129,WESTERN REFINING LGS LP,WNRL,95931Q205,P,01,LC,54597,2013-10-10T00:00:00Z,2017-10-31T00:00:00Z
14235,137190,54598,018745,2004438,ESSENT GROUP LTD,ESNT,G3198U102,P,01,LC,54598,2013-10-31T00:00:00Z,NA
14239,137174,54602,018036,2000816,COMMSCOPE HOLDING CO INC,COMM,20337X109,P,01,LC,54602,2013-10-25T00:00:00Z,NA
14245,137002,54605,018562,1990083,FATE THERAPEUTICS INC,FATE,31189P102,P,01,LC,54605,2013-10-01T00:00:00Z,NA
14247,137099,46152,162386,634835,GUE LIQ COS INC,FTDCQ,36257V105,P,02,LC,54607,2013-11-01T00:00:00Z,2019-12-31T00:00:00Z
14247,137099,54607,162386,2005533,GUE LIQ COS INC,FTDCQ,36257V105,P,02,LC,54607,2013-11-01T00:00:00Z,2019-12-31T00:00:00Z
14252,137111,54610,018792,2006042,GAMING & LEISURE PPTYS,GLPI,36467J108,P,01,LC,54610,2013-11-04T00:00:00Z,NA
14256,137089,54613,018625,1992551,LDR HOLDING CORP,LDRH.1,50185U105,P,01,LC,54613,2013-10-09T00:00:00Z,2016-07-29T00:00:00Z
14257,137100,54614,018658,1993117,MACROGENICS INC,MGNX,556099109,P,01,LC,54614,2013-10-09T00:00:00Z,NA
14260,137185,54617,018841,2004325,SURGICAL CARE AFFILIATES INC,SCAI,86881L106,P,01,LC,54617,2013-10-30T00:00:00Z,2017-03-31T00:00:00Z
14261,137090,16061,018438,1992562,SFX ENTERTAINMENT INC,SFXEQ,784178303,P,01,LC,16061,2013-10-09T00:00:00Z,2016-12-06T00:00:00Z
14263,137186,54620,018947,2004373,VERACYTE INC,VCYT,92337F107,P,01,LC,54620,2013-10-30T00:00:00Z,NA
14267,137219,54622,018866,2006192,ARC LOGISTICS PARTNERS LP,ARCX,03879N101,P,01,LC,54622,2013-11-06T00:00:00Z,2017-12-29T00:00:00Z
14271,137211,54625,018838,2006199,BARRACUDA NETWORKS INC,CUDA,068323104,P,01,LC,54625,2013-11-06T00:00:00Z,2018-02-28T00:00:00Z
14273,137236,54627,018556,2009158,CHEGG INC,CHGG,163092109,P,01,LC,54627,2013-11-13T00:00:00Z,NA
14274,137194,54628,018842,2004763,CONTAINER STORE GROUP,TCSGQ,210751202,P,01,LC,54628,2013-11-01T00:00:00Z,2024-12-09T00:00:00Z
14276,2686,20626,004194,9941,EASTMAN KODAK CO,KODK,277461406,P,02,LC,20626,2013-11-01T00:00:00Z,NA
14276,2686,20626,004194,2004765,EASTMAN KODAK CO,KODK,277461406,P,02,LC,20626,2013-11-01T00:00:00Z,NA
14277,7383,21576,009465,27242,SCHLUMBERGER LTD,SLB,806857108,P,01,LC,21576,1962-02-02T00:00:00Z,NA
14277,7383,21576,009465,27242,SCHLUMBERGER LTD,SLB,806857108,C,00X,LC,21576,1957-01-01T00:00:00Z,1962-02-01T00:00:00Z
14279,137237,14228,019163,2009180,EXTENDED STAY AMERICA INC,STAY,30224P200,P,01,LC,14228,2013-11-13T00:00:00Z,2021-06-30T00:00:00Z
14288,137232,54633,166746,2007290,J.G. WENTWORTH CO,JGWE,46618D207,P,01,LC,54633,2013-11-08T00:00:00Z,2016-06-17T00:00:00Z
14288,137232,54633,166746,2475492,J.G. WENTWORTH CO,JGWE,46618D207,P,01,LC,54633,2013-11-08T00:00:00Z,2016-06-17T00:00:00Z
14291,137221,54636,019104,2006735,MIDCOAST ENERGY PARTNERS LP,MEP,59564N103,P,01,LC,54636,2013-11-07T00:00:00Z,2017-04-28T00:00:00Z
14295,137212,54638,018872,2006706,TWITTER INC,TWTR,90184L102,P,01,LC,54638,2013-11-07T00:00:00Z,2022-10-31T00:00:00Z
14297,137246,54641,316056,2018327,ALLEGION PLC,ALLE,G0176J109,P,01,LC,54641,2013-12-02T00:00:00Z,NA
14312,137245,54653,016738,2009646,HOUGHTON MIFFLIN HARCOURT CO,HMHC,44157R109,P,01,LC,54653,2013-11-14T00:00:00Z,2022-04-29T00:00:00Z
14313,137268,54654,018509,2063073,IDEAL POWER INC,IPWR,451622203,P,01,LC,54654,2013-11-22T00:00:00Z,NA
14317,137225,54657,018629,2006809,LGI HOMES INC,LGIH,50187T106,P,01,LC,54657,2013-11-07T00:00:00Z,NA
14318,134803,54658,011854,2007188,NMI HOLDINGS INC,NMIH,629209305,P,01,LC,54658,2013-11-08T00:00:00Z,NA
14321,137241,54661,018976,2010192,RELYPSA INC,RLYP,759531106,P,01,LC,54661,2013-11-15T00:00:00Z,2016-09-30T00:00:00Z
14328,137332,54665,177637,2025109,AMC ENTERTAINMENT HOLDINGS,AMC,00165C302,P,01,LC,54665,2013-12-18T00:00:00Z,NA
14329,137312,54666,186858,2022894,ARAMARK,ARMK,03852U106,P,01,LC,54666,2013-12-12T00:00:00Z,NA
14334,137313,54668,176234,2022908,CATCHMARK TIMBER TRUST,CTT,14912Y202,P,01,LC,54668,2013-12-12T00:00:00Z,2022-09-30T00:00:00Z
14337,137320,54671,018635,2023447,FIDELITY & GUARANTY LIFE,FGL.3,315785105,P,01,LC,54671,2013-12-13T00:00:00Z,2017-12-01T00:00:00Z
14338,137314,20915,005643,14812,HILTON WORLDWIDE HOLDINGS,HLT,43300A203,P,04,LC,54672,2013-12-12T00:00:00Z,NA
14338,137314,20915,005643,2022926,HILTON WORLDWIDE HOLDINGS,HLT,43300A203,P,04,LC,54672,2013-12-12T00:00:00Z,NA
14338,137314,54672,005643,2022926,HILTON WORLDWIDE HOLDINGS,HLT,43300A203,P,04,LC,54672,2013-12-12T00:00:00Z,NA
14340,137319,54675,018975,2023468,NIMBLE STORAGE INC,NMBL,65440R101,P,01,LC,54675,2013-12-13T00:00:00Z,2017-04-28T00:00:00Z
14342,137306,54676,018774,2022876,VALERO ENERGY PARTNERS LP,VLP,91914J102,P,01,LC,54676,2013-12-11T00:00:00Z,2019-01-31T00:00:00Z
14351,93126,54679,206365,9194,KOFAX LTD,KFX,G5307C105,P,01,LC,54679,2013-12-05T00:00:00Z,2015-05-29T00:00:00Z
14359,137249,54685,018938,2019000,XENCOR INC,XNCR,98401F105,P,01,LC,54685,2013-12-03T00:00:00Z,NA
14378,137432,54694,019352,2037919,CARE.COM INC,CRCM,141633107,P,01,LC,54694,2014-01-24T00:00:00Z,2020-02-28T00:00:00Z
14379,107379,54695,145812,1013070,VEREN INC,VRN,92340V107,P,01,LC,54695,2014-01-22T00:00:00Z,NA
14380,137407,54696,019184,2035242,CYPRESS ENVIRONMNTL PRTNS LP,CELPQ,232751107,P,01,LC,54696,2014-01-15T00:00:00Z,2022-06-30T00:00:00Z
14392,137419,54697,018660,2035850,EP ENERGY CORP,EPEGQ,268785102,P,01,LC,54697,2014-01-17T00:00:00Z,2019-04-30T00:00:00Z
14393,137451,54698,019190,2040028,INTRAWEST RESORTS HLDGS INC,SNOW.,46090K109,P,01,LC,54698,2014-01-31T00:00:00Z,2017-07-31T00:00:00Z
14401,137393,54702,019517,2040088,ONE GAS INC,OGS,68235P108,P,01,LC,54702,2014-02-03T00:00:00Z,NA
14408,137408,54704,019171,2035861,RSP PERMIAN INC,RSPP,74978Q105,P,01,LC,54704,2014-01-17T00:00:00Z,2018-07-31T00:00:00Z
14409,137430,54705,019377,2037927,RICE ENERGY INC,RICE.,762760106,P,01,LC,54705,2014-01-24T00:00:00Z,2017-11-30T00:00:00Z
14414,137431,54706,018306,2037422,SANTANDER CONSUMER USA HLDGS,SC,80283M101,P,01,LC,54706,2014-01-23T00:00:00Z,2022-01-31T00:00:00Z
14416,137420,12637,020259,6551,CHC GROUP LTD,HELIQ,G07021127,P,05,LC,54708,2014-01-17T00:00:00Z,2016-02-01T00:00:00Z
14422,137455,54713,019154,2040055,CARA THERAPEUTICS INC,CARA,140755208,P,01,LC,54713,2014-01-31T00:00:00Z,NA
14423,137244,54714,018929,635869,CELLADON CORP,CLDN,15117E107,P,01,LC,54714,2014-01-30T00:00:00Z,2016-03-22T00:00:00Z
14423,137244,54714,027046,2039686,EIGER BIOPHARMACEUTICALS INC,EIGRQ,28249U204,P,01,LC,54714,2016-03-23T00:00:00Z,2024-09-30T00:00:00Z
14426,137449,54717,019470,2039695,DICERNA PHARMACEUTICALS INC,DRNA,253031108,P,01,LC,54717,2014-01-30T00:00:00Z,2021-12-31T00:00:00Z
14431,137231,54718,018878,2034697,GLYCOMIMETICS INC,GLYC,38000Q102,P,01,LC,54718,2014-01-10T00:00:00Z,NA
14432,137456,54720,019412,2040065,INTRA-CELLULAR THERAPIES INC,ITCI,46116X101,P,01,LC,54720,2014-01-31T00:00:00Z,NA
14433,137240,54656,019168,2009659,DEL TACO RESTAURANTS INC,TACO,245496104,P,02,LC,54656,2014-01-06T00:00:00Z,2022-03-31T00:00:00Z
14434,137457,54721,019391,2040031,MALIBU BOATS INC,MBUU,56117J100,P,01,LC,54721,2014-01-31T00:00:00Z,NA
14435,129333,54722,184585,2035869,NOVA LIFESTYLE INC,NVFY,66979P300,P,01,LC,54722,2014-01-17T00:00:00Z,NA
14436,137458,54723,019149,2040052,ULTRAGENYX PHARMACEUTICAL,RARE,90400D108,P,01,LC,54723,2014-01-31T00:00:00Z,NA
14440,132353,54724,016848,2035010,TRAVERE THERAPEUTICS INC,TVTX,89422G107,P,01,LC,54724,2014-01-10T00:00:00Z,NA
14442,137258,54726,018925,2040042,TREVENA INC,TRVN,89532E307,P,01,LC,54726,2014-01-31T00:00:00Z,NA
14448,137468,54729,019418,2041385,AUSPEX PHARMACEUTICALS INC,ASPX,05211J102,P,01,LC,54729,2014-02-05T00:00:00Z,2015-05-29T00:00:00Z
14451,137502,54733,019534,2044217,CONCERT PHARMACEUTICLS INC,CNCE,206022105,P,01,LC,54733,2014-02-13T00:00:00Z,2023-03-31T00:00:00Z
14456,137494,54736,019784,2043752,EAGLE PHARMACEUTICALS INC,EGRX,269796108,P,01,LC,54736,2014-02-12T00:00:00Z,NA
14457,137487,54737,019511,2043762,FLEXION THERAPEUTICS INC,FLXN,33938J106,P,01,LC,54737,2014-02-12T00:00:00Z,2021-11-30T00:00:00Z
14459,137505,54739,019274,2044550,INOGEN INC,INGN,45780L104,P,01,LC,54739,2014-02-14T00:00:00Z,NA
14467,137477,54743,019471,2041842,REVANCE THERAPEUTICS INC,RVNC,761330109,P,01,LC,54743,2014-02-06T00:00:00Z,NA
14470,137481,14340,062016,9247,SIZMEK INC,SZMK,83013P105,P,01,LC,54746,2014-02-07T00:00:00Z,2016-09-26T00:00:00Z
14470,137481,54746,062016,2042997,SIZMEK INC,SZMK,83013P105,P,01,LC,54746,2014-02-07T00:00:00Z,2016-09-26T00:00:00Z
14472,137543,54748,019044,2049859,VARONIS SYSTEMS INC,VRNS,922280102,P,01,LC,54748,2014-02-28T00:00:00Z,NA
14478,137464,54749,019442,2041394,CONTINENTAL BUILDING PRODS,CBPX,211171103,P,01,LC,54749,2014-02-05T00:00:00Z,2020-01-31T00:00:00Z
14479,137496,54750,019516,2044148,INSTALLED BLDG PRODUCTS INC,IBP,45780R101,P,01,LC,54750,2014-02-13T00:00:00Z,NA
14487,137485,54752,019518,2050850,KNOWLES CORP,KN,49926D109,P,01,LC,54752,2014-03-03T00:00:00Z,NA
14490,137467,54754,019574,2044599,GANNETT CO INC,GCI,36472T109,P,01,LC,54754,2014-02-14T00:00:00Z,NA
14495,137609,54756,019849,2056222,A10 NETWORKS INC,ATEN,002121101,P,01,LC,54756,2014-03-21T00:00:00Z,NA
14497,119699,54757,016947,2057189,ACTINIUM PHARMACEUTICALS INC,ATNM,00507W206,P,01,LC,54757,2014-03-26T00:00:00Z,NA
14498,137642,54758,019898,2057814,AEROHIVE NETWORKS INC,HIVE.1,007786106,P,01,LC,54758,2014-03-28T00:00:00Z,2019-08-30T00:00:00Z
14499,137607,54759,019989,2056218,AMBER ROAD INC,AMBR,02318Y108,P,01,LC,54759,2014-03-21T00:00:00Z,2019-07-31T00:00:00Z
14502,137583,54761,019773,2054139,CASTLIGHT HEALTH INC,CSLT,14862Q100,P,01,LC,54761,2014-03-14T00:00:00Z,2022-02-28T00:00:00Z
14503,137641,54762,019507,2057821,OUTFRONT MEDIA INC,OUT,69007J304,P,01,LC,54762,2014-03-28T00:00:00Z,NA
14504,137562,54763,019747,2052559,QUOTIENT TECHNOLOGY INC,QUOT,749119103,P,01,LC,54763,2014-03-07T00:00:00Z,2023-09-29T00:00:00Z
14505,137568,54764,019935,2052587,ENLINK MIDSTREAM LLC,ENLC,29336T100,P,01,LC,54764,2014-03-10T00:00:00Z,NA
14516,137594,54769,019877,2055815,Q2 HOLDINGS INC,QTWO,74736L109,P,01,LC,54769,2014-03-20T00:00:00Z,NA
14521,137635,54772,140988,2057483,TRINET GROUP INC,TNET,896288107,P,01,LC,54772,2014-03-27T00:00:00Z,NA
14523,121950,54774,017185,2052907,22ND CENTURY GROUP INC,XXII,90137F400,P,01,LC,54774,2014-03-11T00:00:00Z,NA
14526,529,317,001686,2331,APOGEE ENTERPRISES INC,APOG,037598109,P,01,LU,317,1973-01-31T00:00:00Z,NA
14528,137637,54777,019967,2057471,APPLIED GENETIC TECHNOLOGIES,AGTC,03820J100,P,01,LC,54777,2014-03-27T00:00:00Z,2022-12-30T00:00:00Z
14530,137578,54778,019718,2053236,ACHAOGEN INC,AKAOQ,004449104,P,01,LC,54778,2014-03-12T00:00:00Z,2021-06-30T00:00:00Z
14531,137615,54779,019859,2055831,AKEBIA THERAPEUTICS INC,AKBA,00972D105,P,01,LC,54779,2014-03-20T00:00:00Z,NA
14532,137587,54780,019172,2054999,A-MARK PRECIOUS METALS INC,AMRK,00181T107,P,01,LC,54780,2014-03-17T00:00:00Z,NA
14537,137621,54783,019830,2056214,BORDERFREE INC,BRDR,09970L100,P,01,LC,54783,2014-03-21T00:00:00Z,2015-06-30T00:00:00Z
14541,7846,20440,002991,6627,CHEVRON CORP,CVX,166764100,P,01,LU,20440,1962-01-31T00:00:00Z,NA
14541,7846,20440,002991,6627,CHEVRON CORP,CVX,166764100,C,00X,LU,20440,1950-01-01T00:00:00Z,1962-01-30T00:00:00Z
14543,137421,54719,023167,2035856,BLUE BIRD CORP,BLBD,095306106,P,01,LC,54719,2015-03-02T00:00:00Z,NA
14544,137595,54786,019581,2061364,LANDS' END INC,LE,51509F105,P,01,LC,54786,2014-04-07T00:00:00Z,NA
14547,137590,54790,019730,2055400,PAYLOCITY HOLDING CORP,PCTY,70438V106,P,01,LC,54790,2014-03-19T00:00:00Z,NA
14548,121941,54791,176346,2057493,PROFIRE ENERGY INC,PFIE,74316X101,P,01,LC,54791,2014-03-27T00:00:00Z,2025-01-31T00:00:00Z
14550,137566,54792,019025,2052555,SOCIETAL CDMO INC,SCTL,75629F109,P,01,LC,54792,2014-03-07T00:00:00Z,2024-04-30T00:00:00Z
14552,136601,54794,019116,2054150,IGNYTA INC,RXDX.,451731103,P,01,LC,54794,2014-03-14T00:00:00Z,2018-02-28T00:00:00Z
14554,137645,54796,019881,2057807,2U INC,TWOUQ,90214J200,P,01,LC,54796,2014-03-28T00:00:00Z,2024-09-30T00:00:00Z
14556,137646,54798,019977,2057832,ENERGOUS CORP,WATT,29272C202,P,01,LC,54798,2014-03-28T00:00:00Z,NA
14558,131472,53687,005072,13003,ALLY FINANCIAL INC,ALLY,02005N100,P,05,LC,53687,2014-04-10T00:00:00Z,NA
14559,137699,54800,019851,2061282,CITY OFFICE REIT INC,CIO,178587101,P,01,LC,54800,2014-04-15T00:00:00Z,NA
14564,137696,54802,019273,2060731,ENABLE MIDSTREAM PARTNERS LP,ENBL,292480100,P,01,LC,54802,2014-04-11T00:00:00Z,2021-12-03T00:00:00Z
14567,137665,54805,019906,2059211,GRUBHUB INC,GRUB.2,400110102,P,01,LC,54805,2014-04-04T00:00:00Z,2021-06-30T00:00:00Z
14573,137679,54808,019800,2060160,COREPOINT LODGING INC,CPLG,21872L104,P,01,LC,54808,2014-04-09T00:00:00Z,2018-05-30T00:00:00Z
14573,137679,56354,019800,2840128,COREPOINT LODGING INC,CPLG,21872L104,P,01,LC,54808,2014-04-09T00:00:00Z,2018-05-30T00:00:00Z
14574,137733,54809,019927,2061627,MOELIS & CO,MC,60786M105,P,01,LC,54809,2014-04-16T00:00:00Z,NA
14578,137664,54811,019910,2059257,OPOWER INC,OPWR,68375Y109,P,01,LC,54811,2014-04-04T00:00:00Z,2016-06-30T00:00:00Z
14580,137657,54813,019753,2058567,MAGNITE INC,MGNI,55955D100,P,01,LC,54813,2014-04-02T00:00:00Z,NA
14588,137695,54815,020113,2060767,ZOE'S KITCHEN INC,ZOES,98979J109,P,01,LC,54815,2014-04-11T00:00:00Z,2018-11-30T00:00:00Z
14589,137685,54816,020042,2060475,ADAMAS PHARMACEUTICALS INC,ADMS,00548A106,P,01,LC,54816,2014-04-10T00:00:00Z,2021-11-30T00:00:00Z
14593,12161,7,001690,2355,APPLE INC,AAPL,037833100,P,01,LU,7,1980-12-12T00:00:00Z,NA
14594,137660,54818,019912,2058933,CORIUM INTERNATIONAL INC,CORI,21887L107,P,01,LC,54818,2014-04-03T00:00:00Z,2018-11-30T00:00:00Z
14596,137668,54820,019908,2059180,FIVE9 INC,FIVN,338307101,P,01,LC,54820,2014-04-04T00:00:00Z,NA
14598,137672,54821,020136,1722358,AMERICAN REALTY CAP HLTHCR,HCT,02917R108,P,01,LC,54821,2014-04-07T00:00:00Z,2015-01-30T00:00:00Z
14599,112263,54822,149906,2064133,HENNESSY ADVISORS INC,HNNA,425885100,P,01,LC,54822,2014-04-28T00:00:00Z,NA
14601,137737,6412,010121,2065334,NAVIENT CORP,NAVI,63938C108,P,04,LC,54824,2014-05-01T00:00:00Z,NA
14601,137737,54824,010121,2065334,NAVIENT CORP,NAVI,63938C108,P,04,LC,54824,2014-05-01T00:00:00Z,NA
14602,137715,54825,020277,2061651,OPUS BANK,OPB,684000102,P,01,LC,54825,2014-04-16T00:00:00Z,2020-06-30T00:00:00Z
14603,137706,54826,020115,2060759,PHIBRO ANIMAL HEALTH CORP,PAHC,71742Q106,P,01,LC,54826,2014-04-11T00:00:00Z,NA
14604,116867,54827,066394,2058577,PEOPLES FINANCIAL SERVICES,PFIS,711040105,P,01,LC,54827,2014-04-02T00:00:00Z,NA
14608,137723,54830,019649,2061984,SABRE CORP,SABR,78573M104,P,01,LC,54830,2014-04-17T00:00:00Z,NA
14609,137724,54831,016009,2061996,SPORTSMANS WAREHOUSE HLDGS,SPWH,84920Y106,P,01,LC,54831,2014-04-17T00:00:00Z,NA
14612,137717,54834,020131,2061662,TRIVASCULAR TECHNOLOGIES INC,TRIV,89685A102,P,01,LC,54834,2014-04-16T00:00:00Z,2016-02-29T00:00:00Z
14619,137909,54839,020020,2072545,CIVEO CORP,CVEO,17878Y207,P,01,LC,54839,2014-06-02T00:00:00Z,NA
14625,137973,54841,020422,2070814,HERITAGE INSURANCE HOLDINGS,HRTG,42727J102,P,01,LC,54841,2014-05-23T00:00:00Z,NA
14632,137878,54844,020235,2072537,DNOW INC,DNOW,67011P100,P,01,LC,54844,2014-06-02T00:00:00Z,NA
14633,137888,54845,020539,2066820,PBF LOGISTICS LP,PBFX,69318Q104,P,01,LC,54845,2014-05-09T00:00:00Z,2022-12-30T00:00:00Z
14634,137974,54846,020298,2070824,PARSLEY ENERGY INC,PE,701877102,P,01,LC,54846,2014-05-23T00:00:00Z,2021-01-29T00:00:00Z
14636,137915,54848,020147,2070828,SUPERIOR DRILLING PRODUCTS,SDPI,868153107,P,01,LC,54848,2014-05-23T00:00:00Z,2024-08-30T00:00:00Z
14637,137914,54849,019580,2074627,TIME INC,TIME.,887228104,P,01,LC,54849,2014-06-09T00:00:00Z,2018-01-31T00:00:00Z
14638,137903,54850,020344,2071788,WASHINGTON PRIME GROUP INC,WPGGQ,93964W405,P,01,LC,54850,2014-05-29T00:00:00Z,2021-10-29T00:00:00Z
14641,137927,54851,020229,2068309,ZENDESK INC,ZEN,98936J101,P,01,LC,54851,2014-05-15T00:00:00Z,2022-11-30T00:00:00Z
14642,137883,54852,317264,2066589,DORIAN LPG LTD,LPG,Y2106R110,P,01,LC,54852,2014-05-08T00:00:00Z,NA
14644,137904,54854,020550,2066815,ALCENTRA CAPITAL CORP,ABDC.1,01374T102,P,01,LC,54854,2014-05-09T00:00:00Z,2020-01-31T00:00:00Z
14645,137969,54855,020010,2070809,AGILE THERAPEUTICS INC,AGRX,00847L308,P,01,LC,54855,2014-05-23T00:00:00Z,2024-03-25T00:00:00Z
14646,137886,54856,020033,2066810,ALDER BIOPHARMACEUTICALS INC,ALDR,014339105,P,01,LC,54856,2014-05-08T00:00:00Z,2019-10-31T00:00:00Z
14647,137704,54857,020018,2065306,ALDEYRA THERAPEUTICS INC,ALDX,01438T106,P,01,LC,54857,2014-05-02T00:00:00Z,NA
14651,137946,54859,019582,2072873,CARETRUST REIT INC,CTRE,14174T107,P,01,LC,54859,2014-06-03T00:00:00Z,NA
14654,137855,54862,020407,2065320,PAPA MURPHY'S HOLDINGS INC,FRSH.2,698814100,P,01,LC,54862,2014-05-02T00:00:00Z,2019-05-31T00:00:00Z
14655,137972,54863,019744,2070096,JD.COM INC,JD,47215P106,P,90,LC,54863,2014-05-22T00:00:00Z,NA
14668,137661,54868,020040,2065362,SCYNEXIS INC,SCYX,811292200,P,01,LC,54868,2014-05-02T00:00:00Z,NA
14670,137918,54870,016549,2067944,SERVISFIRST BANCSHARES INC,SFBS,81768T108,P,01,LC,54870,2014-05-14T00:00:00Z,NA
14671,121371,54871,163867,2071432,STONEGATE BANK/FL,SGBK,861811107,P,01,LC,54871,2014-05-28T00:00:00Z,2017-09-29T00:00:00Z
14677,137935,54875,020540,2068647,TRUECAR INC,TRUE,89785L107,P,01,LC,54875,2014-05-16T00:00:00Z,NA
14682,138008,54876,020502,2120797,RAYONIER ADVANCED MATERIALS,RYAM,75508B104,P,01,LC,54876,2014-06-30T00:00:00Z,NA
14684,138094,54878,020011,2121193,METALLUS INC,MTUS,887399103,P,01,LC,54878,2014-07-01T00:00:00Z,NA
14688,138146,54881,020659,2079929,AMPHASTAR PHARMACEUTICLS INC,AMPH,03209R103,P,01,LC,54881,2014-06-25T00:00:00Z,NA
14689,122794,54882,162453,2073916,AEMETIS INC,AMTX,00770K202,P,01,LC,54882,2014-06-06T00:00:00Z,NA
14690,138110,54883,020645,2077794,ARDELYX INC,ARDX,039697107,P,01,LC,54883,2014-06-19T00:00:00Z,NA
14694,138157,54888,020644,2079930,GOPRO INC,GPRO,38268T103,P,01,LC,54888,2014-06-26T00:00:00Z,NA
14695,138131,54890,020643,2078727,KITE PHARMA INC,KITE,49803L109,P,01,LC,54890,2014-06-20T00:00:00Z,2017-10-31T00:00:00Z
14696,138170,6959,007316,20536,MICHAELS COS INC,MIK,59408Q106,P,02,LC,54891,2014-06-27T00:00:00Z,2021-04-30T00:00:00Z
14696,138170,6959,007316,2080242,MICHAELS COS INC,MIK,59408Q106,P,02,LC,54891,2014-06-27T00:00:00Z,2021-04-30T00:00:00Z
14696,138170,54891,007316,2080242,MICHAELS COS INC,MIK,59408Q106,P,02,LC,54891,2014-06-27T00:00:00Z,2021-04-30T00:00:00Z
14697,138079,54892,020330,2076663,MOBILEIRON INC,MOBL,60739U204,P,01,LC,54892,2014-06-12T00:00:00Z,2020-12-31T00:00:00Z
14702,540,194,001704,2382,APPLIED MATERIALS INC,AMAT,038222105,P,01,LU,194,1972-12-14T00:00:00Z,NA
14703,138097,54894,020168,2076656,MEMORIAL RESOURCE DEV CORP,MRD,58605Q109,P,01,LC,54894,2014-06-13T00:00:00Z,2016-09-30T00:00:00Z
14704,138123,48792,162906,586129,IHS MARKIT LTD,INFO.1,G47567105,P,01,LC,54895,2016-07-13T00:00:00Z,2022-03-02T00:00:00Z
14707,133968,54898,170520,2073903,RADIUS HEALTH INC,RDUS.1,750469207,P,01,LC,54898,2014-06-06T00:00:00Z,2022-08-31T00:00:00Z
14713,138141,54906,020672,2079609,ADEPTUS HEALTH INC,ADPTQ,006855100,P,01,LC,54906,2014-06-25T00:00:00Z,2017-09-30T00:00:00Z
14714,138035,54907,020748,2073894,ARISTA NETWORKS INC,ANET,040413205,P,01,LC,54907,2014-06-06T00:00:00Z,NA
14715,138072,54908,187550,2076653,ASPEN AEROGELS INC,ASPN,04523Y105,P,01,LC,54908,2014-06-13T00:00:00Z,NA
14716,138118,54909,018004,2077404,CENTURY COMMUNITIES INC,CCS,156504300,P,01,LC,54909,2014-06-18T00:00:00Z,NA
14721,138119,54914,170639,2077410,FORESIGHT ENERGY LP,FELPQ,34552U104,P,01,LC,54914,2014-06-18T00:00:00Z,2019-11-08T00:00:00Z
14723,138150,54916,020884,2079601,IMPRIVATA INC,IMPR,45323J103,P,01,LC,54916,2014-06-25T00:00:00Z,2016-09-30T00:00:00Z
14734,138161,54918,020655,2080246,XPLR INFRASTRUCTURE LP,XIFR,65341B106,P,01,LC,54918,2014-06-27T00:00:00Z,NA
14750,138151,54920,020089,2079931,TERMINIX GLOBAL HOLDINGS INC,TMX,88087E100,P,01,LC,54920,2014-06-26T00:00:00Z,2022-10-31T00:00:00Z
14751,138095,54923,019858,2121576,VERITIV CORP,VRTV,923454102,P,01,LC,54923,2014-07-02T00:00:00Z,2023-11-30T00:00:00Z
14752,8199,21739,010504,30511,TEXAS PACIFIC LAND CORP,TPL,88262P102,P,01,LC,21739,1972-01-31T00:00:00Z,2021-01-08T00:00:00Z
14752,8199,21739,010504,30511,TEXAS PACIFIC LAND CORP,TPL,88262P102,C,00X,LC,21739,1972-01-01T00:00:00Z,1972-01-30T00:00:00Z
14752,8199,57695,010504,30511,TEXAS PACIFIC LAND CORP,TPL,88262P102,P,01,LC,21739,1972-01-31T00:00:00Z,2021-01-08T00:00:00Z
14752,8199,57695,010504,30511,TEXAS PACIFIC LAND CORP,TPL,88262P102,C,00X,LC,21739,1972-01-01T00:00:00Z,1972-01-30T00:00:00Z
14755,138077,54927,187551,2076686,TRINSEO PLC,TSE,G9059U107,P,01,LC,54927,2014-06-12T00:00:00Z,2021-10-10T00:00:00Z
14755,138077,58816,187551,2076686,TRINSEO PLC,TSE,G9059U107,P,01,LC,54927,2014-06-12T00:00:00Z,2021-10-10T00:00:00Z
14759,138288,54929,020126,2128031,ADVANCED DRAINAGE SYSTEMS,WMS,00790R104,P,01,LC,54929,2014-07-25T00:00:00Z,NA
14761,543,352,001712,2447,TRECORA RESOURCES,TREC,894648104,C,01,LU,352,1976-01-30T00:00:00Z,2022-06-30T00:00:00Z
14761,543,352,001712,2447,TRECORA RESOURCES,TREC,894648104,C,00X,LC,352,1976-01-01T00:00:00Z,1976-01-29T00:00:00Z
14763,138317,54931,020228,2129696,CATALENT INC,CTLT,148806102,P,01,LC,54931,2014-07-31T00:00:00Z,2024-12-31T00:00:00Z
14773,55183,12195,022447,8974,PAR PACIFIC HOLDINGS INC,PARR,69888T207,P,02,LC,54933,2014-07-22T00:00:00Z,NA
14773,55183,54933,022447,2126600,PAR PACIFIC HOLDINGS INC,PARR,69888T207,P,02,LC,54933,2014-07-22T00:00:00Z,NA
14774,138240,54934,020798,2127524,PFENEX INC,PFNX,717071104,P,01,LC,54934,2014-07-24T00:00:00Z,2020-09-30T00:00:00Z
14776,138318,54936,020686,2129744,SYNCHRONY FINANCIAL,SYF,87165B103,P,01,LC,54936,2014-07-31T00:00:00Z,NA
14778,138275,17862,111974,25960,TOWNSQUARE MEDIA INC,TSQ,892231101,P,03,LC,54938,2014-07-24T00:00:00Z,NA
14778,138275,54938,111974,2127527,TOWNSQUARE MEDIA INC,TSQ,892231101,P,03,LC,54938,2014-07-24T00:00:00Z,NA
14783,138319,54941,020473,2129232,WESTLAKE CHEMICAL PRTNRS LP,WLKP,960417103,P,01,LC,54941,2014-07-30T00:00:00Z,NA
14784,138245,54942,020967,2130965,PARAGON OFFSHORE PLC,PGNPQ,G6S01W108,P,01,LC,54942,2014-08-04T00:00:00Z,2015-12-17T00:00:00Z
14790,138350,54946,021020,2129671,ADVERUM BIOTECHNOLOGIES,ADVM,00773U207,P,01,LC,54946,2014-07-25T00:00:00Z,NA
14795,8260,21758,010581,30755,TIMKEN CO,TKR,887389104,P,01,LC,21758,1962-01-31T00:00:00Z,NA
14795,8260,21758,010581,30755,TIMKEN CO,TKR,887389104,C,00X,LC,21758,1950-01-01T00:00:00Z,1962-01-30T00:00:00Z
14797,138238,54951,179834,2125312,CAREDX INC,CDNA,14167L103,P,01,LC,54951,2014-07-17T00:00:00Z,NA
14801,135148,54954,012257,2121571,GLOBEIMMUNE INC,GBIM,37957B100,C,01,LC,54954,2014-07-02T00:00:00Z,NA
14803,138303,54955,020823,2129703,HEALTHEQUITY INC,HQY,42226A107,P,01,LC,54955,2014-07-31T00:00:00Z,NA
14805,138282,54956,021008,2127503,IMMUNE DESIGN CORP,IMDZ,45252L103,P,01,LC,54956,2014-07-24T00:00:00Z,NA
14812,138293,54960,021124,2128046,EL POLLO LOCO HOLDINGS INC,LOCO,268603107,P,01,LC,54960,2014-07-25T00:00:00Z,NA
14816,8288,21763,010609,30906,TOOTSIE ROLL INDUSTRIES INC,TR,890516107,P,01,LC,21763,1962-01-31T00:00:00Z,NA
14816,8288,21763,010609,30906,TOOTSIE ROLL INDUSTRIES INC,TR,890516107,C,00X,LC,21763,1950-01-01T00:00:00Z,1962-01-30T00:00:00Z
14821,138259,54966,021138,2130977,RIGHTSIDE GROUP LTD,NAME,76658B100,P,01,LC,54966,2014-08-04T00:00:00Z,2017-07-31T00:00:00Z
14822,138158,54967,020225,2121176,MINERVA NEUROSCIENCES INC,NERV,603380205,P,01,LC,54967,2014-07-01T00:00:00Z,NA
14828,138248,54971,020943,2125688,SAGE THERAPEUTICS INC,SAGE,78667J108,P,01,LC,54971,2014-07-18T00:00:00Z,NA
14830,138283,54973,020740,2128986,VIA RENEWABLES INC,VIA,92556D304,P,01,LC,54973,2014-07-29T00:00:00Z,2024-06-28T00:00:00Z
14834,138251,54978,020090,2125655,TUBEMOGUL INC,TUBE,898570106,P,01,LC,54978,2014-07-18T00:00:00Z,2016-12-30T00:00:00Z
14851,138339,54983,187252,2130282,FCB FINANCIAL HOLDINGS INC,FCB,30255G103,P,01,LC,54983,2014-08-01T00:00:00Z,2018-12-31T00:00:00Z
14852,138388,54984,021165,2132740,INDEPENDENCE CONTRACT DRLLNG,ICDIQ,453415606,P,01,LC,54984,2014-08-08T00:00:00Z,2024-08-28T00:00:00Z
14855,129397,20978,005968,26744,RYERSON HOLDING CORP,RYI,783754104,P,03,LC,54985,2014-08-08T00:00:00Z,NA
14855,129397,20978,005968,1790734,RYERSON HOLDING CORP,RYI,783754104,P,03,LC,54985,2014-08-08T00:00:00Z,NA
14855,129397,20978,005968,2132746,RYERSON HOLDING CORP,RYI,783754104,P,03,LC,54985,2014-08-08T00:00:00Z,NA
14855,129397,54985,005968,2132746,RYERSON HOLDING CORP,RYI,783754104,P,03,LC,54985,2014-08-08T00:00:00Z,NA
14871,138353,54994,021016,2130273,LOXO ONCOLOGY INC,LOXO,548862101,P,01,LC,54994,2014-08-01T00:00:00Z,2019-02-28T00:00:00Z
14872,138453,54995,020699,2141759,LIBERTY TRIPADVISOR HOLDINGS,LTRPA,531465102,P,01,LC,54995,2014-08-28T00:00:00Z,NA
14874,138404,54996,021145,2134641,OTONOMY INC,OTIC,68906L105,P,01,LC,54996,2014-08-13T00:00:00Z,2023-04-28T00:00:00Z
14879,138383,54998,021033,2132433,T2 BIOSYSTEMS INC,TTOO,89853L302,P,01,LC,54998,2014-08-07T00:00:00Z,NA
14882,138612,55000,021808,2148336,CAESARS ENTERTAINMENT INC,CZR,12769G100,P,01,LC,55000,2014-09-19T00:00:00Z,NA
14889,43524,55006,021825,2150201,CITIZENS FINANCIAL GROUP INC,CFG,174610105,P,01,LC,55006,2014-09-24T00:00:00Z,NA
14915,138626,55015,019843,2150895,SMART & FINAL STORES INC,SFS,83190B101,P,01,LC,55015,2014-09-24T00:00:00Z,2019-06-28T00:00:00Z
14926,138611,55023,021761,2154420,CDK GLOBAL INC,CDK,12508E101,P,01,LC,55023,2014-10-01T00:00:00Z,2022-07-29T00:00:00Z
14929,138602,56233,021522,2766996,VYNE THERAPEUTICS INC,VYNE,92941V308,P,01,LC,55025,2014-09-18T00:00:00Z,2020-03-06T00:00:00Z
14939,138617,55033,020232,2163313,KEYSIGHT TECHNOLOGIES INC,KEYS,49338L103,P,01,LC,55033,2014-11-03T00:00:00Z,NA
14941,138735,55034,021352,2163304,AVANOS MEDICAL INC,AVNS,05350V106,P,01,LC,55034,2014-11-03T00:00:00Z,NA
14942,138814,55035,020692,2162629,KIMBALL ELECTRONICS INC,KE,49428J109,P,01,LC,55035,2014-11-03T00:00:00Z,NA
14945,138707,55038,178698,2154412,AAC HOLDINGS INC,AACH,000307108,P,01,LC,55038,2014-10-02T00:00:00Z,2020-12-31T00:00:00Z
14950,138246,55039,021150,2155317,ASTERIAS BIOTHERAPEUTICS INC,AST,04624N107,P,01,LC,55039,2014-10-08T00:00:00Z,2019-03-29T00:00:00Z
14953,138899,55042,021898,2162228,BOOT BARN HOLDINGS INC,BOOT,099406100,P,01,LC,55042,2014-10-30T00:00:00Z,NA
14954,138736,55043,021047,2155272,DIPLOMAT PHARMACY INC,DPLO,25456K101,P,01,LC,55043,2014-10-10T00:00:00Z,2020-02-28T00:00:00Z
14956,138782,55044,021918,2156815,DOMINION ENRG MIDSTRM PRT LP,DM.1,257454108,P,01,LC,55044,2014-10-15T00:00:00Z,2019-01-31T00:00:00Z
14960,138860,55047,189517,2167195,ENOVA INTERNATIONAL INC,ENVA,29357K103,P,01,LC,55047,2014-11-13T00:00:00Z,NA
14961,138708,55048,185277,2154427,FAIRMOUNT SANTROL HOLDINGS,FMSA,30555Q108,P,01,LC,55048,2014-10-03T00:00:00Z,2018-05-31T00:00:00Z
14969,138792,55050,021616,2156835,GREAT WESTERN BANCORP INC,GWB,391416104,P,01,LC,55050,2014-10-15T00:00:00Z,2022-02-28T00:00:00Z
14970,138727,55051,021847,2155226,HUBSPOT INC,HUBS,443573100,P,01,LC,55051,2014-10-09T00:00:00Z,NA
14972,138698,55052,020537,2153681,JP ENERGY PARTNERS LP,JPEP,46643C109,P,01,LC,55052,2014-10-02T00:00:00Z,2017-03-31T00:00:00Z
14980,138867,55057,020944,2161030,SHELL MIDSTREAM PARTNERS LP,SHLX,822634101,P,01,LC,55057,2014-10-29T00:00:00Z,2022-10-31T00:00:00Z
14981,138737,55058,021628,2155254,USD PARTNERS LP,USDP,903318103,P,01,LC,55058,2014-10-09T00:00:00Z,NA
14982,138677,55059,021626,2152615,VIVINT SOLAR INC,VSLR,92854Q106,P,01,LC,55059,2014-10-01T00:00:00Z,2020-10-08T00:00:00Z
14983,138699,55060,021540,2153633,WAYFAIR INC,W,94419L101,P,01,LC,55060,2014-10-02T00:00:00Z,NA
14984,138802,55061,021433,2157621,ZAYO GROUP HOLDINGS INC,ZAYO,98919V105,P,01,LC,55061,2014-10-17T00:00:00Z,2020-03-31T00:00:00Z
14989,7616,55065,011787,90111,SEARS CANADA INC,SRSCQ,81234D109,C,01,LC,55065,2014-10-16T00:00:00Z,2017-06-30T00:00:00Z
15003,138704,55072,021617,2154435,DERMIRA INC,DERM.2,24983L104,P,01,LC,55072,2014-10-03T00:00:00Z,2020-02-28T00:00:00Z
15014,135209,13801,060923,8775,DAVE & BUSTER'S ENTMT INC,PLAY,238337109,P,03,LC,55082,2014-10-10T00:00:00Z,NA
15014,135209,55082,060923,2155262,DAVE & BUSTER'S ENTMT INC,PLAY,238337109,P,03,LC,55082,2014-10-10T00:00:00Z,NA
15015,138829,55083,036044,2159001,PROTARA THERAPEUTICS INC,TARA,74365U107,P,01,LC,55083,2020-01-10T00:00:00Z,NA
15016,138865,55084,022037,2161052,SIENTRA INC,SIENQ,82621J204,P,01,LC,55084,2014-10-29T00:00:00Z,2024-06-30T00:00:00Z
15020,138332,54979,021209,2129758,NOTABLE LABS LTD,NTBLQ,M7517R107,P,01,LC,54979,2014-10-01T00:00:00Z,NA
15022,138732,55085,021633,2155259,VERITEX HOLDINGS INC,VBTX,923451108,P,01,LC,55085,2014-10-09T00:00:00Z,NA
15023,138696,55086,021801,2153675,VWR CORP,VWR,91843L103,P,01,LC,55086,2014-10-02T00:00:00Z,2017-11-30T00:00:00Z
15024,138705,55087,021017,2154415,YODLEE INC,YDLE,98600P201,P,01,LC,55087,2014-10-03T00:00:00Z,2015-11-30T00:00:00Z
15029,138726,55089,021431,2172231,CALIFORNIA RESOURCES CORP,CRC,13057Q305,P,01,LC,55089,2014-12-01T00:00:00Z,2020-07-15T00:00:00Z
15031,138924,55091,019770,2163792,ANTERO MIDSTREAM PARTNERS LP,AM.2,03673L103,P,01,LC,55091,2014-11-05T00:00:00Z,NA
15046,138923,55095,021916,2164708,NEVRO CORP,NVRO,64157F103,P,01,LC,55095,2014-11-06T00:00:00Z,NA
15048,138998,55097,021604,2168169,PARAMOUNT GROUP INC,PGRE,69924R108,P,01,LC,55097,2014-11-19T00:00:00Z,NA
15052,138985,55098,021630,2167675,STORE CAPITAL CORP,STOR,862121100,P,01,LC,55098,2014-11-18T00:00:00Z,2023-02-28T00:00:00Z
15053,138956,55099,022134,2166082,AXALTA COATING SYSTEMS LTD,AXTA,G0750C108,P,01,LC,55099,2014-11-12T00:00:00Z,NA
15056,137131,55102,017653,2165352,ADMA BIOLOGICS INC,ADMA,000899104,P,01,LC,55102,2014-11-10T00:00:00Z,NA
15057,131596,55103,106126,2167221,APPLIED DNA SCIENCES INC,APDN,03815U409,C,01,LC,55103,2014-11-17T00:00:00Z,NA
15059,138930,55105,021841,2164651,COHERUS BIOSCIENCES INC,CHRS,19249H103,P,01,LC,55105,2014-11-06T00:00:00Z,NA
15061,108374,55107,260838,915282,CIPHER PHARMACEUTICALS INC,CPHRF,17253X105,C,01,LC,55107,2014-11-24T00:00:00Z,2016-12-08T00:00:00Z
15065,138980,55110,021901,2166858,FIBROGEN INC,FGEN,31572Q808,P,01,LC,55110,2014-11-14T00:00:00Z,NA
15067,138942,55111,021798,2164725,FRESHPET INC,FRPT,358039105,P,01,LC,55111,2014-11-07T00:00:00Z,NA
15069,70118,21795,007017,32067,MARATHON OIL CORP,MRO,565849106,C,01,LC,21795,1991-04-12T00:00:00Z,NA
15069,70118,21795,010970,77289,USX CORP-CONSOLIDATED,MROX.CM,90399Y931,P,02,LC,21795,1962-01-31T00:00:00Z,1991-04-11T00:00:00Z
15069,70118,21795,010970,77289,USX CORP-CONSOLIDATED,MROX.CM,90399Y931,C,00X,LC,21795,1950-01-01T00:00:00Z,1962-01-30T00:00:00Z
15069,70118,22405,007017,32067,MARATHON OIL CORP,MRO,565849106,C,01,LC,21795,1991-04-12T00:00:00Z,NA
15071,138931,55113,022039,2164733,SYNEOS HEALTH INC,SYNH,87166B102,P,01,LC,55113,2014-11-07T00:00:00Z,2023-09-29T00:00:00Z
15079,138973,55119,021739,2166779,PRA HEALTH SCIENCES INC,PRAH,69354M108,P,01,LC,55119,2014-11-13T00:00:00Z,2021-07-30T00:00:00Z
15080,133731,55120,187040,2169188,PEAK RESORTS INC,SKIS,70469L100,P,01,LC,55120,2014-11-21T00:00:00Z,2019-09-30T00:00:00Z
15083,138212,55122,021079,2168679,STATE NATIONAL COS INC,SNC,85711T305,P,01,LC,55122,2014-11-03T00:00:00Z,2017-11-30T00:00:00Z
15084,138922,55123,021815,2164751,TRIUMPH FINANCIAL INC,TFIN,89679E300,P,01,LC,55123,2014-11-07T00:00:00Z,NA
15087,138933,55124,022040,2164646,UPLAND SOFTWARE INC,UPLD,91544A109,P,01,LC,55124,2014-11-06T00:00:00Z,NA
15088,138983,55125,021261,2166886,VIRGIN AMERICA INC,VA,92765X208,P,01,LC,55125,2014-11-14T00:00:00Z,2016-12-30T00:00:00Z
15089,138809,55126,021744,2163807,XENON PHARMACEUTICALS INC,XENE,98420N105,P,01,LC,55126,2014-11-05T00:00:00Z,NA
15091,139046,55128,022343,2178410,KLX INC,KLXI,482539103,P,01,LC,55128,2014-12-17T00:00:00Z,2018-10-31T00:00:00Z
15105,139090,55132,021845,2176877,METALDYNE PERFORMANCE GROUP,MPG,59116R107,P,01,LC,55132,2014-12-12T00:00:00Z,2017-04-28T00:00:00Z
15108,139088,55133,022182,2176902,NEW RELIC INC,NEWR,64829B100,P,01,LC,55133,2014-12-12T00:00:00Z,2023-11-30T00:00:00Z
15110,139114,55135,022165,2178427,ON DECK CAPITAL INC,ONDK,682163100,P,01,LC,55135,2014-12-17T00:00:00Z,2020-10-30T00:00:00Z
15113,139085,50692,164471,840100,RESTAURANT BRANDS INTL INC,QSR,76131D103,P,02,LC,55137,2014-12-15T00:00:00Z,NA
15113,139085,54100,164471,1827056,RESTAURANT BRANDS INTL INC,QSR,76131D103,P,02,LC,55137,2014-12-15T00:00:00Z,NA
15113,139085,55137,164471,1827056,RESTAURANT BRANDS INTL INC,QSR,76131D103,P,02,LC,55137,2014-12-15T00:00:00Z,NA
15116,139117,55138,022159,2178470,RICE MIDSTREAM PARTNERS LP,RMP,762819100,P,01,LC,55138,2014-12-17T00:00:00Z,2018-07-31T00:00:00Z
15117,10956,21782,010726,31293,TRIBUNE MEDIA CO,TRCO,896047503,P,06,LC,21782,2014-12-05T00:00:00Z,2019-09-30T00:00:00Z
15117,10956,21782,010726,2175210,TRIBUNE MEDIA CO,TRCO,896047503,P,06,LC,21782,2014-12-05T00:00:00Z,2019-09-30T00:00:00Z
15119,139089,55141,022000,2176914,WORKIVA INC,WK,98139A105,P,01,LC,55141,2014-12-12T00:00:00Z,NA
15125,139121,55143,022258,2179007,BELLICUM PHARMACEUTICALS INC,BLCM,079481404,P,01,LC,55143,2014-12-18T00:00:00Z,2024-03-05T00:00:00Z
15126,139097,55145,021999,2176834,CONNECTURE INC,CNXR,20786J106,P,01,LC,55145,2014-12-12T00:00:00Z,2018-04-30T00:00:00Z
15127,116783,55146,163965,2201375,CYTOSORBENTS CORP,CTSO,23283X206,P,01,LC,55146,2014-12-23T00:00:00Z,NA
15128,139098,55147,022178,2176870,HORTONWORKS INC,HDP,440894103,P,01,LC,55147,2014-12-12T00:00:00Z,2019-01-31T00:00:00Z
15133,139099,47211,163924,792599,JAMES RIVER GROUP HLDGS LTD,JRVR,G5005R107,P,02,LC,55149,2014-12-12T00:00:00Z,NA
15134,139132,55150,022230,2179488,JUNO THERAPEUTICS INC,JUNO,48205A109,P,01,LC,55150,2014-12-19T00:00:00Z,2018-03-29T00:00:00Z
15137,125305,55154,162735,910127,TRILLIUM THERAPEUTICS INC,TRIL,89620X506,C,01,LC,55154,2014-12-19T00:00:00Z,2021-11-30T00:00:00Z
15139,138113,54901,020534,2077423,VIPER ENERGY INC,VNOM,927959106,P,01,LC,54901,2014-06-18T00:00:00Z,NA
15140,138981,55115,022124,2166861,LANDMARK INFRAST PRTNS LP,LMRK,51508J108,P,01,LC,55115,2014-11-14T00:00:00Z,2021-12-31T00:00:00Z
15142,139170,55155,022459,2208282,URBAN EDGE PROPERTIES,UE,91704F104,P,01,LC,55155,2015-01-16T00:00:00Z,NA
15144,139221,55157,022731,2213392,PATRIOT TRANSPORTATION HLDG,PATI,70338W105,P,01,LC,55157,2015-02-02T00:00:00Z,2023-12-29T00:00:00Z
15145,139330,55158,020088,2210362,BOX INC,BOX,10316T104,P,01,LC,55158,2015-01-23T00:00:00Z,NA
15159,139376,55160,022629,2212362,INFRAREIT INC,HIFR,45685L100,P,01,LC,55160,2015-01-30T00:00:00Z,2019-05-31T00:00:00Z
15164,139269,55161,022515,2208279,PATRIOT NATIONAL INC,PNTPQ,70338T102,P,01,LC,55161,2015-01-16T00:00:00Z,2017-11-22T00:00:00Z
15167,139375,55162,022672,2212348,SHAKE SHACK INC,SHAK,819047101,P,01,LC,55162,2015-01-30T00:00:00Z,NA
15168,139239,55163,022653,2216087,VISTA OUTDOOR INC,VSTO,928377100,P,01,LC,55163,2015-02-10T00:00:00Z,2024-11-29T00:00:00Z
15176,139373,55168,022667,2211810,ENTELLUS MEDICAL INC,ENTL,29363K105,P,01,LC,55168,2015-01-29T00:00:00Z,2018-02-28T00:00:00Z
15183,139383,55173,022709,2212398,SPARK THERAPEUTICS INC,ONCE,84652J103,P,01,LC,55173,2015-01-30T00:00:00Z,2019-12-31T00:00:00Z
15184,139367,55175,022697,2212453,TRACON PHARMACEUTICALS INC,TCON,89237H308,P,01,LC,55175,2015-01-30T00:00:00Z,2024-12-03T00:00:00Z
15186,128590,55176,184113,2211785,VUZIX CORP,VUZI,92921W300,P,01,LC,55176,2015-01-28T00:00:00Z,NA
15188,139412,50950,166458,893782,ATLAS ENERGY GROUP LLC,ATLS,04929Q102,P,01,LC,55178,2015-03-02T00:00:00Z,2021-04-30T00:00:00Z
15188,139412,55178,166458,893782,ATLAS ENERGY GROUP LLC,ATLS,04929Q102,P,01,LC,55178,2015-03-02T00:00:00Z,2021-04-30T00:00:00Z
15192,139402,55179,021895,2214678,COLUMBIA PIPELINE PRTNRS LP,CPPL,198281107,P,01,LC,55179,2015-02-06T00:00:00Z,2017-02-28T00:00:00Z
15194,139415,55181,022674,2214692,EASTERLY GOVERNMENT PPTYS,DEA,27616P103,P,01,LC,55181,2015-02-06T00:00:00Z,NA
15198,139498,55184,022867,2216604,INVITAE CORP,NVTAQ,46185L103,P,01,LC,55184,2015-02-12T00:00:00Z,2024-08-08T00:00:00Z
15202,8844,21876,011228,32979,VULCAN MATERIALS CO,VMC,929160109,P,01,LC,21876,1962-01-31T00:00:00Z,NA
15202,8844,21876,011228,32979,VULCAN MATERIALS CO,VMC,929160109,C,00X,LC,21876,1960-01-01T00:00:00Z,1962-01-30T00:00:00Z
15203,597,357,001783,2660,ARTS WAY MFG INC,ARTW,043168103,P,01,LC,357,1972-12-14T00:00:00Z,NA
15216,139395,55188,022983,2215597,XENIA HOTELS & RESORTS INC,XHR,984017103,P,01,LC,55188,2015-02-04T00:00:00Z,NA
15218,139516,55191,022927,2217039,BELLEROPHON THERAPEUTICS INC,BLPH,078771300,P,01,LC,55191,2015-02-13T00:00:00Z,2024-12-31T00:00:00Z
15220,139501,55195,022708,2216562,INOVALON HOLDINGS INC,INOV.1,45781D101,P,01,LC,55195,2015-02-12T00:00:00Z,2021-11-30T00:00:00Z
15225,125666,55199,150681,2221615,OCATA THERAPEUTICS INC,OCAT,67457L100,P,01,LC,55199,2015-02-26T00:00:00Z,2016-02-29T00:00:00Z
15226,138133,55200,020961,831605,ANTERIX INC,ATEX,03676C100,P,01,LC,55200,2015-02-03T00:00:00Z,NA
15242,136428,55204,017586,2230610,FRANKLIN FINL NETWORK INC,FSB,35352P104,P,01,LC,55204,2015-03-26T00:00:00Z,2020-08-31T00:00:00Z
15254,12177,377,001797,2788,ASPEN EXPLORATION CORP -OLD,ASPN.1,04599Y930,C,01,LU,377,1981-03-31T00:00:00Z,1992-06-16T00:00:00Z
15254,12177,377,185323,2052610,ENSERVCO CORP,ENSV,29358Y201,P,01,LC,377,2014-03-10T00:00:00Z,NA
15263,139657,55207,023035,2224293,MAXPOINT INTERACTIVE INC,MXPT,57777M201,P,01,LC,55207,2015-03-06T00:00:00Z,2017-10-31T00:00:00Z
15264,139695,55208,022603,2226015,SUMMIT MATERIALS INC,SUM,86614U100,P,01,LC,55208,2015-03-12T00:00:00Z,NA
15272,139791,55214,023119,2231001,SOLAREDGE TECHNOLOGIES INC,SEDG,83417M104,P,01,LC,55214,2015-03-26T00:00:00Z,NA
15279,139897,55220,023077,2240012,UNITI GROUP INC,UNIT,91325V108,P,01,LC,55220,2015-04-27T00:00:00Z,NA
15282,139872,55222,037168,1104507,CHINOOK THERAPEUTICS INC,KDNY,16961L106,P,01,LC,55222,2020-10-06T00:00:00Z,2023-08-31T00:00:00Z
15282,139872,55222,023335,2236292,ADURO BIOTECH INC,ADRO,00739L200,P,01,LC,55222,2015-04-15T00:00:00Z,2020-10-05T00:00:00Z
15283,139914,55223,023423,2239390,APIGEE CORP,APIC,03765N108,P,01,LC,55223,2015-04-24T00:00:00Z,2016-11-30T00:00:00Z
15284,139930,55224,023407,2241578,BLUEPRINT MEDICINES CORP,BPMC,09627Y109,P,01,LC,55224,2015-04-30T00:00:00Z,NA
15291,139879,55229,023238,2236759,ETSY INC,ETSY,29786A106,P,01,LC,55229,2015-04-16T00:00:00Z,NA
15294,139880,55230,023339,2236786,ZEVRA THERAPEUTICS INC,ZVRA,488445206,P,01,LC,55230,2021-01-08T00:00:00Z,NA
15294,139880,55230,023339,2236786,ZEVRA THERAPEUTICS INC,ZVRA,488445206,P,01,LC,55230,2015-04-16T00:00:00Z,2020-05-20T00:00:00Z
15303,138604,55236,021032,2241300,VIKING THERAPEUTICS INC,VKTX,92686J106,P,01,LC,55236,2015-04-29T00:00:00Z,NA
15305,139873,55238,023297,2236323,XBIOTECH INC,XBIT,98400H102,P,01,LC,55238,2015-04-15T00:00:00Z,NA
15313,139923,55240,023296,2240895,ENVIVA INC,EVVAQ,29415B103,P,01,LC,55240,2015-04-29T00:00:00Z,2024-12-09T00:00:00Z
15315,139819,55241,023071,2232357,GODADDY INC,GDDY,380237107,P,01,LC,55241,2015-04-01T00:00:00Z,NA
15318,613,362,011842,2817,ASSOCIATED BANC-CORP,ASB,045487105,P,01,LC,362,1982-01-29T00:00:00Z,NA
15323,139910,55242,023147,2238993,NATIONAL STORAGE AFFILIATES,NSA,637870106,P,01,LC,55242,2015-04-23T00:00:00Z,NA
15327,139874,55244,187084,2237194,PARTY CITY HOLDCO INC,PRTYQ,702149105,P,01,LC,55244,2015-04-16T00:00:00Z,2023-10-13T00:00:00Z
15335,139949,55246,156676,2291624,TALEN ENERGY CORP -OLD,TLN.2,87422J105,P,01,LC,55246,2015-06-02T00:00:00Z,2016-12-05T00:00:00Z
15338,138122,55250,023977,2287421,APPLE HOSPITALITY REIT INC,APLE,03784Y200,P,01,LC,55250,2015-05-18T00:00:00Z,NA
15340,139943,55252,023433,2241582,BLACK STONE MINERALS LP,BSM,09225M101,P,01,LC,55252,2015-05-01T00:00:00Z,NA
15343,140045,55253,023556,2287888,COMMUNITY HEALTHCARE TRUST,CHCT,20369C106,P,01,LC,55253,2015-05-21T00:00:00Z,NA
15344,134783,55254,021520,2291224,CORINDUS VASCULAR ROBOTICS,CVRS,218730109,P,01,LC,55254,2015-05-29T00:00:00Z,2019-10-31T00:00:00Z
15349,139993,55255,023072,2244475,EQT GP HOLDINGS LP,EQGP,26885J103,P,01,LC,55255,2015-05-12T00:00:00Z,2019-01-31T00:00:00Z
15358,140043,55259,023650,2288291,SHOPIFY INC,SHOP,82509L107,P,01,LC,55259,2015-05-21T00:00:00Z,NA
15359,139982,55260,023256,2243495,TALLGRASS ENERGY GROUP LP,TGE,874696107,P,01,LC,55260,2015-05-07T00:00:00Z,2020-04-30T00:00:00Z
15363,139985,55264,023594,2243725,BOJANGLES' INC,BOJA,097488100,P,01,LC,55264,2015-05-08T00:00:00Z,2019-01-31T00:00:00Z
15367,140020,55268,023494,2287408,CODE REBEL CORP,CDRBQ,19200J106,C,01,LC,55268,2015-05-19T00:00:00Z,NA
15370,139931,55269,023521,2242973,COLUCID PHARMACEUTICALS INC,CLCD,19716T101,P,01,LC,55269,2015-05-06T00:00:00Z,2017-03-31T00:00:00Z
15371,139954,55270,023555,2243091,COLLEGIUM PHARMACEUTICAL INC,COLL,19459J104,P,01,LC,55270,2015-05-07T00:00:00Z,NA
15374,139956,55274,022713,2242661,HTG MOLECULAR DIAGNOSTICS,HTGMQ,40434H302,P,01,LC,55274,2015-05-06T00:00:00Z,NA
15383,132903,55281,018978,2243471,ONE GP HOSPITALITY (THE),STKS,88338K103,P,01,LC,55281,2015-05-08T00:00:00Z,NA
15390,140170,55284,023856,2297491,FITBIT INC,FIT,33812L102,P,01,LC,55284,2015-06-18T00:00:00Z,2021-01-29T00:00:00Z
15391,140162,55285,023821,2300557,GANNETT CO INC -OLD,GCI.1,36473H104,P,01,LC,55285,2015-06-29T00:00:00Z,2019-11-29T00:00:00Z
15395,140115,55287,023225,2300967,CABLE ONE INC,CABO,12685J105,P,01,LC,55287,2015-07-01T00:00:00Z,NA
15396,140140,55288,023865,2300934,BABCOCK & WILCOX ENTERPRISES,BW,05614L209,P,01,LC,55288,2015-07-01T00:00:00Z,NA
15397,140138,55289,023245,2300956,TOPBUILD CORP,BLD,89055F103,P,01,LC,55289,2015-07-01T00:00:00Z,NA
15398,140122,55290,022741,2300914,CHEMOURS CO,CC,163851108,P,01,LC,55290,2015-07-01T00:00:00Z,NA
15399,140161,55291,023540,2300961,HORIZON GLOBAL CORP,HZN,44052W104,P,01,LC,55291,2015-07-01T00:00:00Z,2023-02-28T00:00:00Z
15400,140099,55292,023083,2300928,ENERGIZER HOLDINGS INC,ENR,29272W109,P,01,LC,55292,2015-07-01T00:00:00Z,NA
15401,140125,55293,022734,2301441,BAXALTA INC,BXLT,07177M103,P,01,LC,55293,2015-07-01T00:00:00Z,2016-06-02T00:00:00Z
15407,140167,55295,024458,2301444,SEASPINE HOLDINGS CORP,SPNE,81255T108,P,01,LC,55295,2015-07-02T00:00:00Z,2023-01-31T00:00:00Z
15408,140266,20900,005568,14582,KRAFT HEINZ CO,KHC,500754106,P,04,LC,55296,2015-07-06T00:00:00Z,NA
15408,140266,20900,005568,2302079,KRAFT HEINZ CO,KHC,500754106,P,04,LC,55296,2015-07-06T00:00:00Z,NA
15408,140266,55296,005568,2302079,KRAFT HEINZ CO,KHC,500754106,P,04,LC,55296,2015-07-06T00:00:00Z,NA
15409,140221,55297,024135,2300290,ALARM.COM HOLDINGS INC,ALRM,011642105,P,01,LC,55297,2015-06-26T00:00:00Z,NA
15415,140176,55301,023287,2298018,8POINT3 ENERGY PARTNERS LP,CAFD,282539105,P,01,LC,55301,2015-06-19T00:00:00Z,2018-06-29T00:00:00Z
15425,140112,55308,023557,2293005,DAVIDSTEA INC,DTEAF,238661102,P,01,LC,55308,2015-06-05T00:00:00Z,2023-04-14T00:00:00Z
15426,140187,55310,189462,2297988,FOGO DE CHAO INC,FOGO.1,344177100,P,01,LC,55310,2015-06-19T00:00:00Z,2018-04-30T00:00:00Z
15427,140224,55311,024073,2300293,GREEN PLAINS PARTNERS LP,GPP,393221106,P,01,LC,55311,2015-06-26T00:00:00Z,2024-01-31T00:00:00Z
15428,140135,55312,023704,2295476,INVUITY INC,IVTY,46187J205,P,01,LC,55312,2015-06-15T00:00:00Z,2018-10-31T00:00:00Z
15429,138316,55313,021004,2300005,LANTHEUS HOLDINGS INC,LNTH,516544103,P,01,LC,55313,2015-06-25T00:00:00Z,NA
15430,140177,55314,023935,2297998,MINDBODY INC,MB.3,60255W105,P,01,LC,55314,2015-06-19T00:00:00Z,2019-02-28T00:00:00Z
15431,140225,55315,024177,2300298,SERES THERAPEUTICS INC,MCRB,81750R102,P,01,LC,55315,2015-06-26T00:00:00Z,NA
15433,138297,55317,022590,2302897,PALVELLA THERAPEUTICS INC,PVLA,697947109,P,01,LC,55317,2015-06-30T00:00:00Z,NA
15434,140100,55318,021899,2292491,PENNTEX MIDSTREAM PRTNRS LP,PTXP,709311104,P,01,LC,55318,2015-06-04T00:00:00Z,2017-06-30T00:00:00Z
15440,140142,55321,023843,2295501,WINGSTOP INC,WING,974155103,P,01,LC,55321,2015-06-12T00:00:00Z,NA
15452,140105,55326,023818,2292952,EVOLENT HEALTH INC,EVH,30050B101,P,01,LC,55326,2015-06-05T00:00:00Z,NA
15455,140026,55328,023996,2293431,GLOBAL NET LEASE INC,GNL,379378201,P,01,LC,55328,2015-06-02T00:00:00Z,NA
15456,59526,21936,011584,12240,FOOT LOCKER INC,FL,344849104,P,01,LU,21936,1962-01-31T00:00:00Z,NA
15456,59526,21936,011584,12240,FOOT LOCKER INC,FL,344849104,C,00X,LU,21936,1950-01-01T00:00:00Z,1962-01-30T00:00:00Z
15457,627,397,001823,2864,ASTRONICS CORP,ATRO,046433108,P,01,LU,397,1978-11-30T00:00:00Z,NA
15457,627,397,001823,2864,ASTRONICS CORP,ATRO,046433108,C,00X,LU,397,1974-01-01T00:00:00Z,1978-11-29T00:00:00Z
15478,140213,55335,024638,2300046,TRANSUNION,TRU,89400J107,P,01,LC,55335,2015-06-25T00:00:00Z,NA
15482,140169,55337,021515,2297524,UNIVAR SOLUTIONS INC,UNVR,91336L107,P,01,LC,55337,2015-06-18T00:00:00Z,2023-08-31T00:00:00Z
15485,140216,55338,024074,2300313,XACTLY CORP,XTLY,98386L101,P,01,LC,55338,2015-06-26T00:00:00Z,2017-07-31T00:00:00Z
15487,127413,41695,141462,13033,GENER8 MARITIME INC,GNRT,Y26889108,P,02,LC,55340,2015-06-25T00:00:00Z,2018-06-29T00:00:00Z
15487,127413,41695,141462,1293150,GENER8 MARITIME INC,GNRT,Y26889108,P,02,LC,55340,2015-06-25T00:00:00Z,2018-06-29T00:00:00Z
15487,127413,55340,141462,2300004,GENER8 MARITIME INC,GNRT,Y26889108,P,02,LC,55340,2015-06-25T00:00:00Z,2018-06-29T00:00:00Z
15488,140260,55341,024616,2308850,PAYPAL HOLDINGS INC,PYPL,70450Y103,P,01,LC,55341,2015-07-20T00:00:00Z,NA
15489,140312,55342,023208,2315506,BARNES & NOBLE EDUCATION INC,BNED,06777U200,P,01,LC,55342,2015-08-03T00:00:00Z,NA
15490,140363,55343,023249,2314855,LUMENTUM HOLDINGS INC,LITE,55024U109,P,01,LC,55343,2015-08-04T00:00:00Z,NA
15494,140342,55346,024437,2310022,BLUE BUFFALO PET PRODUCTS,BUFF.,09531U102,P,01,LC,55346,2015-07-22T00:00:00Z,2018-04-30T00:00:00Z
15496,140235,55347,024084,2301007,CONFORMIS INC,CFMS,20717E200,P,01,LC,55347,2015-07-01T00:00:00Z,2023-09-29T00:00:00Z
15497,140314,55348,024523,2307367,CHIASMA INC,CHMA,16706W102,P,01,LC,55348,2015-07-16T00:00:00Z,2021-08-31T00:00:00Z
15506,120477,55350,162146,2312125,CRYOPORT INC,CYRX,229050307,P,01,LC,55350,2015-07-24T00:00:00Z,NA
15523,140395,55357,024597,2347966,TERRAFORM GLOBAL INC,GLBL.2,88104M101,P,01,LC,55357,2015-07-31T00:00:00Z,2017-12-29T00:00:00Z
15531,140356,55363,025377,2310704,NEOS THERAPEUTICS INC,NEOS,64052L106,P,01,LC,55363,2015-07-23T00:00:00Z,2021-03-31T00:00:00Z
15532,106503,43910,140902,22120,NII HOLDINGS INC,NIHD,62913F508,N,03,LC,43910,2015-07-09T00:00:00Z,2020-01-02T00:00:00Z
15532,106503,43910,140902,2304449,NII HOLDINGS INC,NIHD,62913F508,N,03,LC,43910,2015-07-09T00:00:00Z,2020-01-02T00:00:00Z
15534,140255,55365,024176,2301548,NATERA INC,NTRA,632307104,P,01,LC,55365,2015-07-02T00:00:00Z,NA
15535,140316,55366,024076,2307483,OLLIE'S BARGAIN OUTLET HLDGS,OLLI,681116109,P,01,LC,55366,2015-07-16T00:00:00Z,NA
15537,17719,5225,001820,2862,ASTRONOVA INC,ALOT,04638F108,P,01,LU,5225,1981-12-08T00:00:00Z,NA
15538,127967,55367,185689,2303952,PERSHING GOLD CORP,PGLC,715302204,P,01,LC,55367,2015-07-06T00:00:00Z,NA
15540,128061,52681,178073,1042444,B. RILEY FINANCIAL INC,RILY,05580M108,P,03,LC,55369,2015-07-16T00:00:00Z,NA
15540,128061,55369,178073,2308192,B. RILEY FINANCIAL INC,RILY,05580M108,P,03,LC,55369,2015-07-16T00:00:00Z,NA
15541,140326,55370,024501,2308160,RAPID7 INC,RPD,753422104,P,01,LC,55370,2015-07-17T00:00:00Z,NA
15542,140386,55371,024515,2314168,VTV THERAPEUTICS INC,VTVT,918385204,P,01,LC,55371,2015-07-30T00:00:00Z,NA
15543,121538,55373,189757,2314972,XCEL BRANDS INC,XELB,98400M101,P,01,LC,55373,2015-07-31T00:00:00Z,NA
15546,132452,53853,187039,1713327,ZILLOW GROUP INC,Z,98954M200,P,05,LC,53853,2018-01-01T00:00:00Z,NA
15546,132452,53853,187039,1713327,ZILLOW GROUP INC,Z,98954M200,J,05,LC,53853,2015-08-17T00:00:00Z,2017-12-31T00:00:00Z
15553,87643,116,001837,1069,SOUTHERN CO GAS,SO7,84399X001,P,01,LC,116,1972-12-14T00:00:00Z,2016-06-30T00:00:00Z
15579,8194,21737,010499,30509,TEXAS INSTRUMENTS INC,TXN,882508104,P,01,LC,21737,1962-02-28T00:00:00Z,NA
15579,8194,21737,010499,30509,TEXAS INSTRUMENTS INC,TXN,882508104,C,00X,LC,21737,1953-01-01T00:00:00Z,1962-02-27T00:00:00Z
15580,641,5,016671,2917,ATLANTIC AMERICAN CORP,AAME,048209100,P,01,LC,5,1984-01-31T00:00:00Z,NA
15582,140319,55377,024508,2308097,OOMA INC,OOMA,683416101,P,01,LC,55377,2015-07-17T00:00:00Z,NA
15584,140191,55333,024330,2305666,SERITAGE GROWTH PROPERTIES,SRG,81752R100,P,01,LC,55333,2015-07-06T00:00:00Z,NA
15585,140231,55379,024249,2301052,TELADOC HEALTH INC,TDOC,87918A105,P,01,LC,55379,2015-07-01T00:00:00Z,NA
15590,140241,55381,022180,2300990,UNIQUE FABRICATING INC,UFABQ,90915J103,P,01,LC,55381,2015-07-01T00:00:00Z,NA
15597,112108,47018,163930,602250,GENCO SHIPPING & TRADING,GNK,Y2685T131,P,02,LC,47018,2015-07-20T00:00:00Z,NA
15597,112108,47018,163930,2308922,GENCO SHIPPING & TRADING,GNK,Y2685T131,P,02,LC,47018,2015-07-20T00:00:00Z,NA
15598,140404,55382,025600,2323526,CARE CAPITAL PPTYS INC,CCP,141624106,P,01,LC,55382,2015-08-18T00:00:00Z,2017-08-16T00:00:00Z
15599,140415,55383,024990,2316266,AMPLIFY SNACK BRANDS,BETR.1,03211L102,P,01,LC,55383,2015-08-05T00:00:00Z,2018-01-31T00:00:00Z
15630,140418,55389,025077,2316938,AIMMUNE THERAPEUTICS INC,AIMT,00900T107,P,01,LC,55389,2015-08-06T00:00:00Z,2020-10-30T00:00:00Z
15631,96722,55390,254381,67941,BENITEC BIOPHARMA INC,BNTC,08205P209,P,01,LC,55390,2020-04-15T00:00:00Z,NA
15642,140396,55395,349972,2517786,INDAPTUS THERAPEUTICS INC,INDP,45339J105,P,01,LC,55395,2021-08-04T00:00:00Z,NA
15643,140412,55396,024905,2316322,SUNRUN INC,RUN,86771W105,P,01,LC,55396,2015-08-05T00:00:00Z,NA
15647,140542,55400,024611,2343205,SPX FLOW INC,FLOW.2,78469X107,P,01,LC,55400,2015-09-28T00:00:00Z,2022-04-29T00:00:00Z
15649,140550,55402,024481,2345468,MADISON SQUARE GARDEN SPORTS,MSGS,55825T103,P,01,LC,55402,2015-10-01T00:00:00Z,NA
15658,140563,55410,026146,2338046,REGENXBIO INC,RGNX,75901B107,P,01,LC,55410,2015-09-17T00:00:00Z,NA
15702,140680,11952,027810,8505,LIVANOVA PLC,LIVN,G5509L101,P,01,LC,55450,2015-10-17T00:00:00Z,NA
15702,140680,55450,027810,2353095,LIVANOVA PLC,LIVN,G5509L101,P,01,LC,55450,2015-10-17T00:00:00Z,NA
15703,72340,29476,025157,83,FIRST DATA CORP,FDC,32008D106,P,02,LC,55419,2015-10-15T00:00:00Z,2019-07-31T00:00:00Z
15703,72340,29476,025157,2354612,FIRST DATA CORP,FDC,32008D106,P,02,LC,55419,2015-10-15T00:00:00Z,2019-07-31T00:00:00Z
15703,72340,55419,025157,83,FIRST DATA CORP,FDC,32008D106,P,02,LC,55419,2015-10-15T00:00:00Z,2019-07-31T00:00:00Z
15703,72340,55419,025157,2354612,FIRST DATA CORP,FDC,32008D106,P,02,LC,55419,2015-10-15T00:00:00Z,2019-07-31T00:00:00Z
15707,140631,55421,026156,2358912,HEWLETT PACKARD ENTERPRISE,HPE,42824C109,P,01,LC,55421,2015-11-02T00:00:00Z,NA
15708,140669,55422,026351,2359979,NORTHSTAR REALTY EUROPE CORP,NRE,66706L101,P,01,LC,55422,2015-11-02T00:00:00Z,2019-09-30T00:00:00Z
15710,140310,55424,023864,2359510,EXTERRAN CORP,EXTN,30227H106,P,01,LC,55424,2015-11-04T00:00:00Z,2022-10-31T00:00:00Z
15711,140673,55425,024896,2354597,AMERICAN FARMLAND CO,AFCO,02589Y100,P,01,LC,55425,2015-10-20T00:00:00Z,2017-02-28T00:00:00Z
15719,140701,55426,026410,2360887,FOUR CORNERS PROPERTY TR INC,FCPT,35086T109,P,01,LC,55426,2015-11-10T00:00:00Z,NA
15720,55052,21543,009846,10130,EDISON INTERNATIONAL,EIX,281020107,P,01,LU,21543,1962-01-31T00:00:00Z,NA
15720,55052,21543,009846,10130,EDISON INTERNATIONAL,EIX,281020107,C,00X,LU,21543,1951-01-01T00:00:00Z,1962-01-30T00:00:00Z
15721,667,403,001860,2993,ATWOOD OCEANICS,ATW,050095108,P,01,LC,403,1972-12-14T00:00:00Z,2017-10-05T00:00:00Z
15723,68457,55427,107154,1225689,KLONDEX MINES LTD,KLDX,498696103,P,01,LC,55427,2015-10-07T00:00:00Z,2018-07-31T00:00:00Z
15729,140633,55429,025756,2355566,PURE STORAGE INC,PSTG,74624M102,P,01,LC,55429,2015-10-07T00:00:00Z,NA
15734,140692,55430,024998,2353781,MULTI PACKAGING SOLUTNS INTL,MPSX,G6331W109,P,01,LC,55430,2015-10-22T00:00:00Z,2017-06-30T00:00:00Z
15775,140635,55452,025904,2351879,ACLARIS THERAPEUTICS INC,ACRS,00461U105,P,01,LC,55452,2015-10-07T00:00:00Z,NA
15779,140639,55456,026112,2355071,CYTOMX THERAPEUTICS INC,CTMX,23284F105,P,01,LC,55456,2015-10-08T00:00:00Z,NA
15780,140695,55457,026197,2353797,DIMENSION THERAPEUTICS INC,DMTX,25433V105,P,01,LC,55457,2015-10-22T00:00:00Z,2017-11-30T00:00:00Z
15785,140448,55394,025424,2385230,HOSTESS BRANDS INC,TWNK,44109J106,P,02,LC,55394,2015-11-14T00:00:00Z,2023-11-30T00:00:00Z
15786,140674,55459,026187,2355523,ADESTO TECHNOLOGIES CORP,IOTS,00687D101,P,01,LC,55459,2015-10-27T00:00:00Z,2020-06-30T00:00:00Z
15788,140716,55462,026269,2356681,MYOKARDIA INC,MYOK,62857M105,P,01,LC,55462,2015-10-29T00:00:00Z,2020-11-30T00:00:00Z
15824,140769,55472,026321,2362070,INSTRUCTURE INC,INST.1,45781U103,P,01,LC,55472,2015-11-13T00:00:00Z,2020-03-31T00:00:00Z
15826,140782,55474,026367,2364234,BLOCK INC,XYZ,852234103,P,01,LC,55474,2015-11-19T00:00:00Z,NA
15833,140562,55454,026149,2350881,AVALO THERAPEUTICS INC,AVTX,05338F306,P,05,LC,55454,2015-11-13T00:00:00Z,NA
15838,140761,55480,026347,2360939,EQUITY BANCSHARES INC,EQBK,29460X109,P,01,LC,55480,2015-11-11T00:00:00Z,NA
15847,140490,55484,026081,2359530,KURA ONCOLOGY INC,KURA,50127T109,P,01,LC,55484,2015-11-05T00:00:00Z,NA
15850,140788,11901,026061,32019,MATCH GROUP INC,MTCH,57667L107,P,01,LC,55487,2020-07-01T00:00:00Z,NA
15850,140788,55487,026061,32019,MATCH GROUP INC,MTCH,57667L107,P,01,LC,55487,2020-07-01T00:00:00Z,NA
15850,140788,55487,026381,2364266,MATCH GROUP INC -OLD,MTCH.5,57665R106,P,01,LC,55487,2015-11-19T00:00:00Z,2020-06-30T00:00:00Z
15853,140802,55488,026545,2494009,RMR GROUP INC,RMR,74967R106,P,01,LC,55488,2015-12-15T00:00:00Z,NA
15856,140762,55490,026341,2360912,VOYAGER THERAPEUTICS INC,VYGR,92915B106,P,01,LC,55490,2015-11-11T00:00:00Z,NA
15858,140752,55492,026337,2362071,XTERA COMMUNICATIONS INC,XCOMQ,98415E300,C,01,LC,55492,2015-11-12T00:00:00Z,2016-10-14T00:00:00Z
15859,140887,55493,026658,2379226,AVANGRID INC,AGR,05351W103,P,01,LC,55493,2015-12-17T00:00:00Z,2025-01-31T00:00:00Z
15860,6342,21346,008210,22841,OVERSEAS SHIPHOLDING GROUP,OSG,69036R863,P,09,LC,55056,2016-06-01T00:00:00Z,NA
15860,6342,21346,008210,22841,OVERSEAS SHIPHOLDING GROUP,OSG,69036R863,J,09,LC,55056,2015-12-18T00:00:00Z,2016-05-31T00:00:00Z
15860,6342,21346,008210,2155289,OVERSEAS SHIPHOLDING GROUP,OSG,69036R863,P,09,LC,55056,2016-06-01T00:00:00Z,NA
15860,6342,21346,008210,2155289,OVERSEAS SHIPHOLDING GROUP,OSG,69036R863,J,09,LC,55056,2015-12-18T00:00:00Z,2016-05-31T00:00:00Z
15860,6342,55056,008210,2155289,OVERSEAS SHIPHOLDING GROUP,OSG,69036R863,P,09,LC,55056,2016-06-01T00:00:00Z,NA
15860,6342,55056,008210,2155289,OVERSEAS SHIPHOLDING GROUP,OSG,69036R863,J,09,LC,55056,2015-12-18T00:00:00Z,2016-05-31T00:00:00Z
15909,137395,55509,026494,2371983,ATLASSIAN CORP,TEAM,049468101,P,01,LC,55509,2015-12-10T00:00:00Z,NA
15914,128019,55512,184957,2389249,WORKHORSE GROUP INC,WKHS,98138J305,P,01,LC,55512,2016-01-07T00:00:00Z,NA
15917,140950,55513,026812,2404467,GCP APPLIED TECHNOLOGIES INC,GCP,36164Y101,P,01,LC,55513,2016-02-04T00:00:00Z,2022-09-30T00:00:00Z
15929,52366,55518,014313,598575,NORBORD INC,OSB,65548P403,C,01,LC,55518,2016-02-19T00:00:00Z,2021-02-26T00:00:00Z
15934,141013,55519,026818,2408287,AVEXIS INC,AVXS,05366U100,P,01,LC,55519,2016-02-11T00:00:00Z,2018-05-31T00:00:00Z
15937,140989,55521,026874,2403688,EDITAS MEDICINE INC,EDIT,28106W103,P,01,LC,55521,2016-02-03T00:00:00Z,NA
15948,136561,55525,017875,2415981,NICOLET BANKSHARES INC,NIC,65406E102,P,01,LC,55525,2016-02-24T00:00:00Z,NA
15950,141011,55526,037588,2407597,KINETA INC,KANT,49461C102,P,01,LC,55526,2020-12-23T00:00:00Z,NA
15955,141142,55528,026382,2429389,NUVECTRA CORP,NVTRQ,67075N108,P,01,LC,55528,2016-03-14T00:00:00Z,2020-06-03T00:00:00Z
15956,141348,55529,026343,2436910,ARMSTRONG FLOORING INC,AFIIQ,04238R106,P,01,LC,55529,2016-04-04T00:00:00Z,NA
15960,141382,55530,026895,2430928,CORVUS PHARMACEUTICALS INC,CRVS,221015100,P,01,LC,55530,2016-03-23T00:00:00Z,NA
15976,138124,55537,020649,2419952,SYNDAX PHARMACEUTICALS INC,SNDX,87164F105,P,01,LC,55537,2016-03-03T00:00:00Z,NA
15978,138926,55538,023106,2435175,VIEWRAY INC,VRAYQ,92672L107,P,01,LC,55538,2016-03-31T00:00:00Z,NA
16001,141504,2227,005671,24485,PINNACLE ENTERTAINMENT INC,PNK,72348Y105,P,01,LC,55541,2016-04-29T00:00:00Z,2018-10-31T00:00:00Z
16001,141504,2227,005671,2449527,PINNACLE ENTERTAINMENT INC,PNK,72348Y105,P,01,LC,55541,2016-04-29T00:00:00Z,2018-10-31T00:00:00Z
16001,141504,55541,005671,2449527,PINNACLE ENTERTAINMENT INC,PNK,72348Y105,P,01,LC,55541,2016-04-29T00:00:00Z,2018-10-31T00:00:00Z
16004,141459,55542,026157,2450718,QUORUM HEALTH CORP,QHCCQ,74909E106,P,01,LC,55542,2016-04-29T00:00:00Z,2020-07-08T00:00:00Z
16019,141590,55548,026361,2448836,RED ROCK RESORTS INC,RRR,75700L108,P,01,LC,55548,2016-04-27T00:00:00Z,NA
16020,141580,55549,026677,2445859,SECUREWORKS CORP,SCWX,81374A105,P,01,LC,55549,2016-04-22T00:00:00Z,NA
16024,141532,55551,026126,2445160,AMERICAN RENAL ASSOCS HLDGS,ARA,029227105,P,01,LC,55551,2016-04-21T00:00:00Z,2021-01-29T00:00:00Z
16042,141510,55555,027045,2444519,MGM GROWTH PROPERTIES LLC,MGP,55303A105,P,01,LC,55555,2016-04-20T00:00:00Z,2022-04-29T00:00:00Z
16044,141597,55557,027119,2457210,INGEVITY CORP,NGVT,45688C107,P,01,LC,55557,2016-05-16T00:00:00Z,NA
16049,141750,55560,027318,2470350,ZEDGE INC,ZDGE,98923T104,P,01,LC,55560,2016-06-02T00:00:00Z,NA
16051,141729,55562,026722,2456520,ACACIA COMMUNICATIONS INC,ACIA,00401C108,P,01,LC,55562,2016-05-31T00:00:00Z,2021-03-31T00:00:00Z
16064,141673,55568,027155,2452561,INTELLIA THERAPEUTICS INC,NTLA,45826J105,P,01,LC,55568,2016-05-31T00:00:00Z,NA
16067,141742,55571,027198,2459212,PHASERX INC,PZRXQ,71723F103,C,01,LC,55571,2016-05-31T00:00:00Z,NA
16068,141791,55572,026892,2463611,REATA PHARMACEUTICALS INC,RETA,75615P103,P,01,LC,55572,2016-05-31T00:00:00Z,2023-09-29T00:00:00Z
16076,141769,55577,022583,2463532,GMS INC,GMS,36251C103,P,01,LC,55577,2016-05-31T00:00:00Z,NA
16082,141719,55580,025893,2456763,SITEONE LANDSCAPE SUPPLY INC,SITE,82982L103,P,01,LC,55580,2016-05-31T00:00:00Z,NA
16083,141718,55581,066929,2455814,TURNING POINT BRANDS INC,TPB,90041L105,P,01,LC,55581,2016-05-31T00:00:00Z,NA
16084,141771,55582,018312,2463669,US FOODS HOLDING CORP,USFD,912008109,P,01,LC,55582,2016-05-31T00:00:00Z,NA
16086,141844,34736,005600,2482066,HERTZ GLOBAL HOLDINGS INC,HTZ,42806J700,P,08,LC,55584,2021-11-09T00:00:00Z,NA
16086,141844,34736,005600,2482066,HERTZ GLOBAL HOLDINGS INC,HTZ,42806J700,P,05,LC,55584,2016-07-01T00:00:00Z,2020-10-29T00:00:00Z
16086,141844,34736,005600,3472926,HERTZ GLOBAL HOLDINGS INC,HTZ,42806J700,P,08,LC,55584,2021-11-09T00:00:00Z,NA
16086,141844,34736,005600,3472926,HERTZ GLOBAL HOLDINGS INC,HTZ,42806J700,P,05,LC,55584,2016-07-01T00:00:00Z,2020-10-29T00:00:00Z
16086,141844,51423,005600,3472926,HERTZ GLOBAL HOLDINGS INC,HTZ,42806J700,P,08,LC,55584,2021-11-09T00:00:00Z,NA
16086,141844,51423,005600,3472926,HERTZ GLOBAL HOLDINGS INC,HTZ,42806J700,P,05,LC,55584,2016-07-01T00:00:00Z,2020-10-29T00:00:00Z
16086,141844,55584,005600,2482066,HERTZ GLOBAL HOLDINGS INC,HTZ,42806J700,P,08,LC,55584,2021-11-09T00:00:00Z,NA
16086,141844,55584,005600,2482066,HERTZ GLOBAL HOLDINGS INC,HTZ,42806J700,P,05,LC,55584,2016-07-01T00:00:00Z,2020-10-29T00:00:00Z
16086,141844,55584,005600,3472926,HERTZ GLOBAL HOLDINGS INC,HTZ,42806J700,P,08,LC,55584,2021-11-09T00:00:00Z,NA
16086,141844,55584,005600,3472926,HERTZ GLOBAL HOLDINGS INC,HTZ,42806J700,P,05,LC,55584,2016-07-01T00:00:00Z,2020-10-29T00:00:00Z
16087,141833,55585,026590,2482889,FORTIVE CORP,FTV,34959J108,P,01,LC,55585,2016-07-05T00:00:00Z,NA
16090,141762,55586,026798,2466542,CLEARSIDE BIOMEDICAL INC,CLSD,185063104,P,01,LC,55586,2016-06-02T00:00:00Z,NA
16097,141957,55587,027604,2484686,HARBORONE BANCORP INC,HONE,41165Y100,P,01,LC,55587,2016-06-30T00:00:00Z,NA
16100,141828,55589,027274,2149081,NANTHEALTH INC,NHIQ,630104305,P,01,LC,55589,2016-06-02T00:00:00Z,2023-05-23T00:00:00Z
16108,141920,55591,027354,2476958,CARTESIAN THERAPEUTICS INC,RNAC,816212302,P,01,LC,55591,2016-06-22T00:00:00Z,NA
16119,141863,55595,027014,2469741,ATKORE INC,ATKR,047649108,P,01,LC,55595,2016-06-10T00:00:00Z,NA
16126,711,430,001926,3344,AZZ INC,AZZ,002474104,C,00X,LU,430,1973-03-01T00:00:00Z,1973-03-29T00:00:00Z
16126,711,430,001926,3344,AZZ INC,AZZ,002474104,P,01,LU,430,1973-03-30T00:00:00Z,NA
16140,141926,55601,027364,2477574,TWILIO INC,TWLO,90138F102,P,01,LC,55601,2016-06-23T00:00:00Z,NA
16146,142015,55606,027338,2499663,APTEVO THERAPEUTICS INC,APVO,03835L405,P,01,LC,55606,2016-08-01T00:00:00Z,NA
16149,141998,55607,027148,2491539,ADVANCEPIERRE FOODS HOLDINGS,APFH,00782L107,P,01,LC,55607,2016-07-15T00:00:00Z,2017-06-30T00:00:00Z
16154,142030,55608,027476,2497162,KADMON HOLDINGS INC,KDMN,48283N106,P,01,LC,55608,2016-07-27T00:00:00Z,2021-11-30T00:00:00Z
16158,125272,53017,179817,1065858,VERSO CORP,VRS,92531L207,P,02,LC,53017,2016-07-18T00:00:00Z,2022-03-31T00:00:00Z
16158,125272,53017,179817,2648532,VERSO CORP,VRS,92531L207,P,02,LC,53017,2016-07-18T00:00:00Z,2022-03-31T00:00:00Z
16160,142022,55605,027635,2496125,COMMERCEHUB INC,CHUBK,20084V306,J,01,LC,55605,2018-01-01T00:00:00Z,2018-05-31T00:00:00Z
16160,142022,55605,027635,2496125,COMMERCEHUB INC,CHUBK,20084V306,P,01,LC,55605,2016-07-25T00:00:00Z,2017-12-31T00:00:00Z
16162,142016,55613,027669,2493943,AUDENTES THERAPEUTICS INC,BOLD.1,05070R104,P,01,LC,55613,2016-07-20T00:00:00Z,2020-01-31T00:00:00Z
16174,141971,55618,247371,1002402,LONESTAR RESOURCES US INC,LONE,54240F202,P,01,LC,55618,2016-07-05T00:00:00Z,2020-10-09T00:00:00Z
16182,142018,55623,027387,2493954,IMPINJ INC,PI,453204109,P,01,LC,55623,2016-07-21T00:00:00Z,NA
16186,141925,55625,026847,2500821,TACTILE SYSTEMS TECHNOLOGY,TCMD,87357P100,P,01,LC,55625,2016-07-28T00:00:00Z,NA
16188,142019,55627,027574,2500705,TPI COMPOSITES INC,TPIC,87266J104,P,01,LC,55627,2016-07-22T00:00:00Z,NA
16247,142095,55667,027703,2506658,AIRGAIN INC,AIRG,00938A104,P,01,LC,55667,2016-08-12T00:00:00Z,NA
16250,142061,55668,027737,2502436,ATOMERA INC,ATOM,04965B100,P,01,LC,55668,2016-08-05T00:00:00Z,NA
16255,141934,55671,036014,2502391,METAVIA INC,MTVA,64132R404,P,01,LC,55671,2019-12-31T00:00:00Z,NA
16260,142092,55672,019998,2504679,MEDPACE HOLDINGS INC,MEDP,58506Q109,P,01,LC,55672,2016-08-11T00:00:00Z,NA
16268,142051,55677,026144,2502547,AT HOME GROUP INC,HOME,04650Y100,P,01,LC,55677,2016-08-04T00:00:00Z,2021-07-30T00:00:00Z
16276,142178,55684,028070,2536336,ADVANSIX INC,ASIX,00773T101,P,01,LC,55684,2016-10-03T00:00:00Z,NA
16277,142231,55685,027803,2534691,DONNELLEY FINANCIAL SOLTNS,DFIN,25787G100,P,01,LC,55685,2016-09-21T00:00:00Z,NA
16278,142230,55686,027802,2534607,LSC COMMUNICATIONS INC,LKSDQ,50218P107,P,01,LC,55686,2016-10-03T00:00:00Z,2019-12-27T00:00:00Z
16279,142181,55687,026709,2534641,VERSUM MATERIALS INC,VSM,92532W103,P,01,LC,55687,2016-10-03T00:00:00Z,2019-10-31T00:00:00Z
16282,142266,55690,027909,2542426,APPTIO INC,APTI,03835C108,P,01,LC,55690,2016-09-23T00:00:00Z,2019-01-31T00:00:00Z
16285,142258,55691,027945,2528919,CAPSTAR FINANCIAL HLDGS INC,CSTR,14070T102,P,01,LC,55691,2016-09-22T00:00:00Z,2024-04-30T00:00:00Z
16287,142223,55692,027874,2524449,EVERBRIDGE INC,EVBG,29978A104,P,01,LC,55692,2016-09-16T00:00:00Z,2024-07-31T00:00:00Z
16290,142310,55694,028012,2533281,FULGENT GENETICS INC,FLGT,359664109,P,01,LC,55694,2016-09-29T00:00:00Z,NA
16303,142248,55696,027905,2528091,NVN LIQUIDATION INC,NOVNQ,66988N205,P,01,LC,55696,2016-09-21T00:00:00Z,2024-04-30T00:00:00Z
16304,142355,55697,026746,2534587,NUTANIX INC,NTNX,67059N108,P,01,LC,55697,2016-09-30T00:00:00Z,NA
16306,117933,55699,272838,925895,SUNDANCE ENERGY AUSTRALIA,SNDEQ,86725N102,P,02,LC,55699,2019-11-26T00:00:00Z,2021-04-30T00:00:00Z
16308,142303,55700,026788,2533198,TABULA RASA HEALTHCARE INC,TRHC,873379101,P,01,LC,55700,2016-09-29T00:00:00Z,2023-11-30T00:00:00Z
16309,142249,55701,027885,2527967,TRADE DESK INC,TTD,88339J105,P,01,LC,55701,2016-09-21T00:00:00Z,NA
16318,142253,55704,027907,2530134,E.L.F. BEAUTY INC,ELF,26856L103,P,01,LC,55704,2016-09-22T00:00:00Z,NA
16319,142225,55705,027871,2524562,FB FINANCIAL CORP,FBK,30257X104,P,01,LC,55705,2016-09-16T00:00:00Z,NA
16333,140792,55708,026411,2524565,NOBLE MIDSTREAM PARTNERS LP,NBLX,65506L105,P,01,LC,55708,2016-09-15T00:00:00Z,2021-05-28T00:00:00Z
16338,142257,55711,027373,2610397,VALVOLINE INC,VVV,92047W101,P,01,LC,55711,2016-09-23T00:00:00Z,NA
16341,53972,55714,014390,46263,FORTIS INC,FTS,349553107,P,01,LC,55714,2016-10-14T00:00:00Z,NA
16342,142273,55715,027333,2554842,ADIENT PLC,ADNT,G0084W101,P,01,LC,55715,2016-10-17T00:00:00Z,NA
16347,142585,55718,027638,2539638,ALCOA CORP,AA,013872106,P,01,LC,55718,2016-11-01T00:00:00Z,NA
16381,142640,55746,028420,2551152,BLACKLINE INC,BL,09239B109,P,01,LC,55746,2016-10-28T00:00:00Z,NA
16382,142426,55747,028084,2538518,COUPA SOFTWARE INC,COUP,22266L106,P,01,LC,55747,2016-10-06T00:00:00Z,2023-03-31T00:00:00Z
16386,142614,55752,028367,2545398,IRHYTHM TECHNOLOGIES INC,IRTC,450056106,P,01,LC,55752,2016-10-20T00:00:00Z,NA
16392,142433,55754,028087,2538972,EVERSPIN TECHNOLOGIES INC,MRAM,30041T104,P,01,LC,55754,2016-10-07T00:00:00Z,NA
16397,142641,55757,028424,2550972,QUANTENNA COMMUNICATIONS INC,QTNA,74766D100,P,01,LC,55757,2016-10-28T00:00:00Z,2019-06-28T00:00:00Z
16398,142636,55758,028470,2550048,RA PHARMACEUTICALS INC,RARX,74933V108,P,01,LC,55758,2016-10-26T00:00:00Z,2020-04-30T00:00:00Z
16401,142583,55760,021834,2542779,MAMMOTH ENERGY SERVICES INC,TUSK,56155L108,P,01,LC,55760,2016-10-14T00:00:00Z,NA
16402,142446,55761,027677,2541629,EXTRACTION OIL & GAS INC,XOG,30227M303,P,04,LC,55761,2021-01-21T00:00:00Z,2021-11-30T00:00:00Z
16402,142446,55761,027677,2541629,EXTRACTION OIL & GAS INC,XOG,30227M303,P,01,LC,55761,2016-10-12T00:00:00Z,2020-06-24T00:00:00Z
16402,142446,55761,027677,3333414,EXTRACTION OIL & GAS INC,XOG,30227M303,P,04,LC,55761,2021-01-21T00:00:00Z,2021-11-30T00:00:00Z
16402,142446,55761,027677,3333414,EXTRACTION OIL & GAS INC,XOG,30227M303,P,01,LC,55761,2016-10-12T00:00:00Z,2020-06-24T00:00:00Z
16429,142663,55773,027054,2558527,LIBERTY EXPEDIA HOLDINGS INC,LEXEA,53046P109,P,01,LC,55773,2016-11-07T00:00:00Z,2019-07-31T00:00:00Z
16431,142617,55778,028790,2558653,LAMB WESTON HOLDINGS INC,LW,513272104,P,01,LC,55778,2016-11-10T00:00:00Z,NA
16432,3743,20834,005234,13610,GOODYEAR TIRE & RUBBER CO,GT,382550101,P,01,LU,20834,1962-01-31T00:00:00Z,NA
16432,3743,20834,005234,13610,GOODYEAR TIRE & RUBBER CO,GT,382550101,C,00X,LU,20834,1950-01-01T00:00:00Z,1962-01-30T00:00:00Z
16434,142631,55775,027575,2550543,ACUSHNET HOLDINGS CORP,GOLF,005098108,P,01,LC,55775,2016-10-28T00:00:00Z,NA
16436,91888,20221,014793,2488,ARCH RESOURCES INC,ARCH,03940R107,P,06,LC,20221,2016-10-05T00:00:00Z,NA
16436,91888,20221,014793,2540737,ARCH RESOURCES INC,ARCH,03940R107,P,06,LC,20221,2016-10-05T00:00:00Z,NA
16437,142430,55777,019071,2538992,CAMPING WORLD HOLDINGS INC,CWH,13462K109,P,01,LC,55777,2016-10-07T00:00:00Z,NA
16442,134556,53962,194755,1741478,AMPLIFY ENERGY CORP,AMPY,03212B103,P,05,LC,54043,2019-08-07T00:00:00Z,NA
16442,134556,54043,170627,1813889,MIDSTATES PETROLEUM CO INC,MPO,59804T407,P,02,LC,54043,2016-10-24T00:00:00Z,2019-08-06T00:00:00Z
16442,134556,54043,194755,2584810,AMPLIFY ENERGY CORP,AMPY,03212B103,P,05,LC,54043,2019-08-07T00:00:00Z,NA
16448,116812,52847,176899,931742,SANDRIDGE ENERGY INC,SD,80007P869,P,10,LC,52847,2016-10-04T00:00:00Z,NA
16448,116812,52847,176899,2536797,SANDRIDGE ENERGY INC,SD,80007P869,P,10,LC,52847,2016-10-04T00:00:00Z,NA
16454,142678,55785,027706,2574107,INTERNATIONAL SEAWAYS INC,INSW,Y41053102,P,01,LC,55785,2016-12-01T00:00:00Z,NA
16463,132665,55790,183524,2565584,KARTOON STUDIOS INC,TOON,37229T509,P,01,LC,55790,2016-11-21T00:00:00Z,NA
16471,142662,55794,022284,2555609,SMART SAND INC,SND,83191H107,P,01,LC,55794,2016-11-04T00:00:00Z,NA
16479,128331,55798,115044,15293,ALGONQUIN POWER & UTIL CORP,AQN,015857105,P,01,LC,55798,2016-11-29T00:00:00Z,NA
16497,142677,55805,028719,2592200,CONDUENT INC,CNDT,206787103,P,01,LC,55805,2017-01-03T00:00:00Z,NA
16498,142756,55806,027393,2593899,HILTON GRAND VACATIONS,HGV,43283X105,P,01,LC,55806,2017-01-04T00:00:00Z,NA
16499,142757,55807,027394,2593891,PARK HOTELS & RESORTS,PK,700517105,P,01,LC,55807,2017-01-04T00:00:00Z,NA
16515,142693,55816,028670,2574189,INNOVATIVE INDUSTRIAL PPTYS,IIPR,45781V101,P,01,LC,55816,2016-12-01T00:00:00Z,NA
16519,142804,55819,029138,2578150,WILDHORSE RES DVLPT,WRD.2,96812T102,P,01,LC,55819,2016-12-14T00:00:00Z,2019-01-31T00:00:00Z
16525,142766,55822,029191,2577361,ICHOR HOLDINGS LTD,ICHR,G4740B105,P,01,LC,55822,2016-12-09T00:00:00Z,NA
16528,142749,55824,028091,2575388,POLAR POWER INC,POLA,73102V204,P,01,LC,55824,2016-12-07T00:00:00Z,NA
16529,6531,3730,008440,24077,RANGER OIL CORPORATION,ROCC,70788V102,P,05,LC,55825,2017-01-14T00:00:00Z,2023-06-30T00:00:00Z
16529,6531,55825,008440,2589609,RANGER OIL CORPORATION,ROCC,70788V102,P,05,LC,55825,2017-01-14T00:00:00Z,2023-06-30T00:00:00Z
16532,142680,55827,028365,2577344,SENESTECH INC,SNES,81720R604,P,01,LC,55827,2016-12-08T00:00:00Z,NA
16543,142947,55836,029004,2606472,VAREX IMAGING CORP,VREX,92214X106,P,01,LC,55836,2017-01-30T00:00:00Z,NA
16555,8672,21838,011017,31855,UNIVERSAL CORP/VA,UVV,913456109,P,01,LU,21838,1962-01-31T00:00:00Z,NA
16555,8672,21838,011017,31855,UNIVERSAL CORP/VA,UVV,913456109,C,00X,LU,21838,1949-07-01T00:00:00Z,1962-01-30T00:00:00Z
16600,4080,20906,005597,14714,HERSHEY CO,HSY,427866108,P,01,LC,20906,1962-01-31T00:00:00Z,NA
16600,4080,20906,005597,14714,HERSHEY CO,HSY,427866108,C,00X,LC,20906,1950-01-01T00:00:00Z,1962-01-30T00:00:00Z
16617,143232,55879,030145,2634083,PROPETRO HOLDING CORP,PUMP,74347M108,P,01,LC,55879,2017-03-17T00:00:00Z,NA
16678,4788,21068,006502,18195,KROGER CO,KR,501044101,P,01,LC,21068,1962-01-31T00:00:00Z,NA
16678,4788,21068,006502,18195,KROGER CO,KR,501044101,C,00X,LC,21068,1950-01-01T00:00:00Z,1962-01-30T00:00:00Z
16690,6476,21368,008387,13606,GOODRICH PETROLEUM CORP,GDP,382410843,P,11,LC,21368,2017-04-11T00:00:00Z,2021-12-31T00:00:00Z
16690,6476,21368,008387,2646153,GOODRICH PETROLEUM CORP,GDP,382410843,P,11,LC,21368,2017-04-11T00:00:00Z,2021-12-31T00:00:00Z
16693,64308,55929,259518,469272,JANUS HENDERSON GROUP PLC,JHG,G4474Y214,P,01,LC,55929,2017-05-30T00:00:00Z,NA
16696,143610,55930,029155,2665107,CARS.COM INC,CARS,14575E105,P,01,LC,55930,2017-06-01T00:00:00Z,NA
16710,143806,55941,031494,2660935,PENGUIN SOLUTIONS INC,PENG,G8232Y101,P,01,LC,55941,2017-05-24T00:00:00Z,NA
16736,142361,55954,157373,2655941,VISTRA CORP,VST,92840M102,P,02,LC,55954,2017-05-10T00:00:00Z,NA
16764,144058,55969,031994,2672331,GRANITE POINT MORTGE TRS INC,GPMT,38741L107,P,01,LC,55969,2017-06-23T00:00:00Z,NA
16809,144093,55997,032154,2682267,JBG SMITH PPTYS,JBGS,46590V100,P,01,LC,55997,2017-07-18T00:00:00Z,NA
16816,144208,56000,031774,2689260,BRIGHTHOUSE FINANL INC,BHF,10922N103,P,01,LC,56000,2017-08-07T00:00:00Z,NA
16837,11945,29629,005849,4182,BBX CAPITAL CORP,BBX,05491N302,P,01,LC,56019,2017-07-13T00:00:00Z,2020-09-30T00:00:00Z
16837,11945,56019,039571,4182,BLUEGREEN VACATIONS HOL CORP,BVH,096308101,P,01,LC,56019,2020-10-01T00:00:00Z,2024-01-31T00:00:00Z
16837,11945,56019,005849,2680339,BBX CAPITAL CORP,BBX,05491N302,P,01,LC,56019,2017-07-13T00:00:00Z,2020-09-30T00:00:00Z
16852,120124,14801,151928,7383,COMBIMATRIX CORP,CBMX,20009T501,P,01,LC,56028,2007-08-15T00:00:00Z,2017-11-30T00:00:00Z
16852,120124,56028,151928,7383,COMBIMATRIX CORP,CBMX,20009T501,P,01,LC,56028,2007-08-15T00:00:00Z,2017-11-30T00:00:00Z
17005,5395,21185,007241,8468,CVS HEALTH CORP,CVS,126650100,P,01,LC,21185,1962-01-31T00:00:00Z,NA
17005,5395,21185,007241,8468,CVS HEALTH CORP,CVS,126650100,C,00X,LC,21185,1950-01-01T00:00:00Z,1962-01-30T00:00:00Z
17039,144722,56122,032372,2736747,CORE NATURAL RESOURCES INC,CNR,218937100,P,01,LC,56122,2017-11-29T00:00:00Z,NA
17137,878,676,002080,3652,BASSETT FURNITURE INDS,BSET,070203104,P,01,LU,676,1972-12-14T00:00:00Z,NA
17144,3614,20798,005071,13034,GENERAL MILLS INC,GIS,370334104,P,01,LC,20798,1962-01-31T00:00:00Z,NA
17144,3614,20798,005071,13034,GENERAL MILLS INC,GIS,370334104,C,00X,LC,20798,1950-06-01T00:00:00Z,1962-01-30T00:00:00Z
17200,133634,54204,268208,1893076,LUXFER HOLDINGS PLC,LXFR,G5698W116,P,02,LC,54204,2017-12-11T00:00:00Z,NA
17478,5336,21179,007163,19953,S&P GLOBAL INC,SPGI,78409V104,P,01,LU,21179,1962-01-31T00:00:00Z,NA
17478,5336,21179,007163,19953,S&P GLOBAL INC,SPGI,78409V104,C,00X,LU,21179,1950-01-01T00:00:00Z,1962-01-30T00:00:00Z
17672,86251,30940,061153,31601,GRAFTECH INTERNATIONAL LTD,EAF,384313508,P,03,LC,30940,2018-04-19T00:00:00Z,NA
17672,86251,30940,061153,2322688,GRAFTECH INTERNATIONAL LTD,EAF,384313508,P,03,LC,30940,2018-04-19T00:00:00Z,NA
17672,86251,30940,061153,2807644,GRAFTECH INTERNATIONAL LTD,EAF,384313508,P,03,LC,30940,2018-04-19T00:00:00Z,NA
17676,145357,56329,326688,2812015,NVENT ELECTRIC PLC,NVT,G6700G107,P,01,LC,56329,2018-05-02T00:00:00Z,NA
17726,2226,20537,003619,461561,CROWN HOLDINGS INC,CCK,228368106,P,01,LU,20537,1962-01-31T00:00:00Z,NA
17726,2226,20537,003619,461561,CROWN HOLDINGS INC,CCK,228368106,C,00X,LU,20537,1950-01-01T00:00:00Z,1962-01-30T00:00:00Z
17743,966,544,014822,4078,BERKLEY (W R) CORP,WRB,084423102,P,01,LC,544,1987-01-30T00:00:00Z,NA
17743,966,544,014822,4078,BERKLEY (W R) CORP,WRB,084423102,C,00X,LC,544,1987-01-01T00:00:00Z,1987-01-29T00:00:00Z
17750,4738,21055,006435,17913,KIMBERLY-CLARK CORP,KMB,494368103,C,00X,LC,21055,1950-05-01T00:00:00Z,1962-01-30T00:00:00Z
17750,4738,21055,006435,17913,KIMBERLY-CLARK CORP,KMB,494368103,P,01,LC,21055,1962-01-31T00:00:00Z,NA
17778,969,540,002176,4080,BERKSHIRE HATHAWAY,BRK.B,084670702,J,01,LC,540,2010-02-01T00:00:00Z,NA
17778,969,540,002176,4080,BERKSHIRE HATHAWAY,BRK.B,084670702,P,01,LC,540,1976-10-14T00:00:00Z,2010-01-31T00:00:00Z
17783,145403,56347,033326,2815129,CHAMPIONX CORP,CHX,15872M104,P,01,LC,56347,2018-05-09T00:00:00Z,NA
17792,145477,56357,033439,2822268,PERSPECTA INC,PRSP,715347100,P,01,LC,56357,2018-06-01T00:00:00Z,2021-05-28T00:00:00Z
17794,145494,56358,033243,2822267,WYNDHAM HOTELS & RESRTS,WH,98311A105,P,01,LC,56358,2018-06-01T00:00:00Z,NA
17830,8648,21832,010983,32161,RTX CORP,RTX,75513E101,P,01,LC,21832,1962-01-31T00:00:00Z,NA
17830,8648,21832,010983,32161,RTX CORP,RTX,75513E101,C,00X,LC,21832,1950-01-01T00:00:00Z,1962-01-30T00:00:00Z
17913,129736,53480,185263,2822957,AMBOW EDUCATION HLDGS,AMBO,02322P309,C,90,LC,53480,2018-06-01T00:00:00Z,NA
17929,73033,21794,010801,31620,UGI CORP,UGI,902681105,P,01,LU,21794,1962-01-31T00:00:00Z,NA
17929,73033,21794,010801,31620,UGI CORP,UGI,902681105,C,00X,LU,21794,1951-01-01T00:00:00Z,1962-01-30T00:00:00Z
17961,1131,20330,002393,5089,BRIGGS & STRATTON,BGGSQ,109043109,C,00X,LU,20330,1950-01-01T00:00:00Z,1962-01-30T00:00:00Z
17961,1131,20330,002393,5089,BRIGGS & STRATTON,BGGSQ,109043109,P,01,LU,20330,1962-01-31T00:00:00Z,2021-01-07T00:00:00Z
18013,145860,56475,033766,2893637,ARLO TECHNOLOGIES INC,ARLO,04206A101,P,01,LC,56475,2018-08-03T00:00:00Z,NA
18048,145942,56485,034055,2915558,KLX ENERGY SERVS HLDNG,KLXE,48253L205,P,01,LC,56485,2018-09-17T00:00:00Z,NA
18091,2260,20546,003662,8446,CURTISS-WRIGHT CORP,CW,231561101,P,01,LC,20546,1962-01-31T00:00:00Z,NA
18091,2260,20546,003662,8446,CURTISS-WRIGHT CORP,CW,231561101,C,00X,LC,20546,1950-01-01T00:00:00Z,1962-01-30T00:00:00Z
18109,136627,56519,162870,1954200,BRP INC,DOOO,05577W200,C,01,LC,56519,2018-09-14T00:00:00Z,NA
18138,146133,56537,034048,2927431,ARCADIUM LITHIUM PLC,ALTM,G0508H110,P,01,LC,56537,2018-10-11T00:00:00Z,2024-01-03T00:00:00Z
18142,146127,56539,034053,2936258,RESIDEO TECHNOLOGIES,REZI,76118Y104,P,01,LC,56539,2018-10-29T00:00:00Z,NA
18143,73241,29540,025124,24905,LINDE PLC,LIN,G54950103,P,01,LC,56540,2018-10-31T00:00:00Z,NA
18143,73241,56540,025124,2938617,LINDE PLC,LIN,G54950103,P,01,LC,56540,2018-10-31T00:00:00Z,NA
18144,146084,56541,328795,2938449,ARCOSA INC,ACA,039653100,P,01,LC,56541,2018-11-01T00:00:00Z,NA
18150,146221,56546,034337,2942912,EQUITRANS MID CORP,ETRN,294600101,P,01,LC,56546,2018-11-13T00:00:00Z,2024-07-31T00:00:00Z
18163,6814,21446,008762,25150,PROCTER & GAMBLE CO,PG,742718109,P,01,LU,21446,1962-01-31T00:00:00Z,NA
18163,6814,21446,008762,25150,PROCTER & GAMBLE CO,PG,742718109,C,00X,LU,21446,1949-07-01T00:00:00Z,1962-01-30T00:00:00Z
18191,128698,56557,150803,2935509,BANK FIRST CORP,BFC,06211J100,P,01,LC,56557,2018-10-24T00:00:00Z,NA
18403,6533,21375,008446,24083,OLD COPPER CO INC,CPPRQ,679535104,P,01,LC,21375,1962-01-31T00:00:00Z,2020-05-18T00:00:00Z
18403,6533,21375,008446,24083,OLD COPPER CO INC,CPPRQ,679535104,C,00X,LU,21375,1950-02-01T00:00:00Z,1962-01-30T00:00:00Z
18411,7711,21640,009850,28665,SOUTHERN CO,SO,842587107,P,01,LC,21640,1962-01-31T00:00:00Z,NA
18411,7711,21640,009850,28665,SOUTHERN CO,SO,842587107,C,00X,LC,21640,1951-01-01T00:00:00Z,1962-01-30T00:00:00Z
18438,7879,21665,010030,29112,STARRETT (L.S.) CO  -CL A,SCX,855668109,P,01,LU,21665,1962-01-31T00:00:00Z,2024-05-31T00:00:00Z
18438,7879,21665,010030,29112,STARRETT (L.S.) CO  -CL A,SCX,855668109,C,00X,LU,21665,1949-07-01T00:00:00Z,1962-01-30T00:00:00Z
18542,1502,20408,002817,6052,CATERPILLAR INC,CAT,149123101,C,00X,LC,20408,1950-01-01T00:00:00Z,1962-01-30T00:00:00Z
18542,1502,20408,002817,6052,CATERPILLAR INC,CAT,149123101,P,01,LC,20408,1962-01-31T00:00:00Z,NA
18570,1043,595,002282,4715,BOB EVANS FARMS,BOBE,096761101,P,01,LC,595,1972-12-14T00:00:00Z,2018-01-11T00:00:00Z
18649,6696,21414,028590,245286,BRINKS CO,BCO,109696104,C,01,LC,21414,1993-07-27T00:00:00Z,NA
18649,6696,21414,028590,245286,BRINKS CO,BCO,109696104,C,01,LC,21414,1962-01-31T00:00:00Z,1980-12-31T00:00:00Z
18649,6696,21414,028590,245286,BRINKS CO,BCO,109696104,C,00X,LC,21414,1950-01-01T00:00:00Z,1962-01-30T00:00:00Z
18729,1855,20473,003170,7293,COLGATE-PALMOLIVE CO,CL,194162103,P,01,LU,20473,1962-01-31T00:00:00Z,NA
18729,1855,20473,003170,7293,COLGATE-PALMOLIVE CO,CL,194162103,C,00X,LU,20473,1950-01-01T00:00:00Z,1962-01-30T00:00:00Z
18973,39391,7113,002352,4972,BRADY CORP,BRC,104674106,P,01,LU,7113,1984-06-28T00:00:00Z,NA
19166,2916,20681,004510,12164,FMC CORP,FMC,302491303,C,00X,LU,20681,1950-01-01T00:00:00Z,1962-01-30T00:00:00Z
19166,2916,20681,004510,12164,FMC CORP,FMC,302491303,P,01,LU,20681,1962-01-31T00:00:00Z,NA
19271,1129,644,002390,5086,BRIDGFORD FOODS CORP,BRID,108763103,P,01,LU,644,1972-12-14T00:00:00Z,NA
19350,2383,20566,003835,8886,DEERE & CO,DE,244199105,C,00X,LC,20566,1949-11-01T00:00:00Z,1962-01-30T00:00:00Z
19350,2383,20566,003835,8886,DEERE & CO,DE,244199105,P,01,LC,20566,1962-01-31T00:00:00Z,NA
19393,1138,20331,002403,5118,BRISTOL-MYERS SQUIBB CO,BMY,110122108,C,00X,LU,20331,1950-01-01T00:00:00Z,1962-01-30T00:00:00Z
19393,1138,20331,002403,5118,BRISTOL-MYERS SQUIBB CO,BMY,110122108,P,01,LU,20331,1962-01-31T00:00:00Z,NA
19502,139184,21881,011264,33026,WALGREENS BOOTS ALLIANCE INC,WBA,931427108,P,01,LU,21881,1962-01-31T00:00:00Z,NA
19502,139184,21881,011264,33026,WALGREENS BOOTS ALLIANCE INC,WBA,931427108,C,00X,LU,21881,1949-10-01T00:00:00Z,1962-01-30T00:00:00Z
19561,1048,20315,002285,4730,BOEING CO,BA,097023105,C,00X,LU,20315,1950-01-01T00:00:00Z,1962-01-30T00:00:00Z
19561,1048,20315,002285,4730,BOEING CO,BA,097023105,P,01,LU,20315,1962-01-31T00:00:00Z,NA
19721,3835,20851,160785,32588,PURSUIT ATTRC AND HSPTLY INC,PRSU,92552R406,P,01,LC,20851,2004-07-01T00:00:00Z,NA
19721,3835,20851,005342,756178,MONEYGRAM INTERNATIONAL INC,MGI,60935Y208,P,01,LC,20851,1962-01-31T00:00:00Z,2004-06-30T00:00:00Z
19721,3835,20851,005342,756178,MONEYGRAM INTERNATIONAL INC,MGI,60935Y208,C,00X,LC,20851,1950-01-01T00:00:00Z,1962-01-30T00:00:00Z
19721,3835,20851,005342,3649983,MONEYGRAM INTERNATIONAL INC,MGI,60935Y208,P,01,LC,20851,1962-01-31T00:00:00Z,2004-06-30T00:00:00Z
19721,3835,20851,005342,3649983,MONEYGRAM INTERNATIONAL INC,MGI,60935Y208,C,00X,LC,20851,1950-01-01T00:00:00Z,1962-01-30T00:00:00Z
19721,3835,45286,005342,756178,MONEYGRAM INTERNATIONAL INC,MGI,60935Y208,P,01,LC,20851,1962-01-31T00:00:00Z,2004-06-30T00:00:00Z
19721,3835,45286,005342,756178,MONEYGRAM INTERNATIONAL INC,MGI,60935Y208,C,00X,LC,20851,1950-01-01T00:00:00Z,1962-01-30T00:00:00Z
19828,2280,20550,003708,31287,WENDY'S CO,WEN,95058W100,J,01,LC,20550,2003-09-01T00:00:00Z,2008-09-29T00:00:00Z
19828,2280,20550,003708,31287,WENDY'S CO,WEN,95058W100,P,03,LC,20550,2008-09-30T00:00:00Z,NA
19828,2280,20550,003708,31287,WENDY'S CO,WEN,95058W100,P,01,LC,20550,1962-01-31T00:00:00Z,1967-11-05T00:00:00Z
19828,2280,20550,003708,31287,WENDY'S CO,WEN,95058W100,P,01,LC,20550,1976-06-17T00:00:00Z,2003-08-31T00:00:00Z
19828,2280,20550,003708,31287,WENDY'S CO,WEN,95058W100,C,00X,LC,20550,1950-01-01T00:00:00Z,1962-01-30T00:00:00Z
19880,1232,678,002497,19778,MASTEC INC,MTZ,576323109,P,01,LU,678,1972-12-14T00:00:00Z,NA
20053,1250,781,013041,29817,SYNOVUS FINANCIAL CORP,SNV,87161C501,P,01,LC,781,1981-01-01T00:00:00Z,NA
20117,45686,6702,002536,736,LIVERAMP HOLDINGS INC,RAMP,53815P108,P,01,LC,6702,1984-01-31T00:00:00Z,NA
20204,2201,20531,042284,8113,CRANE NXT CO,CXT,224441105,P,01,LC,20531,2023-04-04T00:00:00Z,NA
20204,2201,20531,003580,3631140,CRANE CO,CR,224408104,P,01,LC,20531,1962-01-31T00:00:00Z,2023-04-03T00:00:00Z
20204,2201,20531,003580,3631140,CRANE CO,CR,224408104,C,00X,LC,20531,1950-01-01T00:00:00Z,1962-01-30T00:00:00Z
20204,2201,59505,003580,3631140,CRANE CO,CR,224408104,P,01,LC,20531,1962-01-31T00:00:00Z,2023-04-03T00:00:00Z
20204,2201,59505,003580,3631140,CRANE CO,CR,224408104,C,00X,LC,20531,1950-01-01T00:00:00Z,1962-01-30T00:00:00Z
20336,16339,5286,002573,8375,CSP INC,CSPI,126389105,P,01,LU,5286,1982-01-29T00:00:00Z,NA
20395,40926,5856,020019,8462,CVB FINANCIAL CORP,CVBF,126600105,P,01,LU,5856,1983-03-16T00:00:00Z,NA
20415,8091,21097,006682,18739,JEFFERIES FINANCIAL GRP INC,JEF,47233W109,P,01,LC,21097,1962-01-31T00:00:00Z,NA
20415,8091,21097,006682,18739,JEFFERIES FINANCIAL GRP INC,JEF,47233W109,C,00X,LC,21097,1950-01-01T00:00:00Z,1962-01-30T00:00:00Z
20482,44,20017,001078,428,ABBOTT LABORATORIES,ABT,002824100,C,00X,LC,20017,1950-01-01T00:00:00Z,1962-01-30T00:00:00Z
20482,44,20017,001078,428,ABBOTT LABORATORIES,ABT,002824100,P,01,LC,20017,1962-01-31T00:00:00Z,NA
20512,11055,727,002596,5472,CACI INTL INC  -CL A,CACI,127190304,P,01,LU,727,1979-03-30T00:00:00Z,NA
20598,1299,737,064275,5507,CAL-MAINE FOODS INC,CALM,128030202,P,01,LU,737,1996-12-31T00:00:00Z,NA
20598,1299,737,064275,5507,CAL-MAINE FOODS INC,CALM,128030202,C,00X,LU,737,1995-06-01T00:00:00Z,1996-12-30T00:00:00Z
20618,1473,20398,002787,5880,CARPENTER TECHNOLOGY CORP,CRS,144285103,P,01,LU,20398,1962-01-31T00:00:00Z,NA
20618,1473,20398,002787,5880,CARPENTER TECHNOLOGY CORP,CRS,144285103,C,00X,LU,20398,1949-07-01T00:00:00Z,1962-01-30T00:00:00Z
20626,2568,20597,004060,9559,DUPONT DE NEMOURS INC,DD,26614N102,P,01,LC,20597,1962-01-31T00:00:00Z,2017-08-31T00:00:00Z
20626,2568,20597,004060,9559,DUPONT DE NEMOURS INC,DD,26614N102,C,00X,LC,20597,1950-06-01T00:00:00Z,1962-01-30T00:00:00Z
20626,2568,20597,004060,2696655,DUPONT DE NEMOURS INC,DD,26614N102,P,01,LC,20597,1962-01-31T00:00:00Z,2017-08-31T00:00:00Z
20626,2568,20597,004060,2696655,DUPONT DE NEMOURS INC,DD,26614N102,C,00X,LC,20597,1950-06-01T00:00:00Z,1962-01-30T00:00:00Z
20626,2568,56027,004060,2696655,DUPONT DE NEMOURS INC,DD,26614N102,P,01,LC,20597,1962-01-31T00:00:00Z,2017-08-31T00:00:00Z
20626,2568,56027,004060,2696655,DUPONT DE NEMOURS INC,DD,26614N102,C,00X,LC,20597,1950-06-01T00:00:00Z,1962-01-30T00:00:00Z
20670,38268,6689,002615,5536,CALAMP CORP,CAMPQ,128126208,C,01,LC,6689,2001-06-07T00:00:00Z,2024-07-31T00:00:00Z
20670,38268,6689,002615,5536,CALAMP CORP,CAMPQ,128126208,C,01,LC,6689,1983-12-13T00:00:00Z,2001-03-28T00:00:00Z
20750,1312,1222,002628,5549,CALIFORNIA WATER SERVICE GP,CWT,130788102,P,01,LU,1222,1974-01-31T00:00:00Z,NA
20750,1312,1222,002628,5549,CALIFORNIA WATER SERVICE GP,CWT,130788102,C,00X,LU,1222,1974-01-01T00:00:00Z,1974-01-30T00:00:00Z
20765,3634,20786,005018,13020,AEROJET ROCKETDYNE HOLDINGS,AJRD,007800105,P,01,LU,20786,1962-01-31T00:00:00Z,2023-07-31T00:00:00Z
20765,3634,20786,005018,13020,AEROJET ROCKETDYNE HOLDINGS,AJRD,007800105,C,00X,LU,20786,1949-12-01T00:00:00Z,1962-01-30T00:00:00Z
21020,288,20010,001045,2107,AMERICAN AIRLINES GROUP INC,AAL,02376R102,P,04,LC,20010,2013-12-09T00:00:00Z,NA
21020,288,20010,001045,2107,AMERICAN AIRLINES GROUP INC,AAL,02376R102,P,01,LC,20010,1962-01-31T00:00:00Z,2012-01-04T00:00:00Z
21020,288,20010,001045,2107,AMERICAN AIRLINES GROUP INC,AAL,02376R102,C,00X,LC,20010,1950-01-01T00:00:00Z,1962-01-30T00:00:00Z
21020,288,20010,001045,1748237,AMERICAN AIRLINES GROUP INC,AAL,02376R102,P,04,LC,20010,2013-12-09T00:00:00Z,NA
21020,288,20010,001045,1748237,AMERICAN AIRLINES GROUP INC,AAL,02376R102,P,01,LC,20010,1962-01-31T00:00:00Z,2012-01-04T00:00:00Z
21020,288,20010,001045,1748237,AMERICAN AIRLINES GROUP INC,AAL,02376R102,C,00X,LC,20010,1950-01-01T00:00:00Z,1962-01-30T00:00:00Z
21020,288,20010,001045,2021732,AMERICAN AIRLINES GROUP INC,AAL,02376R102,P,04,LC,20010,2013-12-09T00:00:00Z,NA
21020,288,20010,001045,2021732,AMERICAN AIRLINES GROUP INC,AAL,02376R102,P,01,LC,20010,1962-01-31T00:00:00Z,2012-01-04T00:00:00Z
21020,288,20010,001045,2021732,AMERICAN AIRLINES GROUP INC,AAL,02376R102,C,00X,LC,20010,1950-01-01T00:00:00Z,1962-01-30T00:00:00Z
21055,3637,20805,005109,13056,GENESCO INC,GCO,371532102,C,00X,LU,20805,1949-11-01T00:00:00Z,1962-01-30T00:00:00Z
21055,3637,20805,005109,13056,GENESCO INC,GCO,371532102,P,01,LU,20805,1962-01-31T00:00:00Z,NA
21135,3011,20699,004622,11700,FERRO CORP,FOE,315405100,C,01,LU,20699,1962-01-31T00:00:00Z,2022-04-29T00:00:00Z
21135,3011,20699,004622,11700,FERRO CORP,FOE,315405100,C,00X,LU,20699,1950-01-01T00:00:00Z,1962-01-30T00:00:00Z
21178,5271,21110,006774,19048,LOCKHEED MARTIN CORP,LMT,539830109,P,01,LU,21110,1962-01-31T00:00:00Z,NA
21178,5271,21110,006774,19048,LOCKHEED MARTIN CORP,LMT,539830109,C,00X,LU,21110,1950-01-01T00:00:00Z,1962-01-30T00:00:00Z
21186,140158,12895,029830,26466,WESTROCK CO,WRK,96145D105,P,01,LC,21913,2015-07-02T00:00:00Z,2024-07-31T00:00:00Z
21186,140158,21913,011446,33407,MEADWESTVACO CORP,MWV,583334107,P,01,LC,21913,1962-01-31T00:00:00Z,2015-07-01T00:00:00Z
21186,140158,21913,011446,33407,MEADWESTVACO CORP,MWV,583334107,C,00X,LC,21913,1949-11-01T00:00:00Z,1962-01-30T00:00:00Z
21186,140158,21913,029830,2302775,WESTROCK CO,WRK,96145D105,P,01,LC,21913,2015-07-02T00:00:00Z,2024-07-31T00:00:00Z
21207,6025,21286,007881,22069,NEWMONT CORP,NEM,651639106,P,01,LU,21286,1962-01-31T00:00:00Z,NA
21207,6025,21286,007881,22069,NEWMONT CORP,NEM,651639106,C,00X,LU,21286,1961-01-01T00:00:00Z,1962-01-30T00:00:00Z
21231,8903,21887,011296,33423,WGL HOLDINGS INC,WGL,92924F106,P,01,LU,21887,1962-01-31T00:00:00Z,2018-07-06T00:00:00Z
21231,8903,21887,011296,33423,WGL HOLDINGS INC,WGL,92924F106,C,00X,LU,21887,1951-01-01T00:00:00Z,1962-01-30T00:00:00Z
21231,8903,21887,011296,2840745,WGL HOLDINGS INC,WGL,92924F106,P,01,LU,21887,1962-01-31T00:00:00Z,2018-07-06T00:00:00Z
21231,8903,21887,011296,2840745,WGL HOLDINGS INC,WGL,92924F106,C,00X,LU,21887,1951-01-01T00:00:00Z,1962-01-30T00:00:00Z
21371,36847,6262,002751,5811,CARDINAL HEALTH INC,CAH,14149Y108,P,01,LC,6262,1983-08-04T00:00:00Z,NA
21573,4454,20994,006104,16569,INTL PAPER CO,IP,460146103,P,01,LC,20994,1962-01-31T00:00:00Z,NA
21573,4454,20994,006104,16569,INTL PAPER CO,IP,460146103,C,00X,LC,20994,1950-01-01T00:00:00Z,1962-01-30T00:00:00Z
21742,37036,6515,002807,5971,CASEYS GENERAL STORES INC,CASY,147528103,P,01,LU,6515,1983-10-20T00:00:00Z,NA
21776,6615,21396,008539,11376,EXELON CORP,EXC,30161N101,P,01,LC,21396,1962-01-31T00:00:00Z,NA
21776,6615,21396,008539,11376,EXELON CORP,EXC,30161N101,C,00X,LC,21396,1951-01-01T00:00:00Z,1962-01-30T00:00:00Z
21785,41804,6522,011930,6100,CCA INDUSTRIES INC,CAWW,124867102,P,01,LC,6522,2003-03-18T00:00:00Z,2019-04-12T00:00:00Z
21785,41804,6522,011930,6100,CCA INDUSTRIES INC,CAWW,124867102,P,01,LC,6522,1985-01-31T00:00:00Z,2001-03-15T00:00:00Z
21785,41804,6522,011930,6100,CCA INDUSTRIES INC,CAWW,124867102,C,00X,LC,6522,1984-10-01T00:00:00Z,1985-01-30T00:00:00Z
21792,105894,20939,005742,6271,CENTERPOINT ENERGY INC,CNP,15189T107,P,01,LU,20939,1962-01-31T00:00:00Z,NA
21792,105894,20939,005742,6271,CENTERPOINT ENERGY INC,CNP,15189T107,C,00X,LU,20939,1951-01-01T00:00:00Z,1962-01-30T00:00:00Z
21928,100226,20965,005870,15470,IDACORP INC,IDA,451107106,P,01,LU,20965,1962-01-31T00:00:00Z,NA
21928,100226,20965,005870,15470,IDACORP INC,IDA,451107106,C,00X,LU,20965,1951-01-01T00:00:00Z,1962-01-30T00:00:00Z
21936,6610,21394,008530,24296,PFIZER INC,PFE,717081103,P,01,LC,21394,1962-01-31T00:00:00Z,NA
21936,6610,21394,008530,24296,PFIZER INC,PFE,717081103,C,00X,LC,21394,1950-01-01T00:00:00Z,1962-01-30T00:00:00Z
22103,2789,20643,004321,10535,EMERSON ELECTRIC CO,EMR,291011104,C,00X,LC,20643,1949-10-01T00:00:00Z,1962-01-30T00:00:00Z
22103,2789,20643,004321,10535,EMERSON ELECTRIC CO,EMR,291011104,P,01,LC,20643,1962-01-31T00:00:00Z,NA
22111,4593,21018,006266,17478,JOHNSON & JOHNSON,JNJ,478160104,P,01,LC,21018,1962-01-31T00:00:00Z,NA
22111,4593,21018,006266,17478,JOHNSON & JOHNSON,JNJ,478160104,C,00X,LC,21018,1950-01-01T00:00:00Z,1962-01-30T00:00:00Z
22293,2159,20523,003532,7915,CORNING INC,GLW,219350105,P,01,LU,20523,1962-01-31T00:00:00Z,NA
22293,2159,20523,003532,7915,CORNING INC,GLW,219350105,C,00X,LU,20523,1950-01-01T00:00:00Z,1962-01-30T00:00:00Z
22323,48337,6905,012818,1025551,PERSPECTIVE THERAPEUTICS INC,CATX,46489V302,C,01,LC,6905,2007-04-19T00:00:00Z,NA
22323,48337,6905,012818,1025551,PERSPECTIVE THERAPEUTICS INC,CATX,46489V302,C,01,LC,6905,1990-03-05T00:00:00Z,1992-03-22T00:00:00Z
22323,48337,6905,012818,1025551,PERSPECTIVE THERAPEUTICS INC,CATX,46489V302,C,01,LC,6905,1984-03-08T00:00:00Z,1989-09-11T00:00:00Z
22509,6360,21351,008247,24887,PPG INDUSTRIES INC,PPG,693506107,P,01,LU,21351,1962-01-31T00:00:00Z,NA
22509,6360,21351,008247,24887,PPG INDUSTRIES INC,PPG,693506107,C,00X,LU,21351,1950-01-01T00:00:00Z,1962-01-30T00:00:00Z
22517,84868,21376,008455,24890,PPL CORP,PPL,69351T106,P,01,LC,21376,1962-01-31T00:00:00Z,NA
22517,84868,21376,008455,24890,PPL CORP,PPL,69351T106,C,00X,LC,21376,1951-01-01T00:00:00Z,1962-01-30T00:00:00Z
22592,5583,21205,007435,20777,3M CO,MMM,88579Y101,P,01,LC,21205,1962-01-31T00:00:00Z,NA
22592,5583,21205,007435,20777,3M CO,MMM,88579Y101,C,00X,LC,21205,1950-01-01T00:00:00Z,1962-01-30T00:00:00Z
22752,5431,21188,007257,27219,MERCK & CO,MRK,58933Y105,P,01,LC,21188,1962-01-02T00:00:00Z,NA
22752,5431,21188,007257,27219,MERCK & CO,MRK,58933Y105,C,00X,LC,21188,1950-01-01T00:00:00Z,1962-01-01T00:00:00Z
22779,5718,21230,007585,21174,MOTOROLA SOLUTIONS INC,MSI,620076307,P,01,LC,21230,1962-01-31T00:00:00Z,NA
22779,5718,21230,007585,21174,MOTOROLA SOLUTIONS INC,MSI,620076307,C,00X,LC,21230,1950-01-01T00:00:00Z,1962-01-30T00:00:00Z
22825,1614,904,002942,5676,CANTEL MEDICAL CORP,CMD,138098108,C,01,LC,904,1989-04-18T00:00:00Z,2021-06-30T00:00:00Z
22921,11741,871,002953,6558,CHECKPOINT SYSTEMS INC,CKP,162825103,P,01,LU,871,1979-05-29T00:00:00Z,2016-05-13T00:00:00Z
23026,94461,21326,008099,11964,FIRSTENERGY CORP,FE,337932107,P,01,LU,21326,1962-01-31T00:00:00Z,NA
23026,94461,21326,008099,11964,FIRSTENERGY CORP,FE,337932107,C,00X,LU,21326,1951-01-01T00:00:00Z,1962-01-30T00:00:00Z
23042,2799,20646,004331,10568,EMPIRE DISTRICT ELECTRIC CO,EDE,291641108,C,00X,LU,20646,1958-01-01T00:00:00Z,1962-01-30T00:00:00Z
23042,2799,20646,004331,10568,EMPIRE DISTRICT ELECTRIC CO,EDE,291641108,P,01,LU,20646,1962-01-31T00:00:00Z,2017-01-31T00:00:00Z
23085,41365,21570,009445,27179,SCANA CORP,SCG,80589M102,P,01,LU,21570,1962-01-31T00:00:00Z,2019-01-31T00:00:00Z
23085,41365,21570,009445,27179,SCANA CORP,SCG,80589M102,C,00X,LU,21570,1951-01-01T00:00:00Z,1962-01-30T00:00:00Z
23182,1656,892,002986,6612,CHESAPEAKE UTILITIES CORP,CPK,165303108,C,00X,LU,892,1977-01-01T00:00:00Z,1977-01-30T00:00:00Z
23182,1656,892,002986,6612,CHESAPEAKE UTILITIES CORP,CPK,165303108,P,01,LU,892,1977-01-31T00:00:00Z,NA
23229,51615,20361,003439,7147,CMS ENERGY CORP,CMS,125896100,P,01,LC,20361,1987-05-27T00:00:00Z,NA
23229,51615,20361,013948,7770,CONSUMERS ENERGY CO,CMS1,210518007,P,01,LC,20361,1962-01-31T00:00:00Z,1987-05-26T00:00:00Z
23297,37383,6760,003007,5104,BRINKER INTL INC,EAT,109641100,P,01,LU,6760,1984-01-06T00:00:00Z,NA
23393,1698,1103,003026,6779,CHURCH & DWIGHT INC,CHD,171340102,P,01,LU,1103,1976-12-30T00:00:00Z,NA
23473,1705,912,014824,6863,CINCINNATI FINANCIAL CORP,CINF,172062101,P,01,LC,912,1982-01-29T00:00:00Z,NA
23473,1705,912,014824,6863,CINCINNATI FINANCIAL CORP,CINF,172062101,C,00X,LC,912,1982-01-01T00:00:00Z,1982-01-28T00:00:00Z
23501,105878,21432,008694,24840,PEPCO HOLDINGS INC,POM,713291102,P,01,LC,21432,1962-01-31T00:00:00Z,2016-03-23T00:00:00Z
23501,105878,21432,008694,24840,PEPCO HOLDINGS INC,POM,713291102,C,00X,LC,21432,1951-01-01T00:00:00Z,1962-01-30T00:00:00Z
23536,37109,21931,011550,33607,WEC ENERGY GROUP INC,WEC,92939U106,P,01,LC,21931,1962-01-31T00:00:00Z,NA
23579,8209,21743,010519,30529,TEXTRON INC,TXT,883203101,P,01,LC,21743,1962-01-31T00:00:00Z,NA
23579,8209,21743,010519,30529,TEXTRON INC,TXT,883203101,C,00X,LC,21743,1950-01-01T00:00:00Z,1962-01-30T00:00:00Z
23660,36710,6304,003062,6877,CINTAS CORP,CTAS,172908105,P,01,LC,6304,1983-08-19T00:00:00Z,NA
23712,46077,21458,008810,25378,PUBLIC SERVICE ENTRP GRP INC,PEG,744573106,C,00X,LU,21458,1951-01-01T00:00:00Z,1962-01-30T00:00:00Z
23712,46077,21458,008810,25378,PUBLIC SERVICE ENTRP GRP INC,PEG,744573106,P,01,LU,21458,1962-01-31T00:00:00Z,NA
23799,79730,913,016775,6952,CITIZENS INC,CIA,174740100,P,01,LU,913,1982-01-29T00:00:00Z,NA
23799,79730,913,016775,6952,CITIZENS INC,CIA,174740100,C,00X,LU,913,1982-01-01T00:00:00Z,1982-01-28T00:00:00Z
23819,3921,20868,005439,14212,HALLIBURTON CO,HAL,406216101,P,01,LU,20868,1962-01-31T00:00:00Z,NA
23819,3921,20868,005439,14212,HALLIBURTON CO,HAL,406216101,C,00X,LU,20868,1950-01-01T00:00:00Z,1962-01-30T00:00:00Z
23835,5671,21132,006867,20003,MDU RESOURCES GROUP INC,MDU,552690109,P,01,LC,21132,1962-01-31T00:00:00Z,NA
23835,5671,21132,006867,20003,MDU RESOURCES GROUP INC,MDU,552690109,C,00X,LC,21132,1951-01-01T00:00:00Z,1962-01-30T00:00:00Z
23887,1761,925,135484,6942,FRONTIER COMMUNIC PARENT INC,FYBR,35909D109,P,01,LC,925,2000-08-31T00:00:00Z,2020-04-23T00:00:00Z
23887,1761,925,135484,3390360,FRONTIER COMMUNIC PARENT INC,FYBR,35909D109,P,01,LC,925,2000-08-31T00:00:00Z,2020-04-23T00:00:00Z
23887,1761,58293,135484,3390360,FRONTIER COMMUNIC PARENT INC,FYBR,35909D109,P,01,LC,925,2000-08-31T00:00:00Z,2020-04-23T00:00:00Z
23931,6129,21300,007977,33830,XCEL ENERGY INC,XEL,98389B100,C,00X,LC,21300,1951-01-01T00:00:00Z,1962-01-30T00:00:00Z
23931,6129,21300,007977,33830,XCEL ENERGY INC,XEL,98389B100,P,01,LC,21300,1962-01-31T00:00:00Z,NA
23975,1788,952,003093,7008,CLARCOR INC,CLC,179895107,P,01,LU,952,1972-12-14T00:00:00Z,2017-02-28T00:00:00Z
24010,5517,21201,007366,10750,ENTERGY CORP,ETR,29364G103,P,01,LU,21201,1962-01-31T00:00:00Z,NA
24010,5517,21201,007366,10750,ENTERGY CORP,ETR,29364G103,C,00X,LU,21201,1951-01-01T00:00:00Z,1962-01-30T00:00:00Z
24109,339,20077,001440,1809,AMERICAN ELECTRIC POWER CO,AEP,025537101,C,00X,LC,20077,1951-01-01T00:00:00Z,1962-01-30T00:00:00Z
24109,339,20077,001440,1809,AMERICAN ELECTRIC POWER CO,AEP,025537101,P,01,LC,20077,1962-01-31T00:00:00Z,NA
24205,41481,20684,004517,12407,NEXTERA ENERGY INC,NEE,65339F101,P,01,LC,20684,1962-01-31T00:00:00Z,NA
24205,41481,20684,004517,12407,NEXTERA ENERGY INC,NEE,65339F101,C,00X,LC,20684,1951-01-01T00:00:00Z,1962-01-30T00:00:00Z
24248,5584,21206,007437,1431,ALLETE INC,ALE,018522300,P,01,LC,21206,1962-01-31T00:00:00Z,NA
24248,5584,21206,007437,1431,ALLETE INC,ALE,018522300,C,00X,LC,21206,1951-01-01T00:00:00Z,1962-01-30T00:00:00Z
24272,142233,20222,001794,2727,ASHLAND INC,ASH,044186104,P,01,LC,20222,1962-01-31T00:00:00Z,NA
24328,2844,20662,004430,10909,EQT CORP,EQT,26884L109,P,01,LC,20662,1962-01-31T00:00:00Z,NA
24328,2844,20662,004430,10909,EQT CORP,EQT,26884L109,C,00X,LC,20662,1951-01-01T00:00:00Z,1962-01-30T00:00:00Z
24432,4650,21032,006334,13822,GREAT PLAINS ENERGY INC,GXP,391164100,P,01,LC,21032,1962-01-31T00:00:00Z,2018-06-04T00:00:00Z
24432,4650,21032,006334,13822,GREAT PLAINS ENERGY INC,GXP,391164100,C,00X,LC,21032,1951-01-01T00:00:00Z,1962-01-30T00:00:00Z
24440,6247,21328,008113,22981,OGE ENERGY CORP,OGE,670837103,P,01,LU,21328,1962-01-31T00:00:00Z,NA
24440,6247,21328,008113,22981,OGE ENERGY CORP,OGE,670837103,C,00X,LU,21328,1951-01-01T00:00:00Z,1962-01-30T00:00:00Z
24441,1840,1071,003153,7223,COEUR MINING INC,CDE,192108504,P,01,LC,1071,1979-07-25T00:00:00Z,NA
24459,6684,21411,008606,24531,PITNEY BOWES INC,PBI,724479100,P,01,LU,21411,1962-01-31T00:00:00Z,NA
24459,6684,21411,008606,24531,PITNEY BOWES INC,PBI,724479100,C,00X,LU,21411,1950-09-18T00:00:00Z,1962-01-30T00:00:00Z
24476,1843,1033,003157,7262,COHERENT INC,COHR.1,192479103,P,01,LU,1033,1972-12-14T00:00:00Z,2022-07-29T00:00:00Z
24643,261,20060,028192,1319,HOWMET AEROSPACE INC,HWM,443201108,P,01,LC,20060,2016-11-01T00:00:00Z,NA
24766,6136,21303,007985,22521,NORTHROP GRUMMAN CORP,NOC,666807102,P,01,LU,21303,1962-01-31T00:00:00Z,NA
24942,6986,21492,008972,25815,RAYTHEON CO,RTN,755111507,P,01,LU,21492,1962-02-28T00:00:00Z,2020-04-30T00:00:00Z
24942,6986,21492,008972,25815,RAYTHEON CO,RTN,755111507,C,00X,LU,21492,1952-09-15T00:00:00Z,1962-02-27T00:00:00Z
24969,8915,21890,011304,3244,AVISTA CORP,AVA,05379B107,P,01,LU,21890,1962-01-31T00:00:00Z,NA
24969,8915,21890,011304,3244,AVISTA CORP,AVA,05379B107,C,00X,LU,21890,1952-09-24T00:00:00Z,1962-01-30T00:00:00Z
24985,94457,21808,010860,1976,AMEREN CORP,AEE,023608102,P,01,LU,21808,1962-01-31T00:00:00Z,NA
24985,94457,21808,010860,1976,AMEREN CORP,AEE,023608102,C,00X,LU,21808,1952-12-15T00:00:00Z,1962-01-30T00:00:00Z
25081,2437,1261,003231,7401,COMERICA INC,CMA,200340107,P,01,LC,1261,1972-12-14T00:00:00Z,NA
25129,1910,779,003238,7431,COMMERCE BANCSHARES INC,CBSH,200525103,C,01,LU,779,1972-12-14T00:00:00Z,NA
25232,6248,21332,008151,23165,ONEOK INC,OKE,682680103,P,01,LC,21332,1962-01-31T00:00:00Z,NA
25304,3979,20884,005496,14365,ENVIRI CORP,NVRI,415864107,P,01,LU,20884,1962-01-31T00:00:00Z,NA
25304,3979,20884,005496,14365,ENVIRI CORP,NVRI,415864107,C,00X,LU,20884,1960-01-01T00:00:00Z,1962-01-30T00:00:00Z
25320,1347,20384,002663,5620,CAMPBELL'S CO (THE),CPB,134429109,P,01,LU,20384,1962-01-31T00:00:00Z,NA
25419,9064,21916,011465,33437,WHIRLPOOL CORP,WHR,963320106,P,01,LC,21916,1962-01-31T00:00:00Z,NA
25419,9064,21916,011465,33437,WHIRLPOOL CORP,WHR,963320106,C,00X,LC,21916,1956-01-01T00:00:00Z,1962-01-30T00:00:00Z
25452,15755,5195,041076,7457,SUNATION ENERGY INC,SUNE,72303P404,P,01,LC,5195,2022-03-29T00:00:00Z,NA
25487,36690,6391,003278,6237,AVIS BUDGET GROUP INC,CAR,053774105,P,01,LC,6391,1983-09-14T00:00:00Z,NA
25590,5864,21255,007733,21593,NATIONAL FUEL GAS CO,NFG,636180101,C,00X,LU,21255,1958-01-01T00:00:00Z,1962-01-30T00:00:00Z
25590,5864,21255,007733,21593,NATIONAL FUEL GAS CO,NFG,636180101,P,01,LU,21255,1962-01-31T00:00:00Z,NA
25778,16108,5220,003310,7569,CA INC,CA.1,12673P105,P,01,LC,5220,1981-12-15T00:00:00Z,2018-11-30T00:00:00Z
25785,3424,20750,004839,12262,FORD MOTOR CO,F,345370860,C,00X,LC,20750,1950-01-01T00:00:00Z,1962-01-30T00:00:00Z
25785,3424,20750,004839,12262,FORD MOTOR CO,F,345370860,P,01,LC,20750,1962-01-31T00:00:00Z,NA
25953,2566,20596,004058,9555,DOVER CORP,DOV,260003108,C,00X,LC,20596,1960-01-01T00:00:00Z,1962-01-30T00:00:00Z
25953,2566,20596,004058,9555,DOVER CORP,DOV,260003108,P,01,LC,20596,1962-01-31T00:00:00Z,NA
26084,1999,1186,003342,7588,COMPUTER TASK GROUP INC,CTG,205477102,P,01,LU,1186,1980-03-20T00:00:00Z,2023-12-29T00:00:00Z
26201,11598,9654,003358,7609,COMTECH TELECOMMUN,CMTL,205826209,C,02,LU,9654,1972-12-14T00:00:00Z,NA
26403,2488,20587,003980,33048,DISNEY (WALT) CO,DIS,254687106,P,01,LC,20587,1962-01-31T00:00:00Z,NA
26470,9709,20649,004351,10644,ENERGEN CORP,EGN,29265N108,P,01,LU,20649,1962-01-31T00:00:00Z,2018-11-30T00:00:00Z
26614,7689,21637,009831,28653,SOUTH JERSEY INDUSTRIES INC,SJI,838518108,P,01,LC,21637,1970-04-20T00:00:00Z,2023-02-28T00:00:00Z
26650,2076,1177,003429,7720,CTO REALTY GROWTH INC,CTO,22948Q101,C,00X,LU,1177,1974-01-01T00:00:00Z,1975-01-30T00:00:00Z
26650,2076,1177,003429,7720,CTO REALTY GROWTH INC,CTO,22948Q101,P,01,LU,1177,1975-01-31T00:00:00Z,NA
26710,5027,21111,006781,19065,LOEWS CORP,L,540424108,P,01,LC,21111,1962-01-31T00:00:00Z,NA
26825,4686,21041,006375,17777,KELLANOVA,K,487836108,P,01,LU,21041,1962-01-31T00:00:00Z,NA
27043,8757,21859,011115,32375,VARIAN MEDICAL SYSTEMS INC,VAR,92220P105,P,01,LU,21859,1962-01-31T00:00:00Z,2021-04-30T00:00:00Z
27043,8757,21859,011115,3383225,VARIAN MEDICAL SYSTEMS INC,VAR,92220P105,P,01,LU,21859,1962-01-31T00:00:00Z,2021-04-30T00:00:00Z
27334,46453,20392,002771,5852,CARLISLE COS INC,CSL,142339100,P,01,LU,20392,1962-01-31T00:00:00Z,NA
27422,44006,20462,003107,7058,CLEVELAND-CLIFFS INC,CLF,185899101,P,01,LC,20462,1962-01-31T00:00:00Z,NA
27430,2140,20518,003502,7840,COOPER TIRE & RUBBER CO,CTB,216831107,P,01,LU,20518,1962-01-31T00:00:00Z,2021-06-30T00:00:00Z
27562,13727,5169,003570,6097,CRACKER BARREL OLD CTRY STOR,CBRL,22410J106,P,01,LC,5169,1981-11-05T00:00:00Z,NA
27633,7252,21541,009299,26741,RYDER SYSTEM INC,R,783549108,P,01,LU,21541,1962-01-31T00:00:00Z,NA
27684,704,20239,001919,3248,AVNET INC,AVT,053807103,P,01,LU,20239,1962-01-31T00:00:00Z,NA
27705,4457,20996,006109,16575,INTL RECTIFIER CORP,IRF,460254105,P,01,LC,20996,1962-01-31T00:00:00Z,2015-01-13T00:00:00Z
27705,4457,20996,006109,16575,INTL RECTIFIER CORP,IRF,460254105,C,00X,LC,20996,1960-12-12T00:00:00Z,1962-01-30T00:00:00Z
27828,4086,20908,005606,14722,HP INC,HPQ,40434L105,P,01,LC,20908,1962-01-31T00:00:00Z,NA
27887,886,20277,002086,3684,BAXTER INTERNATIONAL INC,BAX,071813109,P,01,LC,20277,1962-01-31T00:00:00Z,NA
27888,2244,840,003643,8414,CULLEN/FROST BANKERS INC,CFR,229899109,P,01,LU,840,1977-07-08T00:00:00Z,NA
27909,36956,6342,003647,8415,CULP INC,CULP,230215105,P,01,LU,6342,1983-08-30T00:00:00Z,NA
27959,2602,20608,004093,867887,DUKE ENERGY CORP,DUK,26441C204,P,01,LC,20608,1962-01-31T00:00:00Z,NA
27975,5446,21194,007279,20380,MESABI TRUST,MSB,590672101,P,01,LU,21194,1972-01-31T00:00:00Z,NA
27983,9200,21945,011636,33850,XEROX HOLDINGS CORP,XRX,98421M106,P,01,LC,21945,1962-01-31T00:00:00Z,NA
27991,42430,21409,001075,24493,PINNACLE WEST CAPITAL CORP,PNW,723484101,P,01,LU,21409,1962-01-31T00:00:00Z,NA
28118,46542,21247,007938,21455,NACCO INDUSTRIES  -CL A,NC,629579103,P,01,LU,21247,1962-01-31T00:00:00Z,NA
28222,132,20030,001209,1173,AIR PRODUCTS & CHEMICALS INC,APD,009158106,P,01,LC,20030,1962-01-31T00:00:00Z,NA
28345,5750,21236,007620,21371,MURPHY OIL CORP,MUR,626717102,P,01,LC,21236,1962-01-02T00:00:00Z,NA
28388,8837,21874,011220,32928,VORNADO REALTY TRUST,VNO,929042109,P,01,LC,21874,1963-03-29T00:00:00Z,NA
28388,8837,21874,011220,32928,VORNADO REALTY TRUST,VNO,929042109,C,00X,LC,21874,1962-01-31T00:00:00Z,1963-03-28T00:00:00Z
28484,282,20064,001380,1970,HESS CORP,HES,42809H107,P,01,LC,20064,1964-03-31T00:00:00Z,NA
28564,1284,20371,002577,8398,CTS CORP,CTS,126501105,P,01,LU,20371,1962-06-04T00:00:00Z,NA
28629,12052,1239,003761,8717,DATA I/O CORP,DAIO,237690102,P,01,LU,1239,1981-05-05T00:00:00Z,NA
28804,42976,20035,001230,1273,ALASKA AIR GROUP INC,ALK,011659109,P,01,LU,20035,1966-01-31T00:00:00Z,NA
29102,48318,20201,001661,21454,NABORS INDUSTRIES LTD,NBR,G6359F137,P,01,LC,20201,1968-01-31T00:00:00Z,NA
29209,589,20217,001773,2621,ARROW ELECTRONICS INC,ARW,042735100,P,01,LU,20217,1966-04-29T00:00:00Z,NA
29285,12709,1303,003855,8973,DELTA NATURAL GAS CO INC,DGAS,247748106,P,01,LU,1303,1981-04-01T00:00:00Z,2017-09-29T00:00:00Z
29612,903,20283,002101,2376,APPLIED INDUSTRIAL TECH INC,AIT,03820C105,P,02,LU,20283,1962-07-02T00:00:00Z,NA
29647,17630,20245,002137,3782,BCE INC,BCE,05534B760,P,01,LC,20245,1976-08-18T00:00:00Z,NA
29946,1173,20340,002435,5210,BROWN FORMAN CORP,BF.B,115637209,P,01,LU,20340,1962-07-02T00:00:00Z,NA
30648,1844,20470,003158,7269,COHU INC,COHU,192576106,P,01,LU,20470,1964-12-31T00:00:00Z,NA
30680,1921,20484,003246,7443,COMMERCIAL METALS,CMC,201723103,C,01,LU,20484,1962-07-02T00:00:00Z,NA
30681,2574,1367,004066,23113,OMNICOM GROUP INC,OMC,681919106,P,01,LU,1367,1972-12-14T00:00:00Z,NA
30737,35709,5957,004072,9617,ASCENA RETAIL GROUP INC,ASNAQ,04351G200,P,01,LC,5957,1983-05-04T00:00:00Z,2021-03-08T00:00:00Z
30940,2618,1425,004108,12153,FLOWSERVE CORP,FLS,34354P105,P,01,LU,1425,1972-12-14T00:00:00Z,NA
31077,2242,20541,003639,8404,CUBIC CORP,CUB.1,229669106,P,01,LU,20541,1966-04-29T00:00:00Z,2021-05-28T00:00:00Z
31078,2637,1440,004128,7199,COBRA ELECTRONICS CORP,COBR,191042100,C,01,LU,1440,1974-04-26T00:00:00Z,2014-10-31T00:00:00Z
31238,14357,5300,016716,10499,EMC INSURANCE GROUP INC,EMCI,268664109,P,01,LU,5300,1982-02-04T00:00:00Z,2019-09-30T00:00:00Z
31480,2678,20622,004186,9931,EASTERN CO,EML,276317104,P,01,LU,20622,1962-07-02T00:00:00Z,NA
31500,11171,1451,004201,9963,EATON VANCE CORP,EV.1,278265103,C,01,LU,1451,1973-01-31T00:00:00Z,2021-02-28T00:00:00Z
31974,140926,20751,004842,12274,FOREST CITY REALTY TRUST INC,FCE.A,345605109,C,01,LC,20751,1962-07-02T00:00:00Z,2018-12-31T00:00:00Z
32046,11700,1510,004273,10350,ELECTRO RENT CORP,ELRC,285218103,P,01,LU,1510,1980-04-03T00:00:00Z,2016-08-31T00:00:00Z
32054,37303,6507,004274,10351,ELECTRO SCIENTIFIC INDS INC,ESIO,285229100,P,01,LU,6507,1983-10-18T00:00:00Z,2019-02-28T00:00:00Z
32299,3733,20832,005218,13561,GOLDFIELD CORP,GV.2,381370105,C,01,LU,20832,1968-01-31T00:00:00Z,2020-12-31T00:00:00Z
32299,3733,20832,005218,13561,GOLDFIELD CORP,GV.2,381370105,C,00X,LU,20832,1964-01-01T00:00:00Z,1968-01-30T00:00:00Z
32540,12379,1523,004340,10597,EMULEX CORP,ELX,292475209,P,01,LU,1523,1981-04-30T00:00:00Z,2015-05-29T00:00:00Z
32651,4039,20897,005560,14555,HECLA MINING CO,HL,422704106,P,01,LU,20897,1962-07-02T00:00:00Z,NA
32678,4046,20898,005567,14568,HEICO CORP,HEI,422806109,C,01,LC,20898,1963-01-31T00:00:00Z,NA
32687,112241,1545,106418,11769,FIELDPOINT PETROLEUM CORP,FPPP,316570100,C,01,LC,1545,2005-09-20T00:00:00Z,2017-11-24T00:00:00Z
32707,4055,20902,005581,14617,HELMERICH & PAYNE,HP,423452101,P,01,LU,20902,1962-07-02T00:00:00Z,NA
32791,2818,1543,004367,3401719,WEATHERFORD INTL PLC,WFRD,G48833118,C,00X,LC,1543,1977-01-01T00:00:00Z,1979-01-30T00:00:00Z
32791,2818,1543,004367,3401719,WEATHERFORD INTL PLC,WFRD,G48833118,P,05,LC,1543,2021-06-02T00:00:00Z,NA
32791,2818,1543,004367,3401719,WEATHERFORD INTL PLC,WFRD,G48833118,P,01,LC,1543,1979-01-31T00:00:00Z,2015-05-12T00:00:00Z
32803,4127,20922,005667,14955,HF SINCLAIR CORP,DINO,403949100,P,01,LC,20922,1965-11-30T00:00:00Z,NA
32870,4171,20932,005709,15070,HORMEL FOODS CORP,HRL,440452100,P,01,LU,20932,1962-07-02T00:00:00Z,NA
32942,4212,20945,005764,15173,HUBBELL INC,HUBB,443510607,P,01,LC,20945,1962-07-02T00:00:00Z,NA
32986,37309,6748,004383,2963,ATMOS ENERGY CORP,ATO,049560105,P,01,LU,6748,1983-12-28T00:00:00Z,NA
33099,4319,20972,005903,15708,IMPERIAL OIL LTD,IMO,453038408,C,03,LU,20972,1962-07-02T00:00:00Z,NA
33137,38166,6863,004409,10842,ENZON PHARMACEUTICALS INC,ENZN,293904108,P,01,LU,6863,1984-02-15T00:00:00Z,NA
33209,11820,1557,004418,10841,ENZO BIOCHEM INC,ENZ,294100102,P,01,LU,1557,1980-06-12T00:00:00Z,NA
33532,2862,1582,004448,10992,ESCALADE INC,ESCA,296056104,C,00X,LU,1582,1974-01-01T00:00:00Z,1978-01-30T00:00:00Z
33532,2862,1582,004448,10992,ESCALADE INC,ESCA,296056104,P,01,LU,1582,1978-01-31T00:00:00Z,NA
33770,10932,1610,004485,8822,KINGSTONE COS INC,KINS,496719105,C,01,LC,1610,1989-12-14T00:00:00Z,1992-08-19T00:00:00Z
33770,10932,1610,004485,8822,KINGSTONE COS INC,KINS,496719105,C,01,LC,1610,2004-10-07T00:00:00Z,NA
33770,10932,1610,004485,8822,KINGSTONE COS INC,KINS,496719105,C,01,LC,1610,1978-12-04T00:00:00Z,1982-06-15T00:00:00Z
33823,2901,9028,004497,9816,DMC GLOBAL INC,BOOM,23291C103,C,02,LU,9028,1979-06-29T00:00:00Z,NA
33849,5085,21125,006848,19311,LGL GROUP INC,LGL,50186A108,P,01,LU,21125,1966-04-29T00:00:00Z,NA
34032,5281,21161,007085,19758,MASCO CORP,MAS,574599106,P,01,LU,21161,1962-07-02T00:00:00Z,NA
34367,2964,1632,004579,11577,FARMER BROS CO,FARM,307675108,P,01,LU,1632,1972-12-14T00:00:00Z,NA
34497,5895,21259,007762,21624,NATIONAL PRESTO INDS INC,NPK,637215104,P,01,LU,21259,1962-07-02T00:00:00Z,NA
34673,6027,24025,007882,22071,NPK INTERNATIONAL INC,NPKI,651718504,C,02,LU,24025,1966-01-31T00:00:00Z,NA
34746,3043,1741,004640,324,FIFTH THIRD BANCORP,FITB,316773100,P,01,LU,1741,1980-01-31T00:00:00Z,NA
34746,3043,1741,004640,324,FIFTH THIRD BANCORP,FITB,316773100,C,00X,LU,1741,1980-01-01T00:00:00Z,1980-01-30T00:00:00Z
34817,6178,21308,008030,22688,NUCOR CORP,NUE,670346105,P,01,LU,21308,1966-04-29T00:00:00Z,NA
34833,6210,21322,008068,22899,OCCIDENTAL PETROLEUM CORP,OXY,674599105,P,01,LC,21322,1962-07-02T00:00:00Z,NA
34948,6347,21348,008219,23520,OXFORD INDUSTRIES INC,OXM,691497309,P,01,LU,21348,1962-07-02T00:00:00Z,NA
35044,109025,1620,004674,550049,REGIONS FINANCIAL CORP,RF,7591EP100,P,01,LC,1620,1972-12-14T00:00:00Z,NA
35051,6408,21360,008304,23673,PALL CORP,PLL.1,696429307,P,01,LC,21360,1962-07-02T00:00:00Z,2015-08-28T00:00:00Z
35107,6443,21365,008348,23817,PARK AEROSPACE CORP,PKE,70014A104,P,01,LC,21365,1966-01-31T00:00:00Z,NA
35124,3075,1629,012796,122367,CORELOGIC INC,CLGX,21871D103,P,03,LC,1629,1980-01-31T00:00:00Z,2021-06-30T00:00:00Z
35124,3075,1629,012796,122367,CORELOGIC INC,CLGX,21871D103,C,00X,LC,1629,1980-01-01T00:00:00Z,1980-01-30T00:00:00Z
35124,3075,1629,012796,1645838,CORELOGIC INC,CLGX,21871D103,P,03,LC,1629,1980-01-31T00:00:00Z,2021-06-30T00:00:00Z
35124,3075,1629,012796,1645838,CORELOGIC INC,CLGX,21871D103,C,00X,LC,1629,1980-01-01T00:00:00Z,1980-01-30T00:00:00Z
35124,3075,1629,012796,3401982,CORELOGIC INC,CLGX,21871D103,P,03,LC,1629,1980-01-31T00:00:00Z,2021-06-30T00:00:00Z
35124,3075,1629,012796,3401982,CORELOGIC INC,CLGX,21871D103,C,00X,LC,1629,1980-01-01T00:00:00Z,1980-01-30T00:00:00Z
35238,6579,21383,008475,24145,PEP BOYS-MANNY MOE & JACK,PBY.1,713278109,P,01,LC,21383,1962-07-02T00:00:00Z,2016-02-03T00:00:00Z
35263,3094,1658,004685,31417,TRUSTMARK CORP,TRMK,898402102,P,01,LU,1658,1973-01-31T00:00:00Z,NA
35554,3118,1689,004699,19327,M&T BANK CORP,MTB,55261F104,C,01,LC,1689,1972-12-14T00:00:00Z,NA
35685,14429,6736,017195,112,FIRST FINL BANCORP INC/OH,FFBC,320209109,P,01,LC,6736,1983-12-21T00:00:00Z,NA
35917,17173,5908,011896,151,FIRST MIDWEST BANCORP INC,FMBI,320867104,P,01,LU,5908,1987-01-30T00:00:00Z,2022-02-28T00:00:00Z
35917,17173,5908,011896,151,FIRST MIDWEST BANCORP INC,FMBI,320867104,C,00X,LU,5908,1987-01-01T00:00:00Z,1987-01-29T00:00:00Z
35991,7180,21526,009216,26497,ROGERS CORP,ROG,775133101,P,01,LU,21526,1966-01-31T00:00:00Z,NA
36003,7187,21530,009225,26519,ROLLINS INC,ROL,775711104,P,01,LU,21530,1962-07-02T00:00:00Z,NA
36281,7436,21587,009538,27400,SEABOARD CORP,SEB,811543107,P,01,LU,21587,1962-07-02T00:00:00Z,NA
36397,3322,1856,004737,233,FIRST HORIZON CORP,FHN,320517105,C,01,LU,1856,1972-12-14T00:00:00Z,NA
36468,7558,21609,009667,27786,SHERWIN-WILLIAMS CO,SHW,824348106,P,01,LC,21609,1962-07-02T00:00:00Z,NA
36768,3372,1768,004771,12099,FLEXSTEEL INDUSTRIES INC,FLXS,339382103,P,01,LU,1768,1972-12-14T00:00:00Z,NA
36898,7907,21669,010056,29193,STEPAN CO,SCL,858586100,P,01,LU,21669,1966-01-31T00:00:00Z,NA
37058,17590,5848,004807,12147,FLOW INTL CORP,FLOW.1,343468104,P,01,LU,5848,1983-03-10T00:00:00Z,2014-02-28T00:00:00Z
37161,12426,21700,010277,30181,TECO ENERGY INC,TE,872375100,P,01,LC,21700,1962-07-02T00:00:00Z,2016-06-30T00:00:00Z
37217,53959,21714,014169,18420,LANDAUER INC,LDR,51476K103,P,01,LC,21714,1988-02-01T00:00:00Z,2017-10-18T00:00:00Z
37381,3439,1810,062262,734030,FORWARD INDUSTRIES INC,FORD,349862409,P,01,LU,1810,1995-06-30T00:00:00Z,NA
37381,3439,1810,062262,734030,FORWARD INDUSTRIES INC,FORD,349862409,C,00X,LU,1810,1994-10-01T00:00:00Z,1995-06-29T00:00:00Z
37402,10580,1852,004860,12373,FOSTER (LB) CO,FSTR,350060109,P,01,LU,1852,1981-06-09T00:00:00Z,NA
37568,3461,1688,004881,12453,FRANKLIN ELECTRIC CO INC,FELE,353514102,P,01,LU,1688,1972-12-14T00:00:00Z,NA
37584,10923,6407,004885,12463,FRANKLIN RESOURCES INC,BEN,354613101,P,01,LU,6407,1983-09-23T00:00:00Z,NA
37807,8738,21856,011096,32279,VALSPAR CORP,VAL.1,920355104,P,01,LC,21856,1963-12-31T00:00:00Z,2017-05-31T00:00:00Z
37875,3508,1868,004926,12641,FULLER (H. B.) CO,FUL,359694106,P,01,LU,1868,1972-12-14T00:00:00Z,NA
38033,9056,4905,011455,33417,WEYCO GROUP INC,WEYS,962149100,P,01,LU,4905,1962-07-02T00:00:00Z,NA
38093,40875,7094,004973,12761,ARTHUR J GALLAGHER & CO,AJG,363576109,P,01,LU,7094,1984-06-20T00:00:00Z,NA
38156,9094,21923,011506,33512,WILLIAMS COS INC,WMB,969457100,C,01,LU,21923,1962-07-02T00:00:00Z,NA
38420,98260,20532,003607,8274,CHEMTURA CORP,CHMT.1,163893209,P,01,LC,20532,1962-08-13T00:00:00Z,2009-03-18T00:00:00Z
38420,98260,20532,003607,8274,CHEMTURA CORP,CHMT.1,163893209,P,02,LC,20532,2010-11-11T00:00:00Z,2017-04-28T00:00:00Z
38420,98260,20532,003607,1672219,CHEMTURA CORP,CHMT.1,163893209,P,01,LC,20532,1962-08-13T00:00:00Z,2009-03-18T00:00:00Z
38420,98260,20532,003607,1672219,CHEMTURA CORP,CHMT.1,163893209,P,02,LC,20532,2010-11-11T00:00:00Z,2017-04-28T00:00:00Z
38659,16221,5242,005116,13104,GENTEX CORP,GNTX,371901109,P,01,LU,5242,1981-12-22T00:00:00Z,NA
38682,2548,20594,004040,9519,DONNELLEY (R R) & SONS CO,RRD,257867200,P,01,LC,20594,1962-12-07T00:00:00Z,2022-02-28T00:00:00Z
38682,2548,20594,004040,3512734,DONNELLEY (R R) & SONS CO,RRD,257867200,P,01,LC,20594,1962-12-07T00:00:00Z,2022-02-28T00:00:00Z
38703,6139,21305,008007,33264,WELLS FARGO & CO,WFC,949746101,P,01,LC,21305,1962-12-10T00:00:00Z,NA
38762,54407,21244,007974,22260,NISOURCE INC,NI,65473P105,P,01,LU,21244,1962-12-19T00:00:00Z,NA
39029,36059,6080,005165,13266,GIGA-TRONICS INC,GIGAQ,375175304,P,01,LC,6080,1983-06-20T00:00:00Z,2017-10-27T00:00:00Z
39220,7845,21658,010000,29050,STANDARD MOTOR PRODS,SMP,853666105,P,01,LU,21658,1963-05-23T00:00:00Z,NA
39490,525,20204,001678,2307,APA CORP,APA,03743Q108,P,01,LC,20204,1964-01-31T00:00:00Z,NA
39538,5302,21168,007116,19820,MATTEL INC,MAT,577081102,C,01,LU,21168,1963-08-12T00:00:00Z,NA
39571,3756,2002,005252,13715,GRACO INC,GGG,384109104,P,01,LU,2002,1972-12-14T00:00:00Z,NA
39642,911,20284,002111,3903,BECTON DICKINSON & CO,BDX,075887109,P,01,LU,20284,1963-09-25T00:00:00Z,NA
39693,853,20270,002049,3594,BARNES GROUP INC,B,067806109,P,01,LU,20270,1963-10-14T00:00:00Z,NA
39917,9057,21914,011456,33418,WEYERHAEUSER CO,WY,962166104,P,01,LC,21914,1963-12-06T00:00:00Z,NA
40272,4435,20991,006078,16530,INTL FLAVORS & FRAGRANCES,IFF,459506101,P,01,LC,20991,1964-03-02T00:00:00Z,NA
40440,2467,20582,003946,9201,DIEBOLD NIXDORF INC,DBD,253651202,P,01,LC,20582,1964-04-27T00:00:00Z,2023-05-26T00:00:00Z
40539,9229,21949,011672,30801,TJX COS INC (THE),TJX,872540109,P,01,LU,21949,1964-05-12T00:00:00Z,NA
41080,2249,20543,003650,8426,CUMMINS INC,CMI,231021106,P,01,LU,20543,1964-09-10T00:00:00Z,NA
41187,14456,20890,005526,14433,HAWAIIAN ELECTRIC INDS,HE,419870100,P,01,LU,20890,1964-10-13T00:00:00Z,NA
41217,4005,2089,005523,14427,HAVERTY FURNITURE,HVT,419596101,C,01,LC,2089,1977-09-01T00:00:00Z,NA
41241,4017,2238,005530,14441,HAWKINS INC,HWKN,420261109,P,01,LU,2238,1978-01-31T00:00:00Z,NA
41292,37462,6616,005539,14509,HEALTHCARE SERVICES GROUP,HCSG,421906108,P,01,LU,6616,1983-11-23T00:00:00Z,NA
41355,6450,21367,008358,23834,PARKER-HANNIFIN CORP,PH,701094104,P,01,LU,21367,1964-12-09T00:00:00Z,NA
41452,4050,2116,005572,14588,HELEN OF TROY LTD,HELE,G4388N106,C,01,LU,2116,1976-07-09T00:00:00Z,NA
41574,7496,21594,009590,27535,INTRICON CORP,IIN,46121H109,P,01,LU,21594,1965-02-08T00:00:00Z,2022-05-31T00:00:00Z
42059,8948,21900,011343,33244,WEIS MARKETS INC,WMK,948849104,P,01,LU,21900,1965-06-04T00:00:00Z,NA
42067,4647,21031,006331,33823,FURMANITE CORP,FRM,361086101,P,01,LC,21031,1965-06-07T00:00:00Z,2016-03-31T00:00:00Z
42200,2647,20616,004145,24183,REVVITY INC,RVTY,714046109,P,01,LU,20616,1965-07-06T00:00:00Z,NA
42286,9152,21935,011566,33655,WOLVERINE WORLD WIDE,WWW,978097103,P,01,LU,21935,1965-07-20T00:00:00Z,NA
42439,4155,2191,005690,15023,HNI CORP,HNI,404251100,P,01,LU,2191,1972-12-14T00:00:00Z,NA
42455,39783,7154,005697,15046,HOOPER HOLMES INC,HPHWQ,439104209,P,01,LC,7154,1984-07-26T00:00:00Z,2017-05-01T00:00:00Z
42534,4595,21019,006268,31555,JOHNSON CONTROLS INTL PLC,JCI,G51502105,P,01,LC,21019,1965-10-11T00:00:00Z,2016-09-02T00:00:00Z
42534,4595,21791,006268,31555,JOHNSON CONTROLS INTL PLC,JCI,G51502105,P,01,LC,21019,1965-10-11T00:00:00Z,2016-09-02T00:00:00Z
42550,2873,20672,004462,550009,NEWMARKET CORP,NEU,651587107,P,01,LU,20672,1965-10-14T00:00:00Z,NA
42585,7644,21629,009777,28325,SMUCKER (JM) CO,SJM,832696405,P,01,LC,21629,1965-10-20T00:00:00Z,NA
42796,5434,21189,007260,20302,MEREDITH CORP,MDP,589433101,P,01,LU,21189,1965-12-09T00:00:00Z,2021-12-31T00:00:00Z
42877,38042,6606,005783,15223,HUNT (JB) TRANSPRT SVCS INC,JBHT,445658107,P,01,LU,6606,1983-11-22T00:00:00Z,NA
42906,4236,2093,005786,15235,HUNTINGTON BANCSHARES,HBAN,446150104,P,01,LU,2093,1972-12-14T00:00:00Z,NA
42922,11972,2235,005788,15241,HURCO COS INC,HURC,447324104,P,01,LU,2235,1980-08-27T00:00:00Z,NA
43123,89856,21722,010405,1416,ATI INC -NEW,ATI,01741R102,P,01,LU,21722,1966-05-02T00:00:00Z,NA
43334,8053,21696,010236,29789,ASCENT INDUSTRIES CO,ACNT,871565107,P,01,LU,21696,1966-06-08T00:00:00Z,NA
43350,7866,21664,010016,29065,STANLEY BLACK & DECKER INC,SWK,854502101,P,01,LC,21664,1966-06-15T00:00:00Z,NA
43449,5328,21177,007154,19944,MCDONALD'S CORP,MCD,580135101,P,01,LU,21177,1966-07-05T00:00:00Z,NA
43481,7859,21662,010008,29059,STANDEX INTERNATIONAL CORP,SXI,854231107,P,01,LU,21662,1966-07-11T00:00:00Z,NA
43553,8707,21849,011060,32574,VF CORP,VFC,918204108,P,01,LC,21849,1966-07-25T00:00:00Z,NA
43634,11443,2293,005888,15541,TELIGENT INC,TLGTQ,87960W203,C,01,LC,2293,1981-07-30T00:00:00Z,2022-07-29T00:00:00Z
43757,37396,6560,005902,15684,IMMUNOMEDICS INC,IMMU,452907108,P,01,LU,6560,1984-07-31T00:00:00Z,2020-10-30T00:00:00Z
43757,37396,6560,005902,15684,IMMUNOMEDICS INC,IMMU,452907108,C,00X,LU,6560,1984-07-01T00:00:00Z,1984-07-30T00:00:00Z
43772,945,20292,002154,3994,BEMIS CO INC,BMS,081437105,P,01,LU,20292,1966-09-13T00:00:00Z,2019-06-28T00:00:00Z
43837,17448,5342,017131,15798,INDEPENDENCE HOLDING CO,IHC,453440307,P,01,LC,5342,1982-03-29T00:00:00Z,2022-02-28T00:00:00Z
44134,4697,21045,006386,17800,KENNAMETAL INC,KMT,489170100,P,01,LU,21045,1967-01-23T00:00:00Z,NA
44206,6114,21299,007970,22660,EVERSOURCE ENERGY,ES,30040W108,P,01,LC,21299,1967-02-20T00:00:00Z,NA
44230,6351,6104,008229,23542,P & F INDUSTRIES  -CL A,PFIN,692830508,C,01,LU,6104,1967-03-01T00:00:00Z,2023-12-29T00:00:00Z
44274,13358,2366,005978,16156,AEGION CORP,AEGN,00770F104,P,01,LU,2366,1981-12-02T00:00:00Z,2021-05-28T00:00:00Z
44329,8143,21723,010407,30265,TELEFLEX INC,TFX,879369106,P,01,LU,21723,1967-04-24T00:00:00Z,NA
44506,37902,6867,006003,16217,INTEGRATED DEVICE TECH INC,IDTI,458118106,P,01,LU,6867,1984-02-17T00:00:00Z,2019-03-31T00:00:00Z
44513,8121,21717,010374,30138,PULSE ELECTRONICS CORP,PULS.1,74586W205,C,01,LC,21717,1968-01-31T00:00:00Z,2014-10-16T00:00:00Z
44513,8121,21717,010374,30138,PULSE ELECTRONICS CORP,PULS.1,74586W205,C,00X,LC,21717,1967-06-01T00:00:00Z,1968-01-30T00:00:00Z
44601,702,20238,001913,3210,AVERY DENNISON CORP,AVY,053611109,P,01,LU,20238,1967-06-20T00:00:00Z,NA
44644,689,20235,001891,3101,AUTOMATIC DATA PROCESSING,ADP,053015103,P,01,LC,20235,1967-06-26T00:00:00Z,NA
44768,35316,5925,006034,16341,INTERFACE INC,TILE,458665304,P,01,LU,5925,1983-04-14T00:00:00Z,NA
44943,2481,20585,003969,9322,DIODES INC,DIOD,254543101,P,01,LC,20585,1968-01-31T00:00:00Z,NA
44951,8015,21692,010190,29620,SUPERVALU INC,SVU,868536301,P,01,LC,21692,1967-09-13T00:00:00Z,2018-10-31T00:00:00Z
45225,4958,21854,012578,32239,VALHI INC,VHI,918905209,P,01,LC,21854,1984-01-31T00:00:00Z,NA
45277,12916,5132,006097,16533,INTL GAME TECHNOLOGY,IGT.1,459902102,P,01,LC,5132,1981-10-22T00:00:00Z,2015-04-06T00:00:00Z
45306,15833,5184,006100,16334,INTERDIGITAL INC,IDCC,45867G101,P,01,LU,5184,1981-11-12T00:00:00Z,NA
45306,15833,5184,006100,1141059,INTERDIGITAL INC,IDCC,45867G101,P,01,LU,5184,1981-11-12T00:00:00Z,NA
45356,48345,21019,006268,31555,JOHNSON CONTROLS INTL PLC,JCI,G51502105,P,01,LC,21791,2016-09-03T00:00:00Z,NA
45356,48345,21791,006268,31555,JOHNSON CONTROLS INTL PLC,JCI,G51502105,P,01,LC,21791,2016-09-03T00:00:00Z,NA
45437,11074,2364,006115,16581,INTL SHIPHOLDING CORP,ISHCQ,460321201,P,01,LC,2364,1979-04-19T00:00:00Z,2015-12-18T00:00:00Z
45495,7213,21532,009258,26601,ROWAN COMPANIES LTD,RDC,G7665A101,P,01,LC,21532,1967-12-29T00:00:00Z,2019-04-30T00:00:00Z
45560,38172,6785,006130,16422,INTERPHASE CORP,INPHQ,460593106,P,01,LU,6785,1984-01-17T00:00:00Z,2018-07-09T00:00:00Z
45655,1256,20356,002538,6122,CDI CORP,CDI,125071100,P,01,LU,20356,1968-01-18T00:00:00Z,2017-09-29T00:00:00Z
45728,38908,7029,006158,16695,INVACARE CORP,IVCRQ,461203101,P,01,LU,7029,1984-05-11T00:00:00Z,2023-05-05T00:00:00Z
45751,5264,21158,007065,19713,MARSH & MCLENNAN COS,MMC,571748102,P,01,LU,21158,1968-02-16T00:00:00Z,NA
45911,247,20058,001327,1573,SKYWORKS SOLUTIONS INC,SWKS,83088M102,P,01,LU,20058,1968-03-13T00:00:00Z,NA
46042,37066,6291,006194,17077,ISRAMCO INC,ISRL.1,465141406,P,01,LU,6291,1984-01-31T00:00:00Z,2019-10-31T00:00:00Z
46077,4530,6393,006196,2240,ANIXTER INTL INC,AXE,035290105,C,01,LU,6393,1969-06-17T00:00:00Z,2020-06-30T00:00:00Z
46392,36920,6496,030146,16885,INVESTMENT TECHNOLOGY GP INC,ITG,46145F105,P,01,LC,6496,1999-04-28T00:00:00Z,2019-03-01T00:00:00Z
46392,36920,6496,006239,17381,JEFFERIES GROUP LLC,LUK2,47299V003,P,01,LC,6496,1983-10-13T00:00:00Z,1999-04-27T00:00:00Z
46392,36920,6496,006239,1937621,JEFFERIES GROUP LLC,LUK2,47299V003,P,01,LC,6496,1983-10-13T00:00:00Z,1999-04-27T00:00:00Z
46392,36920,13045,030146,16885,INVESTMENT TECHNOLOGY GP INC,ITG,46145F105,P,01,LC,6496,1999-04-28T00:00:00Z,2019-03-01T00:00:00Z
46392,36920,35031,006239,17381,JEFFERIES GROUP LLC,LUK2,47299V003,P,01,LC,6496,1983-10-13T00:00:00Z,1999-04-27T00:00:00Z
46463,4388,20981,005987,13915,GRIFFON CORP,GFF,398433102,P,01,LU,20981,1968-07-09T00:00:00Z,NA
46578,1813,20463,003121,7089,CLOROX CO/DE,CLX,189054109,P,01,LU,20463,1968-08-01T00:00:00Z,NA
46674,3651,20807,005125,13110,GENUINE PARTS CO,GPC,372460105,P,01,LU,20807,1968-08-20T00:00:00Z,NA
46690,1290,20374,002593,5462,CABOT CORP,CBT,127055101,P,01,LU,20374,1968-08-23T00:00:00Z,NA
46703,5262,21157,007063,15093,HOST HOTELS & RESORTS INC,HST,44107P104,P,01,LC,21157,1968-08-26T00:00:00Z,NA
46877,848,20268,002044,3578,BARD (C.R.) INC,BCR,067383109,P,01,LC,20268,1968-09-30T00:00:00Z,2017-12-28T00:00:00Z
46886,12094,2551,006304,17984,KLA CORP,KLAC,482480100,P,01,LU,2551,1980-10-08T00:00:00Z,NA
46923,4625,2577,006311,25061,PRIMEENERGY RESOURCES CORP,PNRG,74158E104,P,01,LU,2577,1974-07-05T00:00:00Z,NA
47002,4641,2488,006326,17666,KAMAN CORP,KAMN,483548103,P,01,LU,2488,1972-12-14T00:00:00Z,2024-04-30T00:00:00Z
47088,4649,2502,006333,17687,KANSAS CITY LIFE INS CO,KCLI,484836200,P,01,LU,2502,1972-12-14T00:00:00Z,NA
47379,4690,2519,006379,17781,KELLY SERVICES INC  -CL A,KELYA,488152208,P,01,LC,2519,1984-07-01T00:00:00Z,NA
47379,4690,2519,006379,17781,KELLY SERVICES INC  -CL A,KELYA,488152208,P,03,LC,2519,1972-12-14T00:00:00Z,1984-01-30T00:00:00Z
47379,4690,2519,006379,17781,KELLY SERVICES INC  -CL A,KELYA,488152208,J,01,LC,2519,1984-01-31T00:00:00Z,1984-06-30T00:00:00Z
47423,862,20272,002061,3624,BARRY (R G) CORP,DFZ,068798107,P,01,LU,20272,1969-01-09T00:00:00Z,2014-09-30T00:00:00Z
47466,6012,21280,007866,22034,NEW YORK TIMES CO  -CL A,NYT,650111107,P,01,LU,21280,1969-01-14T00:00:00Z,NA
47626,1274,20363,002558,7150,CNA FINANCIAL CORP,CNA,126117100,P,01,LC,20363,1972-01-31T00:00:00Z,NA
47626,1274,20363,002558,7150,CNA FINANCIAL CORP,CNA,126117100,C,00X,LC,20363,1972-01-01T00:00:00Z,1972-01-30T00:00:00Z
47677,1703,20448,003036,5176,CINCINNATI BELL INC,CBB,171871502,P,01,LC,20448,1969-02-06T00:00:00Z,2021-09-30T00:00:00Z
47706,3000,20698,004608,11652,FEDERAL SIGNAL CORP,FSS,313855108,P,01,LU,20698,1969-02-11T00:00:00Z,NA
47715,4737,2498,006433,17910,KIMBALL INTERNATIONAL  -CL B,KBAL,494274103,P,01,LC,2498,1976-09-28T00:00:00Z,2023-06-30T00:00:00Z
47723,19522,2545,019129,14211,HALLADOR ENERGY CO,HNRG,40609P105,C,02,LC,2545,2010-05-21T00:00:00Z,NA
47723,19522,2545,019129,14211,HALLADOR ENERGY CO,HNRG,40609P105,C,02,LC,2545,1989-12-01T00:00:00Z,1993-08-02T00:00:00Z
47723,19522,2545,019129,1646940,HALLADOR ENERGY CO,HNRG,40609P105,C,02,LC,2545,2010-05-21T00:00:00Z,NA
47723,19522,2545,019129,1646940,HALLADOR ENERGY CO,HNRG,40609P105,C,02,LC,2545,1989-12-01T00:00:00Z,1993-08-02T00:00:00Z
47730,315,20068,001410,491,ABM INDUSTRIES INC,ABM,000957100,P,01,LU,20068,1969-02-13T00:00:00Z,NA
47861,8024,21694,010198,29612,SUPERIOR GROUP OF COS INC,SGC,868358102,P,01,LU,21694,1969-03-03T00:00:00Z,NA
47896,1643,20436,002968,17528,JPMORGAN CHASE & CO,JPM,46625H100,P,01,LC,20436,1969-03-05T00:00:00Z,NA
47941,3550,20782,004988,12812,TEGNA INC,TGNA,87901J105,P,01,LC,20782,1969-03-10T00:00:00Z,NA
47941,3550,20782,004988,2044599,TEGNA INC,TGNA,87901J105,P,01,LC,20782,1969-03-10T00:00:00Z,NA
47941,3550,20782,004988,2300557,TEGNA INC,TGNA,87901J105,P,01,LC,20782,1969-03-10T00:00:00Z,NA
48072,4783,2573,006497,18151,KOSS CORP,KOSS,500692108,C,01,LU,2573,1972-12-14T00:00:00Z,NA
48144,4794,2552,006509,18229,KULICKE & SOFFA INDUSTRIES,KLIC,501242101,C,01,LU,2552,1972-12-14T00:00:00Z,NA
48291,16181,5292,006532,19240,XCERRA CORP,XCRA,98400J108,P,01,LC,5292,1982-02-02T00:00:00Z,2018-10-31T00:00:00Z
48347,4820,2615,006543,18544,LA-Z-BOY INC,LZB,505336107,P,01,LU,2615,1972-12-14T00:00:00Z,NA
48389,8413,21786,010757,31811,UNS ENERGY CORP,UNS,903119105,P,01,LC,21786,1969-05-21T00:00:00Z,2014-08-15T00:00:00Z
48389,8413,21786,010757,2136026,UNS ENERGY CORP,UNS,903119105,P,01,LC,21786,1969-05-21T00:00:00Z,2014-08-15T00:00:00Z
48486,39147,7013,006565,18384,LAM RESEARCH CORP,LRCX,512807306,P,01,LC,7013,1984-05-04T00:00:00Z,NA
48506,2604,20610,004094,9736,DUN & BRADSTREET HOLDNGS INC,DNB,26484T106,P,01,LC,20610,1969-06-12T00:00:00Z,2000-10-02T00:00:00Z
48506,2604,20610,139665,21071,MOODY'S CORP,MCO,615369105,P,01,LC,20610,2000-10-03T00:00:00Z,NA
48506,2604,20610,004094,3207796,DUN & BRADSTREET HOLDNGS INC,DNB,26484T106,P,01,LC,20610,1969-06-12T00:00:00Z,2000-10-02T00:00:00Z
48506,2604,39133,004094,9736,DUN & BRADSTREET HOLDNGS INC,DNB,26484T106,P,01,LC,20610,1969-06-12T00:00:00Z,2000-10-02T00:00:00Z
48506,2604,39133,004094,3207796,DUN & BRADSTREET HOLDNGS INC,DNB,26484T106,P,01,LC,20610,1969-06-12T00:00:00Z,2000-10-02T00:00:00Z
48506,2604,57135,004094,3207796,DUN & BRADSTREET HOLDNGS INC,DNB,26484T106,P,01,LC,20610,1969-06-12T00:00:00Z,2000-10-02T00:00:00Z
48523,4856,2600,006573,18410,LANCASTER COLONY CORP,LANC,513847103,P,01,LU,2600,1972-12-14T00:00:00Z,NA
48531,4857,2689,006574,18411,SNYDERS-LANCE INC,LNCE,833551104,P,01,LU,2689,1972-12-14T00:00:00Z,2018-03-29T00:00:00Z
48653,4229,20950,005776,11422,GALEN HEALTH CARE INC,GHC.1,363233107,P,01,LC,20950,1969-07-02T00:00:00Z,1993-03-07T00:00:00Z
48653,4229,20950,027914,15207,HUMANA INC,HUM,444859102,P,01,LC,20950,1993-03-08T00:00:00Z,NA
48725,8524,21810,010867,31786,UNION PACIFIC CORP,UNP,907818108,P,01,LU,21810,1969-07-16T00:00:00Z,NA
48961,4892,2612,006617,18536,DISTRIBUTION SOLUTIO GRO INC,DSGR,520776105,P,01,LU,2612,1972-12-14T00:00:00Z,NA
49015,4990,21105,006742,18908,LINCOLN NATIONAL CORP,LNC,534187109,P,01,LC,21105,1972-01-31T00:00:00Z,NA
49015,4990,21105,006742,18908,LINCOLN NATIONAL CORP,LNC,534187109,C,00X,LC,21105,1972-01-01T00:00:00Z,1972-01-30T00:00:00Z
49138,7582,21617,009698,27927,SIFCO INDUSTRIES,SIF,826546103,P,01,LU,21617,1969-09-02T00:00:00Z,NA
49154,2355,20561,003813,29978,TARGET CORP,TGT,87612E106,P,01,LU,20561,1969-09-08T00:00:00Z,NA
49330,186,20041,001257,1351,ALEXANDER'S INC,ALX,014752109,P,01,LU,20041,1969-10-07T00:00:00Z,NA
49373,1033,20309,002269,4621,BLOCK H & R INC,HRB,093671105,P,01,LU,20309,1969-10-13T00:00:00Z,NA
49429,2476,20584,003964,9291,DILLARDS INC  -CL A,DDS,254067101,P,01,LU,20584,1969-10-27T00:00:00Z,NA
49488,4805,21072,006528,19216,LSB INDUSTRIES INC,LXU,502160104,C,01,LU,21072,1969-11-04T00:00:00Z,NA
49656,119386,20265,002019,4520,BANK OF NEW YORK MELLON CORP,BK,064058100,P,01,LC,20265,1969-12-04T00:00:00Z,NA
49656,119386,20265,002019,945834,BANK OF NEW YORK MELLON CORP,BK,064058100,P,01,LC,20265,1969-12-04T00:00:00Z,NA
49680,10880,20557,003735,8663,DANAHER CORP,DHR,235851102,P,01,LC,20557,1970-01-30T00:00:00Z,NA
49680,10880,20557,003735,8663,DANAHER CORP,DHR,235851102,C,00X,LC,20557,1970-01-01T00:00:00Z,1970-01-29T00:00:00Z
49744,6755,21431,008692,24837,POTLATCHDELTIC CORP,PCH,737630103,P,01,LC,21431,1969-12-15T00:00:00Z,NA
49905,13105,2678,006768,19014,KATE SPADE & CO,KATE,485865109,P,01,LC,2678,1981-06-09T00:00:00Z,2017-07-11T00:00:00Z
49971,6656,21404,008577,24439,PIEDMONT NATURAL GAS CO,DUK1,26499M005,P,01,LC,21404,1970-02-04T00:00:00Z,2016-10-03T00:00:00Z
50017,13027,2706,006788,25756,RANGE RESOURCES CORP,RRC,75281A109,C,01,LU,2706,1980-06-19T00:00:00Z,NA
50286,4908,21090,006639,18625,LEE ENTERPRISES INC,LEE,523768406,P,01,LU,21090,1970-03-17T00:00:00Z,NA
50606,8246,21752,010565,30715,TIDEWATER INC,TDW,88642R109,P,02,LC,21752,2017-08-01T00:00:00Z,NA
50606,8246,21752,010565,30715,TIDEWATER INC,TDW,88642R109,P,01,LC,21752,1970-05-19T00:00:00Z,2017-07-31T00:00:00Z
50614,9332,20723,004740,238,WINTHROP REALTY TRUST,FUR,976391300,P,01,LU,20723,1970-05-21T00:00:00Z,2016-08-02T00:00:00Z
50623,5115,3083,006900,21270,MTS SYSTEMS CORP,MTSC,553777103,P,01,LU,3083,1972-12-14T00:00:00Z,2021-04-30T00:00:00Z
50702,6544,21377,008457,24093,PENNSYLVANIA RE INVS TRUST,PRETQ,709102800,P,01,LC,21377,1971-01-29T00:00:00Z,2022-12-15T00:00:00Z
50788,2871,20671,004460,11076,ESTERLINE TECHNOLOGIES CORP,ESL,297425100,P,01,LU,20671,1970-06-23T00:00:00Z,2019-03-29T00:00:00Z
50789,5137,2847,006932,468832,MGE ENERGY INC,MGEE,55277P104,P,01,LU,2847,1972-12-14T00:00:00Z,NA
50876,4978,21102,006730,18888,LILLY (ELI) & CO,LLY,532457108,P,01,LU,21102,1970-07-09T00:00:00Z,NA
50948,7504,21596,009599,27589,SEMTECH CORP,SMTC,816850101,P,01,LU,21596,1970-07-27T00:00:00Z,NA
50972,5373,13416,030950,33999,MEDIA GENERAL INC,MEG.2,58441K100,C,05,LC,21183,2017-01-01T00:00:00Z,2017-01-17T00:00:00Z
50972,5373,13416,030950,33999,MEDIA GENERAL INC,MEG.2,58441K100,P,05,LC,21183,2013-11-29T00:00:00Z,2016-12-31T00:00:00Z
50972,5373,21183,030950,20064,MEDIA GENERAL INC,MEG.2,58441K100,C,05,LC,21183,2017-01-01T00:00:00Z,2017-01-17T00:00:00Z
50972,5373,21183,030950,20064,MEDIA GENERAL INC,MEG.2,58441K100,P,05,LC,21183,2013-11-29T00:00:00Z,2016-12-31T00:00:00Z
51086,9118,21927,011537,33575,WINNEBAGO INDUSTRIES,WGO,974637100,P,01,LU,21927,1970-09-08T00:00:00Z,NA
51263,5197,2767,006994,19580,MANITOWOC CO,MTW,563571405,P,01,LU,2767,1972-12-14T00:00:00Z,NA
51369,8171,21731,010453,30437,TERADYNE INC,TER,880770102,P,01,LC,21731,1970-10-19T00:00:00Z,NA
51423,5225,3031,007022,19630,MARCUS CORP,MCS,566330106,P,01,LU,3031,1972-12-14T00:00:00Z,NA
51625,7513,21599,009611,27663,SERVICE CORP INTERNATIONAL,SCI,817565104,P,01,LU,21599,1970-12-07T00:00:00Z,NA
51633,100159,20976,005918,32419,VECTREN CORP,VVC,92240G101,P,01,LU,20976,1970-12-08T00:00:00Z,2019-02-28T00:00:00Z
51960,16493,5866,007124,19880,MAXWELL TECHNOLOGIES INC,MXWL,577767106,P,01,LU,5866,1983-03-18T00:00:00Z,2019-05-31T00:00:00Z
52038,8059,21698,010247,29837,SYSCO CORP,SYY,871829107,P,01,LU,21698,1971-02-26T00:00:00Z,NA
52090,5324,2801,007146,19939,MCCORMICK & CO INC,MKC,579780206,P,01,LC,2801,1972-12-14T00:00:00Z,NA
52230,1068,469,002312,26429,ROBERT HALF INC,RHI,770323103,C,01,LU,469,1971-04-15T00:00:00Z,NA
52329,4541,21011,006216,17251,JACOBS SOLUTIONS INC,J,46982L108,P,01,LU,21011,1971-04-27T00:00:00Z,NA
52337,5881,21258,007750,30412,TENET HEALTHCARE CORP,THC,88033G407,P,01,LC,21258,1971-04-28T00:00:00Z,NA
52396,8022,21693,010195,29607,SUPERIOR INDUSTRIES INTL,SUP,868168105,C,01,LU,21693,1971-05-04T00:00:00Z,NA
52425,8911,21889,011301,33104,ELME COMMUNITIES,ELME,939653101,P,01,LU,21889,1972-01-31T00:00:00Z,NA
52425,8911,21889,011301,33104,ELME COMMUNITIES,ELME,939653101,C,00X,LU,21889,1972-01-01T00:00:00Z,1972-01-30T00:00:00Z
52476,2839,20659,004423,10896,EQUIFAX INC,EFX,294429105,P,01,LU,20659,1971-05-11T00:00:00Z,NA
52695,3760,20841,005256,13725,GRAINGER (W W) INC,GWW,384802104,P,01,LU,20841,1971-06-23T00:00:00Z,NA
52708,4930,21095,006669,18703,LENNAR CORP,LEN,526057104,P,01,LC,21095,1971-06-23T00:00:00Z,NA
52716,4107,20913,005639,14805,HILL-ROM HOLDINGS INC,HRC,431475102,P,01,LC,20913,1971-06-28T00:00:00Z,2021-12-31T00:00:00Z
52813,37498,6791,007251,20254,MENTOR GRAPHICS CORP,MENT,587200106,P,01,LC,6791,1984-01-18T00:00:00Z,2017-03-30T00:00:00Z
52898,6619,21397,008542,24338,ESSENTIAL UTILITIES INC,WTRG,29670G102,P,01,LC,21397,1971-07-26T00:00:00Z,NA
52936,56661,7863,017035,20292,MERCURY GENERAL CORP,MCY,589400100,P,01,LC,7863,1988-01-29T00:00:00Z,NA
52936,56661,7863,017035,20292,MERCURY GENERAL CORP,MCY,589400100,C,00X,LC,7863,1988-01-01T00:00:00Z,1988-01-28T00:00:00Z
52978,3997,20887,005518,14399,HASBRO INC,HAS,418056107,P,01,LU,20887,1971-08-11T00:00:00Z,NA
53065,4473,20997,006136,16427,INTERPUBLIC GROUP OF COS,IPG,460690100,P,01,LU,20997,1971-08-23T00:00:00Z,NA
53110,731,20250,001968,3392,BADGER METER INC,BMI,056525108,C,01,LU,20250,1971-08-31T00:00:00Z,NA
53197,5457,2881,007291,20423,METHODE ELECTRONICS INC,MEI,591520200,P,01,LC,2881,1982-09-27T00:00:00Z,NA
53225,8910,21888,011300,33103,GRAHAM HOLDINGS CO,GHC,384637104,P,01,LU,21888,1971-09-15T00:00:00Z,NA
53480,12283,2829,007331,20597,MICROS SYSTEMS INC,MCRS,594901100,P,01,LC,2829,1981-02-13T00:00:00Z,2014-09-08T00:00:00Z
53613,39426,7065,007343,20589,MICRON TECHNOLOGY INC,MU,595112103,P,01,LU,7065,1984-06-01T00:00:00Z,NA
53640,12375,3047,007346,20600,MICROSEMI CORP,MSCC,595137100,P,01,LC,3047,1981-03-27T00:00:00Z,2018-05-29T00:00:00Z
53859,5522,3048,007368,20638,MIDDLESEX WATER CO,MSEX,596680108,P,01,LU,3048,1974-01-31T00:00:00Z,NA
53859,5522,3048,007368,20638,MIDDLESEX WATER CO,MSEX,596680108,C,00X,LU,3048,1974-01-01T00:00:00Z,1974-01-30T00:00:00Z
54084,3297,20869,005442,14219,HALLWOOD GROUP INC,HWG,406364406,P,01,LC,20869,1984-05-31T00:00:00Z,2014-05-30T00:00:00Z
54084,3297,25177,005442,14219,HALLWOOD GROUP INC,HWG,406364406,P,01,LC,20869,1984-05-31T00:00:00Z,2014-05-30T00:00:00Z
54114,5551,2949,007401,20721,MILLERKNOLL INC,MLKN,600544100,P,01,LU,2949,1972-12-14T00:00:00Z,NA
54148,53780,21349,008823,25407,PULTEGROUP INC,PHM,745867101,P,01,LU,21349,1972-02-07T00:00:00Z,NA
54253,5569,2971,007420,20749,MSA SAFETY INC,MSA,553498106,P,01,LU,2971,1972-12-14T00:00:00Z,NA
54594,2,20000,001004,394,AAR CORP,AIR,000361105,P,01,LU,20000,1972-04-24T00:00:00Z,NA
54704,5634,7093,007486,20950,MODINE MANUFACTURING CO,MOD,607828100,P,01,LU,7093,1984-06-19T00:00:00Z,NA
55001,8392,21783,010735,31338,TRINITY INDUSTRIES INC,TRN,896522109,P,01,LU,21783,1972-06-28T00:00:00Z,NA
55029,5666,9480,007525,21017,MONMOUTH RE INVESTMENT CP,MNR.2,609720107,C,01,LC,9480,1987-09-03T00:00:00Z,2022-02-25T00:00:00Z
55029,5666,9480,007525,21017,MONMOUTH RE INVESTMENT CP,MNR.2,609720107,C,00X,LC,9480,1973-10-01T00:00:00Z,1974-04-08T00:00:00Z
55212,7448,20804,005087,28937,SPX TECHNOLOGIES INC,SPXC,78473E103,P,01,LU,21548,1998-10-07T00:00:00Z,NA
55212,7448,21548,005087,28937,SPX TECHNOLOGIES INC,SPXC,78473E103,P,01,LU,21548,1998-10-07T00:00:00Z,NA
55213,5699,3004,007566,26700,RUBY TUESDAY INC,RT,781182100,P,01,LU,3004,1972-12-14T00:00:00Z,2017-12-29T00:00:00Z
55511,6858,21457,008807,25377,TXNM ENERGY INC,TXNM,69349H107,P,01,LU,21457,1972-09-08T00:00:00Z,NA
55597,1183,20345,002448,5229,MATERION CORP,MTRN,576690101,P,01,LC,20345,1972-09-21T00:00:00Z,NA
55678,12441,3091,007632,16352,INTERGROUP CORP,INTG,458685104,P,01,LU,3091,1977-10-31T00:00:00Z,NA
55678,12441,3091,007632,16352,INTERGROUP CORP,INTG,458685104,C,00X,LU,3091,1973-07-01T00:00:00Z,1977-10-30T00:00:00Z
55976,8865,21880,011259,33046,WALMART INC,WMT,931142103,P,01,LU,21880,1972-11-20T00:00:00Z,NA
55993,12142,5253,007685,21497,NAPCO SECURITY TECH INC,NSSC,630402105,P,01,LU,5253,1982-01-29T00:00:00Z,NA
56223,5057,21121,006821,19181,LOUISIANA-PACIFIC CORP,LPX,546347105,P,01,LU,21121,1972-12-29T00:00:00Z,NA
56274,2009,20495,003362,7619,CONAGRA BRANDS INC,CAG,205887102,C,01,LC,20495,1972-12-14T00:00:00Z,NA
56573,4307,20968,005878,15580,ILLINOIS TOOL WORKS,ITW,452308109,P,01,LU,20968,1973-03-13T00:00:00Z,NA
56822,140628,3305,017073,21642,NATIONAL WESTERN LIFE GROUP,NWLI,638517102,P,01,LC,3305,1982-01-29T00:00:00Z,NA
56822,140628,3305,017073,21642,NATIONAL WESTERN LIFE GROUP,NWLI,638517102,C,00X,LC,3305,1982-01-01T00:00:00Z,1982-01-28T00:00:00Z
57007,8129,21718,010390,30201,TEJON RANCH CO,TRC,879080109,C,01,LU,21718,1972-12-14T00:00:00Z,NA
57154,3695,20819,005179,13324,GLATFELTER CORP,GLT,55999Q935,P,01,LC,20819,1972-12-14T00:00:00Z,2024-11-04T00:00:00Z
57330,3494,20767,004911,12549,FRISCH'S RESTAURANTS INC,FRS,358748101,P,01,LU,20767,1972-12-14T00:00:00Z,2015-08-31T00:00:00Z
57568,750,20257,001988,3439,BALL CORP,BALL,058498106,P,01,LU,20257,1972-12-14T00:00:00Z,NA
57665,16861,3194,007906,22209,NIKE INC  -CL B,NKE,654106103,P,01,LU,3194,1980-12-02T00:00:00Z,NA
57808,8822,21869,011191,32774,VISHAY INTERTECHNOLOGY INC,VSH,928298108,P,01,LC,21869,1973-03-06T00:00:00Z,NA
57809,11565,3160,007921,22404,NORDSON CORP,NDSN,655663102,P,01,LU,3160,1979-12-13T00:00:00Z,NA
57817,6068,3217,007922,22406,NORDSTROM INC,JWN,655664100,P,01,LU,3217,1972-12-14T00:00:00Z,NA
57904,346,92,001449,1017,AFLAC INC,AFL,001055102,P,01,LU,92,1973-08-23T00:00:00Z,NA
58246,6160,3275,007982,22509,NORTHERN TRUST CORP,NTRS,665859104,P,01,LU,3275,1972-12-14T00:00:00Z,NA
58318,55952,3302,007991,30442,TEREX CORP,TEX,880779103,C,01,LC,3302,1982-11-01T00:00:00Z,NA
58318,55952,3302,007991,30442,TEREX CORP,TEX,880779103,C,01,LC,3302,1973-11-07T00:00:00Z,1982-07-08T00:00:00Z
58334,6145,3306,007993,22667,NORTHWEST NATURAL HLDNG CO,NWN,66765N105,P,01,LC,3306,1972-12-14T00:00:00Z,NA
58413,2997,20697,004605,11649,FEDERAL REALTY INVESTMENT TR,FRT,313745101,P,01,LC,20697,1975-06-09T00:00:00Z,NA
58421,3487,1824,004903,12533,FRIEDMAN INDUSTRIES INC,FRD,358435105,P,01,LU,1824,1972-12-14T00:00:00Z,NA
58501,5893,3236,007759,13657,GP STRATEGIES CORP,GPX,36225V104,P,01,LU,3236,1972-12-14T00:00:00Z,2021-10-29T00:00:00Z
58683,7750,4181,009882,28696,SOUTHWEST AIRLINES,LUV,844741108,P,01,LU,4181,1972-12-14T00:00:00Z,NA
58771,7027,3840,009016,25944,REGAL REXNORD CORP,RRX,758750103,P,01,LU,3840,1973-10-16T00:00:00Z,NA
58819,54767,4980,011554,1476,ALLIANT ENERGY CORP,LNT,018802108,P,01,LC,4980,1972-12-14T00:00:00Z,NA
58819,54767,4980,011554,33609,ALLIANT ENERGY CORP,LNT,018802108,P,01,LC,4980,1972-12-14T00:00:00Z,NA
58836,1003,579,008060,22092,NEWTEKONE INC,NEWT,652526203,P,01,LU,579,1979-01-31T00:00:00Z,NA
58836,1003,579,008060,22092,NEWTEKONE INC,NEWT,652526203,C,00X,LU,579,1975-01-01T00:00:00Z,1979-01-30T00:00:00Z
58975,11466,3326,008079,22915,OCEANEERING INTERNATIONAL,OII,675232102,P,01,LU,3326,1975-11-03T00:00:00Z,NA
59010,3551,1892,004990,12818,GAP INC,GAP,364760108,P,01,LU,1892,1976-05-20T00:00:00Z,NA
59045,4753,21057,006461,17965,KIRBY CORP,KEX,497266106,P,01,LU,21057,1976-09-13T00:00:00Z,NA
59089,6224,3370,008092,22972,BRISTOW GROUP INC,VTOL,11040G103,P,01,LU,3370,1972-12-14T00:00:00Z,2019-10-31T00:00:00Z
59089,6224,3370,008092,1929148,BRISTOW GROUP INC,VTOL,11040G103,P,01,LU,3370,1972-12-14T00:00:00Z,2019-10-31T00:00:00Z
59089,6224,54299,008092,1929148,BRISTOW GROUP INC,VTOL,11040G103,P,01,LU,3370,1972-12-14T00:00:00Z,2019-10-31T00:00:00Z
59176,345,90,001447,1815,AMERICAN EXPRESS CO,AXP,025816109,C,01,LU,90,1972-12-14T00:00:00Z,NA
59185,6241,3348,008105,23015,OIL DRI CORP AMERICA,ODC,677864100,P,01,LU,3348,1978-05-08T00:00:00Z,NA
59248,2141,33,003505,7847,MOLSON COORS BEVERAGE CO,TAP,60871R209,P,01,LC,33,1975-06-12T00:00:00Z,NA
59256,2228,20538,003622,8307,CROWN CRAFTS INC,CRWS,228309100,P,01,LU,20538,1972-12-14T00:00:00Z,NA
59300,27508,3334,010894,32094,UDR INC,UDR,902653104,P,01,LU,3334,1980-02-11T00:00:00Z,NA
59328,4396,2367,006008,16239,INTEL CORP,INTC,458140100,P,01,LU,2367,1972-12-14T00:00:00Z,NA
59396,6261,3363,014828,23052,OLD REPUBLIC INTL CORP,ORI,680223104,P,01,LU,3363,1980-01-31T00:00:00Z,NA
59396,6261,3363,014828,23052,OLD REPUBLIC INTL CORP,ORI,680223104,C,00X,LU,3363,1980-01-01T00:00:00Z,1980-01-30T00:00:00Z
59408,5771,3151,007647,4504,BANK OF AMERICA CORP,BAC,060505104,P,01,LC,3151,1972-12-14T00:00:00Z,NA
59459,7308,4293,062689,28991,TRAVELERS COS INC,TRV,89417E109,P,05,LC,4293,2004-04-02T00:00:00Z,NA
59459,7308,4293,062689,469152,TRAVELERS COS INC,TRV,89417E109,P,05,LC,4293,2004-04-02T00:00:00Z,NA
59459,7308,31622,062689,28991,TRAVELERS COS INC,TRV,89417E109,P,05,LC,4293,2004-04-02T00:00:00Z,NA
59459,7308,31622,062689,469152,TRAVELERS COS INC,TRV,89417E109,P,05,LC,4293,2004-04-02T00:00:00Z,NA
59459,7308,42932,062689,28991,TRAVELERS COS INC,TRV,89417E109,P,05,LC,4293,2004-04-02T00:00:00Z,NA
59459,7308,42932,062689,469152,TRAVELERS COS INC,TRV,89417E109,P,05,LC,4293,2004-04-02T00:00:00Z,NA
59467,9043,4954,011440,33380,WESTMORELAND COAL CO,WLBAQ,960878106,P,01,LC,4954,1972-12-14T00:00:00Z,2018-03-29T00:00:00Z
59483,9211,5037,011649,33954,YELLOW CORP,YELLQ,985510106,P,01,LC,5037,1972-12-14T00:00:00Z,2023-08-15T00:00:00Z
59600,8431,4604,010777,31540,TWIN DISC INC,TWIN,901476101,P,01,LU,4604,1972-12-14T00:00:00Z,NA
59619,8667,4684,011012,27609,SENSIENT TECHNOLOGIES CORP,SXT,81725T100,P,01,LU,4684,1972-12-14T00:00:00Z,NA
59628,35707,5941,008148,23149,ONE LIBERTY PROPERTIES INC,OLP,682406103,P,01,LU,5941,1983-04-25T00:00:00Z,NA
59774,5081,2736,006845,19308,LYDALL INC,LDL,550819106,C,01,LU,2736,1973-09-07T00:00:00Z,2021-10-29T00:00:00Z
59871,6308,3396,008176,23324,ORBIT INTERNATIONAL CORP,ORBT,685559304,P,01,LC,3396,1979-01-31T00:00:00Z,2014-10-29T00:00:00Z
59871,6308,3396,008176,23324,ORBIT INTERNATIONAL CORP,ORBT,685559304,C,00X,LC,3396,1974-04-01T00:00:00Z,1979-01-30T00:00:00Z
60038,65,370,001104,656,ACME UNITED CORP,ACU,004816104,P,01,LU,370,1972-12-14T00:00:00Z,NA
60097,5384,2850,007228,20186,MEDTRONIC PLC,MDT,G5960L103,P,01,LC,2850,1972-12-14T00:00:00Z,NA
60098,6331,3418,008199,23477,OTTER TAIL CORP,OTTR,689648103,P,01,LU,3418,1972-12-14T00:00:00Z,NA
60186,6345,3321,008213,23505,OWENS & MINOR INC,OMI,690732102,P,01,LU,3321,1973-01-31T00:00:00Z,NA
60206,7646,4162,009778,28335,SNAP-ON INC,SNA,833034101,P,01,LU,4162,1972-12-14T00:00:00Z,NA
60442,16367,3583,008245,24669,PNC FINANCIAL SVCS GROUP INC,PNC,693475105,P,01,LC,3685,1983-01-19T00:00:00Z,NA
60442,16367,3685,008245,24669,PNC FINANCIAL SVCS GROUP INC,PNC,693475105,P,01,LC,3685,1983-01-19T00:00:00Z,NA
60506,6365,3487,008253,23563,PACCAR INC,PCAR,693718108,P,01,LU,3487,1972-12-14T00:00:00Z,NA
60580,8295,4516,010618,30955,TORO CO,TTC,891092108,P,01,LU,4516,1972-12-14T00:00:00Z,NA
60599,1578,20421,002884,6353,LUMEN TECHNOLOGIES INC,LUMN,550241103,P,01,LC,20421,1972-12-14T00:00:00Z,NA
60628,95544,1685,004598,11664,FEDEX CORP,FDX,31428X106,P,01,LU,1685,1978-04-12T00:00:00Z,NA
60687,10917,21372,008431,1822,AMERICAN FINANCIAL GROUP INC,AFG,025932104,P,01,LC,21372,1979-01-31T00:00:00Z,NA
60687,10917,21372,008431,1822,AMERICAN FINANCIAL GROUP INC,AFG,025932104,C,00X,LC,21372,1979-01-01T00:00:00Z,1979-01-30T00:00:00Z
60871,484,282,001632,2145,ANALOG DEVICES INC,ADI,032654105,P,01,LC,282,1972-12-14T00:00:00Z,NA
60898,1089,614,002342,4901,BOWL AMERICA INC  -CL A,BWL.A,102565108,P,01,LU,614,1973-01-31T00:00:00Z,2021-08-31T00:00:00Z
60943,4915,2636,006649,18648,LEGGETT & PLATT INC,LEG,524660107,P,01,LU,2636,1972-12-14T00:00:00Z,NA
60986,6021,3178,007875,22048,NEWELL BRANDS INC,NWL,651229106,P,01,LC,3178,1972-12-14T00:00:00Z,NA
61146,27231,5708,008334,23761,PAR TECHNOLOGY CORP,PAR,698884103,P,01,LU,5708,1982-12-03T00:00:00Z,NA
61188,7758,4342,009890,28702,SOUTHWEST GAS HOLDINGS INC,SWX,844895102,P,01,LU,4342,1972-12-14T00:00:00Z,NA
61209,8361,21776,010692,952336,BREEZE-EASTERN CORP,BZC,106764103,P,01,LU,21776,1973-01-31T00:00:00Z,2015-12-31T00:00:00Z
61241,105,211,001161,881,ADVANCED MICRO DEVICES,AMD,007903107,P,01,LU,211,1972-12-14T00:00:00Z,NA
61269,6447,3588,008350,23824,PARK OHIO HOLDINGS CORP,PKOH,700666100,C,01,LU,3588,1972-12-14T00:00:00Z,NA
61313,2544,1344,004036,9503,DONALDSON CO INC,DCI,257651109,P,01,LU,1344,1972-12-14T00:00:00Z,NA
61399,5067,2709,006829,19193,LOWE'S COS INC,LOW,548661107,P,01,LU,2709,1972-12-14T00:00:00Z,NA
61487,72,59,001121,751,ADAMS RESOURCES & ENERGY INC,AE,006351308,P,01,LU,59,1975-02-07T00:00:00Z,NA
61496,6475,3466,008386,23912,PATRICK INDUSTRIES INC,PATK,703343103,C,00X,LU,3466,1974-04-01T00:00:00Z,1978-01-30T00:00:00Z
61496,6475,3466,008386,23912,PATRICK INDUSTRIES INC,PATK,703343103,P,01,LU,3466,1978-01-31T00:00:00Z,NA
61516,1005,655,002220,4311,BIO-RAD LABORATORIES INC,BIO,090572207,P,01,LC,655,1982-01-29T00:00:00Z,NA
61567,4087,2130,005608,14728,HEXCEL CORP,HXL,428291108,P,01,LU,2130,1972-12-14T00:00:00Z,NA
61621,36808,6333,008402,23945,PAYCHEX INC,PAYX,704326107,P,01,LU,6333,1983-08-26T00:00:00Z,NA
61700,8797,4797,011161,32621,VICON INDUSTRIES INC,VCON,925811200,P,01,LC,4797,1976-06-25T00:00:00Z,2018-07-11T00:00:00Z
61735,11728,20203,003221,2297,AON PLC,AON,G0403H108,P,01,LC,20203,1980-06-02T00:00:00Z,NA
61735,11728,23306,003221,2297,AON PLC,AON,G0403H108,P,01,LC,20203,1980-06-02T00:00:00Z,NA
61743,9917,1285,003863,8991,DELUXE CORP,DLX,248019101,P,01,LU,1285,1972-12-14T00:00:00Z,NA
61807,5683,21219,007549,21072,MOOG INC  -CL A,MOG.A,615394202,P,01,LU,21219,1980-06-12T00:00:00Z,NA
61815,6052,3219,007912,22312,NOBLE ENERGY INC,NBL,655044105,P,01,LC,3219,1972-12-14T00:00:00Z,2020-10-30T00:00:00Z
61946,1022,511,002259,4560,BLACK HILLS CORP,BKH,092113109,P,01,LC,511,1972-12-14T00:00:00Z,NA
62033,6975,3781,008958,25801,RAVEN INDUSTRIES INC,RAVN,754212108,P,01,LU,3781,1972-12-14T00:00:00Z,2021-11-30T00:00:00Z
62092,8216,4557,010530,30616,THERMO FISHER SCIENTIFIC INC,TMO,883556102,P,01,LC,4557,1972-12-14T00:00:00Z,NA
62148,12100,20370,002574,8383,CSX CORP,CSX,126408103,P,01,LC,20370,1980-11-13T00:00:00Z,NA
62148,12100,23143,002574,8383,CSX CORP,CSX,126408103,P,01,LC,20370,1980-11-13T00:00:00Z,NA
62156,12175,20378,020791,5749,BLACKSTONE MORTGAGE TR INC,BXMT,09257W100,P,01,LC,20378,1990-03-30T00:00:00Z,NA
62228,11807,1686,004900,12515,FREQUENCY ELECTRONICS INC,FEIM,358010106,P,01,LC,1686,1980-06-30T00:00:00Z,NA
62308,12146,21764,010614,30937,GLOBE LIFE INC,GL,37959E102,P,01,LC,21764,1972-12-14T00:00:00Z,NA
62341,6603,3526,008512,24266,PDC ENERGY INC,PDCE,69327R101,P,01,LU,3526,1978-01-31T00:00:00Z,2023-08-31T00:00:00Z
62367,6762,3641,005149,13213,GETTY REALTY CORP,GTY,374297109,P,01,LU,3641,1973-01-31T00:00:00Z,NA
62368,6604,3548,008515,895413,PHI GRP INC,PHIG,69360B104,J,02,LC,3548,1982-01-29T00:00:00Z,2019-03-25T00:00:00Z
62498,8979,4998,011376,33314,WEST PHARMACEUTICAL SVSC INC,WST,955306105,P,01,LU,4998,1972-12-14T00:00:00Z,NA
63079,12060,5036,011644,17854,KEY ENERGY SERVICES INC,KEGX,49309J202,C,03,LC,5036,2016-12-16T00:00:00Z,2019-11-27T00:00:00Z
63079,12060,5036,011644,17854,KEY ENERGY SERVICES INC,KEGX,49309J202,P,01,LC,5036,1980-10-16T00:00:00Z,2016-07-27T00:00:00Z
63125,6676,3580,008599,491487,AGILYSYS INC,AGYS,00847J105,P,01,LU,3580,1972-12-14T00:00:00Z,NA
63132,2599,1418,004091,9716,DUCOMMUN INC,DCO,264147109,P,01,LU,1418,1972-12-14T00:00:00Z,NA
63159,12730,1588,004156,29627,SUPREME INDUSTRIES INC,STS,868607102,P,01,LU,1588,1981-05-29T00:00:00Z,2017-09-29T00:00:00Z
63335,13296,4202,009835,24502,PIONEER ENERGY SERVICES CORP,PESXQ,723664108,C,01,LC,4202,1981-02-04T00:00:00Z,2019-08-13T00:00:00Z
63467,6718,3624,015417,5204,BROWN & BROWN INC,BRO,115236101,P,01,LU,3624,1984-01-31T00:00:00Z,NA
63467,6718,3624,015417,5204,BROWN & BROWN INC,BRO,115236101,C,00X,LU,3624,1984-01-01T00:00:00Z,1984-01-30T00:00:00Z
63714,12924,3379,008133,23111,OMNICARE INC,OCR,681904108,P,01,LC,3379,1981-07-16T00:00:00Z,2015-08-17T00:00:00Z
63715,11579,3642,008699,24848,POWELL INDUSTRIES INC,POWL,739128106,P,01,LU,3642,1977-01-31T00:00:00Z,NA
63715,11579,3642,008699,24848,POWELL INDUSTRIES INC,POWL,739128106,C,00X,LU,3642,1976-11-01T00:00:00Z,1977-01-30T00:00:00Z
63765,569,4338,009904,29260,SOUTHWESTERN ENERGY CO,SWN,845467109,P,01,LU,4338,1973-01-31T00:00:00Z,NA
63765,569,4338,009904,29260,SOUTHWESTERN ENERGY CO,SWN,845467109,C,00X,LU,4338,1973-01-01T00:00:00Z,1973-01-30T00:00:00Z
63773,8147,5230,010411,30302,TELEPHONE & DATA SYSTEMS INC,TDS,879433829,P,01,LC,5230,1981-12-15T00:00:00Z,NA
63781,48237,4691,010877,31818,UNIT CORP,UNTC,909218406,P,01,LC,4691,1979-04-06T00:00:00Z,2020-05-22T00:00:00Z
63829,8966,4897,011361,33268,AG&E HOLDINGS INC,AGNUQ,00108M102,P,01,LC,4897,1972-12-14T00:00:00Z,2016-12-08T00:00:00Z
63829,8966,4897,011361,2657390,AG&E HOLDINGS INC,AGNUQ,00108M102,P,01,LC,4897,1972-12-14T00:00:00Z,2016-12-08T00:00:00Z
63830,6772,3499,008717,24926,PRECISION CASTPARTS CORP,PCP,740189105,P,01,LC,3499,1973-01-31T00:00:00Z,2016-01-29T00:00:00Z
64020,1297,2728,006831,19244,LUBYS INC,LUB,549282101,P,01,LU,2728,1973-03-30T00:00:00Z,2022-05-31T00:00:00Z
64186,16714,857,002547,6837,CIGNA GROUP (THE),CI,125523100,P,01,LC,20357,1982-04-20T00:00:00Z,NA
64186,16714,20357,002547,6837,CIGNA GROUP (THE),CI,125523100,P,01,LC,20357,1982-04-20T00:00:00Z,NA
64194,1635,20435,002960,6573,CHEMED CORP,CHE,16359R103,P,01,LU,20435,1972-12-14T00:00:00Z,NA
64282,4980,2664,006733,18892,BATH & BODY WORKS INC,BBWI,070830104,C,01,LC,2664,1973-02-09T00:00:00Z,NA
64311,17583,21294,007923,22412,NORFOLK SOUTHERN CORP,NSC,655844108,P,01,LC,21294,1982-06-25T00:00:00Z,NA
64311,17583,22446,007923,22412,NORFOLK SOUTHERN CORP,NSC,655844108,P,01,LC,21294,1982-06-25T00:00:00Z,NA
64390,6825,3682,013341,25199,PROGRESSIVE CORP-OHIO,PGR,743315103,P,01,LU,3682,1979-01-31T00:00:00Z,NA
64390,6825,3682,013341,25199,PROGRESSIVE CORP-OHIO,PGR,743315103,C,00X,LU,3682,1979-01-01T00:00:00Z,1979-01-30T00:00:00Z
64450,5988,3200,007849,21989,NEW JERSEY RESOURCES CORP,NJR,646025106,P,01,LU,3200,1972-12-14T00:00:00Z,NA
64557,1537,5140,002859,7053,CLECO CORP,CNL.1,12561W105,C,01,LC,5140,1981-11-02T00:00:00Z,2016-04-13T00:00:00Z
64557,1537,5140,002859,2442684,CLECO CORP,CNL.1,12561W105,C,01,LC,5140,1981-11-02T00:00:00Z,2016-04-13T00:00:00Z
64629,13238,21175,007152,19941,MCDERMOTT INTL INC,MDRIQ,580037703,P,01,LC,21175,1983-03-16T00:00:00Z,2020-06-30T00:00:00Z
64629,13238,23414,007152,19941,MCDERMOTT INTL INC,MDRIQ,580037703,P,01,LC,21175,1983-03-16T00:00:00Z,2020-06-30T00:00:00Z
64653,12114,4289,010096,25380,PUBLIC STORAGE,PSA,74460D109,P,01,LC,4289,1981-01-30T00:00:00Z,NA
64653,12114,4289,010096,25380,PUBLIC STORAGE,PSA,74460D109,C,00X,LC,4289,1981-01-01T00:00:00Z,1981-01-29T00:00:00Z
64742,10924,3500,008826,25422,PURE CYCLE CORP,PCYO,746228303,C,01,LU,3500,1979-01-31T00:00:00Z,NA
64785,13419,5130,008832,577415,ARGAN INC,AGX,04010E109,C,01,LC,5130,1981-09-25T00:00:00Z,NA
64929,6887,3741,008850,25523,QUAKER HOUGHTON,KWR,747316107,P,01,LU,3741,1972-12-14T00:00:00Z,NA
64936,99014,20592,004029,9491,DOMINION ENERGY INC,D,25746U109,P,01,LC,20592,1983-06-02T00:00:00Z,NA
64961,27233,5703,008858,25539,NEXTGEN HEALTHCARE INC,NXGN,65343C102,P,01,LC,5703,1982-12-01T00:00:00Z,2023-11-30T00:00:00Z
64995,7652,2535,009783,17862,KEYCORP,KEY,493267108,C,01,LC,2535,1994-03-02T00:00:00Z,NA
64995,7652,4183,009783,17862,KEYCORP,KEY,493267108,C,01,LC,2535,1994-03-02T00:00:00Z,NA
65008,36972,6244,008864,2123,AMTECH SYSTEMS INC,ASYS,032332504,P,01,LU,6244,1983-08-02T00:00:00Z,NA
65154,86686,20310,002271,4631,BLOUNT INTL INC,BLT,095180105,C,01,LC,20310,1983-07-18T00:00:00Z,2016-04-29T00:00:00Z
65154,86686,20310,002271,2441969,BLOUNT INTL INC,BLT,095180105,C,01,LC,20310,1983-07-18T00:00:00Z,2016-04-29T00:00:00Z
65270,22361,5660,008892,25828,RCM TECHNOLOGIES INC,RCMT,749360400,P,01,LU,5660,1982-10-26T00:00:00Z,NA
65294,6921,3860,013342,26342,RLI CORP,RLI,749607107,P,01,LU,3860,1977-01-31T00:00:00Z,NA
65294,6921,3860,013342,26342,RLI CORP,RLI,749607107,C,00X,LU,3860,1977-01-01T00:00:00Z,1977-01-30T00:00:00Z
65306,35738,6051,010840,31727,UNIFIRST CORP,UNF,904708104,P,01,LU,6051,1983-06-07T00:00:00Z,NA
65307,6923,3911,008902,26668,RPM INTERNATIONAL INC,RPM,749685103,P,01,LU,3911,1972-12-14T00:00:00Z,NA
65330,36533,21092,006653,18646,LEGG MASON INC,LM,524901105,P,01,LU,21092,1983-08-01T00:00:00Z,2020-07-31T00:00:00Z
65365,5764,3102,007636,21423,MYERS INDUSTRIES INC,MYE,628464109,P,01,LU,3102,1972-12-14T00:00:00Z,NA
65402,7638,21625,009771,28304,SMITH (A.O.),AOS,831865209,P,02,LC,21625,1989-01-01T00:00:00Z,NA
65402,7638,21625,009771,28304,SMITH (A.O.),AOS,831865209,N,02,LC,21625,1983-09-30T00:00:00Z,1988-12-31T00:00:00Z
65541,30823,5780,003504,7836,COOPER COS INC (THE),COO,216648501,P,01,LC,5780,1983-01-21T00:00:00Z,NA
65665,6957,3771,019605,25745,RAND CAPITAL CORP,RAND,752185207,P,01,LU,3771,1982-01-29T00:00:00Z,NA
65665,6957,3771,019605,25745,RAND CAPITAL CORP,RAND,752185207,C,00X,LU,3771,1982-01-01T00:00:00Z,1982-01-28T00:00:00Z
65752,12087,4402,010353,30087,TEAM INC,TISI,878155308,P,01,LU,4402,1980-10-07T00:00:00Z,NA
65875,36979,20288,002136,32507,VERIZON COMMUNICATIONS INC,VZ,92343V104,P,01,LC,20288,1983-11-30T00:00:00Z,NA
65947,4030,2105,005543,14484,WELLTOWER INC,WELL,95040Q104,P,01,LC,2105,1978-02-17T00:00:00Z,NA
66050,38063,21538,009289,26718,KID BRANDS INC,KIDBQ,49375T100,C,01,LC,21538,1984-03-29T00:00:00Z,NA
66093,37426,21645,009899,27163,AT&T INC,T,00206R102,P,01,LC,21645,1984-02-16T00:00:00Z,NA
66157,3089,1645,004723,31946,US BANCORP,USB,902973304,P,01,LC,1645,2001-02-27T00:00:00Z,NA
66157,3089,1788,004723,31946,US BANCORP,USB,902973304,P,01,LC,1645,2001-02-27T00:00:00Z,NA
66181,13391,5085,005680,14982,HOME DEPOT INC,HD,437076102,P,01,LC,5085,1981-09-22T00:00:00Z,NA
66325,7965,6412,020430,28243,SLM CORP,SLM,78442P106,P,01,LC,6412,2014-05-30T00:00:00Z,NA
66325,7965,6412,010121,2065334,NAVIENT CORP,NAVI,63938C108,P,04,LC,6412,1992-07-24T00:00:00Z,2014-04-30T00:00:00Z
66325,7965,6412,010121,2065334,NAVIENT CORP,NAVI,63938C108,J,01,LC,6412,1992-07-01T00:00:00Z,1992-07-23T00:00:00Z
66325,7965,6412,010121,2065334,NAVIENT CORP,NAVI,63938C108,P,01,LC,6412,1983-10-31T00:00:00Z,1992-06-30T00:00:00Z
66325,7965,6412,010121,2065334,NAVIENT CORP,NAVI,63938C108,J,02,LC,6412,1983-10-01T00:00:00Z,1983-10-30T00:00:00Z
66325,7965,6412,010121,2065334,NAVIENT CORP,NAVI,63938C108,P,02,LC,6412,1983-09-23T00:00:00Z,1983-09-30T00:00:00Z
66325,7965,54824,010121,2065334,NAVIENT CORP,NAVI,63938C108,P,04,LC,6412,1992-07-24T00:00:00Z,2014-04-30T00:00:00Z
66325,7965,54824,010121,2065334,NAVIENT CORP,NAVI,63938C108,J,01,LC,6412,1992-07-01T00:00:00Z,1992-07-23T00:00:00Z
66325,7965,54824,010121,2065334,NAVIENT CORP,NAVI,63938C108,P,01,LC,6412,1983-10-31T00:00:00Z,1992-06-30T00:00:00Z
66325,7965,54824,010121,2065334,NAVIENT CORP,NAVI,63938C108,J,02,LC,6412,1983-10-01T00:00:00Z,1983-10-30T00:00:00Z
66325,7965,54824,010121,2065334,NAVIENT CORP,NAVI,63938C108,P,02,LC,6412,1983-09-23T00:00:00Z,1983-09-30T00:00:00Z
66376,8922,21893,011313,33143,WATSCO INC,WSO,942622200,P,02,LU,21893,1993-09-01T00:00:00Z,NA
66376,8922,21893,011313,33143,WATSCO INC,WSO,942622200,N,02,LU,21893,1984-06-18T00:00:00Z,1993-08-31T00:00:00Z
66384,9004,4879,011399,33382,WESTERN DIGITAL CORP,WDC,958102105,P,01,LC,4879,1978-11-30T00:00:00Z,NA
66384,9004,4879,011399,33382,WESTERN DIGITAL CORP,WDC,958102105,C,00X,LC,4879,1977-07-01T00:00:00Z,1978-11-29T00:00:00Z
66683,39804,21482,008901,26667,RPC INC,RES,749660106,P,01,LU,21482,1984-07-02T00:00:00Z,NA
66800,372,137,001487,1856,AMERICAN INTERNATIONAL GROUP,AIG,026874784,P,01,LC,137,1972-12-14T00:00:00Z,NA
66852,37057,6533,009125,26243,RICHARDSON ELECTRONICS LTD,RELL,763165107,P,01,LU,6533,1983-10-28T00:00:00Z,NA
67029,11007,3333,008087,17126,ITERIS INC,ITI,46564T107,P,02,LC,3333,2004-12-09T00:00:00Z,NA
67029,11007,3333,008087,17126,ITERIS INC,ITI,46564T107,P,02,LC,3333,1991-10-01T00:00:00Z,2003-07-23T00:00:00Z
67029,11007,3333,008087,17126,ITERIS INC,ITI,46564T107,J,02,LC,3333,1984-11-07T00:00:00Z,1991-09-30T00:00:00Z
67360,41159,21835,010999,31833,UNITIL CORP,UTL,913259107,P,01,LU,21835,1985-03-07T00:00:00Z,NA
67467,37946,20505,012123,4262,BIG LOTS INC,BIGGQ,089302103,P,01,LU,20505,1985-06-20T00:00:00Z,NA
67598,42573,20891,013125,14483,HEALTHPEAK PROPERTIES INC,DOC,42250P103,P,01,LC,20891,1986-01-31T00:00:00Z,NA
67598,42573,20891,013125,14483,HEALTHPEAK PROPERTIES INC,DOC,42250P103,C,00X,LC,20891,1986-01-01T00:00:00Z,1986-01-30T00:00:00Z
67838,1780,20362,002556,8379,CSS INDUSTRIES INC,CSS,125906107,P,01,LU,20362,1985-09-30T00:00:00Z,2020-03-31T00:00:00Z
67847,13106,3914,009273,26634,ROYAL GOLD INC,RGLD,780287108,P,01,LC,3914,1982-01-29T00:00:00Z,NA
68021,44046,21114,013142,5771,CAPSTEAD MORTGAGE CORP,CMO,14067E506,P,01,LU,21114,1986-01-31T00:00:00Z,2021-10-29T00:00:00Z
68021,44046,21114,013142,5771,CAPSTEAD MORTGAGE CORP,CMO,14067E506,C,00X,LU,21114,1986-01-01T00:00:00Z,1986-01-30T00:00:00Z
68144,41158,4165,010187,29586,SUNTRUST BANKS INC,STI.1,867914103,P,01,LC,21691,1985-07-01T00:00:00Z,2019-12-31T00:00:00Z
68144,41158,21691,010187,29586,SUNTRUST BANKS INC,STI.1,867914103,P,01,LC,21691,1985-07-01T00:00:00Z,2019-12-31T00:00:00Z
68187,55090,21899,011340,33240,WEINGARTEN REALTY INVST,WRI,948741103,P,01,LU,21899,1985-08-16T00:00:00Z,2021-08-31T00:00:00Z
68196,13500,4040,009317,27515,SEI INVESTMENTS CO,SEIC,784117103,P,01,LU,4040,1981-03-25T00:00:00Z,NA
68276,105652,4217,009330,28863,PROVECTUS BIOPHARMACEUTICALS,PVCT,74373P108,C,01,LC,4217,2014-05-16T00:00:00Z,2016-10-13T00:00:00Z
68276,105652,4217,009330,28863,PROVECTUS BIOPHARMACEUTICALS,PVCT,74373P108,C,01,LC,4217,1980-10-13T00:00:00Z,1982-11-07T00:00:00Z
68276,105652,4217,009330,2068654,PROVECTUS BIOPHARMACEUTICALS,PVCT,74373P108,C,01,LC,4217,2014-05-16T00:00:00Z,2016-10-13T00:00:00Z
68276,105652,4217,009330,2068654,PROVECTUS BIOPHARMACEUTICALS,PVCT,74373P108,C,01,LC,4217,1980-10-13T00:00:00Z,1982-11-07T00:00:00Z
68292,9813,4234,017115,27549,SELECTIVE INS GROUP INC,SIGI,816300107,C,01,LU,4234,1987-01-30T00:00:00Z,NA
68292,9813,4234,017115,27549,SELECTIVE INS GROUP INC,SIGI,816300107,C,00X,LU,4234,1987-01-01T00:00:00Z,1987-01-29T00:00:00Z
68320,1701,902,003031,6785,CHYRONHEGO CORP,CHYR,171607104,P,01,LC,902,1979-01-31T00:00:00Z,2001-05-28T00:00:00Z
68320,1701,902,003031,6785,CHYRONHEGO CORP,CHYR,171607104,P,01,LC,902,2007-10-03T00:00:00Z,2015-03-31T00:00:00Z
68320,1701,902,003031,2225139,CHYRONHEGO CORP,CHYR,171607104,P,01,LC,902,1979-01-31T00:00:00Z,2001-05-28T00:00:00Z
68320,1701,902,003031,2225139,CHYRONHEGO CORP,CHYR,171607104,P,01,LC,902,2007-10-03T00:00:00Z,2015-03-31T00:00:00Z
68419,44988,20707,011729,33445,WHITE MTNS INS GROUP LTD,WTM,G9618E107,P,01,LC,20707,1985-10-23T00:00:00Z,NA
68718,23493,6675,010598,30841,TOFUTTI BRANDS INC,TOFB,88906B105,P,01,LC,6675,1984-01-31T00:00:00Z,2016-10-21T00:00:00Z
68830,39321,7135,001864,26170,REX AMERICAN RESOURCES CORP,REX,761624105,P,01,LU,7135,1984-07-17T00:00:00Z,NA
68857,94444,20373,012485,5460,ALTICE USA INC,ATUS,02156K103,P,01,LC,20373,1986-01-17T00:00:00Z,2016-06-21T00:00:00Z
68857,94444,55965,012485,2671876,ALTICE USA INC,ATUS,02156K103,P,01,LC,20373,1986-01-17T00:00:00Z,2016-06-21T00:00:00Z
69032,76006,21224,012124,21105,MORGAN STANLEY,MS,617446448,P,01,LC,21224,1986-03-21T00:00:00Z,NA
69550,5735,3104,007637,3299324,VIATRIS INC,VTRS,92556V106,P,01,LC,3104,1973-02-23T00:00:00Z,2020-11-16T00:00:00Z
69550,5735,57529,007637,3299324,VIATRIS INC,VTRS,92556V106,P,01,LC,3104,1973-02-23T00:00:00Z,2020-11-16T00:00:00Z
69586,37899,6827,017184,27403,SEACOAST BANKING CORP/FL,SBCF,811707801,P,01,LC,6827,1984-02-02T00:00:00Z,NA
69649,36579,6137,008898,25808,RAYMOND JAMES FINANCIAL INC,RJF,754730109,P,01,LU,6137,1983-07-01T00:00:00Z,NA
69796,1402,1015,002710,7753,CONSTELLATION BRANDS,STZ,21036P108,P,02,LC,1015,1993-09-01T00:00:00Z,NA
69796,1402,1015,002710,7753,CONSTELLATION BRANDS,STZ,21036P108,J,02,LC,1015,1986-07-14T00:00:00Z,1993-08-31T00:00:00Z
69892,2462,20580,015037,13520,GOLDCORP INC,GG,380956409,P,01,LC,20580,1994-04-29T00:00:00Z,2019-04-30T00:00:00Z
70033,35618,20881,012389,14337,HARLEY-DAVIDSON INC,HOG,412822108,P,01,LU,20881,1986-07-08T00:00:00Z,NA
70092,47489,21037,012689,17745,KB HOME,KBH,48666K109,P,01,LU,21037,1986-08-01T00:00:00Z,NA
70121,47824,21107,013562,5006,BRANDYWINE REALTY TRUST,BDN,105368203,P,01,LU,21107,1986-07-23T00:00:00Z,NA
70228,47405,8372,012395,30867,TOLL BROTHERS INC,TOL,889478103,P,01,LU,8372,1986-07-08T00:00:00Z,NA
70308,49601,20033,012950,1185,AIRGAS INC,ARG,009363102,P,01,LU,20033,1986-12-19T00:00:00Z,2016-05-20T00:00:00Z
70332,10638,20194,011923,2138,ANADARKO PETROLEUM CORP,APC,032511107,P,01,LU,20194,1986-10-02T00:00:00Z,2019-08-30T00:00:00Z
70420,49603,20346,013526,5272,BUCKEYE PARTNERS LP,BPL,118230101,P,01,LU,20346,1986-12-16T00:00:00Z,2019-10-31T00:00:00Z
70519,55182,20483,003243,6930,CITIGROUP INC,C,172967424,P,01,LC,20483,1986-10-29T00:00:00Z,NA
70578,2700,1467,004213,10036,ECOLAB INC,ECL,278865100,P,01,LU,1467,1972-12-14T00:00:00Z,NA
70703,49605,20894,013579,15148,EQUITY COMMONWEALTH,EQC,294628102,P,01,LC,20894,1986-12-17T00:00:00Z,NA
70704,11769,4246,009728,1670206,MCEWEN MINING INC,MUX,58039P305,P,02,LC,4246,2006-12-11T00:00:00Z,NA
70704,11769,4246,009728,1670206,MCEWEN MINING INC,MUX,58039P305,P,02,LC,4246,1980-05-07T00:00:00Z,1998-09-24T00:00:00Z
71175,48912,21798,012726,31897,UNUM GROUP,UNM,91529Y106,P,01,LU,21798,1986-12-31T00:00:00Z,NA
71175,48912,21798,012726,31898,UNUM GROUP,UNM,91529Y106,P,01,LU,21798,1986-12-31T00:00:00Z,NA
71176,7674,4196,009815,28581,SONOCO PRODUCTS CO,SON,835495102,P,01,LU,4196,1972-12-14T00:00:00Z,NA
71271,50556,20043,001274,1413,ALLEGHANY CORP,Y,017175100,P,01,LC,20043,1987-01-30T00:00:00Z,2022-10-31T00:00:00Z
71271,50556,22775,001274,1413,ALLEGHANY CORP,Y,017175100,P,01,LC,20043,1987-01-30T00:00:00Z,2022-10-31T00:00:00Z
71298,36538,20065,002055,3618,BARRICK GOLD CORP,GOLD,067901108,P,01,LU,20065,1985-02-01T00:00:00Z,NA
71475,7710,4350,009849,1938,AMERICAN STATES WATER CO,AWR,029899101,P,01,LU,4350,1975-01-31T00:00:00Z,NA
71475,7710,4350,009849,1938,AMERICAN STATES WATER CO,AWR,029899101,C,00X,LU,4350,1974-01-01T00:00:00Z,1975-01-30T00:00:00Z
71563,7722,4163,011856,3718,TRUIST FINANCIAL CORP,TFC,89832Q109,P,01,LC,4163,1982-01-29T00:00:00Z,NA
71563,7722,4163,011856,3718,TRUIST FINANCIAL CORP,TFC,89832Q109,C,00X,LC,4163,1982-01-01T00:00:00Z,1982-01-28T00:00:00Z
71942,35866,6054,009916,28729,SPAN-AMERICA MEDICAL SYS INC,SPAN,846396109,P,01,LU,6054,1983-06-08T00:00:00Z,2017-06-30T00:00:00Z
71985,39862,7064,009919,28773,THE SHYFT GROUP INC,SHYF,825698103,P,01,LC,7064,1984-06-19T00:00:00Z,NA
72611,48712,4262,008073,22905,OCEAN BIO-CHEM INC,OBCI,674631106,P,01,LU,4262,1981-03-27T00:00:00Z,2022-08-31T00:00:00Z
72696,49763,21659,010002,29052,CALATLANTIC GROUP INC,CAA,128195104,P,02,LC,21659,1987-01-30T00:00:00Z,2018-02-28T00:00:00Z
72696,49763,25081,010002,29052,CALATLANTIC GROUP INC,CAA,128195104,P,02,LC,21659,1987-01-30T00:00:00Z,2018-02-28T00:00:00Z
72726,7890,4260,010035,29131,STATE STREET CORP,STT,857477103,C,01,LU,4260,1972-12-14T00:00:00Z,NA
72864,49754,21839,013580,31866,UNIVERSAL HEALTH RLTY INCOME,UHT,91359E105,P,01,LU,21839,1987-01-20T00:00:00Z,NA
72980,7931,4120,010086,29233,STEWART INFORMATION SERVICES,STC,860372101,P,01,LU,4120,1972-12-14T00:00:00Z,NA
72996,36685,6185,011770,29263,STIFEL FINANCIAL CORP,SF,860630102,P,01,LC,6185,1983-07-19T00:00:00Z,NA
73139,11092,4298,010115,29405,STRYKER CORP,SYK,863667101,P,01,LU,4298,1979-05-02T00:00:00Z,NA
73219,7966,4295,010124,29416,STURM RUGER & CO INC,RGR,864159108,P,01,LU,4295,1972-12-14T00:00:00Z,NA
74406,8083,4538,010297,31238,TRC COS INC,TRR,872625108,P,01,LU,4538,1979-01-31T00:00:00Z,2017-06-30T00:00:00Z
74500,10482,4456,010305,31438,TSR INC,TSRI,872885207,P,01,LC,4456,1978-04-26T00:00:00Z,NA
74740,12106,4381,010349,30032,TAYLOR DEVICES INC,TAYD,877163105,P,01,LU,4381,1980-11-20T00:00:00Z,NA
74932,8125,4409,010386,30185,TECUMSEH PRODUCTS CO,TECU,878895309,P,02,LC,4409,2014-05-02T00:00:00Z,2015-09-30T00:00:00Z
74932,8125,4409,010386,30185,TECUMSEH PRODUCTS CO,TECU,878895309,J,01,LC,4409,1993-08-01T00:00:00Z,2014-05-01T00:00:00Z
74932,8125,4409,010386,30185,TECUMSEH PRODUCTS CO,TECU,878895309,P,01,LC,4409,1972-12-14T00:00:00Z,1993-07-31T00:00:00Z
75033,51804,20232,013354,3017,VOXX INTERNATIONAL CORP,VOXX,91829F104,P,01,LU,20232,1987-05-29T00:00:00Z,NA
75041,51134,20409,013710,424005,SIX FLAGS ENTERTAINMENT CORP,FUN,83001C108,P,01,LC,20409,1987-04-23T00:00:00Z,2024-07-01T00:00:00Z
75070,48423,8526,012471,33699,WORLD KINECT CORP,WKC,981475106,P,01,LU,8526,1986-08-28T00:00:00Z,NA
75100,8250,21753,013646,30723,TIFFANY & CO,TIF,886547108,P,01,LU,21753,1987-05-05T00:00:00Z,2021-01-07T00:00:00Z
75107,52493,20018,013619,481,ABIOMED INC,ABMD,003654100,P,01,LU,20018,1987-07-29T00:00:00Z,2022-12-30T00:00:00Z
75113,52237,20097,013709,1912,ICAHN ENTERPRISES LP,IEP,451100101,P,01,LU,20097,1987-07-23T00:00:00Z,NA
75154,52460,20394,013498,5867,CARNIVAL CORPORATION & PLC,CCL,143658300,P,01,LC,20394,1987-07-24T00:00:00Z,NA
75175,51808,21128,013561,19919,MBIA INC,MBI,55262C100,P,01,LU,21128,1987-07-01T00:00:00Z,NA
75182,52945,21425,014311,24706,POLARIS INC,PII,731068102,P,01,LU,21425,1987-09-16T00:00:00Z,NA
75186,53034,21578,013988,27292,SCHWAB (CHARLES) CORP,SCHW,808513105,P,01,LC,21578,1987-09-22T00:00:00Z,NA
75224,3964,8741,012788,14342,HARMAN INTERNATIONAL INDS,HAR,413086109,P,01,LU,8741,1986-11-14T00:00:00Z,2017-03-31T00:00:00Z
75241,91762,21366,014359,24506,PIONEER NATURAL RESOURCES CO,PXD,723787107,P,02,LU,21366,1987-12-22T00:00:00Z,NA
75261,53033,21174,014163,19938,MCCLATCHY CO  -CL A,MNIQQ,579489303,P,01,LC,21174,1988-02-05T00:00:00Z,2020-10-05T00:00:00Z
75278,54841,20048,014592,566638,ALLIANCEBERNSTEIN HOLDING LP,AB,01881G106,P,01,LU,20048,1988-04-14T00:00:00Z,NA
75285,66234,20312,014370,19589,MANPOWERGROUP,MAN,56418H100,P,01,LC,20312,1991-05-03T00:00:00Z,NA
75285,66234,57197,014370,19589,MANPOWERGROUP,MAN,56418H100,P,01,LC,20312,1991-05-03T00:00:00Z,NA
75316,55386,21635,014412,28619,SOTHEBY'S,BID,835898107,P,01,LU,21635,1988-05-13T00:00:00Z,2019-10-31T00:00:00Z
75320,55199,21826,014369,32154,US CELLULAR CORP,USM,911684108,P,01,LU,21826,1988-05-04T00:00:00Z,NA
75341,45386,20609,013510,9730,DUKE REALTY CORP,DRE,264411505,P,01,LU,20609,1988-08-31T00:00:00Z,2022-10-31T00:00:00Z
75342,56099,20642,014790,20330,MERITAGE HOMES CORP,MTH,59001A102,P,01,LU,20642,1988-07-21T00:00:00Z,NA
75416,57312,21995,015111,25730,RPT REALTY,RPT.1,74971D101,P,01,LC,21995,1988-12-28T00:00:00Z,2024-01-31T00:00:00Z
75432,43729,10065,015092,6144,CEC ENTERTAINMENT INC,9614B,12599M939,P,01,LC,10065,1989-01-03T00:00:00Z,2014-02-13T00:00:00Z
75432,43729,10065,015092,2045124,CEC ENTERTAINMENT INC,9614B,12599M939,P,01,LC,10065,1989-01-03T00:00:00Z,2014-02-13T00:00:00Z
75460,8162,4375,010441,30419,TENNANT CO,TNC,880345103,P,01,LU,4375,1972-12-14T00:00:00Z,NA
75470,48028,9375,013570,20636,MIDDLEBY CORP,MIDD,596278101,P,01,LU,9375,1987-08-31T00:00:00Z,NA
75489,58645,10171,015521,29069,STAPLES INC,SPLS,855030102,P,01,LC,10171,1989-04-28T00:00:00Z,2017-09-12T00:00:00Z
75509,26307,8451,017136,29456,SUFFOLK BANCORP,SCNB,864739107,P,01,LU,8451,1986-08-01T00:00:00Z,2017-03-31T00:00:00Z
75510,48067,8476,012540,808,ADOBE INC,ADBE,00724F101,P,01,LC,8476,1986-08-13T00:00:00Z,NA
75517,48817,8600,012625,19722,MARTEN TRANSPORT LTD,MRTN,573075108,P,01,LU,8600,1986-09-25T00:00:00Z,NA
75573,55498,9798,014624,22965,ODP CORP,ODP,88337F105,P,01,LC,9798,1988-06-01T00:00:00Z,NA
75578,58721,9868,014563,20276,MERCER INTL INC,MERC,588056101,P,02,LC,9868,1988-07-19T00:00:00Z,NA
75591,58989,22075,015267,15484,IDEX CORP,IEX,45167R104,P,01,LU,22075,1989-06-02T00:00:00Z,NA
75596,47326,22080,012581,19445,MAGNETEK INC,MAG.3,559424403,P,01,LC,22080,1989-06-13T00:00:00Z,2015-09-30T00:00:00Z
75603,59036,10210,016401,6905,CIRRUS LOGIC INC,CRUS,172755100,P,01,LU,10210,1989-06-09T00:00:00Z,NA
75607,59152,10224,015855,29774,GEN DIGITAL INC,GEN,668771108,P,01,LC,10224,1989-06-23T00:00:00Z,NA
75646,59127,22092,015708,1426,ALLERGAN INC,AGN.2,018490102,P,01,LC,22092,1989-07-27T00:00:00Z,2015-03-31T00:00:00Z
75649,58002,22095,015459,31244,TREDEGAR CORP,TG,894650100,P,01,LU,22095,1989-07-25T00:00:00Z,NA
75654,59400,10256,016188,7251,COGNEX CORP,CGNX,192422103,P,01,LU,10256,1989-07-20T00:00:00Z,NA
75694,60464,10107,015414,30123,BIO-TECHNE CORP,TECH,09073M104,P,01,LC,10107,1989-02-09T00:00:00Z,NA
75714,54285,10127,018549,13109,CLEARONE INC,CLRO,18506U104,C,01,LU,10127,1989-03-03T00:00:00Z,NA
75819,60326,10302,017239,17925,KINDRED HEALTHCARE INC,KND,494580103,P,01,LC,10302,1989-09-19T00:00:00Z,1998-04-30T00:00:00Z
75819,60326,10302,110179,32450,VENTAS INC,VTR,92276F100,P,01,LC,10302,1998-05-29T00:00:00Z,NA
75819,60326,34766,017239,17925,KINDRED HEALTHCARE INC,KND,494580103,P,01,LC,10302,1989-09-19T00:00:00Z,1998-04-30T00:00:00Z
75819,60326,42390,017239,17925,KINDRED HEALTHCARE INC,KND,494580103,P,01,LC,10302,1989-09-19T00:00:00Z,1998-04-30T00:00:00Z
75825,52965,22113,016478,10844,EOG RESOURCES INC,EOG,26875P101,P,01,LU,22113,1989-10-04T00:00:00Z,NA
75828,62773,10303,016721,10364,ELECTRONIC ARTS INC,EA,285512109,P,01,LU,10303,1989-09-20T00:00:00Z,NA
75831,60162,10323,016710,9213,DIGI INTERNATIONAL INC,DGII,253798102,P,01,LU,10323,1989-10-05T00:00:00Z,NA
75844,34390,22122,016582,24834,NUTRIEN LTD,NTR,67077M108,P,01,LC,22122,1989-11-02T00:00:00Z,NA
75844,34390,22122,016582,2754066,NUTRIEN LTD,NTR,67077M108,P,01,LC,22122,1989-11-02T00:00:00Z,NA
75846,60558,22124,031958,17084,SAFEHOLD INC,SAFE,78646V107,P,01,LC,22124,2023-03-31T00:00:00Z,NA
75846,60558,55975,031958,17084,SAFEHOLD INC,SAFE,78646V107,P,01,LC,22124,2023-03-31T00:00:00Z,NA
75846,60558,55975,031958,2671932,SAFEHOLD INC,SAFE,78646V107,P,01,LC,22124,2023-03-31T00:00:00Z,NA
75853,60433,10358,016531,34144,ZIX CORP,ZIXI,98974P100,P,01,LU,10358,1989-11-09T00:00:00Z,2021-12-31T00:00:00Z
75854,60403,10359,016597,18515,LATTICE SEMICONDUCTOR CORP,LSCC,518415104,P,01,LU,10359,1989-11-09T00:00:00Z,NA
75860,60568,10380,017101,15683,IMMUNOGEN INC,IMGN,45253H101,P,01,LU,10380,1989-11-17T00:00:00Z,2024-02-29T00:00:00Z
75905,59540,10419,019402,13267,G-III APPAREL GROUP LTD,GIII,36237H101,P,01,LU,10419,1989-12-14T00:00:00Z,NA
75912,60769,10408,018699,23786,PTC INC,PTC,69370C100,P,01,LU,10408,1989-12-08T00:00:00Z,NA
75976,59709,10288,016453,21756,NEOGEN CORP,NEOG,640491106,P,01,LU,10288,1989-08-23T00:00:00Z,NA
75985,60120,10299,027932,9194,HALLMARK FINANCIAL SERVICES,HALL,40624Q302,P,01,LC,10299,1991-06-10T00:00:00Z,NA
75985,60120,10299,027932,9194,HALLMARK FINANCIAL SERVICES,HALL,40624Q302,C,00X,LC,10299,1991-05-01T00:00:00Z,1991-06-09T00:00:00Z
75985,60120,10299,027932,14213,HALLMARK FINANCIAL SERVICES,HALL,40624Q302,P,01,LC,10299,1991-06-10T00:00:00Z,NA
75985,60120,10299,027932,14213,HALLMARK FINANCIAL SERVICES,HALL,40624Q302,C,00X,LC,10299,1991-05-01T00:00:00Z,1991-06-09T00:00:00Z
76020,60432,10360,165179,32251,SYNERGETICS USA INC,SURG.2,87160G107,P,01,LC,10360,2005-09-23T00:00:00Z,2015-10-15T00:00:00Z
76052,60839,10416,019431,20498,PERMA-PIPE INTERNATIONAL HOL,PPIH,714167103,P,01,LU,10416,1989-12-14T00:00:00Z,NA
76076,61420,10486,020779,6908,CISCO SYSTEMS INC,CSCO,17275R102,P,01,LC,10486,1990-02-16T00:00:00Z,NA
76081,37274,6765,010549,30662,THOR INDUSTRIES INC,THO,885160101,P,01,LU,6765,1984-01-10T00:00:00Z,NA
76082,61413,26024,020548,5465,COTERRA ENERGY INC,CTRA,127097103,P,01,LU,26024,1990-02-08T00:00:00Z,NA
76095,61773,10504,020904,14967,HOLOGIC INC,HOLX,436440101,P,01,LC,10504,1990-03-01T00:00:00Z,NA
76100,19646,4587,010550,30664,THORATEC CORP,THOR.1,885175307,C,01,LU,4587,1981-05-14T00:00:00Z,2015-10-30T00:00:00Z
76127,62143,10544,021237,30483,TETRA TECHNOLOGIES INC/DE,TTI,88162F105,P,01,LU,10544,1990-04-03T00:00:00Z,NA
76128,62119,10545,021238,32622,VICOR CORP,VICR,925815102,P,01,LU,10545,1990-04-03T00:00:00Z,NA
76135,62396,10561,021429,13769,GRANITE CONSTRUCTION INC,GVA,387328107,P,01,LU,10561,1990-04-20T00:00:00Z,NA
76136,62469,10563,021503,31835,KEMPER CORP/DE,KMPR,488401100,P,01,LU,10563,1990-04-23T00:00:00Z,NA
76138,62409,10567,021487,3865,B/E AEROSPACE INC,BEAV,073302101,P,01,LC,10567,1990-04-24T00:00:00Z,2017-04-28T00:00:00Z
76149,7286,22765,009359,26839,SAFEWAY INC,SWY,786514208,C,01,LC,22765,1990-04-26T00:00:00Z,2015-01-29T00:00:00Z
76185,60166,24773,010789,31558,TYLER TECHNOLOGIES INC,TYL,902252105,P,01,LC,26080,1990-05-22T00:00:00Z,NA
76185,60166,26080,010789,31558,TYLER TECHNOLOGIES INC,TYL,902252105,P,01,LC,26080,1990-05-22T00:00:00Z,NA
76201,63277,10634,022325,33857,XILINX INC,XLNX,983919101,P,01,LU,10634,1990-06-12T00:00:00Z,2022-02-28T00:00:00Z
76207,63274,10652,022461,2502,ARCTIC CAT INC,ACAT,039670104,P,01,LU,10652,1990-06-26T00:00:00Z,2017-03-31T00:00:00Z
76217,63185,10669,022612,33412,WET SEAL INC,WTSLQ,961840105,P,01,LU,10669,1990-07-03T00:00:00Z,2016-01-04T00:00:00Z
76224,63237,26087,023084,4002,BENCHMARK ELECTRONICS INC,BHE,08160H101,P,01,LU,26087,1990-06-27T00:00:00Z,NA
76226,51908,21866,013714,6098,PARAMOUNT GLOBAL,PARA,92556H206,P,03,LC,21866,1994-10-01T00:00:00Z,NA
76226,51908,21866,013714,6098,PARAMOUNT GLOBAL,PARA,92556H206,J,03,LC,21866,1990-06-14T00:00:00Z,1994-09-30T00:00:00Z
76226,51908,21866,013714,32587,PARAMOUNT GLOBAL,PARA,92556H206,P,03,LC,21866,1994-10-01T00:00:00Z,NA
76226,51908,21866,013714,32587,PARAMOUNT GLOBAL,PARA,92556H206,J,03,LC,21866,1990-06-14T00:00:00Z,1994-09-30T00:00:00Z
76226,51908,25194,013714,6098,PARAMOUNT GLOBAL,PARA,92556H206,P,03,LC,21866,1994-10-01T00:00:00Z,NA
76226,51908,25194,013714,6098,PARAMOUNT GLOBAL,PARA,92556H206,J,03,LC,21866,1990-06-14T00:00:00Z,1994-09-30T00:00:00Z
76226,51908,25194,013714,32587,PARAMOUNT GLOBAL,PARA,92556H206,P,03,LC,21866,1994-10-01T00:00:00Z,NA
76226,51908,25194,013714,32587,PARAMOUNT GLOBAL,PARA,92556H206,J,03,LC,21866,1990-06-14T00:00:00Z,1994-09-30T00:00:00Z
76230,63489,10691,022815,31326,TRIMBLE INC,TRMB,896239100,P,01,LU,10691,1990-07-20T00:00:00Z,NA
76261,63577,10724,023027,11410,EXPONENT INC,EXPO,30214U102,P,01,LU,10724,1990-08-17T00:00:00Z,NA
76274,2202,1100,003581,8117,CRAWFORD & CO,CRD.A,224633206,P,02,LC,1100,2018-01-01T00:00:00Z,NA
76274,2202,1100,003581,8117,CRAWFORD & CO,CRD.A,224633206,J,02,LC,1100,1990-08-01T00:00:00Z,1994-04-30T00:00:00Z
76274,2202,1100,003581,8117,CRAWFORD & CO,CRD.A,224633206,P,02,LC,1100,1994-05-01T00:00:00Z,2004-06-30T00:00:00Z
76274,2202,1100,003581,8117,CRAWFORD & CO,CRD.A,224633206,J,02,LC,1100,2004-07-01T00:00:00Z,2017-12-31T00:00:00Z
76279,63951,10758,023195,19810,MATRIX SERVICE CO,MTRX,576853105,P,01,LU,10758,1990-09-26T00:00:00Z,NA
76282,12977,10594,009063,3143,AUTONATION INC,AN,05329W102,C,01,LU,10594,1990-05-11T00:00:00Z,NA
76360,61736,10651,022543,13600,GOOD TIMES RESTAURANTS INC,GTIM,382140879,C,01,LU,10651,1990-06-22T00:00:00Z,NA
76383,62414,10593,021776,3173,AVANIR PHARMACEUTICALS INC,AVNR,05348P401,P,01,LU,10593,1990-05-08T00:00:00Z,2015-01-30T00:00:00Z
76392,62450,10512,021777,20328,MERIT MEDICAL SYSTEMS INC,MMSI,589889104,P,01,LU,10512,1990-05-10T00:00:00Z,NA
76477,64026,26112,023220,1477,ORBITAL ATK INC,OA,68557N103,P,01,LC,26112,1990-10-24T00:00:00Z,2018-06-07T00:00:00Z
76478,64027,26113,023224,10995,ESCO TECHNOLOGIES INC,ESE,296315104,P,01,LU,26113,1990-10-22T00:00:00Z,NA
76504,64528,10805,023500,6053,CATHAY GENERAL BANCORP,CATY,149150104,P,01,LU,10805,1990-12-14T00:00:00Z,NA
76515,64478,28924,023485,8673,COVANTA HOLDING CORP,CVA,22282E102,P,01,LU,28924,1990-12-06T00:00:00Z,2021-11-30T00:00:00Z
76515,64478,28924,023485,3482065,COVANTA HOLDING CORP,CVA,22282E102,P,01,LU,28924,1990-12-06T00:00:00Z,2021-11-30T00:00:00Z
76532,134265,4547,170773,1799834,ZAZA ENERGY CORP,ZAZA,98919T407,C,01,LC,4547,2012-02-22T00:00:00Z,2015-10-02T00:00:00Z
76544,63747,28929,022144,2615,MICRON SOLUTIONS INC,MICRD,59511X204,C,03,LC,28929,1990-12-04T00:00:00Z,2020-04-03T00:00:00Z
76544,63747,28929,022144,3186679,MICRON SOLUTIONS INC,MICRD,59511X204,C,03,LC,28929,1990-12-04T00:00:00Z,2020-04-03T00:00:00Z
76553,64703,10815,023577,29961,TANDY BRANDS ACCESSORIES INC,TBACQ,875378101,C,01,LC,10815,1991-01-11T00:00:00Z,2014-02-07T00:00:00Z
76568,65736,10843,023697,28569,SONIC CORP,SONC,835451105,P,01,LU,10843,1991-02-28T00:00:00Z,2018-12-31T00:00:00Z
76573,7533,22807,015343,21279,MUELLER INDUSTRIES,MLI,624756102,C,01,LU,22807,1991-02-27T00:00:00Z,NA
76582,65852,10855,023753,25634,DORMAN PRODUCTS INC,DORM,258278100,P,01,LU,10855,1991-03-12T00:00:00Z,NA
76584,65909,10860,023767,2960,ATMEL CORP,ATML,049513104,P,01,LC,10860,1991-03-19T00:00:00Z,2016-04-04T00:00:00Z
76591,66475,10827,007526,25598,QUIDELORTHO CORP,QDEL,219798105,P,01,LU,10827,1991-02-01T00:00:00Z,NA
76602,65355,29005,023793,25339,PS BUSINESS PARKS,PSB,69360J107,P,01,LU,29005,1991-03-27T00:00:00Z,2022-07-29T00:00:00Z
76605,66073,29009,023809,3154,AUTOZONE INC,AZO,053332102,P,01,LU,29009,1991-04-02T00:00:00Z,NA
76614,66069,10876,023812,25954,REGENERON PHARMACEUTICALS,REGN,75886F107,P,01,LU,10876,1991-04-02T00:00:00Z,NA
76624,66129,10901,023943,24662,PMC-SIERRA INC,PMCS,69344F106,P,01,LC,10901,1991-04-24T00:00:00Z,2016-01-29T00:00:00Z
76638,66288,29019,024032,17495,JONES GROUP INC,JNY,48020T101,P,01,LU,29019,1991-05-16T00:00:00Z,2014-04-30T00:00:00Z
76639,36877,6278,010631,30993,TOTAL SYSTEM SERVICES INC,TSS,891906109,P,01,LU,6278,1983-08-10T00:00:00Z,2019-09-30T00:00:00Z
76644,66193,29028,023978,32068,UNITED STATES STEEL CORP,X,912909108,C,01,LU,29028,1991-05-07T00:00:00Z,NA
76644,66193,29028,023978,77289,UNITED STATES STEEL CORP,X,912909108,C,01,LU,29028,1991-05-07T00:00:00Z,NA
76661,66249,10937,024040,17053,IONIS PHARMACEUTICALS INC,IONS,462222100,P,01,LU,10937,1991-05-17T00:00:00Z,NA
76672,47807,27836,013071,25059,RADNET INC,RDNT,750491102,P,01,LC,27836,2007-02-14T00:00:00Z,NA
76672,47807,27836,013071,25059,RADNET INC,RDNT,750491102,P,01,LC,27836,1991-02-26T00:00:00Z,1995-04-12T00:00:00Z
76684,26802,10954,024232,14261,HANCOCK WHITNEY CORP,HWC,410120109,P,01,LU,10954,1991-06-04T00:00:00Z,NA
76686,66452,10959,024099,18861,LIFETIME BRANDS INC,LCUT,53222Q103,P,01,LU,10959,1991-06-05T00:00:00Z,NA
76695,66466,10968,024113,23727,PANERA BREAD CO,PNRA,69840W108,P,01,LC,10968,1991-06-07T00:00:00Z,2017-07-17T00:00:00Z
76708,66496,10992,003905,9109,ADTALEM GLOBAL EDUCATION INC,ATGE,00737L103,C,01,LU,10992,1991-06-21T00:00:00Z,NA
76709,66622,10989,024197,15486,IDEXX LABS INC,IDXX,45168D104,P,01,LU,10989,1991-06-21T00:00:00Z,NA
76711,35816,5947,009023,25982,REGIS CORP/MN,RGS,758932206,C,01,LC,37472,1992-02-28T00:00:00Z,NA
76711,35816,37472,009023,25982,REGIS CORP/MN,RGS,758932206,C,01,LC,37472,1992-02-28T00:00:00Z,NA
76712,66492,10996,024216,979,AES CORP (THE),AES,00130H105,P,01,LC,10996,1991-06-26T00:00:00Z,NA
76721,66607,11003,024225,7996,CORVEL CORP,CRVL,221006109,P,01,LU,11003,1991-06-28T00:00:00Z,NA
76722,66618,11001,024233,29127,STATE AUTO FINANCIAL CORP,STFC,855707105,P,01,LU,11001,1991-06-28T00:00:00Z,2022-03-31T00:00:00Z
76732,66830,11018,024291,15548,DINE BRANDS GLOBAL INC,DIN,254423106,P,01,LU,11018,1991-07-31T00:00:00Z,NA
76732,66830,11018,024291,15548,DINE BRANDS GLOBAL INC,DIN,254423106,C,00X,LU,11018,1991-07-12T00:00:00Z,1991-07-30T00:00:00Z
76736,66825,11023,024302,1391,ALKERMES PLC,ALKS,G01767105,P,01,LC,11023,1991-07-16T00:00:00Z,NA
76744,66837,11042,024344,32537,VERTEX PHARMACEUTICALS INC,VRTX,92532F100,P,01,LU,11042,1991-07-24T00:00:00Z,NA
76750,67219,11052,024350,21027,MONRO INC,MNRO,610236101,P,01,LU,11052,1991-07-30T00:00:00Z,NA
76752,67218,11050,024352,25195,PROGRESS SOFTWARE CORP,PRGS,743312100,P,01,LU,11050,1991-07-30T00:00:00Z,NA
76788,68571,11083,024396,1841,TIVITY HEALTH INC,TVTY,88870R102,P,01,LC,11083,1991-08-13T00:00:00Z,2022-06-30T00:00:00Z
76795,68568,11092,024405,34075,ZEBRA TECHNOLOGIES CP  -CL A,ZBRA,989207105,P,01,LU,11092,1991-08-15T00:00:00Z,NA
76798,69021,11099,024430,11444,EZCORP INC  -CL A,EZPW,302301106,P,01,LU,11099,1991-08-27T00:00:00Z,NA
76804,5105,29067,024379,20517,MGIC INVESTMENT CORP/WI,MTG,552848103,P,01,LU,29067,1991-08-07T00:00:00Z,NA
76837,11334,2075,024021,14181,HAEMONETICS CORP,HAE,405024100,P,01,LU,2075,1991-05-10T00:00:00Z,NA
76838,69773,11103,024440,25131,PROASSURANCE CORP,PRA,74267C106,P,01,LU,11103,1991-09-04T00:00:00Z,NA
76841,69779,11112,024468,15481,BIOGEN INC,BIIB,09062X103,P,01,LC,11112,1991-09-17T00:00:00Z,NA
76841,69779,11112,024468,440155,BIOGEN INC,BIIB,09062X103,P,01,LC,11112,1991-09-17T00:00:00Z,NA
76847,69926,11123,024483,4810,BON-TON STORES INC,BONTQ,09776J101,C,01,LC,11123,1991-09-24T00:00:00Z,2017-11-08T00:00:00Z
76856,66144,10905,024157,50,FIRSTCASH HOLDINGS INC,FCFS,33768G107,P,01,LC,10905,1991-06-10T00:00:00Z,NA
76868,64723,10817,021542,391,AAON INC,AAON,000360206,P,01,LU,10817,1991-01-03T00:00:00Z,NA
76869,66840,11029,024428,775,ADDVANTAGE TECHNOLOGIES GP,AEYGQ,006743405,C,01,LU,11029,1991-08-27T00:00:00Z,NA
76892,69583,11106,024447,4753,BOK FINANCIAL CORP,BOKF,05561Q201,P,02,LU,11106,1991-09-05T00:00:00Z,NA
76927,66310,11011,005559,29212,STERLING INFRASTRUCTURE INC,STRL,859241101,P,04,LU,11011,1991-08-08T00:00:00Z,NA
76932,4471,2381,006135,10607,ENBRIDGE INC,ENB,29250N105,P,01,LC,2381,1982-11-01T00:00:00Z,NA
76946,8355,4560,010685,31168,TRANSCAT INC,TRNS,893529107,P,01,LU,4560,1979-01-31T00:00:00Z,NA
76946,8355,4560,010685,31168,TRANSCAT INC,TRNS,893529107,C,00X,LU,4560,1973-04-01T00:00:00Z,1979-01-30T00:00:00Z
76958,39818,11021,023170,22434,NORSAT INTL INC,NSAT,656512209,P,01,LC,11021,2015-02-10T00:00:00Z,2017-07-31T00:00:00Z
76958,39818,11021,023170,22434,NORSAT INTL INC,NSAT,656512209,P,01,LC,11021,1991-07-15T00:00:00Z,2003-10-14T00:00:00Z
76963,41220,11101,038496,22670,ETERNA THERAPEUTICS INC,ERNA,114082209,P,01,LC,11101,2021-03-26T00:00:00Z,NA
76978,66246,10894,023898,26067,RENTECH INC,RTKHQ,760112201,P,01,LC,10894,1991-04-22T00:00:00Z,2017-10-13T00:00:00Z
77007,67192,11005,024234,32299,LEGACY IMBDS INC,IMBIQ,452465206,P,01,LC,11005,1991-06-28T00:00:00Z,2024-04-02T00:00:00Z
77012,25250,11024,019965,24768,POPE RESOURCES/DE  -LP,POPE,732857107,P,01,LU,11024,1991-07-16T00:00:00Z,2020-05-29T00:00:00Z
77037,70519,11161,024617,23040,OLD DOMINION FREIGHT,ODFL,679580100,P,01,LU,11161,1991-10-24T00:00:00Z,NA
77057,70142,29106,024533,21599,NATIONAL HEALTH INVESTORS,NHI,63633D104,P,01,LU,29106,1991-10-09T00:00:00Z,NA
77082,70958,11208,024670,2021437,ARI NETWORK SERVICES INC,ARIS.1,001930205,P,01,LC,11208,2013-12-09T00:00:00Z,2017-08-31T00:00:00Z
77082,70958,11208,024670,2021437,ARI NETWORK SERVICES INC,ARIS.1,001930205,P,01,LC,11208,1991-11-15T00:00:00Z,2001-07-05T00:00:00Z
77090,70830,11204,024708,2940,ATN INTERNATIONAL INC,ATNI,00215F107,P,01,LU,11204,1991-11-14T00:00:00Z,NA
77114,71038,11225,024725,33686,WORLD ACCEPTANCE CORP/DE,WRLD,981419104,P,01,LU,11225,1991-11-26T00:00:00Z,NA
77117,70752,29327,024720,32998,WABASH NATIONAL CORP,WNC,929566107,P,01,LU,29327,1991-11-08T00:00:00Z,NA
77120,59634,29347,024678,15053,HORACE MANN EDUCATORS CORP,HMN,440327104,P,01,LU,29347,1991-11-15T00:00:00Z,NA
77129,70978,29335,024731,17915,KIMCO REALTY CORP,KIM,49446R109,P,01,LC,29335,1991-11-22T00:00:00Z,NA
77157,6344,22462,008215,23508,O-I GLASS INC,OI,67098H104,C,02,LU,22462,1991-12-11T00:00:00Z,NA
77165,71111,11238,024755,27003,SANFILIPPO JOHN B&SON,JBSS,800422107,P,01,LU,11238,1991-12-04T00:00:00Z,NA
77173,71435,11247,024803,32831,VITESSE SEMICONDUCTOR CORP,VTSS,928497304,P,01,LC,11247,2011-03-02T00:00:00Z,2015-04-30T00:00:00Z
77173,71435,11247,024803,32831,VITESSE SEMICONDUCTOR CORP,VTSS,928497304,P,01,LC,11247,1991-12-11T00:00:00Z,2006-06-27T00:00:00Z
77173,71435,11247,024803,1690876,VITESSE SEMICONDUCTOR CORP,VTSS,928497304,P,01,LC,11247,2011-03-02T00:00:00Z,2015-04-30T00:00:00Z
77173,71435,11247,024803,1690876,VITESSE SEMICONDUCTOR CORP,VTSS,928497304,P,01,LC,11247,1991-12-11T00:00:00Z,2006-06-27T00:00:00Z
77175,71350,11248,024795,1942,AMERICAN SUPERCONDUCTOR CP,AMSC,030111207,P,01,LU,11248,1991-12-12T00:00:00Z,NA
77178,71429,11253,024800,25529,QUALCOMM INC,QCOM,747525103,P,01,LU,11253,1991-12-13T00:00:00Z,NA
77182,137304,11257,024782,24205,PERRIGO CO PLC,PRGO,G97822103,P,01,LU,11257,1991-12-17T00:00:00Z,NA
77186,71545,11266,183421,9841,PERFUMANIA HOLDINGS INC,PERFQ,71376C100,P,01,LC,11266,2008-08-11T00:00:00Z,2017-10-12T00:00:00Z
77191,71844,4589,024783,30482,TETRA TECH INC,TTEK,88162G103,P,01,LU,4589,1991-12-17T00:00:00Z,NA
77205,67348,11210,020245,4365,CASCADIAN THERAPEUTICS INC,CASC,14740B606,P,01,LC,11210,1991-11-19T00:00:00Z,2018-03-08T00:00:00Z
77208,70930,11206,024710,1324393,BIOSPECIFICS TECHNOLOGIES CP,BSTC,090931106,P,01,LC,11206,2009-01-09T00:00:00Z,2020-12-31T00:00:00Z
77208,70930,11206,024710,1324393,BIOSPECIFICS TECHNOLOGIES CP,BSTC,090931106,P,01,LC,11206,1991-11-14T00:00:00Z,2004-03-23T00:00:00Z
77217,71269,11235,024750,1714195,WISDOMTREE INC,WT,97717P104,P,01,LC,11235,2011-07-26T00:00:00Z,NA
77217,71269,11235,024750,1714195,WISDOMTREE INC,WT,97717P104,P,01,LC,11235,1991-12-04T00:00:00Z,2001-05-22T00:00:00Z
77236,35658,11270,019433,23730,PHX MINERALS INC,PHX,69291A100,P,01,LU,11270,1991-12-23T00:00:00Z,NA
77239,71542,11276,024825,7936,COPT DEFENSE PROPERTIES,CDP,22002T108,P,01,LU,11276,1991-12-31T00:00:00Z,NA
77271,71860,11291,024853,28797,SPECTRANETICS CORP,SPNC,84760C107,P,01,LU,11291,1992-01-21T00:00:00Z,2017-08-31T00:00:00Z
77274,71859,11300,024856,13273,GILEAD SCIENCES INC,GILD,375558103,P,01,LU,11300,1992-01-22T00:00:00Z,NA
77279,71865,11309,024888,419,ABAXIS INC,ABAX,002567105,P,01,LU,11309,1992-01-23T00:00:00Z,2018-07-31T00:00:00Z
77281,71872,11310,024893,33459,WHOLE FOODS MARKET INC,WFM,966837106,P,01,LC,11310,1992-01-23T00:00:00Z,2017-08-25T00:00:00Z
77282,71801,11304,024890,20819,MISONIX INC,MSON,604871103,P,01,LU,11304,1992-01-23T00:00:00Z,2021-10-31T00:00:00Z
77292,71840,11316,024878,25288,PDL BIOPHARMA INC,PDLI,69329Y104,P,01,LC,11316,1992-01-29T00:00:00Z,2020-12-31T00:00:00Z
77300,71879,11324,020185,27355,SCOTTS MIRACLE-GRO CO,SMG,810186106,P,01,LU,11324,1992-01-31T00:00:00Z,NA
77338,72066,11344,024925,26544,ROPER TECHNOLOGIES INC,ROP,776696106,P,01,LU,11344,1992-02-13T00:00:00Z,NA
77340,72023,11342,024922,20431,POWERSECURE INTL INC,POWR,73936N105,P,01,LU,11342,1992-02-13T00:00:00Z,2016-05-31T00:00:00Z
77354,72062,11358,009466,27255,SCHOLASTIC CORP,SCHL,807066105,C,01,LU,11358,1992-02-25T00:00:00Z,NA
77357,72047,11361,024975,29816,SYNOPSYS INC,SNPS,871607107,P,01,LU,11361,1992-02-26T00:00:00Z,NA
77366,72078,29432,024978,5557,TOPGOLF CALLAWAY BRANDS CORP,MODG,131193104,P,01,LU,29432,1992-02-28T00:00:00Z,NA
77379,17685,11371,018276,114,FIRST FINANCIAL CORP/IN,THFF,320218100,P,01,LU,11371,1992-03-03T00:00:00Z,NA
77393,72137,11383,024996,4419,LINEAGE CELL THERAPEUTICS IN,LCTX,53566P109,P,01,LC,11383,2009-10-30T00:00:00Z,NA
77393,72137,11383,024996,4419,LINEAGE CELL THERAPEUTICS IN,LCTX,53566P109,P,01,LC,11383,1992-03-05T00:00:00Z,2005-07-14T00:00:00Z
77393,72137,11383,024996,1601866,LINEAGE CELL THERAPEUTICS IN,LCTX,53566P109,P,01,LC,11383,2009-10-30T00:00:00Z,NA
77393,72137,11383,024996,1601866,LINEAGE CELL THERAPEUTICS IN,LCTX,53566P109,P,01,LC,11383,1992-03-05T00:00:00Z,2005-07-14T00:00:00Z
77413,72199,11405,025047,27304,SCICLONE PHARMACEUTICALS LLC,SCLN,80862K104,P,01,LU,11405,1992-03-17T00:00:00Z,2017-10-31T00:00:00Z
77415,48308,11403,019094,21699,N B T BANCORP INC,NBTB,628778102,P,01,LU,11403,1992-03-17T00:00:00Z,NA
77418,72205,11412,025056,2296,TIME WARNER INC,TWX,887317303,C,01,LC,11412,1992-03-19T00:00:00Z,2018-06-15T00:00:00Z
77420,72181,11413,012403,12479,FREDS INC,FREDQ,356108100,P,01,LU,11413,1992-03-19T00:00:00Z,2020-06-30T00:00:00Z
77447,72268,11440,025110,15462,ICU MEDICAL INC,ICUI,44930G107,P,01,LU,11440,1992-03-31T00:00:00Z,NA
77453,50201,25865,013092,17241,JACK IN THE BOX INC,JACK,466367109,C,03,LC,25865,1992-03-05T00:00:00Z,NA
77462,72025,22856,004611,11658,MACY'S INC,M,55616P104,C,02,LU,22856,1992-03-17T00:00:00Z,NA
77486,13056,29472,022772,31915,UQM TECHNOLOGIES INC,UQM,903213106,P,01,LU,29472,1992-03-18T00:00:00Z,2019-07-31T00:00:00Z
77488,19544,29468,019209,22507,NORTHERN TECH INTL,NTIC,665809109,P,01,LU,29468,1992-03-27T00:00:00Z,NA
77496,65792,11446,025119,20964,MOHAWK INDUSTRIES INC,MHK,608190104,P,01,LU,11446,1992-04-01T00:00:00Z,NA
77505,72316,11455,025138,635120,ASURE SOFTWARE INC,ASUR,04649U102,P,01,LU,11455,1992-04-07T00:00:00Z,NA
77515,72276,11469,025166,18116,KOPIN CORP,KOPN,500600101,P,01,LU,11469,1992-04-15T00:00:00Z,NA
77516,72361,11470,025167,20248,TAILORED BRANDS INC,TLRDQ,87403A107,P,01,LC,11470,1992-04-15T00:00:00Z,2020-12-02T00:00:00Z
77519,7373,5926,017245,31416,TRUSTCO BANK CORP/NY,TRST,898349204,P,01,LU,5926,1983-04-18T00:00:00Z,NA
77520,72282,11473,025180,1044,AGCO CORP,AGCO,001084102,P,01,LU,11473,1992-04-16T00:00:00Z,NA
77526,62851,11479,025173,24138,RENASANT CORP,RNST,75970E107,P,01,LU,11479,1992-04-21T00:00:00Z,NA
77530,72439,11482,025186,29171,STEIN MART INC,SMRTQ,858375108,P,01,LU,11482,1992-04-22T00:00:00Z,2021-04-30T00:00:00Z
77570,69057,11431,025092,30003,TASEKO MINES LTD,TGB,876511106,P,01,LU,11431,1992-03-25T00:00:00Z,NA
77584,72909,11506,025234,5276,BUCKLE INC,BKE,118440106,P,01,LU,11506,1992-05-08T00:00:00Z,NA
77595,73079,11512,001743,2573,ARCBEST CORP,ARCB,03937C105,C,02,LC,11512,1992-05-13T00:00:00Z,NA
77595,73079,24975,001743,2573,ARCBEST CORP,ARCB,03937C105,C,02,LC,11512,1992-05-13T00:00:00Z,NA
77605,72990,29489,025279,4865,BOSTON SCIENTIFIC CORP,BSX,101137107,P,01,LU,29489,1992-05-19T00:00:00Z,NA
77606,73007,29494,025283,18060,KOHL'S CORP,KSS,500255104,P,01,LU,29494,1992-05-19T00:00:00Z,NA
77610,88206,11522,025274,31857,UNIVERSAL DISPLAY CORP,OLED,91347P105,C,01,LC,11522,1992-05-14T00:00:00Z,NA
77629,73034,11542,025318,31991,U S PHYSICAL THERAPY INC,USPH,90337L108,P,01,LC,11542,1992-05-28T00:00:00Z,NA
77630,73070,11545,025320,8764,DATAWATCH CORP,DWCH,237917208,P,01,LU,11545,1992-05-28T00:00:00Z,2018-12-31T00:00:00Z
77637,73094,29506,025331,12450,FRANKLIN COVEY CO,FC,353469109,P,01,LU,29506,1992-06-03T00:00:00Z,NA
77643,19913,29505,018241,71,FIRST COMMONWLTH FINL CP/PA,FCF,319829107,P,01,LC,29505,1992-06-10T00:00:00Z,NA
77659,73119,11558,025338,3904,BED BATH & BEYOND INC,BBBYQ,075896100,P,01,LU,11558,1992-06-05T00:00:00Z,2023-09-30T00:00:00Z
77661,73083,11559,025340,9582,D R HORTON INC,DHI,23331A109,P,01,LU,11559,1992-06-05T00:00:00Z,NA
77668,73151,11569,025356,11414,EXPRESS SCRIPTS HOLDING CO,ESRX,30219G108,P,01,LC,11569,1992-06-09T00:00:00Z,2018-12-31T00:00:00Z
77668,73151,11569,025356,2967480,EXPRESS SCRIPTS HOLDING CO,ESRX,30219G108,P,01,LC,11569,1992-06-09T00:00:00Z,2018-12-31T00:00:00Z
77669,73071,11565,025357,11888,FINISH LINE INC  -CL A,FINL,317923100,P,01,LU,11565,1992-06-09T00:00:00Z,2018-06-29T00:00:00Z
77679,73211,11576,065228,7352,COLUMBIA BANKING SYSTEM INC,COLB,197236102,C,01,LC,11576,2023-03-01T00:00:00Z,NA
77679,73211,16035,065228,7352,COLUMBIA BANKING SYSTEM INC,COLB,197236102,C,01,LC,11576,2023-03-01T00:00:00Z,NA
77679,73211,16035,065228,31677,COLUMBIA BANKING SYSTEM INC,COLB,197236102,C,01,LC,11576,2023-03-01T00:00:00Z,NA
77702,73271,11592,025434,29093,STARBUCKS CORP,SBUX,855244109,P,01,LU,11592,1992-06-26T00:00:00Z,NA
77730,8440,4620,010793,31563,TYSON FOODS INC  -CL A,TSN,902494103,P,01,LC,4620,1972-12-14T00:00:00Z,NA
77735,6221,11530,013971,20421,METHANEX CORP,MEOH,59151K108,P,03,LC,11530,1998-04-30T00:00:00Z,NA
77763,73624,11606,025509,29605,SUPERIOR ENERGY SERVICES INC,SPNX,868157306,P,01,LC,11606,2019-12-26T00:00:00Z,2021-02-04T00:00:00Z
77763,73624,11606,025509,29605,SUPERIOR ENERGY SERVICES INC,SPNX,868157306,P,01,LC,11606,1992-07-07T00:00:00Z,2019-09-26T00:00:00Z
77763,73624,11606,025509,3268820,SUPERIOR ENERGY SERVICES INC,SPNX,868157306,P,01,LC,11606,2019-12-26T00:00:00Z,2021-02-04T00:00:00Z
77763,73624,11606,025509,3268820,SUPERIOR ENERGY SERVICES INC,SPNX,868157306,P,01,LC,11606,1992-07-07T00:00:00Z,2019-09-26T00:00:00Z
77785,73288,11621,025572,10622,ENCORE WIRE CORP,WIRE,292562105,P,01,LU,11621,1992-07-16T00:00:00Z,NA
77790,73512,11600,025462,29373,STRATUS PROPERTIES INC,STRS,863167201,P,01,LU,11600,1992-07-22T00:00:00Z,NA
77857,73791,29554,025633,23092,OMEGA HEALTHCARE INVS INC,OHI,681936100,P,01,LC,29554,1992-08-07T00:00:00Z,NA
77862,73821,11677,025680,18539,LAYNE CHRISTENSEN CO,LAYN,521050104,P,01,LU,11677,1992-08-20T00:00:00Z,2018-06-29T00:00:00Z
77868,73637,11679,025676,24158,PERCEPTRON INC,PRCP,71361F100,P,01,LU,11679,1992-08-21T00:00:00Z,2020-12-31T00:00:00Z
77878,73998,29553,025665,19235,LTC PROPERTIES INC,LTC,502175102,P,01,LU,29553,1992-08-18T00:00:00Z,NA
77889,32230,11691,018358,239,FIRST UNITED CORP,FUNC,33741H107,P,01,LU,11691,1992-09-02T00:00:00Z,NA
77892,72910,11697,025711,10993,ESCALON MEDICAL CORP,ESMC,296074305,P,01,LC,11697,1992-09-11T00:00:00Z,NA
77897,73030,11699,025314,17058,ISLE OF CAPRI CASINOS INC,ISLE.1,464592104,P,01,LU,11699,1992-09-14T00:00:00Z,2017-05-02T00:00:00Z
77900,74202,11705,025726,8090,CPI AEROSTRUCTURES INC,CVU,125919308,P,01,LC,11705,1992-09-17T00:00:00Z,NA
77902,74249,11706,025737,6559,CHEESECAKE FACTORY INC,CAKE,163072101,P,01,LU,11706,1992-09-18T00:00:00Z,NA
77917,74217,11713,025749,23131,ASGN INC,ASGN,00191U102,P,01,LU,11713,1992-09-22T00:00:00Z,NA
77918,74279,11709,025747,18993,LITTELFUSE INC,LFUS,537008104,P,01,LU,11709,1992-09-22T00:00:00Z,NA
77971,74221,11729,025774,10331,ELECTRONICS FOR IMAGING INC,EFII,286082102,P,01,LU,11729,1992-10-02T00:00:00Z,2019-07-31T00:00:00Z
77973,10346,4678,010832,31705,UNICO AMERICAN CORP,UNAM,904607108,C,01,LU,4678,1979-01-31T00:00:00Z,NA
78001,74404,11757,025848,17784,KEMET CORP,KEM.2,488360207,P,01,LC,11757,2010-06-22T00:00:00Z,2020-06-30T00:00:00Z
78001,74404,11757,025848,17784,KEMET CORP,KEM.2,488360207,P,01,LC,11757,1992-10-21T00:00:00Z,2009-01-08T00:00:00Z
78001,74404,11757,025848,1650173,KEMET CORP,KEM.2,488360207,P,01,LC,11757,2010-06-22T00:00:00Z,2020-06-30T00:00:00Z
78001,74404,11757,025848,1650173,KEMET CORP,KEM.2,488360207,P,01,LC,11757,1992-10-21T00:00:00Z,2009-01-08T00:00:00Z
78015,74417,29610,025870,20757,MINERALS TECHNOLOGIES INC,MTX,603158106,P,01,LU,29610,1992-10-23T00:00:00Z,NA
78033,74441,11780,025877,14466,HCC INSURANCE HOLDINGS INC,HCC.1,404132102,P,01,LU,11780,1992-10-28T00:00:00Z,2015-10-30T00:00:00Z
78034,74442,11778,025880,23926,PATTERSON COS INC,PDCO,703395103,P,01,LU,11778,1992-10-28T00:00:00Z,NA
78038,74400,29602,025895,25658,RADIAN GROUP INC,RDN,750236101,P,01,LU,29602,1992-10-30T00:00:00Z,NA
78044,8478,4685,010839,31723,UNIFI INC,UFI,904677200,P,01,LC,4685,1972-12-22T00:00:00Z,NA
78045,5148,26268,006946,19440,MAGNA INTERNATIONAL INC,MGA,559222401,C,01,LC,26268,1984-08-23T00:00:00Z,NA
78050,74519,11785,025896,4815,BOOKS-A-MILLION INC,BAMM,098570104,P,01,LU,11785,1992-11-03T00:00:00Z,2015-12-31T00:00:00Z
78051,74533,11786,025906,25584,QUESTCOR PHARMACEUTICALS INC,QCOR,74835Y101,P,01,LC,11786,1992-11-03T00:00:00Z,2014-08-14T00:00:00Z
78054,74480,11789,025915,26285,QUMU CORP,QUMU,749063103,P,01,LU,11789,1992-11-05T00:00:00Z,2023-02-28T00:00:00Z
78071,72172,11801,023291,4345,BIOLASE INC,BIOLQ,090911702,P,01,LC,11801,1992-11-12T00:00:00Z,2024-06-18T00:00:00Z
78081,74439,11806,025937,18868,LIGAND PHARMACEUTICAL INC,LGND,53220K504,P,02,LC,11806,1994-11-25T00:00:00Z,NA
78081,74439,11806,025937,18868,LIGAND PHARMACEUTICAL INC,LGND,53220K504,C,01,LC,11806,1994-11-01T00:00:00Z,1994-11-24T00:00:00Z
78081,74439,11806,025937,18868,LIGAND PHARMACEUTICAL INC,LGND,53220K504,P,01,LC,11806,1992-11-18T00:00:00Z,1994-10-31T00:00:00Z
78089,74705,29709,025950,30021,TAUBMAN CENTERS INC,TCO.2,876664103,P,01,LU,29709,1992-11-20T00:00:00Z,2020-12-31T00:00:00Z
78137,74845,11865,026021,27406,SEACOR HOLDINGS INC,CKH,811904101,P,01,LC,11865,1992-12-17T00:00:00Z,2021-04-30T00:00:00Z
78139,74853,11860,026011,7599,COMPUWARE CORP,CPWR.1,205638109,P,01,LC,11860,1992-12-16T00:00:00Z,2014-12-15T00:00:00Z
78156,74949,11871,026037,131767,HMS HOLDINGS CORP,HMSY,40425J101,P,01,LU,11871,1992-12-18T00:00:00Z,2021-04-30T00:00:00Z
78170,74858,11857,026013,28989,SM ENERGY CO,SM,78454L100,P,01,LC,11857,1992-12-16T00:00:00Z,NA
78179,73165,11834,025978,21227,MRV COMMUNICATIONS INC,MRVC,553477407,P,01,LC,11834,2014-03-19T00:00:00Z,2017-08-31T00:00:00Z
78179,73165,11834,025978,21227,MRV COMMUNICATIONS INC,MRVC,553477407,P,01,LC,11834,1992-12-08T00:00:00Z,2009-06-16T00:00:00Z
78179,73165,11834,025978,2055408,MRV COMMUNICATIONS INC,MRVC,553477407,P,01,LC,11834,2014-03-19T00:00:00Z,2017-08-31T00:00:00Z
78179,73165,11834,025978,2055408,MRV COMMUNICATIONS INC,MRVC,553477407,P,01,LC,11834,1992-12-08T00:00:00Z,2009-06-16T00:00:00Z
78186,63972,11777,025874,24278,PETROQUEST ENERGY INC,PQUEQ,716748306,P,01,LC,11777,1999-12-23T00:00:00Z,2018-05-04T00:00:00Z
78186,63972,11777,025874,24278,PETROQUEST ENERGY INC,PQUEQ,716748306,P,01,LC,11777,1992-10-26T00:00:00Z,1999-05-05T00:00:00Z
78211,74911,11862,026016,1040122,UNIVERSAL INSURANCE HLDGS,UVE,91359V107,P,01,LU,11862,1992-12-16T00:00:00Z,NA
78216,73715,11616,025731,32513,CRYSTAL ROCK HOLDINGS INC,CRVP,22940F103,P,01,LC,11616,1992-12-07T00:00:00Z,2018-03-29T00:00:00Z
78217,77224,11851,065218,32781,COGENTIX MEDICAL INC,CGNT.1,19243A104,P,01,LC,11851,2015-04-01T00:00:00Z,2018-04-30T00:00:00Z
78217,77224,47871,065218,31933,COGENTIX MEDICAL INC,CGNT.1,19243A104,P,01,LC,11851,2015-04-01T00:00:00Z,2018-04-30T00:00:00Z
78223,119,26174,001186,1072,AGNICO EAGLE MINES LTD,AEM,008474108,P,01,LC,26174,1982-11-01T00:00:00Z,NA
78405,1365,26164,009215,26496,ROGERS COMMUNICATIONS  -CL B,RCI,775109200,C,01,LU,26164,1982-11-01T00:00:00Z,NA
78418,15834,26251,012761,757897,SUNOPTA INC,STKL,8676EP108,C,01,LU,26251,1982-11-01T00:00:00Z,NA
78451,3724,26284,013453,11495,OPPENHEIMER HOLDINGS INC,OPY,683797104,P,01,LC,26284,1993-02-26T00:00:00Z,NA
78451,3724,26284,013453,11495,OPPENHEIMER HOLDINGS INC,OPY,683797104,C,00X,LC,26284,1986-08-28T00:00:00Z,1988-06-29T00:00:00Z
78451,3724,26284,013453,11495,OPPENHEIMER HOLDINGS INC,OPY,683797104,C,00X,LC,26284,1982-11-01T00:00:00Z,1986-01-01T00:00:00Z
78569,42800,26255,012522,25654,RADA ELECTRONIC INDUSTRIES,RADA,M81863124,P,02,LC,26255,1985-06-24T00:00:00Z,2022-11-30T00:00:00Z
78664,62357,26127,014898,276,3D SYSTEMS CORP,DDD,88554D205,P,01,LU,26127,1993-08-02T00:00:00Z,NA
78693,8577,4643,017252,32105,UNITED FIRE GROUP INC,UFCS,910340108,P,01,LC,4643,1982-01-29T00:00:00Z,NA
78693,8577,4643,017252,32105,UNITED FIRE GROUP INC,UFCS,910340108,C,00X,LC,4643,1982-01-01T00:00:00Z,1982-01-28T00:00:00Z
78749,8585,4690,010902,32106,UNITED-GUARDIAN INC,UG,910571108,P,01,LU,4690,1979-04-12T00:00:00Z,NA
78756,72766,11486,028380,23423,ORTHOFIX MEDICAL INC,OFIX,68752M108,P,01,LC,11486,1992-04-24T00:00:00Z,NA
78763,49579,29637,020338,8032,PRIMO BRANDS CORP,PRMB,741623102,P,01,LC,29637,1992-06-16T00:00:00Z,2024-11-10T00:00:00Z
78829,8593,4673,010916,31671,UMB FINANCIAL CORP,UMBF,902788108,P,01,LU,4673,1974-01-31T00:00:00Z,NA
78829,8593,4673,010916,31671,UMB FINANCIAL CORP,UMBF,902788108,C,00X,LU,4673,1974-01-01T00:00:00Z,1974-01-30T00:00:00Z
78840,75437,11901,026061,32019,MATCH GROUP INC,MTCH,57667L107,P,01,LC,11901,1993-01-19T00:00:00Z,2020-06-30T00:00:00Z
78840,75437,11901,036691,3230062,IAC INC,IAC,44891N208,P,01,LC,11901,2020-07-01T00:00:00Z,NA
78840,75437,55487,026061,32019,MATCH GROUP INC,MTCH,57667L107,P,01,LC,11901,1993-01-19T00:00:00Z,2020-06-30T00:00:00Z
78841,67308,11923,027199,32204,VAALCO ENERGY INC,EGY,91851C201,P,01,LU,11923,1993-01-29T00:00:00Z,NA
78875,75898,11946,027794,8220,WOLFSPEED INC,WOLF,977852102,P,01,LC,11946,1993-02-09T00:00:00Z,NA
78876,75930,11958,027823,8338,ARTIVION INC,AORT,228903100,P,01,LU,11958,1993-02-12T00:00:00Z,NA
78877,75886,11937,027786,6608,EXPAND ENERGY CORP,EXE,165167735,P,01,LC,11937,1993-02-05T00:00:00Z,2020-06-26T00:00:00Z
78877,75886,11937,027786,3396703,EXPAND ENERGY CORP,EXE,165167735,P,01,LC,11937,1993-02-05T00:00:00Z,2020-06-26T00:00:00Z
78892,75931,11963,005831,15505,IEC ELECTRONICS CORP,IEC,44949L105,C,01,LC,11963,2009-06-09T00:00:00Z,2021-10-29T00:00:00Z
78892,75931,11963,005831,15505,IEC ELECTRONICS CORP,IEC,44949L105,C,01,LC,11963,1993-02-12T00:00:00Z,2002-12-02T00:00:00Z
78900,75996,11980,007696,21526,NATHAN'S FAMOUS INC,NATH,632347100,C,01,LU,11980,1993-02-26T00:00:00Z,NA
78903,12171,11950,017106,636373,PEOPLES BANCORP INC/OH,PEBO,709789101,P,01,LU,11950,1993-02-10T00:00:00Z,NA
78908,75869,11934,027776,26481,ROCKY BRANDS INC,RCKY,774515100,P,01,LU,11934,1993-02-03T00:00:00Z,NA
78915,75933,11960,027828,31860,UNIVERSAL ELECTRONICS INC,UEIC,913483103,P,01,LU,11960,1993-02-12T00:00:00Z,NA
78950,76190,12025,027960,1259,ALAMO GROUP INC,ALG,011311107,P,01,LU,12025,1993-03-19T00:00:00Z,NA
78955,76081,12009,027925,3230,AVID TECHNOLOGY INC,AVID,05367P100,P,01,LC,12009,1993-04-30T00:00:00Z,2023-11-30T00:00:00Z
78960,8614,4715,010930,1820399,U S ANTIMONY CORP,UAMY,911549103,C,01,LC,4715,2012-05-21T00:00:00Z,NA
78960,8614,4715,010930,1820399,U S ANTIMONY CORP,UAMY,911549103,C,01,LC,4715,1980-07-31T00:00:00Z,1991-04-17T00:00:00Z
78963,76234,12036,027981,6637,CHICOS FAS INC,CHS,168615102,P,01,LU,12036,1993-03-24T00:00:00Z,2024-01-31T00:00:00Z
78975,76085,12011,027928,16626,INTUIT INC,INTU,461202103,P,01,LC,12011,1993-03-12T00:00:00Z,NA
78977,76238,12037,027980,1539,JARDEN CORP,JAH,471109108,P,01,LC,12037,1993-04-06T00:00:00Z,2016-04-15T00:00:00Z
78981,76020,28858,021440,18435,LANDSTAR SYSTEM INC,LSTR,515098101,P,01,LU,28858,1993-03-05T00:00:00Z,NA
78987,76192,12027,027965,20566,MICROCHIP TECHNOLOGY INC,MCHP,595017104,P,01,LC,12027,1993-03-19T00:00:00Z,NA
78990,76114,12014,027936,21162,DESTINATION MATERNITY CORP,DESTQ,25065D100,C,01,LC,12014,1993-03-16T00:00:00Z,2023-01-31T00:00:00Z
78990,76114,12014,027936,3101139,DESTINATION MATERNITY CORP,DESTQ,25065D100,C,01,LC,12014,1993-03-16T00:00:00Z,2023-01-31T00:00:00Z
78999,76115,12013,027937,23560,PACIFIC SUNWEAR CALIF INC,PSUNQ,694873100,P,01,LU,12013,1993-03-16T00:00:00Z,2016-09-30T00:00:00Z
79007,76116,12015,027938,27823,SHOE CARNIVAL INC,SCVL,824889109,P,01,LU,12015,1993-03-16T00:00:00Z,NA
79013,60806,12038,022717,29752,STOCK YARDS BANCORP INC,SYBT,861025104,P,01,LC,12038,1993-03-24T00:00:00Z,NA
79022,76041,12005,035632,32614,FRESH TRACKS THERAPEUTIC INC,FRTX,10802T204,P,01,LC,12005,2019-09-03T00:00:00Z,NA
79026,1699,27849,003028,6783,CHURCHILL DOWNS INC,CHDN,171484108,P,01,LC,27849,1993-03-29T00:00:00Z,NA
79033,74856,29768,027790,26850,SAGA COMMUNICATIONS INC,SGA,786598300,P,01,LC,29768,1993-03-01T00:00:00Z,NA
79037,76223,29780,023252,11099,ETHAN ALLEN INTERIORS INC,ETD,297602104,P,01,LU,29780,1993-03-16T00:00:00Z,NA
79039,8618,4722,010938,780518,US ENERGY CORP,USEG,911805307,P,01,LC,4722,1975-02-26T00:00:00Z,NA
79057,76258,29796,028034,616,CHUBB LTD,CB,H1467J104,P,01,LC,29796,1993-03-25T00:00:00Z,NA
79089,72297,12074,028118,12370,FOSSIL GROUP INC,FOSL,34988V106,P,01,LC,12074,1993-04-08T00:00:00Z,NA
79094,76580,12108,028195,17238,JABIL INC,JBL,466313103,P,01,LU,12108,1993-04-29T00:00:00Z,NA
79103,76536,12097,028180,23350,O'REILLY AUTOMOTIVE INC,ORLY,67103H107,P,01,LU,12097,1993-04-23T00:00:00Z,NA
79108,76444,12083,028139,27025,SANMINA CORP,SANM,801056102,P,01,LU,12083,1993-04-14T00:00:00Z,NA
79116,32214,12086,028155,31297,TRICO BANCSHARES,TCBK,896095106,P,01,LU,12086,1993-04-19T00:00:00Z,NA
79133,76538,29805,028176,2411,APTARGROUP INC,ATR,038336103,P,01,LU,29805,1993-04-23T00:00:00Z,NA
79145,73128,29819,028191,26625,ROYAL CARIBBEAN GROUP,RCL,V7780T103,P,01,LU,29819,1993-04-28T00:00:00Z,NA
79150,78827,12119,028209,2234,ANIKA THERAPEUTICS INC,ANIK,035255108,P,01,LU,12119,1993-05-24T00:00:00Z,NA
79166,62452,12139,028278,13163,GERMAN AMERICAN BANCORP INC,GABC,373865104,P,01,LU,12139,1993-05-18T00:00:00Z,NA
79195,76929,12154,028303,10435,ELLIS PERRY INTL INC,PERY,288853104,P,01,LC,12154,1993-05-21T00:00:00Z,2018-10-23T00:00:00Z
79198,77013,12147,028295,30780,TITAN INTERNATIONAL INC,TWI,88830M102,P,01,LU,12147,1993-05-20T00:00:00Z,NA
79210,76678,29863,028216,25995,REINSURANCE GROUP AMER INC,RGA,759351604,P,01,LC,29863,1993-05-04T00:00:00Z,NA
79233,76891,29844,028322,14507,HEALTHCARE REALTY TRUST INC,HR,42226K105,P,01,LC,29844,1993-05-27T00:00:00Z,2022-07-20T00:00:00Z
79233,76891,29844,028322,1823948,HEALTHCARE REALTY TRUST INC,HR,42226K105,P,01,LC,29844,1993-05-27T00:00:00Z,2022-07-20T00:00:00Z
79233,76891,54106,028322,1823948,HEALTHCARE REALTY TRUST INC,HR,42226K105,P,01,LC,29844,1993-05-27T00:00:00Z,2022-07-20T00:00:00Z
79235,76994,29848,028323,556,ACADIA REALTY TRUST,AKR,004239109,P,01,LU,29848,1993-05-27T00:00:00Z,NA
79237,122577,29866,028338,31177,TRANSOCEAN LTD,RIG,H8817H100,P,01,LC,29866,1993-05-28T00:00:00Z,NA
79238,76791,29867,028340,29964,TANGER INC,SKT,875465106,P,01,LU,29867,1993-05-28T00:00:00Z,NA
79244,41480,21800,010816,32039,USG CORP,USG.1,903293405,P,01,LU,21800,1993-05-21T00:00:00Z,2019-04-30T00:00:00Z
79248,77332,12194,028408,2029,GENTHERM INC,THRM,37253A103,P,01,LC,12194,1993-06-10T00:00:00Z,NA
79249,77006,12197,028410,3615,BARRETT BUSINESS SVCS INC,BBSI,068463108,P,01,LU,12197,1993-06-11T00:00:00Z,NA
79265,77051,12214,028477,12112,FLIR SYSTEMS INC,FLIR,302445101,P,01,LU,12214,1993-06-22T00:00:00Z,2021-05-28T00:00:00Z
79299,77053,12185,028397,23746,PAPA JOHNS INTERNATIONAL INC,PZZA,698813102,P,01,LU,12185,1993-06-08T00:00:00Z,NA
79303,13719,5203,010981,32157,ESSENDANT INC,ESND,296689102,C,01,LC,5203,1981-11-24T00:00:00Z,2019-01-31T00:00:00Z
79303,13719,5203,010981,2987104,ESSENDANT INC,ESND,296689102,C,01,LC,5203,1981-11-24T00:00:00Z,2019-01-31T00:00:00Z
79307,77072,12240,028518,27794,SHILOH INDUSTRIES INC,SHLOQ,824543102,P,01,LC,12240,1993-06-29T00:00:00Z,2020-09-09T00:00:00Z
79322,66380,29244,003962,22448,NORTECH SYSTEMS INC,NSYS,656553104,C,02,LU,29244,1993-06-10T00:00:00Z,NA
79323,76854,29870,028349,1534,ALLSTATE CORP,ALL,020002101,P,01,LC,29870,1993-06-03T00:00:00Z,NA
79336,77044,29883,028462,18794,LIBBEY INC,LBYYQ,529898108,P,01,LC,29883,2010-01-04T00:00:00Z,2020-11-30T00:00:00Z
79336,77044,29883,028462,18794,LIBBEY INC,LBYYQ,529898108,P,01,LC,29883,1993-06-18T00:00:00Z,2009-04-19T00:00:00Z
79336,77044,29883,028462,1650219,LIBBEY INC,LBYYQ,529898108,P,01,LC,29883,2010-01-04T00:00:00Z,2020-11-30T00:00:00Z
79336,77044,29883,028462,1650219,LIBBEY INC,LBYYQ,529898108,P,01,LC,29883,1993-06-18T00:00:00Z,2009-04-19T00:00:00Z
79338,39992,7195,010991,27312,LIGHT & WONDER INC,LNW,80874P109,P,01,LC,7195,1984-08-23T00:00:00Z,NA
79399,77317,12304,028641,17857,KEY TECHNOLOGY INC,KTEC.1,493143101,P,01,LU,12304,1993-07-23T00:00:00Z,2018-03-29T00:00:00Z
79411,77319,12305,028648,24284,PETSMART INC,PETM,716768106,P,01,LU,12305,1993-07-23T00:00:00Z,2015-03-31T00:00:00Z
79452,77222,29911,028629,5599,CAMDEN PROPERTY TRUST,CPT,133131102,P,01,LU,29911,1993-07-22T00:00:00Z,NA
79490,77418,12346,028749,12635,FULL HOUSE RESORTS INC,FLL,359678109,P,01,LU,12346,1993-08-17T00:00:00Z,NA
79491,77722,12378,028785,13976,WINMARK CORP,WINA,974250102,P,01,LU,12378,1993-08-25T00:00:00Z,NA
79499,78312,12347,028717,16090,INNODATA INC,INOD,457642205,P,01,LU,12347,1993-08-10T00:00:00Z,NA
79507,77437,12339,028704,20989,MONARCH CASINO & RESORT INC,MCRI,609027107,P,01,LU,12339,1993-08-06T00:00:00Z,NA
79516,77838,12379,028795,23528,MATEON THERAPEUTICS INC -OLD,MATN.1,57699M933,P,01,LC,12379,1993-08-26T00:00:00Z,2019-04-30T00:00:00Z
79545,77481,29936,028742,4839,BORGWARNER INC,BWA,099724106,P,01,LU,29936,1993-08-13T00:00:00Z,NA
79547,77797,29940,028733,10928,EQUITY RESIDENTIAL,EQR,29476L107,P,01,LU,29940,1993-08-12T00:00:00Z,NA
79558,77794,29951,028769,27128,SAUL CENTERS INC,BFS,804395101,P,01,LU,29951,1993-08-19T00:00:00Z,NA
79564,140927,12407,028853,2616,ARRIS INTERNATIONAL PLC,ARRS,G0551A103,P,01,LC,12407,1993-09-17T00:00:00Z,NA
79571,78491,12412,028866,152,PATHWARD FINANCIAL INC,CASH,59100U108,P,01,LU,12412,1993-09-20T00:00:00Z,NA
79573,8681,4721,011027,31878,UNIVERSAL SECURITY INSTRUMNT,UUU,913821302,P,01,LU,4721,1973-01-23T00:00:00Z,NA
79586,77052,12390,028819,12602,FUEL TECH INC,FTEK,359523107,P,01,LU,12390,1993-09-07T00:00:00Z,NA
79588,78187,12415,028877,731228,KEURIG DR PEPPER INC,KDP,49271V100,P,01,LC,12415,1993-09-21T00:00:00Z,2016-03-02T00:00:00Z
79588,78187,12415,028877,1057037,KEURIG DR PEPPER INC,KDP,49271V100,P,01,LC,12415,1993-09-21T00:00:00Z,2016-03-02T00:00:00Z
79588,78187,56438,028877,1057037,KEURIG DR PEPPER INC,KDP,49271V100,P,01,LC,12415,1993-09-21T00:00:00Z,2016-03-02T00:00:00Z
79611,12628,27626,007951,21196,MOVADO GROUP INC,MOV,624580106,P,01,LU,27626,1993-09-30T00:00:00Z,NA
79628,79109,12440,028938,31665,ULTRATECH INC,UTEK,904034105,P,01,LU,12440,1993-09-29T00:00:00Z,2017-05-31T00:00:00Z
79636,67454,29964,020488,13547,GOLDEN STAR RESOURCES LTD,GSS,38119T807,C,01,LU,29964,1993-09-01T00:00:00Z,2022-01-31T00:00:00Z
79637,11013,4655,011032,31865,UNIVERSAL HEALTH SVCS INC,UHS,913903100,P,01,LU,4655,1981-07-09T00:00:00Z,NA
79660,78058,29973,028919,502631,ONEOK PARTNERS -LP,OKS,68268N103,P,01,LC,29973,1994-01-31T00:00:00Z,2017-06-30T00:00:00Z
79660,78058,29973,028919,502631,ONEOK PARTNERS -LP,OKS,68268N103,C,00X,LC,29973,1994-01-01T00:00:00Z,1994-01-30T00:00:00Z
79667,78060,29955,028924,3593,BARNES & NOBLE INC,BKS,067774109,P,01,LU,29955,1993-09-28T00:00:00Z,2019-08-30T00:00:00Z
79668,78142,29956,028940,5455,BELDEN INC,BDC,077454106,P,01,LC,29956,1993-09-30T00:00:00Z,NA
79678,126122,12499,180405,725,ACTIVISION BLIZZARD INC,ATVI,00507V109,P,01,LC,12499,2008-07-10T00:00:00Z,2023-10-31T00:00:00Z
79686,78314,12484,029015,8867,DECKERS OUTDOOR CORP,DECK,243537107,P,01,LU,12484,1993-10-15T00:00:00Z,NA
79698,47815,8408,012441,12862,GARTNER INC,IT,366651107,P,01,LC,12457,2003-10-01T00:00:00Z,NA
79698,47815,8408,012441,12862,GARTNER INC,IT,366651107,N,01,LC,12457,1999-07-27T00:00:00Z,2003-09-30T00:00:00Z
79698,47815,8408,012441,12862,GARTNER INC,IT,366651107,C,01,LC,12457,1999-07-01T00:00:00Z,1999-07-26T00:00:00Z
79698,47815,8408,012441,12862,GARTNER INC,IT,366651107,C,01,LC,12457,1993-10-05T00:00:00Z,1999-06-30T00:00:00Z
79698,47815,12457,012441,12862,GARTNER INC,IT,366651107,P,01,LC,12457,2003-10-01T00:00:00Z,NA
79698,47815,12457,012441,12862,GARTNER INC,IT,366651107,N,01,LC,12457,1999-07-27T00:00:00Z,2003-09-30T00:00:00Z
79698,47815,12457,012441,12862,GARTNER INC,IT,366651107,C,01,LC,12457,1999-07-01T00:00:00Z,1999-07-26T00:00:00Z
79698,47815,12457,012441,12862,GARTNER INC,IT,366651107,C,01,LC,12457,1993-10-05T00:00:00Z,1999-06-30T00:00:00Z
79702,78378,12516,029086,23670,PALATIN TECHNOLOGIES INC,PTN,696077502,P,01,LC,12516,1997-10-14T00:00:00Z,NA
79758,78332,29992,029011,4912,BOYD GAMING CORP,BYD,103304101,P,01,LU,29992,1993-10-15T00:00:00Z,NA
79770,78375,30004,029052,18770,LXP INDUSTRIAL TRUST,LXP,529043101,P,01,LU,30004,1993-10-22T00:00:00Z,NA
79777,78395,29993,029082,6092,CBL & ASSOCIATES PPTYS INC,CBL,124830878,P,01,LC,29993,1993-10-28T00:00:00Z,2020-11-02T00:00:00Z
79777,78395,29993,029082,3482586,CBL & ASSOCIATES PPTYS INC,CBL,124830878,P,01,LC,29993,1993-10-28T00:00:00Z,2020-11-02T00:00:00Z
79782,78349,30011,029099,25951,REGENCY CENTERS CORP,REG,758849103,P,01,LU,30011,1993-10-29T00:00:00Z,NA
79785,35277,21242,012459,22812,NVR INC,NVR,62944T105,P,01,LC,21242,1993-11-18T00:00:00Z,NA
79791,78571,12557,029151,606530,CENTURY CASINOS INC,CNTY,156492100,P,01,LU,12557,1993-11-10T00:00:00Z,NA
79796,78622,12591,029246,2849,ASTORIA FINANCIAL CORP,AF,046265104,P,01,LU,12591,1993-11-18T00:00:00Z,2017-09-30T00:00:00Z
79799,78573,12606,029274,2962,ATMI INC,ATMI.1,00207R101,P,01,LC,12606,1993-11-23T00:00:00Z,2014-04-29T00:00:00Z
79824,3073,12525,029101,113,FIRST FINL BANKSHARES INC,FFIN,32020R109,P,01,LU,12525,1993-11-01T00:00:00Z,NA
79839,78424,12539,029133,17144,ITRON INC,ITRI,465741106,P,01,LU,12539,1993-11-05T00:00:00Z,NA
79841,78498,12577,029206,12366,FORWARD AIR CORP,FWRD,349853101,P,01,LU,12577,1993-11-16T00:00:00Z,NA
79857,73833,12530,029108,23927,PATTERSON-UTI ENERGY INC,PTEN,703481101,P,01,LU,12530,1993-11-02T00:00:00Z,NA
79859,78624,12608,029282,22029,FLAGSTAR FINANCIAL INC,FLG,649445400,P,01,LC,12608,1993-11-23T00:00:00Z,NA
79862,78458,12541,029131,13254,GIBRALTAR INDUSTRIES INC,ROCK,374689107,P,01,LU,12541,1993-11-05T00:00:00Z,NA
79866,78524,12574,029217,27251,RADIUS RECYCLING INC,RDUS,806882106,P,01,LU,12574,1993-11-16T00:00:00Z,NA
79878,78457,12553,029156,31863,UFP INDUSTRIES INC,UFPI,90278Q108,P,01,LC,12553,1993-11-10T00:00:00Z,NA
79879,97918,12583,029241,17374,VIAVI SOLUTIONS INC,VIAV,925550105,P,01,LC,12583,1993-11-17T00:00:00Z,NA
79881,78539,12546,029150,31921,URBAN OUTFITTERS INC,URBN,917047102,P,01,LU,12546,1993-11-09T00:00:00Z,NA
79884,78555,12599,029268,33311,WEST MARINE INC,WMAR,954235107,P,01,LU,12599,1993-11-19T00:00:00Z,2017-09-29T00:00:00Z
79903,3981,30030,012545,14369,HARTE HANKS INC,HHS,416196202,P,01,LC,30030,2021-12-01T00:00:00Z,NA
79903,3981,30030,012545,14369,HARTE HANKS INC,HHS,416196202,P,01,LC,30030,1993-11-04T00:00:00Z,2020-07-10T00:00:00Z
79903,3981,30030,012545,3482520,HARTE HANKS INC,HHS,416196202,P,01,LC,30030,2021-12-01T00:00:00Z,NA
79903,3981,30030,012545,3482520,HARTE HANKS INC,HHS,416196202,P,01,LC,30030,1993-11-04T00:00:00Z,2020-07-10T00:00:00Z
79906,78496,30033,029127,15783,INCYTE CORP,INCY,45337C102,P,01,LU,30033,1993-11-04T00:00:00Z,NA
79915,78653,30044,029173,22049,OVINTIV EXPLORATION INC,NFX,651290108,P,01,LU,30044,1993-11-12T00:00:00Z,2019-02-28T00:00:00Z
80007,78776,12704,029446,28697,SOUTHWEST BANCORP INC,OKSB,844767103,P,01,LU,12704,1993-12-17T00:00:00Z,2017-10-31T00:00:00Z
80012,79030,12693,029435,24569,PLANAR SYSTEMS INC,PLNR,726900103,P,01,LU,12693,1993-12-16T00:00:00Z,2015-11-30T00:00:00Z
80014,78869,12702,019966,735451,CREATIVE MEDIA & COM TR CORP,CMCT,125525527,P,01,LC,12702,2014-03-12T00:00:00Z,NA
80019,78568,12624,029332,23835,PARKERVISION INC,PRKR,701354300,P,01,LU,12624,1993-12-01T00:00:00Z,NA
80034,78732,12669,029382,19404,MADDEN STEVEN LTD,SHOO,556269108,P,01,LU,12669,1993-12-13T00:00:00Z,NA
80050,78769,12706,029449,31618,UFP TECHNOLOGIES INC,UFPT,902673102,P,01,LU,12706,1993-12-17T00:00:00Z,NA
80054,79026,12740,029517,20133,MEDIFAST INC,MED,58470H101,P,01,LU,12740,1993-12-30T00:00:00Z,NA
80069,77269,12204,028806,16285,ARROWHEAD PHARMACEUTICAL INC,ARWR,04280A100,C,01,LC,12204,2004-09-03T00:00:00Z,NA
80069,77269,12204,028806,16285,ARROWHEAD PHARMACEUTICAL INC,ARWR,04280A100,C,01,LC,12204,1993-12-14T00:00:00Z,1994-07-20T00:00:00Z
80070,11291,29139,015070,29542,SUNCOR ENERGY INC,SU,867224107,P,01,LU,29139,1993-12-01T00:00:00Z,NA
80072,17509,4818,011861,32254,VALLEY NATIONAL BANCORP,VLY,919794107,P,01,LC,4818,1982-01-29T00:00:00Z,NA
80079,78811,30069,029511,8549,CYTEC INDUSTRIES INC,CYT.1,232820100,P,01,LC,30069,1994-01-25T00:00:00Z,2015-12-08T00:00:00Z
80080,78921,30070,029392,9940,EASTMAN CHEMICAL CO,EMN,277432100,P,01,LU,30070,1994-01-04T00:00:00Z,NA
80100,78893,30086,029389,28041,SIMON PROPERTY GROUP INC,SPG,828806109,P,01,LC,30086,1993-12-14T00:00:00Z,NA
80113,79012,12783,029612,6163,CELADON GROUP INC,CGIP,150838100,C,01,LC,12783,1994-01-21T00:00:00Z,2018-04-02T00:00:00Z
80128,8737,4761,011094,32263,VALMONT INDUSTRIES INC,VMI,920253101,P,01,LU,4761,1972-12-14T00:00:00Z,NA
80167,78730,12569,029609,14195,HAIN CELESTIAL GROUP INC,HAIN,405217100,P,01,LU,12569,1994-01-20T00:00:00Z,NA
80183,79288,30104,029649,20625,MID-AMERICA APT CMNTYS INC,MAA,59522J103,P,01,LC,30104,1994-01-28T00:00:00Z,NA
80185,79086,25265,008633,24591,PLANTRONICS INC,POLY,727493108,C,01,LC,30106,1994-01-20T00:00:00Z,2022-09-30T00:00:00Z
80185,79086,30106,008633,24591,PLANTRONICS INC,POLY,727493108,C,01,LC,30106,1994-01-20T00:00:00Z,2022-09-30T00:00:00Z
80191,79344,30249,029751,1287,ALBEMARLE CORP,ALB,012653101,P,01,LU,30249,1994-03-11T00:00:00Z,NA
80193,79213,30251,029755,3897,BEAZER HOMES USA INC,BZH,07556Q881,P,01,LC,30251,1994-02-23T00:00:00Z,NA
80204,79190,30260,029733,19739,MARTIN MARIETTA MATERIALS,MLM,573284106,P,01,LC,30260,1994-02-17T00:00:00Z,NA
80210,12960,30265,005862,25811,RAYONIER INC,RYN,754907103,P,01,LC,30265,1994-03-02T00:00:00Z,NA
80223,78486,12848,029211,4862,BOSTON PRIVATE FINL HOLDINGS,BPFH,101119105,P,01,LC,12848,1994-04-29T00:00:00Z,2021-07-30T00:00:00Z
80223,78486,12848,029211,4862,BOSTON PRIVATE FINL HOLDINGS,BPFH,101119105,C,00X,LC,12848,1994-02-14T00:00:00Z,1994-04-28T00:00:00Z
80233,79127,12843,029705,8634,DAKTRONICS INC,DAKT,234264109,P,01,LU,12843,1994-02-10T00:00:00Z,NA
80236,79145,12846,029722,9672,DSP GROUP INC,DSPG,23332B106,P,01,LU,12846,1994-02-11T00:00:00Z,2021-12-31T00:00:00Z
80237,79227,12874,029762,10322,AROTECH CORP,ARTX,042682203,P,01,LC,12874,1994-02-24T00:00:00Z,2019-12-31T00:00:00Z
80254,79171,12859,029734,20917,MOBILE MINI INC,MINI,60740F105,P,01,LU,12859,1994-02-17T00:00:00Z,2020-07-31T00:00:00Z
80266,79228,12884,029791,25490,QLOGIC CORP,QLGC,747277101,P,01,LC,12884,1994-02-28T00:00:00Z,2016-08-16T00:00:00Z
80274,79128,12835,029698,27945,SIGMATRON INTERNATIONAL INC,SGMA,82661L101,P,01,LU,12835,1994-02-09T00:00:00Z,NA
80286,79186,12863,029736,31088,TRACTOR SUPPLY CO,TSCO,892356106,P,01,LU,12863,1994-02-18T00:00:00Z,NA
80294,7142,26503,009171,26196,RGC RESOURCES INC,RGCO,74955L103,P,01,LU,26503,1994-02-01T00:00:00Z,NA
80297,45377,28344,015337,10557,EMMIS CORP,EMMS,291525400,P,01,LC,28344,1994-02-23T00:00:00Z,2020-05-13T00:00:00Z
80303,79458,12961,029968,1216,AK STEEL HOLDING CORP,AKS,001547108,P,01,LU,12961,1994-03-30T00:00:00Z,2020-03-31T00:00:00Z
80306,79301,12902,029837,4327,BIOCRYST PHARMACEUTICALS INC,BCRX,09058V103,P,01,LU,12902,1994-03-04T00:00:00Z,NA
80320,79419,12926,029901,7852,COPART INC,CPRT,217204106,P,01,LU,12926,1994-03-17T00:00:00Z,NA
80341,79407,12938,029930,736829,MOTORCAR PARTS OF AMER INC,MPAA,620071100,C,01,LU,12938,1994-03-23T00:00:00Z,NA
80343,79342,12917,029894,22302,NN INC,NNBR,629337106,P,01,LU,12917,1994-03-15T00:00:00Z,NA
80362,79412,12933,029910,27191,SCANSOURCE INC,SCSC,806037107,P,01,LU,12933,1994-03-18T00:00:00Z,NA
80375,79368,12908,029870,23082,OLYMPIC STEEL INC,ZEUS,68162K106,P,01,LU,12908,1994-03-10T00:00:00Z,NA
80381,79332,30345,029875,3169,AVALONBAY COMMUNITIES INC,AVB,053484101,P,01,LU,30345,1994-03-11T00:00:00Z,NA
80399,79353,30362,029868,19369,MACERICH CO,MAC,554382101,P,01,LU,30362,1994-03-10T00:00:00Z,NA
80412,79578,30378,030067,1080,AGREE REALTY CORP,ADC,008492100,P,01,LU,30378,1994-04-15T00:00:00Z,NA
80415,79542,30381,030032,606143,EAGLE MATERIALS INC,EXP,26969P108,P,01,LC,30381,1994-04-12T00:00:00Z,NA
80432,79583,13001,030059,1802,AMERN EAGLE OUTFITTERS INC,AEO,02553E106,P,01,LU,13001,1994-04-14T00:00:00Z,NA
80485,79522,12981,030007,32852,VIVUS INC,VVUSQ,928551308,P,01,LC,12981,1994-04-07T00:00:00Z,2020-07-16T00:00:00Z
80498,72385,13092,030222,430,AMERIS BANCORP,ABCB,03076K108,P,01,LU,13092,1994-05-19T00:00:00Z,NA
80534,79810,13087,030220,29831,SYPRIS SOLUTIONS INC,SYPR,871655106,P,01,LU,13087,1994-05-18T00:00:00Z,NA
80539,79725,13036,030137,16049,NEKTAR THERAPEUTICS,NKTR,640268108,P,01,LU,13036,1994-05-03T00:00:00Z,NA
80563,80299,13115,030259,24071,PENN ENTERTAINMENT INC,PENN,707569109,P,01,LC,13115,1994-05-26T00:00:00Z,NA
80575,79842,13114,030260,28053,SIMPSON MANUFACTURING INC,SSD,829073105,P,01,LU,13114,1994-05-26T00:00:00Z,NA
80587,79763,30396,030175,931,DIVERSICARE HEALTHCARE SVCS,DVCR,255104101,P,01,LU,30396,1994-05-10T00:00:00Z,2021-11-30T00:00:00Z
80592,79876,30401,030219,4686,BLYTH INC,BTH,09643P207,P,01,LC,30401,1994-05-18T00:00:00Z,2015-10-30T00:00:00Z
80635,79914,13136,030312,15632,IMAX CORP,IMAX,45245E109,P,01,LU,13136,1994-06-10T00:00:00Z,NA
80681,79940,30421,030293,11060,ESSEX PROPERTY TRUST,ESS,297178105,P,01,LU,30421,1994-06-07T00:00:00Z,NA
80682,80293,30422,013962,11697,FERRELLGAS PARTNERS  -LP,FGPR,315293209,P,01,LC,30422,1994-11-30T00:00:00Z,2020-01-09T00:00:00Z
80683,80059,30423,030384,130,FIRST INDL REALTY TRUST INC,FR,32054K103,P,01,LU,30423,1994-06-24T00:00:00Z,NA
80688,79912,30427,030298,14793,HIGHWOODS PROPERTIES INC,HIW,431284108,P,01,LU,30427,1994-06-08T00:00:00Z,NA
80691,80058,30429,030354,18819,LIBERTY PROPERTY TRUST,LPT,531172104,P,01,LU,30429,1994-06-17T00:00:00Z,2020-02-28T00:00:00Z
80719,80328,30446,030463,13863,GREENBRIER COS INC (THE),GBX,393657101,P,01,LU,30446,1994-07-14T00:00:00Z,NA
80747,80308,13218,030495,11676,FELCOR LODGING TRUST INC,FCH,31430F101,P,01,LU,13218,1994-07-22T00:00:00Z,2017-08-31T00:00:00Z
80759,62428,13210,030477,19823,MATTHEWS INTL CORP  -CL A,MATW,577128101,P,01,LU,13210,1994-07-20T00:00:00Z,NA
80774,80356,13225,030536,33006,GEO GROUP INC,GEO,36162J106,P,01,LU,13225,1994-07-27T00:00:00Z,NA
80779,80668,30458,030637,19381,VERIS RESIDENTIAL INC,VRE,554489104,P,01,LU,30458,1994-08-25T00:00:00Z,NA
80791,80790,13252,030576,829,ADTRAN HOLDINGS INC,ADTN,00486H105,P,01,LU,13252,1994-08-10T00:00:00Z,NA
80795,80515,13269,030612,1742,AMEDISYS INC,AMED,023436108,P,01,LU,13269,1994-08-17T00:00:00Z,NA
80804,80768,13272,030618,32032,CHINDEX INTL INC,CHDX,169467107,P,01,LU,13272,1994-08-18T00:00:00Z,2014-09-30T00:00:00Z
80858,80841,13296,030649,33151,WAVE SYSTEMS CORP  -CL A,WAVXQ,943526608,P,01,LC,13296,1994-08-31T00:00:00Z,2016-08-31T00:00:00Z
80864,80947,30474,030671,26008,RELIANCE INC,RS,759509102,P,01,LU,30474,1994-09-16T00:00:00Z,NA
80918,79896,13098,030674,2553,ARIAD PHARMACEUTICALS INC,ARIA,04033A100,P,01,LU,13098,1994-09-19T00:00:00Z,2017-02-28T00:00:00Z
80924,80880,13304,030662,28130,SIRIUS XM HOLDINGS INC,SIRI,829933100,P,01,LC,13304,1994-09-13T00:00:00Z,NA
80926,57493,13311,015060,5561,CALLON PETROLEUM CO/DE,CPE,13123X508,C,01,LC,13311,1995-01-31T00:00:00Z,2024-04-30T00:00:00Z
80926,57493,28240,015060,5561,CALLON PETROLEUM CO/DE,CPE,13123X508,C,01,LC,13311,1995-01-31T00:00:00Z,2024-04-30T00:00:00Z
80928,81098,13300,030651,8699,DARLING INGREDIENTS INC,DAR,237266101,P,01,LU,13300,1994-09-12T00:00:00Z,NA
80943,81103,13337,030710,19826,MATTSON TECHNOLOGY INC,MTSN,577223100,P,01,LU,13337,1994-09-28T00:00:00Z,2016-05-31T00:00:00Z
80951,81115,13338,030714,30470,TESSCO TECHNOLOGIES INC,TESS,872386107,P,01,LU,13338,1994-09-28T00:00:00Z,2023-07-31T00:00:00Z
80957,81535,13398,030870,1649258,ASPEN TECHNOLOGY INC,AZPN,29109X106,P,01,LC,13398,2010-02-10T00:00:00Z,2022-05-16T00:00:00Z
80957,81535,13398,030870,1649258,ASPEN TECHNOLOGY INC,AZPN,29109X106,P,01,LC,13398,1994-10-26T00:00:00Z,2008-02-18T00:00:00Z
80957,81535,59277,030870,1649258,ASPEN TECHNOLOGY INC,AZPN,29109X106,P,01,LC,13398,2010-02-10T00:00:00Z,2022-05-16T00:00:00Z
80957,81535,59277,030870,1649258,ASPEN TECHNOLOGY INC,AZPN,29109X106,P,01,LC,13398,1994-10-26T00:00:00Z,2008-02-18T00:00:00Z
80969,81497,13402,030877,244282,COVENANT LOGISTICS GROUP INC,CVLG,22284P105,P,01,LU,13402,1994-10-28T00:00:00Z,NA
80987,81524,13394,030861,18025,KNIGHT-SWIFT TRPTN HLDGS INC,KNX,499049104,P,01,LC,13394,1994-10-25T00:00:00Z,2017-09-08T00:00:00Z
80987,81524,13394,030861,1677470,KNIGHT-SWIFT TRPTN HLDGS INC,KNX,499049104,P,01,LC,13394,1994-10-25T00:00:00Z,2017-09-08T00:00:00Z
80987,81524,53620,030861,1677470,KNIGHT-SWIFT TRPTN HLDGS INC,KNX,499049104,P,01,LC,13394,1994-10-25T00:00:00Z,2017-09-08T00:00:00Z
81010,81578,13384,030847,29346,STRATASYS LTD,SSYS,M85548101,P,01,LC,13384,1994-10-21T00:00:00Z,NA
81045,82564,30500,030822,25864,REALTY INCOME CORP,O,756109104,P,01,LU,30500,1994-10-18T00:00:00Z,NA
81055,81687,30513,030990,5734,CAPITAL ONE FINANCIAL CORP,COF,14040H105,P,01,LC,30513,1994-11-16T00:00:00Z,NA
81061,81939,21180,007171,19966,MCKESSON CORP,MCK,58155Q103,P,01,LC,30521,1994-12-01T00:00:00Z,NA
81061,81939,23057,007171,19966,MCKESSON CORP,MCK,58155Q103,P,01,LC,30521,1994-12-01T00:00:00Z,NA
81061,81939,30521,007171,19966,MCKESSON CORP,MCK,58155Q103,P,01,LC,30521,1994-12-01T00:00:00Z,NA
81073,82116,30020,001393,1974,U-HAUL HOLDING CO,UHAL,023586100,P,01,LU,30020,1994-11-03T00:00:00Z,NA
81095,128549,13413,030932,22531,NORTHWEST BANCSHARES INC,NWBI,667340103,P,01,LU,13413,1994-11-07T00:00:00Z,NA
81103,76865,13414,028791,26658,ROYALE ENERGY INC,ROYL,78074G200,P,01,LU,13414,1994-11-08T00:00:00Z,NA
81116,81912,13447,011124,32422,VEECO INSTRUMENTS INC,VECO,922417100,C,01,LC,13447,1994-11-29T00:00:00Z,NA
81116,81912,25035,011124,32422,VEECO INSTRUMENTS INC,VECO,922417100,C,01,LC,13447,1994-11-29T00:00:00Z,NA
81124,2790,1519,004322,10536,EMERSON RADIO CORP,MSN,291087203,C,01,LC,1519,1994-12-22T00:00:00Z,NA
81138,82046,13457,031122,2337,APOLLO EDUCATION GROUP INC,APOL,037604105,C,01,LU,13457,2017-02-01T00:00:00Z,2017-02-28T00:00:00Z
81138,82046,13457,031122,2337,APOLLO EDUCATION GROUP INC,APOL,037604105,P,01,LU,13457,1994-12-06T00:00:00Z,2017-01-31T00:00:00Z
81165,82204,13487,031214,20838,MIND TECHNOLOGY INC,MIND,602566309,P,01,LC,13487,1994-12-19T00:00:00Z,NA
81173,82208,13480,031203,29267,STILLWATER MINING CO,SWC,86074Q102,P,01,LC,13480,1994-12-16T00:00:00Z,2017-05-03T00:00:00Z
81184,82418,13466,031170,31880,UNVL STAINLESS & ALLOY PRODS,USAP,913837100,P,01,LU,13466,1994-12-14T00:00:00Z,NA
81208,79346,13517,028485,11976,COLLIERS INTL GROUP INC,CIGI,194693107,P,01,LC,13517,1998-04-30T00:00:00Z,NA
81220,82817,13521,031453,16141,INSIGHT ENTERPRISES INC,NSIT,45765U103,P,01,LU,13521,1995-01-24T00:00:00Z,NA
81222,82578,13524,031460,26061,UPBOUND GROUP INC,UPBD,76009N100,P,01,LU,13524,1995-01-25T00:00:00Z,NA
81225,68907,13536,026520,27246,SCHMITT INDUSTRIES INC/OR,SMIT,806870200,P,01,LU,13536,1995-01-30T00:00:00Z,2023-01-13T00:00:00Z
81241,83012,13539,031477,5192,AZENTA INC,AZTA,114340102,P,01,LU,13539,1995-02-02T00:00:00Z,NA
81254,80163,12949,031521,732161,STONEX GROUP INC,SNEX,861896108,P,01,LC,12949,1995-03-31T00:00:00Z,NA
81256,83081,13543,031488,16237,INTEGRATED SILICON SOLUTION,ISSI,45812P107,P,01,LU,13543,1995-02-03T00:00:00Z,2015-12-31T00:00:00Z
81278,84194,13585,031567,29369,STRATTEC SECURITY CORP,STRT,863111100,P,01,LU,13585,1995-04-28T00:00:00Z,NA
81282,83594,13587,031564,31129,ACI WORLDWIDE INC,ACIW,004498101,P,01,LU,13587,1995-02-24T00:00:00Z,NA
81284,802,29146,015580,4518,BANK OF MONTREAL,BMO,063671101,C,01,LC,29146,1998-02-27T00:00:00Z,NA
81292,83293,30852,031560,28822,SPEEDWAY MOTORSPORTS INC,TRK,847788106,P,01,LU,30852,1995-02-24T00:00:00Z,2019-09-30T00:00:00Z
81294,8846,4881,011234,33176,WD-40 CO,WDFC,929236107,P,01,LU,4881,1973-01-23T00:00:00Z,NA
81472,83760,13621,061214,2781,ASML HOLDING NV,ASML,N07059210,P,90,LC,13621,1995-03-15T00:00:00Z,NA
81481,83595,13603,031587,9474,DOLLAR TREE INC,DLTR,256746108,P,01,LC,13603,1995-03-07T00:00:00Z,NA
81501,83773,13617,031607,21606,NATIONAL INSTRUMENTS CORP,NATI,636518102,P,01,LU,13617,1995-03-14T00:00:00Z,2023-10-31T00:00:00Z
81521,84641,30868,061839,103377,AMERIGAS PARTNERS  -LP,APU,030975106,P,01,LU,30868,1995-04-12T00:00:00Z,2019-08-30T00:00:00Z
81527,67510,30875,039309,19995,STAGWELL INC,STGW,85256A109,P,01,LC,30875,2021-08-03T00:00:00Z,NA
81539,84889,13687,031743,2139,ANADIGICS INC,ANAD,032515108,P,01,LU,13687,1995-04-21T00:00:00Z,2016-03-31T00:00:00Z
81540,73178,13650,031673,2043,CENCORA INC,COR,03073E105,P,01,LC,13650,1995-04-04T00:00:00Z,NA
81564,84581,13657,024466,15383,IBERIABANK CORP,IBKC,450828108,P,01,LU,13657,1995-04-07T00:00:00Z,2020-07-31T00:00:00Z
81566,84434,13648,031674,23964,PCM INC,PCMI,69323K100,P,01,LC,13648,1995-04-04T00:00:00Z,2019-08-31T00:00:00Z
81577,27217,5679,017145,33097,WAFD INC,WAFD,938824109,P,01,LC,5679,1983-12-30T00:00:00Z,NA
81584,85041,13695,031752,6339,CBIZ INC,CBZ,124805102,P,01,LU,13695,1995-04-27T00:00:00Z,NA
81588,84727,13682,031738,29907,TAITRON COMPONENTS  -CL A,TAIT,874028103,P,01,LU,13682,1995-04-19T00:00:00Z,NA
81598,78595,13713,028169,1097,AGRIUM INC,AGU,008916108,P,01,LU,13713,1995-05-05T00:00:00Z,2018-01-03T00:00:00Z
81614,8912,4988,011302,33780,WSI INDUSTRIES INC,WSCI,92932Q102,P,01,LU,4988,1972-12-14T00:00:00Z,2018-11-30T00:00:00Z
81620,3957,13743,018654,14325,HARDINGE INC,HDNG,412324303,P,03,LU,13743,1995-05-25T00:00:00Z,2018-05-31T00:00:00Z
81621,85391,13739,031843,14343,HARMONIC INC,HLIT,413160102,P,01,LU,13739,1995-05-23T00:00:00Z,NA
81655,85159,30886,031846,8697,DARDEN RESTAURANTS INC,DRI,237194105,P,01,LC,30886,1995-05-30T00:00:00Z,NA
81665,85912,30897,060931,29849,GLOBAL INDUSTRIAL CO,GIC,37892E102,P,01,LC,30897,1995-06-27T00:00:00Z,NA
81666,4009,30898,060902,551213,HAWAIIAN HOLDINGS INC,HA,419879101,P,01,LU,30898,1995-06-21T00:00:00Z,2024-09-30T00:00:00Z
81675,85899,30909,060914,28713,LIFE STORAGE INC,LSI,53223X107,P,01,LU,30909,1995-06-21T00:00:00Z,2023-07-31T00:00:00Z
81677,85682,30913,060979,33000,WABTEC CORP,WAB,929740108,P,01,LU,30913,1995-06-16T00:00:00Z,NA
81678,4984,27454,006737,18901,LINCOLN ELECTRIC HLDGS INC,LECO,533900106,P,01,LC,27454,1998-06-01T00:00:00Z,NA
81678,4984,27454,006737,18901,LINCOLN ELECTRIC HLDGS INC,LECO,533900106,J,01,LC,27454,1997-12-31T00:00:00Z,1998-05-31T00:00:00Z
81678,4984,27454,006737,18901,LINCOLN ELECTRIC HLDGS INC,LECO,533900106,P,02,LC,27454,1997-06-01T00:00:00Z,1997-12-30T00:00:00Z
81678,4984,27454,006737,18901,LINCOLN ELECTRIC HLDGS INC,LECO,533900106,P,01,LC,27454,1995-06-13T00:00:00Z,1997-05-31T00:00:00Z
81696,79919,13790,060900,10024,DISH NETWORK CORP,DISH,25470M109,P,01,LU,13790,1995-06-21T00:00:00Z,2024-01-31T00:00:00Z
81702,8924,4987,011315,33149,WAUSAU PAPER CORP,WPP.2,943315101,P,01,LC,4987,1977-09-30T00:00:00Z,2016-01-29T00:00:00Z
81705,85566,13750,031881,11672,FEI CO,FEIC,30241L109,P,01,LC,13750,1995-06-01T00:00:00Z,2016-09-19T00:00:00Z
81736,85575,13753,031887,26113,RESMED INC,RMD,761152107,P,01,LU,13753,1995-06-02T00:00:00Z,NA
81740,78987,13758,060800,28065,SINCLAIR INC,SBGI,829242106,P,01,LC,13758,1995-06-07T00:00:00Z,NA
81741,85690,13759,060801,28415,SOCKET MOBILE INC,SCKT,83368E200,P,01,LC,13759,2016-06-22T00:00:00Z,NA
81741,85690,13759,060801,28415,SOCKET MOBILE INC,SCKT,83368E200,P,01,LC,13759,1995-06-07T00:00:00Z,2012-07-27T00:00:00Z
81741,85690,13759,060801,2477015,SOCKET MOBILE INC,SCKT,83368E200,P,01,LC,13759,2016-06-22T00:00:00Z,NA
81741,85690,13759,060801,2477015,SOCKET MOBILE INC,SCKT,83368E200,P,01,LC,13759,1995-06-07T00:00:00Z,2012-07-27T00:00:00Z
81774,55244,20763,014590,12493,FREEPORT-MCMORAN INC,FCX,35671D857,P,02,LC,20763,1995-07-31T00:00:00Z,NA
81776,86111,30922,060992,20236,SUNEDISON INC,SUNEQ,86732Y109,P,01,LC,30922,1995-07-13T00:00:00Z,2017-12-29T00:00:00Z
81850,86232,13882,061069,2836,ASTEA INTERNATIONAL INC,ATEA,04622E208,P,01,LC,13882,1995-07-27T00:00:00Z,2019-12-31T00:00:00Z
81857,86241,13833,060894,7835,CAMERON INTERNATIONAL CORP,CAM,13342B105,P,01,LC,13833,1995-07-19T00:00:00Z,2016-04-01T00:00:00Z
81869,86202,13876,061077,14024,GSE SYSTEMS INC,GVP,36227K205,P,01,LU,13876,1995-07-27T00:00:00Z,2024-11-29T00:00:00Z
81893,86129,13852,061028,25191,CLIMB GLOBAL SOLUTIONS INC,CLMB,946760105,P,01,LU,13852,1995-07-18T00:00:00Z,NA
81910,81714,30929,029804,2129,INVESCO LTD,IVZ,G491BT108,P,02,LC,30929,1995-08-25T00:00:00Z,2007-12-03T00:00:00Z
81912,86325,25544,001072,3262,AVX CORP,AVX,002444107,C,01,LC,30930,1995-08-15T00:00:00Z,2020-03-27T00:00:00Z
81912,86325,30930,001072,3262,AVX CORP,AVX,002444107,C,01,LC,30930,1995-08-15T00:00:00Z,2020-03-27T00:00:00Z
81917,86324,30932,061188,15086,SERVICE PROPERTIES TRUST,SVC,81761L102,P,01,LU,30932,1995-08-17T00:00:00Z,NA
82107,4329,2253,014253,33327,WESTAMERICA BANCORPORATION,WABC,957090103,P,01,LU,2253,1977-01-31T00:00:00Z,NA
82107,4329,2253,014253,33327,WESTAMERICA BANCORPORATION,WABC,957090103,C,00X,LU,2253,1977-01-01T00:00:00Z,1977-01-30T00:00:00Z
82163,86109,13934,061166,6187,CELLEGY PHARMACEUTICALS -OLD,4437B,15199X932,P,01,LU,13934,1995-08-14T00:00:00Z,2005-12-28T00:00:00Z
82163,86109,13934,182826,2025188,DMK PHARMACEUTICALS CORP,DMKPQ,00547W307,P,01,LC,13934,2013-12-13T00:00:00Z,NA
82171,85937,13913,061122,1734,AMCON DISTRIBUTING CO,DIT,02341Q205,P,01,LU,13913,1995-08-04T00:00:00Z,NA
82176,86302,13945,061192,25908,CRAFT BREW ALLIANCE INC,BREW,224122101,P,01,LC,13945,1995-08-17T00:00:00Z,2020-09-30T00:00:00Z
82179,86415,13943,061181,16204,INTEGRA LIFESCIENCES HOLDNGS,IART,457985208,P,01,LU,13943,1995-08-16T00:00:00Z,NA
82196,67370,13960,020653,9002,DENBURY INC,DEN,24790A101,P,01,LC,13960,1995-08-25T00:00:00Z,2020-07-29T00:00:00Z
82212,86311,13938,061179,17879,KFORCE INC,KFRC,493732101,P,01,LU,13938,1995-08-15T00:00:00Z,NA
82213,86236,13912,061129,25921,REDWOOD TRUST INC,RWT,758075402,P,01,LU,13912,1995-08-04T00:00:00Z,NA
82234,86433,30943,061285,3440,FUNDAMENTAL GLOBAL INC,FGF,30329Y304,P,01,LC,30943,2004-09-24T00:00:00Z,2024-02-29T00:00:00Z
82234,86433,30943,061285,3440,FUNDAMENTAL GLOBAL INC,FGF,30329Y304,P,01,LC,30943,1995-09-07T00:00:00Z,2000-12-14T00:00:00Z
82261,12057,13988,061356,14025,NOVANTA INC,NOVT,67000B104,P,01,LC,13988,2011-02-14T00:00:00Z,NA
82261,12057,13988,061356,14025,NOVANTA INC,NOVT,67000B104,P,01,LC,13988,1999-03-24T00:00:00Z,2009-11-04T00:00:00Z
82261,12057,13988,061356,1687694,NOVANTA INC,NOVT,67000B104,P,01,LC,13988,2011-02-14T00:00:00Z,NA
82261,12057,13988,061356,1687694,NOVANTA INC,NOVT,67000B104,P,01,LC,13988,1999-03-24T00:00:00Z,2009-11-04T00:00:00Z
82272,86434,13979,061325,24025,PEDIATRIX MEDICAL GROUP INC,MD,58502B106,P,01,LC,13979,1995-09-20T00:00:00Z,NA
82276,86425,13971,061302,2486,ARCH CAPITAL GROUP LTD,ACGL,G0450A105,P,01,LU,13971,1995-09-14T00:00:00Z,NA
82279,6660,3659,008582,27595,SENECA FOODS CORP,SENEA,817070501,P,02,LU,3659,2005-04-01T00:00:00Z,NA
82279,6660,3659,008582,27595,SENECA FOODS CORP,SENEA,817070501,J,02,LU,3659,1995-09-20T00:00:00Z,2005-03-31T00:00:00Z
82281,86426,13978,061321,28302,SMITH MICRO SOFTWARE INC,SMSI,832154405,P,01,LC,13978,1995-09-19T00:00:00Z,NA
82287,86452,13994,061350,8119,CRAY INC,CRAY,225223304,P,01,LC,13994,1995-09-26T00:00:00Z,2019-09-30T00:00:00Z
82292,85225,30958,061408,1520,HANOVER INSURANCE GROUP INC,THG,410867105,P,01,LU,30958,1995-10-11T00:00:00Z,NA
82298,86520,30963,061409,9172,DIAMOND OFFSHRE DRILLING INC,DO,25271C201,P,01,LC,30963,1995-10-11T00:00:00Z,2020-04-24T00:00:00Z
82298,86520,30963,061409,3523407,DIAMOND OFFSHRE DRILLING INC,DO,25271C201,P,01,LC,30963,1995-10-11T00:00:00Z,2020-04-24T00:00:00Z
82303,86489,30970,061388,11292,EVEREST GROUP LTD,EG,G3223R108,P,01,LU,30970,1995-10-03T00:00:00Z,NA
82307,86607,30975,061483,8783,DAVITA INC,DVA,23918K108,P,01,LU,30975,1995-10-31T00:00:00Z,NA
82486,86479,14013,061380,10960,ERIE INDEMNITY CO,ERIE,29530P102,P,01,LU,14013,1995-10-02T00:00:00Z,NA
82508,86779,14031,061399,21434,MYRIAD GENETICS INC,MYGN,62855J104,P,01,LC,14031,1995-10-06T00:00:00Z,NA
82513,86687,14073,061448,24321,PHARMACYCLICS INC,PCYC,716933106,P,01,LU,14073,1995-10-24T00:00:00Z,2015-05-29T00:00:00Z
82515,86563,14046,061420,27358,POOL CORP,POOL,73278L105,P,01,LU,14046,1995-10-13T00:00:00Z,NA
82521,86690,14070,061439,25680,RADISYS CORP,RSYS,750459109,P,01,LU,14070,1995-10-20T00:00:00Z,2018-12-31T00:00:00Z
82540,86548,14037,015274,33052,WALTER ENERGY INC,WLTGQ,93317Q105,P,01,LC,14037,1995-10-10T00:00:00Z,2019-05-31T00:00:00Z
82541,82287,12901,030029,22703,NUMEREX CORP  -CL A,NMRX,67053A102,P,01,LU,12901,1994-03-03T00:00:00Z,2017-12-29T00:00:00Z
82542,1878,27456,003203,6535,CHASE CORP,CCF,16150R104,C,01,LU,27456,1995-11-08T00:00:00Z,2023-11-30T00:00:00Z
82546,87079,14129,061557,923,ADVENT SOFTWARE INC,ADVS,007974108,P,01,LU,14129,1995-11-16T00:00:00Z,2015-07-31T00:00:00Z
82547,86818,14143,061562,864,ADVANCED ENERGY INDS INC,AEIS,007973100,P,01,LU,14143,1995-11-17T00:00:00Z,NA
82555,77038,14111,028724,3441,BALLARD POWER SYSTEMS INC,BLDP,058586108,P,01,LC,14111,1995-11-08T00:00:00Z,NA
82567,86920,14092,061490,11369,OPKO HEALTH INC,OPK,68375N103,P,01,LC,14092,1995-11-02T00:00:00Z,NA
82575,86681,14091,061487,3541,BANNER CORP,BANR,06652V208,P,01,LC,14091,1995-11-01T00:00:00Z,NA
82581,86709,14098,061494,14669,HENRY SCHEIN INC,HSIC,806407102,P,01,LU,14098,1995-11-03T00:00:00Z,NA
82587,86847,14161,061587,16477,INTEVAC INC,IVAC,461148108,P,01,LU,14161,1995-11-21T00:00:00Z,NA
82598,86821,14152,061591,21903,NETAPP INC,NTAP,64110D104,P,01,LU,14152,1995-11-21T00:00:00Z,NA
82599,86856,14175,061635,22535,NORTHWEST PIPE CO,NWPX,667746101,P,01,LU,14175,1995-11-30T00:00:00Z,NA
82607,76008,14165,061600,23799,PAREXEL INTERNATIONAL CORP,PRXL,699462107,P,01,LU,14165,1995-11-22T00:00:00Z,2017-09-30T00:00:00Z
82618,86898,14105,061513,26992,SANDISK CORP,SNDK,80004C101,P,01,LU,14105,1995-11-08T00:00:00Z,2016-05-11T00:00:00Z
82634,86892,31190,061581,4855,BOSTON BEER INC  -CL A,SAM,100557107,P,01,LU,31190,1995-11-21T00:00:00Z,NA
82642,86890,31196,061567,11074,ESTEE LAUDER COMPANIES INC,EL,518439104,P,01,LC,31196,1995-11-17T00:00:00Z,NA
82643,86824,31197,061552,18774,LEXMARK INTL INC  -CL A,LXK,529771107,P,01,LC,31197,1995-11-15T00:00:00Z,2016-11-29T00:00:00Z
82644,86806,31198,061589,20008,MEADOWBROOK INS GROUP INC,MIG.2,58319P108,P,01,LC,31198,1995-11-21T00:00:00Z,2015-07-07T00:00:00Z
82649,86718,31205,061519,27299,MATIV HOLDINGS INC,MATV,808541106,P,01,LU,31205,1995-12-01T00:00:00Z,NA
82651,86619,31208,061574,33136,WATERS CORP,WAT,941848103,P,01,LU,31208,1995-11-17T00:00:00Z,NA
82654,7218,29151,015633,26620,ROYAL BANK OF CANADA,RY,780087102,P,01,LC,29151,1995-10-16T00:00:00Z,NA
82656,86605,13987,061759,7887,CORE LABORATORIES INC,CLB,21867A105,P,01,LC,13987,1995-09-21T00:00:00Z,NA
82664,87031,14238,061726,786,ADEPT TECHNOLOGY INC,ADEP,006854202,P,01,LU,14238,1995-12-15T00:00:00Z,2015-10-30T00:00:00Z
82670,87017,14232,061711,481560,TG THERAPEUTICS INC,TGTX,88322Q108,P,01,LC,14232,2013-05-30T00:00:00Z,NA
82670,87017,14232,061711,481560,TG THERAPEUTICS INC,TGTX,88322Q108,P,01,LC,14232,1995-12-14T00:00:00Z,2008-03-25T00:00:00Z
82670,87017,14232,061711,1955483,TG THERAPEUTICS INC,TGTX,88322Q108,P,01,LC,14232,2013-05-30T00:00:00Z,NA
82670,87017,14232,061711,1955483,TG THERAPEUTICS INC,TGTX,88322Q108,P,01,LC,14232,1995-12-14T00:00:00Z,2008-03-25T00:00:00Z
82686,87091,14201,061676,6959,CITRIX SYSTEMS INC,CTXS,177376100,P,01,LU,14201,1995-12-08T00:00:00Z,2022-10-31T00:00:00Z
82694,4548,2482,006223,10503,EMCOR GROUP INC,EME,29084Q100,C,01,LU,14268,1995-12-28T00:00:00Z,NA
82694,4548,14268,006223,10503,EMCOR GROUP INC,EME,29084Q100,C,01,LU,14268,1995-12-28T00:00:00Z,NA
82699,7968,14262,061763,12512,ELIZABETH ARDEN INC,RDEN,28660G106,P,01,LU,14262,1995-12-21T00:00:00Z,2016-09-30T00:00:00Z
82702,87023,14243,061745,15696,IMPAX LABORATORIES INC,IPXL,45256B101,C,01,LC,14243,2009-03-16T00:00:00Z,2018-05-06T00:00:00Z
82702,87023,14243,061745,15696,IMPAX LABORATORIES INC,IPXL,45256B101,C,01,LC,14243,1995-12-19T00:00:00Z,2005-08-07T00:00:00Z
82702,87023,14243,018888,1560214,AMNEAL PHARMACEUTICALS INC,AMRX,03168L105,P,01,LC,14243,2018-05-07T00:00:00Z,NA
82734,86931,14188,061656,24320,ACCELRYS INC,ACCL,00430U103,P,01,LU,14188,1995-12-05T00:00:00Z,2014-04-30T00:00:00Z
82734,86931,14188,061656,564669,ACCELRYS INC,ACCL,00430U103,P,01,LU,14188,1995-12-05T00:00:00Z,2014-04-30T00:00:00Z
82743,87620,14237,061735,29076,STAR GROUP LP,SGU,85512C105,P,01,LC,14237,1995-12-15T00:00:00Z,NA
82759,87143,14205,061685,27190,NUANCE COMMUNICATIONS INC,NUAN,67020Y100,P,01,LU,14205,1995-12-11T00:00:00Z,2022-03-31T00:00:00Z
82763,75305,14252,028775,33826,XRS CORP,XRSC,983845108,P,01,LU,14252,1995-12-20T00:00:00Z,2014-10-31T00:00:00Z
82768,87198,31377,061712,4626,BLONDER TONGUE LABS INC,BDRL,093698108,P,01,LU,31377,1995-12-14T00:00:00Z,NA
82775,52141,31386,061739,14372,HARTFORD FINANCIAL SERVICES,HIG,416515104,P,01,LC,31386,1995-12-20T00:00:00Z,NA
82777,86930,31388,061732,21232,MSC INDUSTRIAL DIRECT  -CL A,MSM,553530106,P,01,LU,31388,1995-12-15T00:00:00Z,NA
82800,87672,31574,061811,29256,SOUTHERN COPPER CORP,SCCO,84265V105,P,01,LU,31574,1996-01-12T00:00:00Z,NA
82831,87431,14309,061901,21764,NEOPHARM INC-OLD,NEOL.1,64099W933,P,01,LC,14309,1996-01-25T00:00:00Z,2009-02-11T00:00:00Z
82831,87431,14309,179731,1949578,INSYS THERAPEUTICS INC,INSYQ,45824V209,P,01,LC,14309,2013-05-02T00:00:00Z,2019-06-18T00:00:00Z
82833,87619,14305,061870,23228,OPEN TEXT CORP,OTEX,683715106,P,01,LU,14305,1996-01-24T00:00:00Z,NA
82855,2723,1507,004241,10267,EL PASO ELECTRIC CO,EE.2,283677854,P,01,LC,1507,1996-02-27T00:00:00Z,2020-07-31T00:00:00Z
82859,7088,23373,062290,26166,REVLON INC  -CL A,REVRQ,761525609,P,01,LC,23373,1996-02-29T00:00:00Z,2023-05-02T00:00:00Z
82860,87649,31583,062501,29433,SUBURBAN PROPANE PRTNRS  -LP,SPH,864482104,P,01,LU,31583,1996-02-29T00:00:00Z,NA
82924,9088,4922,011499,33491,WILEY (JOHN) & SONS  -CL A,WLY,968223206,P,01,LU,4922,1982-09-28T00:00:00Z,NA
83011,36090,6149,011511,33516,WILLIAMS-SONOMA INC,WSM,969904101,P,01,LU,6149,1983-07-07T00:00:00Z,NA
83111,87607,14394,062263,1355,ALEXION PHARMACEUTICALS INC,ALXN,015351109,P,01,LU,14394,1996-02-28T00:00:00Z,2021-07-30T00:00:00Z
83112,94459,14382,001659,2177,ANDERSONS INC,ANDE,034164103,P,01,LU,14382,1996-02-20T00:00:00Z,NA
83113,87321,14337,061996,2645,ARTHROCARE CORP,ARTC,043136100,P,01,LU,14337,1996-02-05T00:00:00Z,2014-05-30T00:00:00Z
83113,87321,14337,061996,1650007,ARTHROCARE CORP,ARTC,043136100,P,01,LU,14337,1996-02-05T00:00:00Z,2014-05-30T00:00:00Z
83120,87585,14387,062221,7368,COLUMBUS MCKINNON CORP,CMCO,199333105,P,01,LU,14387,1996-02-23T00:00:00Z,NA
83124,87679,14393,062266,8366,CSG SYSTEMS INTL INC,CSGS,126349109,P,01,LU,14393,1996-02-28T00:00:00Z,NA
83131,87396,14340,062016,9247,SIZMEK INC,SZMK,83013P105,P,01,LC,14340,1996-02-06T00:00:00Z,2014-02-06T00:00:00Z
83131,87396,54746,062016,2042997,SIZMEK INC,SZMK,83013P105,P,01,LC,14340,1996-02-06T00:00:00Z,2014-02-06T00:00:00Z
83143,90908,14330,062374,17012,IRON MOUNTAIN INC,IRM,46284V101,P,01,LU,14330,1996-02-01T00:00:00Z,NA
83145,87590,14377,062168,17002,IRIDEX CORP,IRIX,462684101,P,01,LU,14377,1996-02-16T00:00:00Z,NA
83148,87424,14374,062169,18421,LIFECORE BIOMEDL INC,LFCR,514766104,P,01,LU,14374,1996-02-15T00:00:00Z,NA
83149,87592,14385,062217,18876,LIGHTPATH TECHNOLOGIES INC,LPTH,532257805,P,01,LU,14385,1996-02-22T00:00:00Z,NA
83152,87459,14328,062330,1023065,EINSTEIN NOAH RESTAURANT GRP,BAGL,28257U104,P,01,LU,14328,1996-02-01T00:00:00Z,2014-11-28T00:00:00Z
83186,86711,5857,003707,9675,DST SYSTEMS INC,DST,233326107,C,01,LC,31782,1995-11-01T00:00:00Z,2018-04-30T00:00:00Z
83186,86711,31782,003707,9675,DST SYSTEMS INC,DST,233326107,C,01,LC,31782,1995-11-01T00:00:00Z,2018-04-30T00:00:00Z
83188,69769,29634,024370,5600,CAMECO CORP,CCJ,13321L108,P,01,LU,29634,1996-03-14T00:00:00Z,NA
83233,3829,27374,005338,13891,GREIF INC  -CL A,GEF,397624107,P,01,LU,27374,1996-03-06T00:00:00Z,NA
83244,87867,14479,062516,6334,CENTURY ALUMINUM CO,CENX,156431108,P,01,LU,14479,1996-03-29T00:00:00Z,NA
83272,87705,14427,062378,15171,HUB GROUP INC  -CL A,HUBG,443320106,P,01,LU,14427,1996-03-13T00:00:00Z,NA
83291,99067,14433,062391,9906,EARTHLINK HOLDINGS CORP,ELNK,27033X101,P,01,LC,14433,1996-03-14T00:00:00Z,2017-02-28T00:00:00Z
83303,87608,14398,062302,28732,SPAR GROUP INC,SGRP,784933103,P,01,LU,14398,1996-03-01T00:00:00Z,NA
83307,87658,14408,062317,25369,PREMIERE GLOBAL SERVICES INC,PGI,740585104,P,01,LU,14408,1996-03-05T00:00:00Z,2015-12-31T00:00:00Z
83366,88205,14548,062686,5790,CARBO CERAMICS INC,CRRTQ,140781105,P,01,LC,14548,1996-04-23T00:00:00Z,2019-11-29T00:00:00Z
83382,88201,14568,062723,31471,TUCOWS INC,TCX,898697206,P,01,LU,14568,1996-04-30T00:00:00Z,NA
83390,87870,14494,062549,18260,KVH INDUSTRIES INC,KVHI,482738101,P,01,LU,14494,1996-04-02T00:00:00Z,NA
83391,88112,14535,062666,18450,STREAMLINE HEALTH SOLUTIONS,STRM,86323X205,P,01,LC,14535,1996-04-18T00:00:00Z,NA
83405,88211,14567,062730,24733,POLYCOM INC,PLCM,73172K104,P,01,LC,14567,1996-04-30T00:00:00Z,2016-09-26T00:00:00Z
83411,87952,14518,062626,917978,EVOLUTION PETROLEUM CORP,EPM,30049A107,P,01,LU,14518,1996-04-11T00:00:00Z,NA
83413,87919,14506,062602,27073,SAPIENT CORP,SAPE,803062108,P,01,LU,14506,1996-04-04T00:00:00Z,2015-02-27T00:00:00Z
83414,19722,14531,062654,26999,SANDY SPRING BANCORP INC,SASR,800363103,P,01,LU,14531,1996-04-17T00:00:00Z,NA
83421,87981,14527,062655,29462,DEAN FOODS CO,DFODQ,242370203,P,01,LC,14527,1996-04-17T00:00:00Z,2021-06-03T00:00:00Z
83421,87981,14527,062655,3108011,DEAN FOODS CO,DFODQ,242370203,P,01,LC,14527,1996-04-17T00:00:00Z,2021-06-03T00:00:00Z
83422,88207,14572,062732,29766,SYKES ENTERPRISES INC,SYKE,871237103,P,01,LU,14572,1996-04-30T00:00:00Z,2021-08-31T00:00:00Z
83462,88379,31647,062897,31495,TUPPERWARE BRANDS CORP,TUPBQ,899896104,P,01,LU,31647,1996-05-31T00:00:00Z,NA
83503,88412,14676,062948,11341,EXACTECH INC,EXAC,30064E109,P,01,LU,14676,1996-05-30T00:00:00Z,2018-02-28T00:00:00Z
83504,88284,14587,062755,99,BEAR STATE FINANCIAL INC,BSF,073844102,P,01,LC,14587,1996-05-03T00:00:00Z,2018-04-30T00:00:00Z
83509,88457,14602,062823,12593,FTI CONSULTING INC,FCN,302941109,P,01,LU,14602,1996-05-09T00:00:00Z,NA
83520,88373,14582,062745,17276,JAKKS PACIFIC INC,JAKK,47012E403,P,01,LC,14582,1996-05-02T00:00:00Z,NA
83534,88426,14659,062921,21929,NEUROCRINE BIOSCIENCES INC,NBIX,64125C109,P,01,LU,14659,1996-05-23T00:00:00Z,NA
83597,88638,31661,063172,11485,FACTSET RESEARCH SYSTEMS INC,FDS,303075105,P,01,LU,31661,1996-06-28T00:00:00Z,NA
83601,9179,5009,011600,33760,WORTHINGTON ENTERPRISES INC,WOR,981811102,P,01,LU,5009,1972-12-14T00:00:00Z,NA
83602,89727,31665,063138,15630,GLASSBRIDGE ENTERPRISES INC,GLAE,377185202,C,01,LC,31665,1996-07-16T00:00:00Z,2017-07-31T00:00:00Z
83616,88531,14700,062990,1011,AFFYMETRIX INC,AFFX,00826T108,P,01,LC,14700,1996-06-06T00:00:00Z,2016-03-31T00:00:00Z
83621,89245,14744,063080,2257,ANSYS INC,ANSS,03662Q105,P,01,LU,14744,1996-06-20T00:00:00Z,NA
83622,88601,14740,063081,2452,ARADIGM CORP,ARDMQ,038505400,P,01,LC,14740,2014-06-11T00:00:00Z,2019-01-14T00:00:00Z
83622,88601,14740,063081,2452,ARADIGM CORP,ARDMQ,038505400,P,01,LC,14740,1996-06-20T00:00:00Z,2006-11-09T00:00:00Z
83622,88601,14740,063081,2075349,ARADIGM CORP,ARDMQ,038505400,P,01,LC,14740,2014-06-11T00:00:00Z,2019-01-14T00:00:00Z
83622,88601,14740,063081,2075349,ARADIGM CORP,ARDMQ,038505400,P,01,LC,14740,1996-06-20T00:00:00Z,2006-11-09T00:00:00Z
83630,88584,14750,063099,5171,BROADVISION INC,BVSN,111412706,P,01,LC,14750,2008-11-10T00:00:00Z,2020-05-29T00:00:00Z
83630,88584,14750,063099,5171,BROADVISION INC,BVSN,111412706,P,01,LC,14750,1996-06-21T00:00:00Z,2006-03-05T00:00:00Z
83642,17286,14751,017724,6267,CONNECTONE BANCORP INC,CNOB,20786W107,C,01,LC,14751,1996-06-24T00:00:00Z,NA
83651,88511,14715,063030,10788,CASI PHARMACEUTICALS INC,CASI,G1933S101,P,01,LC,14715,1996-06-12T00:00:00Z,NA
83661,88592,14754,063123,13057,GENESEE & WYOMING INC  -CL A,GWR,371559105,C,01,LU,14754,1996-06-25T00:00:00Z,2020-01-01T00:00:00Z
83671,80499,14722,022207,18329,TRUEBLUE INC,TBI,89785X101,P,01,LU,14722,1996-06-13T00:00:00Z,NA
83683,88649,14778,063178,25312,PROVIDENT FINANCIAL HOLDINGS,PROV,743868101,P,01,LC,14778,1996-06-28T00:00:00Z,NA
83720,88925,31689,063288,11629,FBL FINANCIAL GROUP INC-CL A,FFG,30239F106,P,01,LU,31689,1996-07-19T00:00:00Z,2021-05-28T00:00:00Z
83728,86699,31700,061406,790345,RENAISSANCERE HOLDINGS LTD,RNR,G7496G103,P,01,LU,31700,1995-07-27T00:00:00Z,NA
83738,19140,14781,025201,5998,CASS INFORMATION SYSTEMS INC,CASS,14808P109,P,01,LU,14781,1996-07-01T00:00:00Z,NA
83756,89363,14859,063405,13173,GERON CORP,GERN,374163103,P,01,LU,14859,1996-07-31T00:00:00Z,NA
83779,88930,14828,063290,24040,PEGASYSTEMS INC,PEGA,705573103,P,01,LU,14828,1996-07-19T00:00:00Z,NA
83799,89429,14838,063338,29376,STRATEGIC EDUCATION INC,STRA,86272C103,P,01,LU,14838,1996-07-25T00:00:00Z,NA
83815,90085,14762,063135,5076,DIME COMMUNITY BANCSHARES,DCOM,25432X102,P,01,LC,14762,1996-06-26T00:00:00Z,2021-01-29T00:00:00Z
83815,90085,14762,063135,9295,DIME COMMUNITY BANCSHARES,DCOM,25432X102,P,01,LC,14762,1996-06-26T00:00:00Z,2021-01-29T00:00:00Z
83815,90085,53043,063135,5076,DIME COMMUNITY BANCSHARES,DCOM,25432X102,P,01,LC,14762,1996-06-26T00:00:00Z,2021-01-29T00:00:00Z
83822,82558,31710,063447,14079,GUESS INC,GES,401617105,P,01,LU,31710,1996-08-08T00:00:00Z,NA
83831,89971,31718,063543,29257,SOUTHWEST GEORGIA FINL CORP,SGB,84502A104,P,01,LU,31718,1996-08-30T00:00:00Z,2020-04-30T00:00:00Z
83834,89413,31723,063495,33501,WILLBROS GROUP INC,WGRP,969203108,P,01,LC,31723,1996-08-15T00:00:00Z,2018-06-29T00:00:00Z
83835,8297,29152,015706,30956,TORONTO DOMINION BANK,TD,891160509,P,01,LC,29152,1996-08-30T00:00:00Z,NA
83862,89344,14915,063501,11117,E TRADE FINANCIAL CORP,ETFC,269246401,P,01,LC,14915,1996-08-16T00:00:00Z,2020-10-30T00:00:00Z
83879,79116,14873,063422,18385,LAMAR ADVERTISING CO  -CL A,LAMR,512816109,P,01,LU,14873,1996-08-02T00:00:00Z,NA
83883,89399,14905,035543,20738,OPTION CARE HEALTH INC,OPCH,68404L201,P,01,LC,14905,2019-08-07T00:00:00Z,NA
83885,89730,14931,063531,20610,MICROVISION INC,MVIS,594960304,P,01,LC,14931,1996-08-27T00:00:00Z,NA
83906,89683,14927,063527,29200,STERICYCLE INC,SRCL,858912108,P,01,LU,14927,1996-08-23T00:00:00Z,2024-11-29T00:00:00Z
83910,89578,14923,063520,31128,TRANSACT TECHNOLOGIES INC,TACT,892918103,P,01,LU,14923,1996-08-22T00:00:00Z,NA
83916,89046,14863,063417,30323,TTEC HOLDINGS INC,TTEC,89854H102,P,01,LC,14863,1996-08-01T00:00:00Z,NA
83950,90175,14977,063650,21752,SPECTRUM PHARMACEUTICALS INC,SPPI,84763A108,P,01,LU,14977,1996-09-26T00:00:00Z,2023-07-31T00:00:00Z
83956,90205,14970,063640,24030,PEERLESS SYSTEMS CORP,PRLS,705536100,P,01,LU,14970,1996-09-25T00:00:00Z,2015-02-27T00:00:00Z
83969,90287,14958,063596,33519,WILLIS LEASE FINANCE CORP,WLFC,970646105,P,01,LU,14958,1996-09-18T00:00:00Z,NA
83976,90468,22200,063643,446,ABERCROMBIE & FITCH  -CL A,ANF,002896207,P,01,LU,22200,1996-09-26T00:00:00Z,NA
83989,3783,1908,005284,13794,GRAY MEDIA INC,GTN,389375106,P,02,LU,1908,2004-06-01T00:00:00Z,NA
83989,3783,1908,005284,13794,GRAY MEDIA INC,GTN,389375106,J,02,LU,1908,1996-09-24T00:00:00Z,2004-05-31T00:00:00Z
84007,90135,14969,063639,22934,ONITY GROUP INC,ONIT,675746606,P,01,LC,14969,1996-09-25T00:00:00Z,NA
84026,90411,31764,063708,460498,DOVER MOTORSPORTS INC,DVD,260174107,P,01,LU,31764,1996-10-04T00:00:00Z,2021-12-31T00:00:00Z
84030,90247,31767,063698,10579,EMPIRE RESOURCES INC,ERS,29206E100,P,01,LC,31767,2013-02-04T00:00:00Z,2017-05-31T00:00:00Z
84030,90247,31767,063698,10579,EMPIRE RESOURCES INC,ERS,29206E100,P,01,LC,31767,1996-10-02T00:00:00Z,2009-01-08T00:00:00Z
84030,90247,31767,063698,1325151,EMPIRE RESOURCES INC,ERS,29206E100,P,01,LC,31767,2013-02-04T00:00:00Z,2017-05-31T00:00:00Z
84030,90247,31767,063698,1325151,EMPIRE RESOURCES INC,ERS,29206E100,P,01,LC,31767,1996-10-02T00:00:00Z,2009-01-08T00:00:00Z
84030,90247,31767,063698,1929165,EMPIRE RESOURCES INC,ERS,29206E100,P,01,LC,31767,2013-02-04T00:00:00Z,2017-05-31T00:00:00Z
84030,90247,31767,063698,1929165,EMPIRE RESOURCES INC,ERS,29206E100,P,01,LC,31767,1996-10-02T00:00:00Z,2009-01-08T00:00:00Z
84032,90338,31769,063892,21553,NOV INC,NOV,62955J103,P,01,LC,31769,1996-10-29T00:00:00Z,NA
84041,90373,31779,063876,31373,TRIUMPH GROUP INC,TGI,896818101,P,01,LU,31779,1996-10-25T00:00:00Z,NA
84042,90334,31780,063847,32076,PENSKE AUTOMOTIVE GROUP INC,PAG,70959W103,P,01,LU,31780,1996-10-23T00:00:00Z,NA
84052,90470,15040,063789,2612,ARQULE INC,ARQL,04269E107,P,01,LU,15040,1996-10-16T00:00:00Z,2020-01-31T00:00:00Z
84062,90227,15025,063739,6633,BJ'S RESTAURANTS INC,BJRI,09180C106,P,01,LU,15025,1996-10-09T00:00:00Z,NA
84084,90320,15037,063763,14739,HIBBETT INC,HIBB,428567101,P,01,LU,15037,1996-10-11T00:00:00Z,2024-07-31T00:00:00Z
84103,90399,15019,063724,21677,NAVIGANT CONSULTING INC,NCI.3,63935N107,P,01,LU,15019,1996-10-04T00:00:00Z,2019-10-31T00:00:00Z
84129,9245,5057,011687,34139,ZIONS BANCORPORATION NA,ZION,989701107,P,01,LC,5057,1974-01-01T00:00:00Z,NA
84167,90460,31796,064063,13065,GENESIS ENERGY  -LP,GEL,371927104,P,01,LU,31796,1996-11-27T00:00:00Z,NA
84168,90353,31798,063919,16047,INGRAM MICRO INC,IM,457153104,P,01,LC,31798,1996-11-01T00:00:00Z,2016-12-05T00:00:00Z
84172,90452,31802,064028,22679,NU SKIN ENTERPRISES  -CL A,NUS,67018T105,P,01,LU,31802,1996-11-22T00:00:00Z,NA
84176,71582,9842,014535,27366,EW SCRIPPS  -CL A,SSP,811054402,P,01,LC,31806,1996-11-14T00:00:00Z,NA
84176,71582,31806,014535,27366,EW SCRIPPS  -CL A,SSP,811054402,P,01,LC,31806,1996-11-14T00:00:00Z,NA
84181,11442,27520,002696,6129,CANADIAN NATIONAL RAILWAY CO,CNI,136375102,P,01,LU,27520,1996-12-02T00:00:00Z,NA
84210,90454,15190,064061,12299,FORRESTER RESEARCH INC,FORR,346563109,P,01,LU,15190,1996-11-27T00:00:00Z,NA
84226,4462,27852,006116,16584,INTL SPEEDWAY CORP  -CL A,ISCA,460335201,P,02,LU,27852,1996-12-01T00:00:00Z,2019-10-31T00:00:00Z
84226,4462,27852,006116,16584,INTL SPEEDWAY CORP  -CL A,ISCA,460335201,N,02,LU,27852,1996-11-05T00:00:00Z,1996-11-30T00:00:00Z
84234,90535,15147,063986,10868,EPLUS INC,PLUS,294268107,P,01,LC,15147,2008-09-03T00:00:00Z,NA
84234,90535,15147,063986,10868,EPLUS INC,PLUS,294268107,P,01,LC,15147,1996-11-15T00:00:00Z,2007-07-19T00:00:00Z
84255,90377,15114,063938,27402,SEACHANGE INTERNATIONAL INC,SEAC,811699404,P,01,LU,15114,1996-11-05T00:00:00Z,NA
84262,90441,15171,064030,29158,STEEL DYNAMICS INC,STLD,858119100,P,01,LU,15171,1996-11-22T00:00:00Z,NA
84275,90344,15108,063927,32128,UNITED NATURAL FOODS INC,UNFI,911163103,P,01,LU,15108,1996-11-01T00:00:00Z,NA
84319,90624,15243,064175,18989,LITHIA MOTORS INC  -CL A,LAD,536797103,P,01,LU,15243,1996-12-18T00:00:00Z,NA
84325,90577,15210,064102,24764,INVENTURE FOODS INC,SNAK,461212102,P,01,LC,15210,1996-12-06T00:00:00Z,2017-12-29T00:00:00Z
84338,16582,15197,020747,530632,TESCO CORP,TESO,88157K101,P,01,LU,15197,1996-12-02T00:00:00Z,2017-12-29T00:00:00Z
84342,90581,15229,064156,30816,MONSTER WORLDWIDE INC,MWW,611742107,P,01,LC,15229,1996-12-13T00:00:00Z,2016-10-31T00:00:00Z
84348,90745,15199,064088,32601,VIASAT INC,VSAT,92552V100,P,01,LU,15199,1996-12-03T00:00:00Z,NA
84372,90883,21241,007648,21710,NCR VOYIX CORP,VYX,62886E108,C,01,LU,31832,1997-01-02T00:00:00Z,NA
84372,90883,31832,007648,21710,NCR VOYIX CORP,VYX,62886E108,C,01,LU,31832,1997-01-02T00:00:00Z,NA
84373,94474,31838,064166,25578,QUEST DIAGNOSTICS INC,DGX,74834L100,P,01,LU,31838,1997-01-14T00:00:00Z,NA
84375,90870,21729,010443,30421,TENNECO INC,TEN.2,880349105,P,01,LC,31841,1996-12-12T00:00:00Z,2022-11-30T00:00:00Z
84375,90870,31841,010443,30421,TENNECO INC,TEN.2,880349105,P,01,LC,31841,1996-12-12T00:00:00Z,2022-11-30T00:00:00Z
84381,7172,21524,009203,26468,ROCKWELL AUTOMATION,ROK,773903109,P,01,LC,31847,1996-12-16T00:00:00Z,NA
84381,7172,31847,009203,26468,ROCKWELL AUTOMATION,ROK,773903109,P,01,LC,31847,1996-12-16T00:00:00Z,NA
84385,90750,31890,064302,803,INSPERITY INC,NSP,45778Q107,P,01,LU,31890,1997-01-29T00:00:00Z,NA
84387,56649,21544,014794,7888,CORE MOLDING TECHNOLOGIES,CMT,218683100,P,01,LC,31894,1997-01-02T00:00:00Z,NA
84387,56649,31894,014794,7888,CORE MOLDING TECHNOLOGIES,CMT,218683100,P,01,LC,31894,1997-01-02T00:00:00Z,NA
84389,47134,31896,064547,635761,SOUTH STATE CORP,SSB,840441109,P,01,LC,31896,1997-01-28T00:00:00Z,NA
84392,90733,31899,064306,17908,KILROY REALTY CORP,KRC,49427F108,P,01,LU,31899,1997-01-29T00:00:00Z,NA
84400,89394,31664,141720,14695,ENERGY TRANSFER PARTNERS -LP,ETP,29278N103,P,01,LC,31664,2000-08-31T00:00:00Z,2017-04-27T00:00:00Z
84400,89394,31664,141720,115362,ENERGY TRANSFER PARTNERS -LP,ETP,29278N103,P,01,LC,31664,2000-08-31T00:00:00Z,2017-04-27T00:00:00Z
84403,9164,27497,011580,33666,WOODWARD INC,WWD,980745103,P,01,LU,27497,1997-01-14T00:00:00Z,NA
84413,90737,15306,064327,6389,CERUS CORP,CERS,157085101,P,01,LU,15306,1997-01-31T00:00:00Z,NA
84511,90796,15314,064334,401,VERICEL CORP,VCEL,92346J108,P,01,LU,15314,1997-02-04T00:00:00Z,NA
84516,46348,15307,020109,5716,CAPITAL CITY BK GROUP INC,CCBG,139674105,P,01,LU,15307,1997-02-03T00:00:00Z,NA
84519,90800,15321,064356,6834,CIENA CORP,CIEN,171779309,P,01,LC,15321,1997-02-07T00:00:00Z,NA
84531,90878,15312,064346,10862,EPIQ SYSTEMS INC,EPIQ,26882D109,P,01,LC,15312,1997-02-04T00:00:00Z,2016-09-30T00:00:00Z
84531,90878,15312,064346,802966,EPIQ SYSTEMS INC,EPIQ,26882D109,P,01,LC,15312,1997-02-04T00:00:00Z,2016-09-30T00:00:00Z
84555,90934,15351,064408,625078,OVERLAND STORAGE INC,OVRL,690310305,P,01,LC,15351,1997-02-21T00:00:00Z,2014-12-31T00:00:00Z
84563,58929,15339,064389,27970,SILGAN HOLDINGS INC,SLGN,827048109,P,01,LU,15339,1997-02-14T00:00:00Z,NA
84581,90781,31920,184487,13581,PERNIX THERAPEUTICS HOLDINGS,PTXTQ,71426V306,P,01,LC,31920,2010-03-10T00:00:00Z,2019-03-04T00:00:00Z
84588,52628,31933,064344,32214,VAIL RESORTS INC,MTN,91879Q109,P,01,LU,31933,1997-02-04T00:00:00Z,NA
84596,69284,15402,064550,645876,ALTAIR NANOTECHNOLOGIES INC,ALTI.1,021373303,P,01,LC,15402,1997-03-24T00:00:00Z,2014-09-04T00:00:00Z
84597,90850,15370,064552,2048,TD AMERITRADE HOLDING CORP,AMTD.,87236Y108,P,01,LC,15370,1997-03-04T00:00:00Z,2020-10-30T00:00:00Z
84604,90977,15401,064515,6184,CTI BIOPHARMA CORP,CTIC,12648L601,P,01,LC,15401,1997-03-21T00:00:00Z,2023-06-30T00:00:00Z
84606,90992,15376,064536,11239,EURONET WORLDWIDE INC,EEFT,298736109,P,01,LU,15376,1997-03-07T00:00:00Z,NA
84607,90861,15374,064637,10504,EMCORE CORP,EMKR,290846401,P,01,LC,15374,1997-03-06T00:00:00Z,NA
84621,81668,15412,102696,19084,LOGITECH INTERNATIONAL SA,LOGI,H50430232,P,02,LC,15412,2006-10-23T00:00:00Z,NA
84624,90881,15384,064480,19400,TIVO CORP,TIVO,88870P106,P,01,LC,15384,1997-03-13T00:00:00Z,2020-06-30T00:00:00Z
84624,90881,15384,064480,1064229,TIVO CORP,TIVO,88870P106,P,01,LC,15384,1997-03-13T00:00:00Z,2020-06-30T00:00:00Z
84636,90991,15385,063781,33592,WINTRUST FINANCIAL CORP,WTFC,97650W108,P,01,LC,15385,1997-03-13T00:00:00Z,NA
84648,67591,31942,020721,664421,RICHMONT MINES INC,RIC,76547T106,P,01,LU,31942,1997-03-07T00:00:00Z,2017-11-30T00:00:00Z
84656,91783,31946,064690,3128,AUTOLIV INC,ALV,052800109,P,01,LC,31946,1997-04-28T00:00:00Z,NA
84668,70941,29372,024965,30449,TERRA NITROGEN CO  -LP,TNH,881005201,P,01,LU,29372,1997-04-01T00:00:00Z,2018-03-31T00:00:00Z
84723,72552,15434,029453,6592,CHENIERE ENERGY INC,LNG,16411R208,C,01,LC,15434,2001-03-05T00:00:00Z,NA
84723,72552,15434,029453,6592,CHENIERE ENERGY INC,LNG,16411R208,C,01,LC,15434,1997-04-11T00:00:00Z,2000-12-13T00:00:00Z
84734,91072,15454,064699,12030,FLAGSTAR BANCORP INC,FBC,337930705,P,01,LC,15454,1997-04-30T00:00:00Z,2022-12-30T00:00:00Z
84737,90972,15423,064568,14104,GULF ISLAND FABRICATION INC,GIFI,402307102,P,01,LU,15423,1997-04-04T00:00:00Z,NA
84749,91256,15426,064584,748444,FIRST SOUTH BANCORP INC/VA,FSBK,33646W100,P,01,LU,15426,1997-04-08T00:00:00Z,2017-10-31T00:00:00Z
84761,91266,15436,064630,29924,TAKE-TWO INTERACTIVE SFTWR,TTWO,874054109,P,01,LU,15436,1997-04-15T00:00:00Z,NA
84767,91230,31965,064821,1354,ALEXANDRIA R E EQUITIES INC,ARE,015271109,P,01,LC,31965,1997-05-23T00:00:00Z,NA
84769,91929,27471,014282,2100,AMPHENOL CORP,APH,032095101,P,01,LC,31967,1997-05-20T00:00:00Z,NA
84769,91929,31967,014282,2100,AMPHENOL CORP,APH,032095101,P,01,LC,31967,1997-05-20T00:00:00Z,NA
84776,91147,11586,025405,12973,GENERAL CABLE CORP/DE,BGC.1,369300108,C,01,LC,31975,1997-05-16T00:00:00Z,2018-06-05T00:00:00Z
84776,91147,31975,025405,12973,GENERAL CABLE CORP/DE,BGC.1,369300108,C,01,LC,31975,1997-05-16T00:00:00Z,2018-06-05T00:00:00Z
84788,91098,15473,064768,1703,AMAZON.COM INC,AMZN,023135106,P,01,LC,15473,1997-05-15T00:00:00Z,NA
84819,102609,15483,039351,20264,SHARPLINK GAMING INC,SBET,820014108,P,01,LC,15483,2021-07-28T00:00:00Z,NA
84827,91140,15471,064766,25728,RAMBUS INC,RMBS,750917106,P,01,LU,15471,1997-05-14T00:00:00Z,NA
85013,91203,15529,064915,16476,INTEST CORP,INTT,461147100,P,01,LU,15529,1997-06-17T00:00:00Z,NA
85019,91165,15505,064848,18018,KMG CHEMICALS INC,KMG,482564101,P,01,LU,15505,1997-06-02T00:00:00Z,2018-11-30T00:00:00Z
85020,91255,15547,064979,580282,PACIFIC PREMIER BANCORP INC,PPBI,69478X105,P,01,LU,15547,1997-06-25T00:00:00Z,NA
85035,139185,15506,064853,26182,QORVO INC,QRVO,74736K101,P,01,LC,15506,1997-06-03T00:00:00Z,NA
85035,139185,15506,064853,2204149,QORVO INC,QRVO,74736K101,P,01,LC,15506,1997-06-03T00:00:00Z,NA
85040,91206,15534,064929,28062,SIMULATIONS PLUS INC,SLP,829214105,P,01,LU,15534,1997-06-18T00:00:00Z,NA
85058,91208,31991,064925,4863,BXP INC,BXP,101121101,P,01,LU,31991,1997-06-18T00:00:00Z,NA
85059,91375,31994,064997,7410,COMFORT SYSTEMS USA INC,FIX,199908104,P,01,LU,31994,1997-06-27T00:00:00Z,NA
85067,91210,32004,064901,19869,MAXIMUS INC,MMS,577933104,P,01,LU,32004,1997-06-13T00:00:00Z,NA
85072,91214,32009,064891,24726,RALPH LAUREN CORP,RL,751212101,P,01,LU,32009,1997-06-12T00:00:00Z,NA
85077,91376,32014,298036,29120,STARTEK INC,SRT,85569C107,P,01,LC,32014,2018-07-24T00:00:00Z,2024-01-31T00:00:00Z
85079,91784,32016,064850,33269,REIS INC,REIS,75936P105,P,01,LU,32016,1997-06-06T00:00:00Z,2018-10-31T00:00:00Z
85082,4269,20625,004193,9938,EASTGROUP PROPERTIES,EGP,277276101,P,01,LC,32019,1997-06-11T00:00:00Z,NA
85082,4269,32019,004193,9938,EASTGROUP PROPERTIES,EGP,277276101,P,01,LC,32019,1997-06-11T00:00:00Z,NA
85168,91272,15563,065006,5506,HELIX ENERGY SOLUTIONS GROUP,HLX,42330P107,P,01,LC,15563,1997-07-01T00:00:00Z,NA
85173,91292,15579,065026,7274,OUTERWALL INC,OUTR,690070107,P,01,LC,15579,1997-07-03T00:00:00Z,2016-09-26T00:00:00Z
85176,41565,15568,064223,9787,DXP ENTERPRISES INC,DXPE,233377407,P,01,LU,15568,1997-07-02T00:00:00Z,NA
85177,91410,15567,065021,335,8X8 INC,EGHT,282914100,P,01,LC,15567,1997-07-02T00:00:00Z,NA
85187,91299,15560,065011,14719,HESKA CORP,HSKA,42805E306,P,01,LC,15560,1997-07-01T00:00:00Z,2023-06-30T00:00:00Z
85198,91311,15596,065106,4527,BANK OZK,OZK,06417N103,P,01,LC,15596,2018-07-16T00:00:00Z,NA
85198,91311,15596,065106,4527,BANK OZK,OZK,06417N103,P,01,LU,15596,1997-07-17T00:00:00Z,2018-07-15T00:00:00Z
85205,73116,15580,031418,25600,PROPHASE LABS INC,PRPH,74345W108,P,01,LU,15580,1997-07-07T00:00:00Z,NA
85208,91313,15564,174876,864396,SIRONA DENTAL SYSTEMS INC,SIRO,82966C103,P,01,LC,15564,2006-06-21T00:00:00Z,2016-02-26T00:00:00Z
85234,97101,32025,065084,7952,CORECIVIC INC,CXW,21871N101,P,01,LC,32025,1997-07-15T00:00:00Z,NA
85246,91360,32039,065108,44349,JONES LANG LASALLE INC,JLL,48020Q107,P,01,LU,32039,1997-07-17T00:00:00Z,NA
85257,465,20188,001598,2058,AMETEK INC,AME,031100100,P,01,LC,32054,1997-08-08T00:00:00Z,NA
85257,465,32054,001598,2058,AMETEK INC,AME,031100100,P,01,LC,32054,1997-08-08T00:00:00Z,NA
85259,5870,20328,002369,5011,BROOKFIELD CORP,BN,11271J107,C,01,LC,32056,1997-08-09T00:00:00Z,NA
85259,5870,32056,002369,5011,BROOKFIELD CORP,BN,11271J107,C,01,LC,32056,1997-08-09T00:00:00Z,NA
85265,91458,32062,065290,28228,SL GREEN REALTY CORP,SLG,78440X887,P,01,LU,32062,1997-08-15T00:00:00Z,NA
85269,11570,21855,015247,32237,VALERO ENERGY CORP,VLO,91913Y100,P,01,LC,32066,1997-08-12T00:00:00Z,NA
85269,11570,32066,015247,32237,VALERO ENERGY CORP,VLO,91913Y100,P,01,LC,32066,1997-08-12T00:00:00Z,NA
85272,91441,15658,065286,951,AEHR TEST SYSTEMS,AEHR,00760J108,P,01,LU,15658,1997-08-15T00:00:00Z,NA
85280,91383,15633,065220,5898,CARRIZO OIL & GAS INC,CRZO,144577103,P,01,LU,15633,1997-08-06T00:00:00Z,2019-12-31T00:00:00Z
85299,39049,15657,018732,18379,LAKELAND FINANCIAL CORP,LKFN,511656100,P,01,LU,15657,1997-08-15T00:00:00Z,NA
85319,91427,15648,065270,29823,SYNTEL INC,SYNT,87162H103,P,01,LU,15648,1997-08-12T00:00:00Z,2018-10-31T00:00:00Z
85333,91855,32070,065413,9541,DOT HILL SYSTEMS CORP,HILL,25848T109,P,01,LU,32070,1997-09-17T00:00:00Z,2015-10-30T00:00:00Z
85348,92073,32093,065417,77014,YUM BRANDS INC,YUM,988498101,P,01,LC,32093,1997-10-07T00:00:00Z,NA
85349,101282,32092,065399,2671,MERITOR INC,MTOR,59001K100,P,01,LC,32092,1997-10-01T00:00:00Z,2022-08-31T00:00:00Z
85372,91859,15692,065421,11590,FARO TECHNOLOGIES INC,FARO,311642102,P,01,LU,15692,1997-09-18T00:00:00Z,NA
85390,91863,15697,065430,6647,CHILDRENS PLACE INC,PLCE,168905107,P,01,LU,15697,1997-09-19T00:00:00Z,NA
85394,91678,15678,065343,25025,PRICESMART INC,PSMT,741511109,P,01,LU,15678,1997-09-02T00:00:00Z,NA
85401,91775,15686,065376,2797224,SIGA TECHNOLOGIES INC,SIGA,826917106,P,01,LC,15686,2018-03-22T00:00:00Z,NA
85401,91775,15686,065376,2797224,SIGA TECHNOLOGIES INC,SIGA,826917106,P,01,LC,15686,1997-09-09T00:00:00Z,2015-03-19T00:00:00Z
85419,92677,32102,065732,5744,SONIDA SENIOR LIVING INC,SNDA,140475203,P,01,LC,32102,1997-10-31T00:00:00Z,NA
85424,92345,32108,065671,9636,INNOVEX INTERNATIONAL INC,INVX,457651107,P,01,LU,32108,1997-10-23T00:00:00Z,NA
85426,92284,29109,024620,12897,RYMAN HOSPITALITY PPTYS INC,RHP,78377T107,P,01,LC,32110,1997-10-08T00:00:00Z,NA
85426,92284,32110,024620,12897,RYMAN HOSPITALITY PPTYS INC,RHP,78377T107,P,01,LC,32110,1997-10-08T00:00:00Z,NA
85427,92673,32111,065718,13933,GROUP 1 AUTOMOTIVE INC,GPI,398905109,P,01,LU,32111,1997-10-30T00:00:00Z,NA
85439,858,975,001533,1896,AMERICAN PACIFIC CORP,APFC,028740108,P,01,LC,975,1979-01-31T00:00:00Z,1981-09-27T00:00:00Z
85439,858,975,001533,1896,AMERICAN PACIFIC CORP,APFC,028740108,P,01,LC,975,1982-11-01T00:00:00Z,2014-02-26T00:00:00Z
85439,858,975,001533,1896,AMERICAN PACIFIC CORP,APFC,028740108,C,00X,LC,975,1973-10-01T00:00:00Z,1979-01-30T00:00:00Z
85440,92114,32122,065590,29318,STONERIDGE INC,SRI,86183P102,P,01,LU,32122,1997-10-10T00:00:00Z,NA
85449,80950,32130,030443,12525,FRESH DEL MONTE PRODUCE INC,FDP,G36738105,P,01,LU,32130,1997-10-24T00:00:00Z,NA
85459,92189,15758,065609,6438,C H ROBINSON WORLDWIDE INC,CHRW,12541W209,P,01,LU,15758,1997-10-15T00:00:00Z,NA
85472,64864,15761,065640,16896,CENTRESPACE,CSR,15202L107,P,01,LU,15761,1997-10-17T00:00:00Z,NA
85488,92069,15739,065607,23441,OSI SYSTEMS INC,OSIS,671044105,P,01,LU,15739,1997-10-02T00:00:00Z,NA
85496,93303,15791,065739,24179,PERICOM SEMICONDUCTOR CORP,PSEM,713831105,P,01,LC,15791,1997-10-31T00:00:00Z,2015-11-24T00:00:00Z
85517,92180,32132,065615,6738,CHOICE HOTELS INTL INC,CHH,169905106,P,01,LU,32132,1997-10-16T00:00:00Z,NA
85522,93661,15854,065904,2384,APPLIED MICRO CIRCUITS CORP,AMCC,03822W406,P,01,LU,15854,1997-11-25T00:00:00Z,2017-01-31T00:00:00Z
85539,93519,15826,065850,6491,CHARLES & COLVARD LTD,CTHR,159765205,P,01,LU,15826,1997-11-14T00:00:00Z,NA
85540,93298,15800,065765,8392,YUNHONG GREEN CTI LTD,YHGJ,98873Q100,P,01,LC,15800,1997-11-05T00:00:00Z,NA
85567,93605,15841,065896,23537,GEOSPACE TECHNOLOGIES CORP,GEOS,37364X109,P,01,LC,15841,1997-11-21T00:00:00Z,NA
85570,41893,7556,012964,5484,CADIZ INC,CDZI,127537207,P,01,LU,7556,1985-05-23T00:00:00Z,NA
85571,93575,15832,065872,25188,PROGENICS PHARMACEUTICAL INC,PGNX,743187106,P,01,LU,15832,1997-11-19T00:00:00Z,2020-06-30T00:00:00Z
85576,93608,15843,065899,25860,REALNETWORKS INC,RNWK,75605L708,P,01,LU,15843,1997-11-21T00:00:00Z,2022-12-30T00:00:00Z
85586,45213,7914,011872,2571,ARK RESTAURANTS CORP,ARKR,040712101,P,01,LU,7914,1985-12-12T00:00:00Z,NA
85592,93626,30369,029984,1710,PROLOGIS INC,PLD,74340W103,P,01,LC,32135,2011-06-03T00:00:00Z,NA
85592,93626,32135,029984,1710,PROLOGIS INC,PLD,74340W103,P,01,LC,32135,2011-06-03T00:00:00Z,NA
85593,93630,32136,065886,1002,AFFILIATED MANAGERS GRP INC,AMG,008252108,P,01,LU,32136,1997-11-21T00:00:00Z,NA
85604,93581,32145,065710,10771,EPR PROPERTIES,EPR,26884U109,P,01,LU,32145,1997-11-18T00:00:00Z,NA
85621,93593,32158,065772,20478,METTLER-TOLEDO INTL INC,MTD,592688105,P,01,LU,32158,1997-11-14T00:00:00Z,NA
85627,93558,32164,065831,28568,SONIC AUTOMOTIVE INC  -CL A,SAH,83545G102,P,01,LU,32164,1997-11-12T00:00:00Z,NA
85631,43798,7623,001878,3118,AUTODESK INC,ADSK,052769106,P,01,LU,7623,1985-07-31T00:00:00Z,NA
85635,719,27937,014316,29937,TALISMAN ENERGY INC,TLM,87425E103,C,01,LU,27937,1997-10-16T00:00:00Z,2015-05-29T00:00:00Z
85636,1378,29148,015581,5636,CANADIAN IMPERIAL BANK,CM,136069101,P,01,LC,29148,1998-03-31T00:00:00Z,NA
85645,94558,32174,066016,7905,INGREDION INC,INGR,457187102,P,01,LC,32174,1997-12-11T00:00:00Z,NA
85663,94476,32191,066065,32144,UNITED RENTALS INC,URI,911363109,P,01,LU,32191,1997-12-18T00:00:00Z,NA
85675,142742,15867,065967,2122,ENVISION HEALTHCARE CORP,EVHC,29414D100,P,01,LC,15867,1997-12-04T00:00:00Z,2018-10-10T00:00:00Z
85675,142742,15867,065967,2575125,ENVISION HEALTHCARE CORP,EVHC,29414D100,P,01,LC,15867,1997-12-04T00:00:00Z,2018-10-10T00:00:00Z
85686,93326,15802,065944,9034,ASSERTIO HOLDINGS INC,ASRT,04546C205,P,01,LU,15802,1997-12-03T00:00:00Z,NA
85705,68668,15909,065365,22179,OLD MARKET CAPITAL CORP,OMCC,65373A109,C,01,LC,15909,1997-12-30T00:00:00Z,NA
85710,93735,15890,066032,24856,POWER INTEGRATIONS INC,POWI,739276103,P,01,LU,15890,1997-12-12T00:00:00Z,NA
85724,94210,15934,066379,5827,PERDOCEO EDUCATION CORP,PRDO,71363P106,P,01,LC,15934,1998-01-29T00:00:00Z,NA
85726,60767,10405,019398,919,DENNYS CORP,DENN,24869P104,P,01,LC,15916,2005-05-10T00:00:00Z,NA
85726,60767,10405,019398,919,DENNYS CORP,DENN,24869P104,P,01,LC,15916,1998-01-12T00:00:00Z,2001-01-08T00:00:00Z
85726,60767,15916,019398,919,DENNYS CORP,DENN,24869P104,P,01,LC,15916,2005-05-10T00:00:00Z,NA
85726,60767,15916,019398,919,DENNYS CORP,DENN,24869P104,P,01,LC,15916,1998-01-12T00:00:00Z,2001-01-08T00:00:00Z
85731,93871,15918,066285,14690,HERITAGE FINANCIAL CORP,HFWA,42722X106,P,01,LC,15918,1998-01-09T00:00:00Z,NA
85738,94243,15939,066393,20291,MERCURY SYSTEMS INC,MRCY,589378108,P,01,LU,15939,1998-01-30T00:00:00Z,NA
85741,94542,15933,066235,21503,HOPE BANCORP INC,HOPE,43940T109,P,01,LC,15933,1998-01-29T00:00:00Z,NA
85744,94122,15928,066366,26469,ROCKWELL MEDICAL INC,RMTI,774374300,P,01,LC,15928,1998-01-27T00:00:00Z,NA
85753,94244,15940,066368,32498,VERISIGN INC,VRSN,92343E102,P,01,LU,15940,1998-01-30T00:00:00Z,NA
85763,94540,34627,066354,32988,W P CAREY INC,WPC,92936U109,P,01,LC,34627,1998-01-21T00:00:00Z,NA
85789,36998,7784,014219,3477,CADENCE BANK,CADE,12740C103,P,01,LC,7784,1985-10-14T00:00:00Z,NA
85792,94373,34660,066446,25544,QUANTA SERVICES INC,PWR,74762E102,P,01,LU,34660,1998-02-12T00:00:00Z,NA
85796,94392,34665,066290,29160,STEELCASE INC,SCS,858155203,P,01,LU,34665,1998-02-18T00:00:00Z,NA
85798,94405,34666,065884,29665,SB ONE BANCORP,SBBX,78413T103,C,01,LC,34666,1998-02-20T00:00:00Z,2020-07-31T00:00:00Z
85804,94370,15962,066610,4447,BIRNER DENTAL MGMT SVCS INC,BDMS,091283200,P,01,LU,15962,1998-02-11T00:00:00Z,2019-01-31T00:00:00Z
85839,94396,15979,066496,22725,NUTRACEUTICAL INTL CORP,NUTR.1,67060Y101,P,01,LU,15979,1998-02-20T00:00:00Z,2017-08-31T00:00:00Z
85860,94532,16026,105670,5191,BROOKLINE BANCORP INC,BRKL,11373M107,P,01,LU,16026,1998-03-25T00:00:00Z,NA
85863,94545,16029,105936,7358,COLUMBIA SPORTSWEAR CO,COLM,198516106,P,01,LU,16029,1998-03-27T00:00:00Z,NA
85875,17631,31854,022086,16495,INTL BANCSHARES CORP,IBOC,459044103,P,01,LU,31854,1998-03-04T00:00:00Z,NA
85883,20799,15993,066155,22545,NORWOOD FINANCIAL CORP,NWFL,669549107,P,01,LU,15993,1998-03-02T00:00:00Z,NA
85886,94445,15994,066586,23961,PC CONNECTION INC,CNXN,69318J100,P,01,LU,15994,1998-03-03T00:00:00Z,NA
85889,94449,15995,066588,29657,SURMODICS INC,SRDX,868873100,P,01,LU,15995,1998-03-04T00:00:00Z,NA
85903,94496,34680,066602,7600,COMPX INTERNATIONAL INC,CIX,20563P101,P,01,LU,34680,1998-03-06T00:00:00Z,NA
85908,94571,20840,005250,13714,GRACE (W R) & CO,GRA,38388F108,P,01,LC,34684,1998-04-08T00:00:00Z,2021-09-30T00:00:00Z
85908,94571,31735,005250,13714,GRACE (W R) & CO,GRA,38388F108,P,01,LC,34684,1998-04-08T00:00:00Z,2021-09-30T00:00:00Z
85908,94571,34684,005250,13714,GRACE (W R) & CO,GRA,38388F108,P,01,LC,34684,1998-04-08T00:00:00Z,2021-09-30T00:00:00Z
85909,91896,32075,182788,14289,DITECH HOLDING CORP,DHCPQ,25501G105,P,01,LC,32075,2009-04-20T00:00:00Z,2018-11-06T00:00:00Z
85913,94547,30005,028930,19706,MARRIOTT INTL INC,MAR,571903202,P,02,LC,30005,1998-05-01T00:00:00Z,NA
85913,94547,30005,028930,19706,MARRIOTT INTL INC,MAR,571903202,J,02,LC,30005,1998-03-30T00:00:00Z,1998-04-30T00:00:00Z
85914,27050,7506,002184,4118,BEST BUY CO INC,BBY,086516101,P,01,LU,7506,1985-05-31T00:00:00Z,NA
85926,7447,3968,009555,27418,SEALED AIR CORP,SEE,81211K100,P,01,LC,34702,1998-04-08T00:00:00Z,NA
85926,7447,34702,009555,27418,SEALED AIR CORP,SEE,81211K100,P,01,LC,34702,1998-04-08T00:00:00Z,NA
85931,94451,34707,066599,33008,WADDELL&REED FINL INC  -CL A,WDR,930059100,P,01,LC,34707,1998-03-05T00:00:00Z,2021-05-28T00:00:00Z
85939,94560,34715,109079,33336,RED LION HOTELS CORP,RLH,756764106,P,01,LU,34715,1998-04-03T00:00:00Z,2021-03-31T00:00:00Z
85947,94652,34722,109926,18471,LASALLE HOTEL PROPERTIES,LHO,517942108,P,01,LC,34722,1998-04-24T00:00:00Z,2018-11-30T00:00:00Z
85953,94644,34728,109186,28571,SONIC FOUNDRY INC,SOFO,83545R207,P,01,LC,34728,2022-01-25T00:00:00Z,NA
85953,94644,34728,109186,28571,SONIC FOUNDRY INC,SOFO,83545R207,P,01,LC,34728,1998-04-22T00:00:00Z,2018-12-30T00:00:00Z
85953,94644,34728,109186,3500763,SONIC FOUNDRY INC,SOFO,83545R207,P,01,LC,34728,2022-01-25T00:00:00Z,NA
85953,94644,34728,109186,3500763,SONIC FOUNDRY INC,SOFO,83545R207,P,01,LC,34728,1998-04-22T00:00:00Z,2018-12-30T00:00:00Z
85963,94638,16056,066708,5168,BROADCOM CORP,BRCM,111320107,P,01,LC,16056,1998-04-17T00:00:00Z,2016-01-29T00:00:00Z
85972,94650,16066,109919,6494,CRA INTERNATIONAL INC,CRAI,12618T105,P,01,LU,16066,1998-04-24T00:00:00Z,NA
85982,94692,16075,064934,13913,INDUS REALTY TRUST INC,INDT,45580R103,P,01,LC,16075,1998-04-29T00:00:00Z,2023-06-30T00:00:00Z
85991,94559,16033,013440,18745,LEVEL 3 COMMUNICATIONS INC,LVLT,52729N308,P,03,LC,16033,1998-04-01T00:00:00Z,2017-10-31T00:00:00Z
85992,94649,16065,109826,19569,MANHATTAN ASSOCIATES INC,MANH,562750109,P,01,LU,16065,1998-04-23T00:00:00Z,NA
86004,25114,11576,065228,7352,COLUMBIA BANKING SYSTEM INC,COLB,197236102,C,01,LC,16035,1998-04-02T00:00:00Z,2023-02-28T00:00:00Z
86004,25114,16035,065228,7352,COLUMBIA BANKING SYSTEM INC,COLB,197236102,C,01,LC,16035,1998-04-02T00:00:00Z,2023-02-28T00:00:00Z
86004,25114,16035,065228,31677,COLUMBIA BANKING SYSTEM INC,COLB,197236102,C,01,LC,16035,1998-04-02T00:00:00Z,2023-02-28T00:00:00Z
86008,21139,27591,011291,33088,ALTEVA INC,ALTV,02153V102,C,01,LC,27591,1998-04-28T00:00:00Z,2015-12-31T00:00:00Z
86013,94799,34742,110382,10925,EQUITY ONE INC,EQY,294752100,P,01,LU,34742,1998-05-14T00:00:00Z,2017-03-31T00:00:00Z
86021,94930,34746,110685,18284,L3 TECHNOLOGIES INC,LLL.1,502413107,P,01,LC,34746,1998-05-19T00:00:00Z,2019-06-30T00:00:00Z
86026,97356,34751,110566,22927,INNOSPEC INC,IOSP,45768S105,P,01,LU,34751,1998-05-26T00:00:00Z,NA
86042,70864,33932,061576,14477,HEADWATERS INC,HW,42210P102,P,01,LC,33932,1998-05-13T00:00:00Z,2017-05-05T00:00:00Z
86047,94713,16080,110039,2079,AMKOR TECHNOLOGY INC,AMKR,031652100,P,01,LU,16080,1998-05-01T00:00:00Z,NA
86048,94852,16130,111000,2256,HACKETT GROUP INC,HCKT,404609109,P,01,LC,16130,1998-05-28T00:00:00Z,NA
86062,94773,16101,110529,11322,SYMBOLIC LOGIC INC,EVOL,30049R209,P,01,LC,16101,1998-05-12T00:00:00Z,NA
86080,94807,16110,062592,940583,PROTALIX BIOTHERAPEUTICS INC,PLX,74365A309,C,01,LC,16110,2007-03-12T00:00:00Z,NA
86080,94807,16110,062592,940583,PROTALIX BIOTHERAPEUTICS INC,PLX,74365A309,C,01,LC,16110,1998-05-15T00:00:00Z,1999-11-16T00:00:00Z
86083,94821,16119,110728,23993,INTERPACE BIOSCIENCES INC,IDXG,46062X303,P,01,LC,16119,1998-05-20T00:00:00Z,NA
86091,94790,16107,062979,28690,SOUTHSIDE BANCSHARES INC,SBSI,84470P109,C,01,LU,16107,1998-05-26T00:00:00Z,NA
86098,73201,16113,062057,33473,WIDEPOINT CORP,WYY,967590209,P,01,LC,16113,2006-09-26T00:00:00Z,NA
86098,73201,16113,062057,33473,WIDEPOINT CORP,WYY,967590209,P,01,LC,16113,1998-05-19T00:00:00Z,2001-02-28T00:00:00Z
86102,94798,34765,066731,11661,FEDERATED HERMES INC,FHI,314211103,P,01,LU,34765,1998-05-14T00:00:00Z,NA
86106,71310,29374,024810,10606,ENBRIDGE ENERGY PRTNRS  -LP,EEP,29250R106,P,01,LC,29374,1992-01-02T00:00:00Z,2018-12-31T00:00:00Z
86111,94871,34770,105365,1954,AMERICAN TOWER CORP,AMT,03027X100,P,01,LC,34770,1998-06-05T00:00:00Z,NA
86113,94947,34772,110802,3167,AVALON HOLDINGS CORP,AWX,05343P109,P,01,LU,34772,1998-06-23T00:00:00Z,NA
86115,95115,34775,112158,6175,CELESTICA INC,CLS,15101Q207,P,01,LU,34775,1998-07-01T00:00:00Z,NA
86121,95206,34782,111486,13269,GILDAN ACTIVEWEAR INC,GIL,375916103,P,01,LU,34782,1998-06-19T00:00:00Z,NA
86128,94876,34788,111103,19660,MARINEMAX INC,HZO,567908108,P,01,LU,34788,1998-06-03T00:00:00Z,NA
86136,94982,21355,008272,27588,SEMPRA ENERGY,SRE,816851109,P,01,LU,34798,1998-06-29T00:00:00Z,NA
86136,94982,21355,008272,933965,SEMPRA ENERGY,SRE,816851109,P,01,LU,34798,1998-06-29T00:00:00Z,NA
86136,94982,34798,008272,27588,SEMPRA ENERGY,SRE,816851109,P,01,LU,34798,1998-06-29T00:00:00Z,NA
86157,94946,16163,111779,7198,COBIZ FINANCIAL INC,COBZ,190897108,P,01,LC,16163,1998-06-18T00:00:00Z,2018-09-30T00:00:00Z
86158,94940,16167,111864,7256,COGNIZANT TECH SOLUTIONS,CTSH,192446102,P,01,LU,16167,1998-06-19T00:00:00Z,NA
86165,49087,16147,163595,748451,ALTO INGREDIENTS INC,ALTO,021513106,P,01,LC,16147,2005-03-24T00:00:00Z,NA
86178,95007,16187,112034,19029,LMI AEROSPACE INC,LMIA,502079106,P,01,LU,16187,1998-06-30T00:00:00Z,2017-06-30T00:00:00Z
86196,94866,16133,111064,31650,ULTIMATE SOFTWARE GROUP INC,ULTI,90385D107,P,01,LU,16133,1998-06-02T00:00:00Z,2019-05-31T00:00:00Z
86209,94891,16155,111532,14405,HASTINGS ENTERTAINMENT INC,HAST,418365102,P,01,LU,16155,1998-06-12T00:00:00Z,2014-07-31T00:00:00Z
86211,94892,16149,111534,20604,MICROSTRATEGY INC,MSTR,594972408,P,01,LU,16149,1998-06-11T00:00:00Z,NA
86218,82934,28124,014353,27754,SHAW COMMUNICATIONS INC-CL B,SJR,82028K200,P,01,LC,28124,1998-07-01T00:00:00Z,2023-04-28T00:00:00Z
86223,95154,34829,112876,10762,ENTERPRISE PRODCT PARTNRS LP,EPD,293792107,P,01,LC,34829,1998-07-28T00:00:00Z,NA
86228,95031,34838,112168,26097,REPUBLIC SERVICES INC,RSG,760759100,P,01,LC,34838,1998-07-01T00:00:00Z,NA
86233,95098,34843,112759,32036,CENTRUS ENERGY CORP,LEU,15643U104,P,02,LC,34843,2014-10-01T00:00:00Z,NA
86233,95098,34843,112759,32036,CENTRUS ENERGY CORP,LEU,15643U104,J,02,LC,34843,2014-09-30T00:00:00Z,2014-09-30T00:00:00Z
86233,95098,34843,112759,32036,CENTRUS ENERGY CORP,LEU,15643U104,C,01,LC,34843,2014-09-01T00:00:00Z,2014-09-29T00:00:00Z
86233,95098,34843,112759,32036,CENTRUS ENERGY CORP,LEU,15643U104,P,01,LC,34843,1998-07-23T00:00:00Z,2014-08-31T00:00:00Z
86236,95077,16214,112624,730,ACTUATE CORP,BIRT,00508B102,P,01,LU,16214,1998-07-17T00:00:00Z,2015-01-30T00:00:00Z
86242,20163,6653,002124,3946,BEL FUSE INC,BELFB,077347300,J,03,LC,6653,1998-07-10T00:00:00Z,1999-12-31T00:00:00Z
86242,20163,6653,002124,3946,BEL FUSE INC,BELFB,077347300,P,03,LC,6653,2000-01-01T00:00:00Z,NA
86250,95067,16213,112626,5810,CARDINAL FINANCIAL CORP,CFNL,14149F109,P,01,LC,16213,1998-07-17T00:00:00Z,2017-04-28T00:00:00Z
86260,95140,16236,112774,10015,ECHELON CORP,ELON.1,27874N303,P,01,LC,16236,1998-07-28T00:00:00Z,2018-09-28T00:00:00Z
86288,95014,16188,112111,8021,COSTAR GROUP INC,CSGP,22160N109,P,01,LU,16188,1998-07-01T00:00:00Z,NA
86290,42965,7721,002581,8465,CVD EQUIPMENT CORP,CVV,126601103,C,01,LU,7721,1985-09-04T00:00:00Z,NA
86305,95370,34849,113419,7817,CONVERGYS CORP,CVG,212485106,P,01,LC,34849,1998-08-13T00:00:00Z,2018-10-04T00:00:00Z
86313,4211,20867,005763,31938,URSTADT BIDDLE PROPERTIES,UBA,917286205,J,02,LU,20867,1998-08-17T00:00:00Z,2003-06-30T00:00:00Z
86313,4211,20867,005763,31938,URSTADT BIDDLE PROPERTIES,UBA,917286205,P,02,LU,20867,2003-07-01T00:00:00Z,2023-08-17T00:00:00Z
86322,95351,16257,113362,9265,DIGITAL RIVER INC,DRIV.1,25388B104,P,01,LU,16257,1998-08-11T00:00:00Z,2015-02-27T00:00:00Z
86339,95399,16268,113490,8304,CROWN CASTLE INC,CCI,22822V101,P,01,LC,16268,1998-08-18T00:00:00Z,NA
86356,95547,16285,114524,9989,EBAY INC,EBAY,278642103,P,01,LU,16285,1998-09-24T00:00:00Z,NA
86362,85958,16284,114370,17205,IXYS CORP,IXYS,46600W106,P,01,LC,16284,1998-09-24T00:00:00Z,2018-01-31T00:00:00Z
86382,55734,16290,018329,40,FIRST BUSEY CORP,BUSE,319383204,P,01,LC,16290,1998-10-01T00:00:00Z,NA
86408,68938,34913,028378,18962,LIONS GATE ENTERTAINMENT CP,LGF.A,535919401,P,01,LC,34913,1998-11-17T00:00:00Z,NA
86432,97011,16313,115876,25277,PROSPERITY BANCSHARES INC,PB,743606105,P,01,LU,16313,1998-11-12T00:00:00Z,NA
86444,67952,34949,066697,634683,INOVIO PHARMACEUTICALS INC,INO,45773H409,P,01,LC,34949,1998-12-08T00:00:00Z,NA
86474,39582,6992,002829,26180,R F INDUSTRIES LTD,RFIL,749552105,C,01,LU,6992,1997-06-12T00:00:00Z,NA
86489,97054,16332,116504,27538,SLEEP NUMBER CORP,SNBR,83125X103,P,01,LC,16332,1998-12-04T00:00:00Z,NA
86525,97078,16349,116787,7647,CONCUR TECHNOLOGIES INC,CNQR,206708109,P,01,LC,16349,1998-12-16T00:00:00Z,2014-12-04T00:00:00Z
86544,97071,16347,116772,15984,AVANTAX INC,AVTA,095229100,P,01,LC,16347,1998-12-15T00:00:00Z,2023-11-30T00:00:00Z
86547,97164,34964,117861,1757,AMERICAN AXLE & MFG HOLDINGS,AXL,024061103,P,01,LU,34964,1999-01-29T00:00:00Z,NA
86563,97161,34979,117260,14713,HERSHA HOSPITALITY TRUST,HT,427825500,P,01,LU,34979,1999-01-21T00:00:00Z,2023-11-30T00:00:00Z
86573,97110,16367,117034,47,FIRST CAPITAL INC,FCAP,31942S104,P,01,LC,16367,1999-01-04T00:00:00Z,NA
86578,97112,16368,117036,18381,GOLDEN ENTERTAINMENT INC,GDEN,381013101,P,01,LC,16368,2006-03-23T00:00:00Z,NA
86578,97112,16368,117036,18381,GOLDEN ENTERTAINMENT INC,GDEN,381013101,P,01,LC,16368,1999-01-04T00:00:00Z,2005-08-09T00:00:00Z
86580,97159,16382,117768,22806,NVIDIA CORP,NVDA,67066G104,P,01,LU,16382,1999-01-22T00:00:00Z,NA
86582,107971,16374,117161,25310,STERLING BANCORP,STL,85917A100,P,01,LC,16374,1999-01-08T00:00:00Z,2022-02-28T00:00:00Z
86594,97262,2572,118267,18139,KORN FERRY,KFY,500643200,P,01,LU,2572,1999-02-11T00:00:00Z,NA
86709,97189,16397,118081,1285,ALBANY MOLECULAR RESH INC,AMRI,012423109,P,01,LC,16397,1999-02-04T00:00:00Z,2017-08-31T00:00:00Z
86717,97254,16410,118223,4873,BOTTOMLINE TECHNOLOGIES INC,EPAY,101388106,P,01,LU,16410,1999-02-12T00:00:00Z,2022-05-31T00:00:00Z
86719,97234,16402,118042,9926,EAST WEST BANCORP INC,EWBC,27579R104,P,01,LU,16402,1999-02-08T00:00:00Z,NA
86720,97314,16422,118502,7942,CEB INC,CEB,125134106,P,01,LU,16422,1999-02-23T00:00:00Z,2017-04-28T00:00:00Z
86725,97345,16425,118577,16904,LIFE TECHNOLOGIES CORP,LIFE.3,53217V109,P,01,LC,16425,1999-02-26T00:00:00Z,2014-02-03T00:00:00Z
86745,92330,16396,065986,26104,BLACKBERRY LTD,BB,09228F103,P,01,LC,16396,1999-02-04T00:00:00Z,NA
86759,97391,35017,118795,25597,QUICKSILVER RESOURCES INC,KWKAQ,74837R104,P,01,LC,35017,1999-03-05T00:00:00Z,2015-01-07T00:00:00Z
86778,97519,16455,119275,20887,MKS INSTRUMENTS INC,MKSI,55306N104,P,01,LU,16455,1999-03-30T00:00:00Z,NA
86783,97520,16454,119314,25022,BOOKING HOLDINGS INC,BKNG,09857L108,P,01,LC,16454,1999-03-30T00:00:00Z,NA
86799,97612,35026,120093,7734,CNX RESOURCES CORPORATION,CNX,12653C108,P,01,LC,35026,1999-04-30T00:00:00Z,NA
86810,97535,35037,119316,31267,TREX CO INC,TREX,89531P105,P,01,LU,35037,1999-04-08T00:00:00Z,NA
86822,97536,16466,119574,11426,EXTREME NETWORKS INC,EXTR,30226D106,P,01,LU,16466,1999-04-09T00:00:00Z,NA
86827,97594,16492,120048,14571,HEIDRICK & STRUGGLES INTL,HSII,422819102,P,01,LU,16492,1999-04-27T00:00:00Z,NA
86830,97604,16496,120134,15961,INFORMATICA CORP,INFA.1,45666Q102,P,01,LC,16496,1999-04-29T00:00:00Z,2015-08-06T00:00:00Z
86866,46294,8037,011944,31473,TUESDAY MORNING CORP,TUEMQ,89904V200,C,05,LC,8037,2021-06-01T00:00:00Z,2022-12-30T00:00:00Z
86866,46294,8037,011944,31473,TUESDAY MORNING CORP,TUEMQ,89904V200,C,05,LC,8037,2021-05-25T00:00:00Z,2021-05-31T00:00:00Z
86866,46294,8037,011944,31473,TUESDAY MORNING CORP,TUEMQ,89904V200,P,04,LC,8037,1999-04-22T00:00:00Z,2020-06-07T00:00:00Z
86866,46294,8037,011944,3397873,TUESDAY MORNING CORP,TUEMQ,89904V200,C,05,LC,8037,2021-06-01T00:00:00Z,2022-12-30T00:00:00Z
86866,46294,8037,011944,3397873,TUESDAY MORNING CORP,TUEMQ,89904V200,C,05,LC,8037,2021-05-25T00:00:00Z,2021-05-31T00:00:00Z
86866,46294,8037,011944,3397873,TUESDAY MORNING CORP,TUEMQ,89904V200,P,04,LC,8037,1999-04-22T00:00:00Z,2020-06-07T00:00:00Z
86868,97625,35048,114628,13564,GOLDMAN SACHS GROUP INC,GS,38141G104,P,01,LU,35048,1999-05-04T00:00:00Z,NA
86876,97651,35057,120444,33294,WESCO INTL INC,WCC,95082P105,P,01,LU,35057,1999-05-12T00:00:00Z,NA
86881,97696,16546,120774,5178,BROCADE COMMUNICATIONS SYS,BRCD,111621306,P,01,LC,16546,1999-05-25T00:00:00Z,2017-11-16T00:00:00Z
86889,59816,16506,027760,9335,BOWFLEX INC,BFXXQ,63910B102,P,01,LC,16506,1999-05-05T00:00:00Z,2024-03-04T00:00:00Z
86896,22981,7871,016790,7483,COMMUNITY FINANCIAL SYST INC,CBU,203607106,P,01,LU,7871,1985-11-22T00:00:00Z,NA
86899,97644,16517,120297,18856,LIFEPOINT HEALTH INC,LPNT,53219L109,P,01,LC,16517,1999-05-12T00:00:00Z,2018-11-30T00:00:00Z
86921,97698,16544,120794,30045,TC PIPELINES LP,TCP,87233Q108,P,01,LU,16544,1999-05-25T00:00:00Z,2021-03-31T00:00:00Z
86946,7095,35164,120877,26339,REYNOLDS AMERICAN INC,RAI,761713106,P,01,LC,35164,1999-06-15T00:00:00Z,2017-07-31T00:00:00Z
86946,7095,35164,120877,550205,REYNOLDS AMERICAN INC,RAI,761713106,P,01,LC,35164,1999-06-15T00:00:00Z,2017-07-31T00:00:00Z
86946,7095,35164,120877,2684081,REYNOLDS AMERICAN INC,RAI,761713106,P,01,LC,35164,1999-06-15T00:00:00Z,2017-07-31T00:00:00Z
86949,97813,35167,121142,28188,SKECHERS U S A INC,SKX,830566105,P,01,LU,35167,1999-06-09T00:00:00Z,NA
86964,97735,16561,121077,11468,F5 INC,FFIV,315616102,P,01,LU,16561,1999-06-04T00:00:00Z,NA
86965,97886,16609,121713,11826,FINANCIAL INSTITUTIONS INC,FISI,317585404,P,01,LC,16609,1999-06-25T00:00:00Z,NA
86979,97882,16614,121718,17580,JUNIPER NETWORKS INC,JNPR,48203R104,P,01,LU,16614,1999-06-25T00:00:00Z,NA
86990,97816,16581,121257,23233,GREAT ELM GROUP INC,GEG,39037G109,P,01,LC,16581,1999-06-11T00:00:00Z,NA
86993,83013,31507,031392,23743,PANTRY INC,PTRY,698657103,P,01,LU,31507,1999-06-09T00:00:00Z,2015-03-31T00:00:00Z
86996,97828,16584,121382,27160,SBA COMMUNICATIONS CORP,SBAC,78410G104,P,01,LU,16584,1999-06-16T00:00:00Z,NA
87000,97884,16612,121673,29032,STAMPS.COM INC,STMP,852857200,P,01,LU,16612,1999-06-25T00:00:00Z,2021-10-29T00:00:00Z
87006,97829,16587,121440,32166,UNITED THERAPEUTICS CORP,UTHR,91307C102,P,01,LU,16587,1999-06-17T00:00:00Z,NA
87016,97899,16622,121759,15468,POWERFLEET INC,AIOT,73931J109,P,01,LC,16622,1999-06-30T00:00:00Z,NA
87034,98046,35177,122380,18705,LENNOX INTERNATIONAL INC,LII,526107107,P,01,LU,35177,1999-07-29T00:00:00Z,NA
87053,35841,16636,022373,646483,GENASYS INC,GNSS,36872P103,P,01,LC,16636,1999-07-07T00:00:00Z,NA
87055,16720,7882,029028,8022,COSTCO WHOLESALE CORP,COST,22160K105,P,01,LC,7882,1993-10-22T00:00:00Z,NA
87056,98004,16668,122257,4354,BIOMARIN PHARMACEUTICAL INC,BMRN,09061G101,P,01,LU,16668,1999-07-23T00:00:00Z,NA
87066,97970,16650,122078,21603,NIC INC,EGOV,62914B100,P,01,LU,16650,1999-07-15T00:00:00Z,2021-04-30T00:00:00Z
87075,98006,16665,122172,17230,ZIFF DAVIS INC,ZD,48123V102,P,01,LC,16665,1999-07-23T00:00:00Z,NA
87077,97936,16641,121815,483759,ENCORE CAPITAL GROUP INC,ECPG,292554102,P,01,LU,16641,1999-07-09T00:00:00Z,NA
87078,98003,16666,181104,1532,VERADIGM INC,MDRX,01988P108,P,01,LC,16666,2008-10-13T00:00:00Z,NA
87084,98052,16687,122175,1024834,VIRNETX HOLDING CORP,VHC,92823T207,P,01,LC,16687,2007-12-26T00:00:00Z,NA
87084,98052,16687,122175,1024834,VIRNETX HOLDING CORP,VHC,92823T207,P,01,LC,16687,1999-07-30T00:00:00Z,2001-10-08T00:00:00Z
87086,98042,16678,122394,24173,PERFICIENT INC,PRFT,71375U101,P,01,LU,16678,1999-07-29T00:00:00Z,NA
87092,97955,16648,122061,30703,TIBCO SOFTWARE INC,TIBX,88632Q103,P,01,LC,16648,1999-07-14T00:00:00Z,2014-12-05T00:00:00Z
87121,97913,16631,121817,26894,SALEM MEDIA GROUP INC,SALM,794093104,P,01,LC,16631,1999-07-01T00:00:00Z,NA
87137,98163,21971,014934,9103,DEVON ENERGY CORP,DVN,25179M103,P,01,LC,35222,1999-08-18T00:00:00Z,NA
87137,98163,35222,014934,9103,DEVON ENERGY CORP,DVN,25179M103,P,01,LC,35222,1999-08-18T00:00:00Z,NA
87139,98092,35226,065643,11505,FAIRCHILD SEMICONDUCTOR INTL,FCS,303726103,P,01,LU,35226,1999-08-04T00:00:00Z,2016-09-30T00:00:00Z
87160,98111,16704,113269,8734,DATALINK CORP,DTLK,237934104,P,01,LU,16704,1999-08-06T00:00:00Z,2017-01-31T00:00:00Z
87162,98083,16695,122519,6,1-800-FLOWERS.COM,FLWS,68243Q106,P,01,LU,16695,1999-08-03T00:00:00Z,NA
87167,98098,16702,122536,16388,ACTUA CORP,ACTA,005094107,P,01,LC,16702,1999-08-05T00:00:00Z,2018-04-30T00:00:00Z
87172,98175,16862,123016,18958,LIONBRIDGE TECHNOLOGIES INC,LIOX,536252109,P,01,LU,16862,1999-08-20T00:00:00Z,2017-02-28T00:00:00Z
87179,98142,16758,122902,21875,NETSCOUT SYSTEMS INC,NTCT,64115T104,P,01,LU,16758,1999-08-12T00:00:00Z,NA
87184,98137,16753,122841,25895,RED HAT INC,RHT,756577102,P,01,LC,16753,1999-08-11T00:00:00Z,2019-07-31T00:00:00Z
87198,98161,16779,122915,1467,ALLIANCE RESOURCE PTNRS  -LP,ARLP,01877R108,P,01,LU,16779,1999-08-17T00:00:00Z,NA
87209,86912,35272,029627,19403,MAD CATZ INTERACTIVE INC,MCZAF,556162105,C,01,LU,35272,1999-09-14T00:00:00Z,NA
87212,98371,35276,124042,19601,MANULIFE FINANCIAL CORP,MFC,56501R106,P,01,LC,35276,1999-09-27T00:00:00Z,NA
87227,98365,17135,124036,1728636,EGAIN CORP,EGAN,28225C806,P,01,LC,17135,2011-10-12T00:00:00Z,NA
87227,98365,17135,124036,1728636,EGAIN CORP,EGAN,28225C806,P,01,LC,17135,1999-09-23T00:00:00Z,2004-03-07T00:00:00Z
87261,98378,17147,124198,31826,UNITED ONLINE INC,UNTD,911268209,P,01,LC,17147,1999-09-24T00:00:00Z,2016-07-05T00:00:00Z
87264,98366,17131,124038,16286,INTERACTIVE INTELLIGENCE GRP,ININ,45841V109,P,01,LC,17131,1999-09-23T00:00:00Z,2016-12-01T00:00:00Z
87267,98427,36336,124434,4584,BLACKROCK INC,BLK,09290D101,P,01,LC,36336,1999-10-01T00:00:00Z,NA
87268,98563,36337,124775,6893,CIRCOR INTL INC,CIR,17273K109,P,01,LU,36337,1999-10-19T00:00:00Z,2023-10-31T00:00:00Z
87277,98557,36347,125237,19724,MARTHA STEWART LIVING OMNIMD,MSO,573083102,P,01,LU,36347,1999-10-19T00:00:00Z,2015-12-31T00:00:00Z
87289,98522,36355,124046,27603,DIVERSIFIED HEALTHCARE TRUST,DHC,25525P107,P,01,LC,36355,1999-10-13T00:00:00Z,NA
87299,98634,17300,125595,1221,AKAMAI TECHNOLOGIES INC,AKAM,00971T101,P,01,LC,17300,1999-10-29T00:00:00Z,NA
87302,98564,17210,125274,5246,BSQUARE CORP,BSQR,11776U300,P,01,LC,17210,1999-10-20T00:00:00Z,2023-12-29T00:00:00Z
87318,98487,17183,111721,9876,EAGLE BANCORP INC/MD,EGBN,268948106,C,01,LU,17183,1999-10-06T00:00:00Z,NA
87321,98636,17298,125601,12736,GAIA INC,GAIA,36269P104,P,01,LC,17298,1999-10-29T00:00:00Z,NA
87337,98637,17303,125604,24645,PLUG POWER INC,PLUG,72919P202,P,01,LC,17303,1999-10-29T00:00:00Z,NA
87342,98631,17295,117145,28730,SPANISH BROADCASTING SYS INC,SBSAA,846425833,P,01,LC,17295,1999-10-28T00:00:00Z,2017-01-18T00:00:00Z
87345,98465,17178,124599,27976,SILICON IMAGE INC,SIMG,82705T102,P,01,LU,17178,1999-10-06T00:00:00Z,2015-03-31T00:00:00Z
87356,98561,17205,125240,33722,TKO GROUP HOLDINGS INC,TKO,87256C101,P,01,LC,17205,1999-10-19T00:00:00Z,NA
87361,98558,17208,125014,23985,PCTEL INC,PCTI,69325Q105,P,01,LU,17208,1999-10-19T00:00:00Z,2023-12-29T00:00:00Z
87364,98544,17202,065036,25594,QUICKLOGIC CORP,QUIK,74837P405,P,01,LU,17202,1999-10-15T00:00:00Z,NA
87373,98733,17395,126555,1275,ALASKA COMMUNICATIONS SYS GP,ALSK,01167P101,P,01,LC,17395,1999-11-18T00:00:00Z,2021-07-30T00:00:00Z
87390,98700,17342,126417,11887,FINISAR CORP,FNSR,31787A507,P,01,LC,17342,1999-11-12T00:00:00Z,2019-09-30T00:00:00Z
87394,98701,17346,126318,15649,IMMERSION CORP,IMMR,452521107,P,01,LC,17346,1999-11-12T00:00:00Z,NA
87415,98784,7317,126423,21489,ONTO INNOVATION INC,ONTO,683344105,P,01,LU,17343,1999-11-12T00:00:00Z,2019-10-27T00:00:00Z
87415,98784,17343,126423,480718,ONTO INNOVATION INC,ONTO,683344105,P,01,LU,17343,1999-11-12T00:00:00Z,2019-10-27T00:00:00Z
87424,98767,17410,126496,19547,CARTESIAN INC,CRTN,146534102,P,01,LC,17410,1999-11-23T00:00:00Z,2018-06-29T00:00:00Z
87426,46956,7557,011796,9618,LCI INDUSTRIES,LCII,50189K103,P,02,LC,7557,1985-05-23T00:00:00Z,NA
87430,98667,17314,126056,33597,KRATOS DEFENSE & SECURITY,KTOS,50077B207,P,01,LC,17314,1999-11-05T00:00:00Z,NA
87432,98743,36364,126554,1060,AGILENT TECHNOLOGIES INC,A,00846U101,P,01,LC,36364,1999-11-18T00:00:00Z,NA
87437,11615,3080,007295,9662,EVI INDUSTRIES INC,EVI,26929N102,P,01,LC,36370,1999-11-10T00:00:00Z,NA
87437,11615,36370,007295,9662,EVI INDUSTRIES INC,EVI,26929N102,P,01,LC,36370,1999-11-10T00:00:00Z,NA
87439,98751,36373,126020,16253,INTELLICHECK INC,IDN,45817G201,P,01,LC,36373,1999-11-19T00:00:00Z,NA
87445,98785,36380,126721,30261,TELEDYNE TECHNOLOGIES INC,TDY,879360105,P,01,LU,36380,1999-11-30T00:00:00Z,NA
87447,98678,36383,010920,32137,UNITED PARCEL SERVICE INC,UPS,911312106,P,01,LC,36383,1999-11-10T00:00:00Z,NA
87464,98835,36557,005792,15260,HUTTIG BUILDING PRODUCTS INC,HBP,448451104,C,01,LC,36557,1999-12-17T00:00:00Z,2022-05-31T00:00:00Z
87464,98835,36557,005792,2021431,HUTTIG BUILDING PRODUCTS INC,HBP,448451104,C,01,LC,36557,1999-12-17T00:00:00Z,2022-05-31T00:00:00Z
87471,73043,36564,034183,30416,RILEY EXPL PERMIAN INC,REPX,76665T102,P,01,LC,36564,2021-03-01T00:00:00Z,NA
87487,98809,17502,127377,11033,BGC GROUP INC,BGC,088929104,P,01,LC,17502,1999-12-10T00:00:00Z,NA
87488,76884,17667,106404,11619,FAUQUIER BANKSHARES INC,FBSS,312059108,P,01,LC,17667,1999-12-23T00:00:00Z,2021-03-31T00:00:00Z
87496,98780,17472,127094,18030,XO GROUP INC,XOXO,983772104,P,01,LU,17472,1999-12-02T00:00:00Z,2018-12-31T00:00:00Z
87498,98806,17492,127282,32199,GEEKNET INC,GKNT,36846Q203,P,01,LC,17492,1999-12-09T00:00:00Z,2015-07-31T00:00:00Z
87508,98848,17664,107446,21879,NETSOL TECHNOLOGIES INC,NTWK,64115A402,P,01,LU,17664,1999-12-23T00:00:00Z,NA
87510,98783,17473,126718,24300,PFSWEB INC,PFSW,717098206,P,01,LU,17473,1999-12-31T00:00:00Z,2023-10-31T00:00:00Z
87510,98783,17473,126718,24300,PFSWEB INC,PFSW,717098206,C,00X,LU,17473,1999-12-02T00:00:00Z,1999-12-30T00:00:00Z
87532,37635,20454,031629,6914,READING INTL INC  -CL A,RDI,755408101,P,02,LC,20454,2002-01-02T00:00:00Z,NA
87541,98964,23511,128978,23635,PACKAGING CORP OF AMERICA,PKG,695156109,P,01,LC,23511,2000-01-28T00:00:00Z,NA
87583,47734,17936,129466,2278,AGENUS INC,AGEN,00847G804,P,01,LC,17936,2000-02-04T00:00:00Z,NA
87602,99244,17962,129840,10450,MATTERSIGHT CORP,MATR,577097108,P,01,LC,17962,2000-02-16T00:00:00Z,2018-08-31T00:00:00Z
87612,99464,18314,130762,16440,INTERSIL CORP  -CL A,ISIL,46069S109,P,01,LC,18314,2000-02-25T00:00:00Z,2017-02-28T00:00:00Z
87632,99032,17905,128663,27633,SEQUENOM INC,SQNM,817337405,P,01,LC,17905,2000-02-29T00:00:00Z,2016-09-30T00:00:00Z
87632,99032,17905,128663,27633,SEQUENOM INC,SQNM,817337405,C,00X,LC,17905,2000-02-01T00:00:00Z,2000-02-28T00:00:00Z
87656,11879,887,012713,584,ABEONA THERAPEUTICS INC,ABEO,00289Y206,C,01,LC,36949,2014-12-19T00:00:00Z,NA
87656,11879,887,012713,584,ABEONA THERAPEUTICS INC,ABEO,00289Y206,C,01,LC,36949,2000-03-30T00:00:00Z,2006-01-31T00:00:00Z
87656,11879,887,012713,2179515,ABEONA THERAPEUTICS INC,ABEO,00289Y206,C,01,LC,36949,2014-12-19T00:00:00Z,NA
87656,11879,887,012713,2179515,ABEONA THERAPEUTICS INC,ABEO,00289Y206,C,01,LC,36949,2000-03-30T00:00:00Z,2006-01-31T00:00:00Z
87656,11879,36949,012713,584,ABEONA THERAPEUTICS INC,ABEO,00289Y206,C,01,LC,36949,2014-12-19T00:00:00Z,NA
87656,11879,36949,012713,584,ABEONA THERAPEUTICS INC,ABEO,00289Y206,C,01,LC,36949,2000-03-30T00:00:00Z,2006-01-31T00:00:00Z
87656,11879,36949,012713,2179515,ABEONA THERAPEUTICS INC,ABEO,00289Y206,C,01,LC,36949,2014-12-19T00:00:00Z,NA
87656,11879,36949,012713,2179515,ABEONA THERAPEUTICS INC,ABEO,00289Y206,C,01,LC,36949,2000-03-30T00:00:00Z,2006-01-31T00:00:00Z
87657,100170,36952,133366,10156,EDWARDS LIFESCIENCES CORP,EW,28176E108,P,01,LC,36952,2000-04-03T00:00:00Z,NA
87658,99886,36953,114698,10474,EMAGIN CORP,EMAN,29076N206,P,01,LC,36953,2010-05-18T00:00:00Z,2023-10-31T00:00:00Z
87658,99886,36953,114698,10474,EMAGIN CORP,EMAN,29076N206,P,01,LC,36953,2000-03-17T00:00:00Z,2007-03-11T00:00:00Z
87659,100176,36954,133367,10651,EDGEWELL PERSONAL CARE CO,EPC,28035Q102,P,01,LC,36954,2000-04-04T00:00:00Z,NA
87659,100176,36954,133367,2300928,EDGEWELL PERSONAL CARE CO,EPC,28035Q102,P,01,LC,36954,2000-04-04T00:00:00Z,NA
87666,99955,36962,133289,29525,SUN LIFE FINANCIAL INC,SLF,866796105,P,01,LC,36962,2000-03-24T00:00:00Z,NA
87696,43886,7670,004476,11342,EXAR CORP,EXAR,300645108,P,01,LC,7670,1985-08-01T00:00:00Z,2017-05-11T00:00:00Z
87717,40881,7232,004494,11401,EXPEDITORS INTL WASH INC,EXPD,302130109,P,01,LU,7232,1984-09-26T00:00:00Z,NA
87725,42958,7518,004498,16168,INSTEEL INDUSTRIES,IIIN,45774W108,P,01,LU,7518,1985-04-25T00:00:00Z,NA
87789,100108,18709,133504,19270,LUMINEX CORP,LMNX,55027E102,P,01,LC,18709,2000-03-30T00:00:00Z,2021-07-30T00:00:00Z
87797,99557,18329,132482,23203,ONVIA INC,ONVI,68338T403,P,01,LC,18329,2000-03-01T00:00:00Z,2017-11-30T00:00:00Z
87812,99972,18455,133288,27977,SILICON LABORATORIES INC,SLAB,826919102,P,01,LC,18455,2000-03-24T00:00:00Z,NA
87814,99724,18398,132644,27548,DETERMINE INC,DTRM,250660107,P,01,LC,18398,2000-03-10T00:00:00Z,2018-12-19T00:00:00Z
87832,67083,37130,062072,1578,ALPHA PRO TECH LTD,APT,020772109,P,01,LC,37130,2000-04-04T00:00:00Z,NA
87837,100331,37134,065717,18347,OSAIC FINANCIAL SERVICES INC,LTS,50575Q102,P,01,LC,37134,2000-04-14T00:00:00Z,2020-02-28T00:00:00Z
87841,5100,37137,014102,20000,NORDION INC,NDZ,65563C105,P,01,LC,37137,2000-04-07T00:00:00Z,2014-08-29T00:00:00Z
87842,100222,37138,133768,20426,METLIFE INC,MET,59156R108,P,01,LC,37138,2000-04-05T00:00:00Z,NA
87952,64893,6944,016832,13309,GLACIER BANCORP INC,GBCI,37637Q105,P,01,LC,6944,1984-03-22T00:00:00Z,NA
88031,64331,7902,024316,14301,MONSTER BEVERAGE CORP,MNST,61174X109,P,01,LC,7902,1990-11-08T00:00:00Z,NA
88148,115372,37144,161088,3307,RAPTOR PHARMACEUTICAL CORP,RPTP,75382F106,C,01,LC,37144,2009-09-30T00:00:00Z,2016-10-24T00:00:00Z
88152,100191,37148,133726,5464,CMC MATERIALS INC,CCMP,12571T100,P,01,LC,37148,2000-04-04T00:00:00Z,2022-07-29T00:00:00Z
88159,100271,37154,133885,11375,EXELIXIS INC,EXEL,30161Q104,P,01,LC,37154,2000-04-11T00:00:00Z,NA
88167,100272,37161,133766,14525,HEALTHSTREAM INC,HSTM,42222N103,P,01,LC,37161,2000-04-11T00:00:00Z,NA
88172,100199,37166,133767,18193,KRISPY KREME INC,DNUT,50101L106,P,01,LC,37166,2000-04-05T00:00:00Z,2016-07-27T00:00:00Z
88172,100199,58499,133767,3416403,KRISPY KREME INC,DNUT,50101L106,P,01,LC,37166,2000-04-05T00:00:00Z,2016-07-27T00:00:00Z
88173,100230,37167,133868,18767,LEXICON PHARMACEUTICALS INC,LXRX,528872302,P,01,LC,37167,2000-04-07T00:00:00Z,NA
88174,100231,37168,133869,19006,LIVEPERSON INC,LPSN,538146101,P,01,LC,37168,2000-04-07T00:00:00Z,NA
88182,100420,37176,134932,23134,ON SEMICONDUCTOR CORP,ON,682189105,P,01,LC,37176,2000-04-28T00:00:00Z,NA
88195,100225,37188,133871,27006,SANGAMO THERAPEUTICS INC,SGMO,800677106,P,01,LC,37188,2000-04-06T00:00:00Z,NA
88197,3510,5440,014172,12645,FULTON FINANCIAL CORP,FULT,360271100,P,01,LU,5440,1985-09-03T00:00:00Z,NA
88203,100236,37195,066686,32389,ONESPAN INC,OSPN,68287N100,P,01,LC,37195,2000-04-07T00:00:00Z,NA
88240,100499,37505,063562,748009,COSCIENS BIOPHARMA INC,CSCI,22112H101,P,01,LC,37505,2000-05-10T00:00:00Z,NA
88244,103219,37508,184070,1014612,KINGOLD JEWELRY INC,KGJI,49579A303,C,01,LC,37508,2010-08-18T00:00:00Z,2020-08-20T00:00:00Z
88246,100445,37510,134026,8312,CROWN MEDIA HOLDINGS INC,CRWN,228411104,P,01,LC,37510,2000-05-04T00:00:00Z,2016-05-31T00:00:00Z
88260,100694,37524,135044,24549,PIXELWORKS INC,PXLW,72581M305,P,01,LC,37524,2000-05-19T00:00:00Z,NA
88264,100893,37528,135965,28591,RIBBON COMMUNICATIONS INC,RBBN,762544104,P,01,LC,37528,2000-05-25T00:00:00Z,NA
88266,97744,37530,120334,27923,SIERRA WIRELESS INC,SWIR,826516106,P,01,LC,37530,2000-05-05T00:00:00Z,2023-01-31T00:00:00Z
88280,101152,37659,137351,4081,BERKSHIRE HILLS BANCORP INC,BHLB,084680107,P,01,LC,37659,2000-06-28T00:00:00Z,NA
88281,101121,37660,137131,6495,CHARLES RIVER LABS INTL INC,CRL,159864107,P,01,LC,37660,2000-06-23T00:00:00Z,NA
88284,100985,10849,023714,7497,COMMUNITY HEALTH SYSTEMS INC,CYH,203668108,C,01,LC,37664,2000-06-09T00:00:00Z,NA
88284,100985,37664,023714,7497,COMMUNITY HEALTH SYSTEMS INC,CYH,203668108,C,01,LC,37664,2000-06-09T00:00:00Z,NA
88287,101204,37666,137432,8947,DELTA APPAREL INC,DLAPQ,247368103,P,01,LC,37666,2000-06-30T00:00:00Z,NA
88319,101197,37682,136648,32804,VISTEON CORP,VC,92839U206,P,02,LC,37682,2011-01-10T00:00:00Z,NA
88319,101197,37682,136648,32804,VISTEON CORP,VC,92839U206,P,01,LC,37682,2000-06-29T00:00:00Z,2009-03-05T00:00:00Z
88319,101197,37682,136648,1680856,VISTEON CORP,VC,92839U206,P,02,LC,37682,2011-01-10T00:00:00Z,NA
88319,101197,37682,136648,1680856,VISTEON CORP,VC,92839U206,P,01,LC,37682,2000-06-29T00:00:00Z,2009-03-05T00:00:00Z
88331,101091,37706,136804,6358,CEPHEID INC,CPHD,15670R107,P,01,LC,37706,2000-06-21T00:00:00Z,2016-11-30T00:00:00Z
88332,101201,37707,137373,5772,CAPSTONE GREEN ENERGY CORP,CGRNQ,14067D508,P,01,LC,37707,2000-06-29T00:00:00Z,2023-12-07T00:00:00Z
88335,101064,37710,136884,9006,DENDREON CORP,DNDNQ,24823Q107,P,01,LC,37710,2000-06-16T00:00:00Z,2015-06-30T00:00:00Z
88336,92112,37711,170359,10837,MERUS LABS INTERNATIONAL INC,MSLI,59047R101,P,01,LC,37711,2011-12-22T00:00:00Z,2017-07-31T00:00:00Z
88343,100984,37718,136265,73,BANC OF CALIFORNIA INC,BANC,05990K106,P,01,LC,37718,2000-06-06T00:00:00Z,2023-11-30T00:00:00Z
88343,100984,37718,136265,883085,BANC OF CALIFORNIA INC,BANC,05990K106,P,01,LC,37718,2000-06-06T00:00:00Z,2023-11-30T00:00:00Z
88343,100984,43449,136265,883085,BANC OF CALIFORNIA INC,BANC,05990K106,P,01,LC,37718,2000-06-06T00:00:00Z,2023-11-30T00:00:00Z
88351,100929,37726,136186,16157,INSMED INC,INSM,457669307,P,01,LC,37726,2000-06-01T00:00:00Z,NA
88352,101005,37727,136725,16627,INTUITIVE SURGICAL INC,ISRG,46120E602,P,01,LC,37727,2000-06-13T00:00:00Z,NA
88360,101143,37731,137310,19750,MARVELL TECHNOLOGY INC,MRVL,573874104,P,01,LC,37731,2000-06-27T00:00:00Z,NA
88362,101223,37733,137435,21834,NETEASE INC,NTES,64110W102,C,90,LC,37733,2000-06-30T00:00:00Z,NA
88367,100933,37736,065532,835416,PACIFIC CONTINENTAL CORP,PCBK,69412V108,P,01,LC,37736,2000-06-01T00:00:00Z,2017-11-30T00:00:00Z
88370,101124,37739,133949,25541,QUALSTAR CORP,QBAK,74758R307,P,01,LC,37739,2000-06-23T00:00:00Z,2020-04-29T00:00:00Z
88373,40896,7257,012140,7422,NNN REIT INC,NNN,637417106,P,01,LC,7257,1985-01-31T00:00:00Z,NA
88373,40896,7257,012140,7422,NNN REIT INC,NNN,637417106,C,00X,LC,7257,1985-01-01T00:00:00Z,1985-01-30T00:00:00Z
88379,101072,37746,031227,22730,NUTRISYSTEM INC,NTRI,67069D108,P,01,LC,37746,2004-05-11T00:00:00Z,NA
88379,101072,37746,031227,22730,NUTRISYSTEM INC,NTRI,67069D108,P,01,LC,37746,2000-06-16T00:00:00Z,2001-05-24T00:00:00Z
88391,1389,37900,015055,6130,CANADIAN NATURAL RESOURCES,CNQ,136385101,P,01,LC,37900,2000-07-31T00:00:00Z,NA
88417,101334,37913,137602,3286,AXCELIS TECHNOLOGIES INC,ACLS,054540208,P,01,LC,37913,2000-07-11T00:00:00Z,NA
88434,114805,37929,175533,9355,INFINITY PHARMACEUTICALS INC,INFIQ,45665G303,P,01,LC,37929,2006-09-13T00:00:00Z,2023-09-13T00:00:00Z
88439,101336,37932,137573,10744,ENTEGRIS INC,ENTG,29362U104,P,01,LC,37932,2000-07-11T00:00:00Z,NA
88446,101521,37938,138205,15581,ILLUMINA INC,ILMN,452327109,P,01,LC,37938,2000-07-28T00:00:00Z,NA
88451,101522,37943,138126,17836,KERYX BIOPHARMACEUTICALS INC,KERX,492515101,P,01,LC,37943,2000-07-28T00:00:00Z,2018-12-31T00:00:00Z
88458,101360,37949,137704,23124,OMNIVISION TECHNOLOGIES INC,OVTI,682128103,P,01,LC,37949,2000-07-14T00:00:00Z,2016-01-29T00:00:00Z
88466,101452,37956,137874,28323,SMTC CORP,SMTX,832682207,P,01,LC,37956,2000-07-24T00:00:00Z,2021-04-30T00:00:00Z
88475,101431,37964,125000,32391,VASCULAR SOLUTIONS INC,VASC,92231M109,P,01,LC,37964,2000-07-20T00:00:00Z,2017-02-28T00:00:00Z
88485,101558,38389,137943,10784,ENTRAVISION COMMUNICATIONS,EVC,29382R107,P,01,LC,38389,2000-08-02T00:00:00Z,NA
88504,101602,38406,138483,5218,BRUKER CORP,BRKR,116794108,P,01,LC,38406,2000-08-04T00:00:00Z,NA
88516,101685,38417,112754,9789,DYAX CORP,DYAX,26746E103,P,01,LC,38417,2000-08-15T00:00:00Z,2016-01-29T00:00:00Z
88518,16497,5306,009551,9985,DIGITAL TURBINE INC,APPS,25400W102,P,02,LC,38418,2013-06-12T00:00:00Z,NA
88518,16497,5306,009551,9985,DIGITAL TURBINE INC,APPS,25400W102,C,01,LC,38418,2000-08-15T00:00:00Z,2002-08-25T00:00:00Z
88518,16497,5306,009551,1958074,DIGITAL TURBINE INC,APPS,25400W102,P,02,LC,38418,2013-06-12T00:00:00Z,NA
88518,16497,5306,009551,1958074,DIGITAL TURBINE INC,APPS,25400W102,C,01,LC,38418,2000-08-15T00:00:00Z,2002-08-25T00:00:00Z
88518,16497,38418,009551,9985,DIGITAL TURBINE INC,APPS,25400W102,P,02,LC,38418,2013-06-12T00:00:00Z,NA
88518,16497,38418,009551,9985,DIGITAL TURBINE INC,APPS,25400W102,C,01,LC,38418,2000-08-15T00:00:00Z,2002-08-25T00:00:00Z
88518,16497,38418,009551,1958074,DIGITAL TURBINE INC,APPS,25400W102,P,02,LC,38418,2013-06-12T00:00:00Z,NA
88518,16497,38418,009551,1958074,DIGITAL TURBINE INC,APPS,25400W102,C,01,LC,38418,2000-08-15T00:00:00Z,2002-08-25T00:00:00Z
88534,101614,38432,135844,16112,INNOVATIVE SOLTNS & SUPP INC,ISSC,45769N105,P,01,LC,38432,2000-08-04T00:00:00Z,NA
88542,101615,38439,138467,18449,LANTRONIX INC,LTRX,516548203,P,01,LC,38439,2000-08-04T00:00:00Z,NA
88545,101636,38442,138608,20121,MEDICINES CO (THE),MDCO,584688105,P,01,LC,38442,2000-08-08T00:00:00Z,2020-01-31T00:00:00Z
88564,101671,38459,138707,25953,SURGALIGN HOLDINGS INC,SRGAQ,86882C204,P,01,LC,38459,2000-08-10T00:00:00Z,2023-10-03T00:00:00Z
88568,101564,38463,028762,28774,SPARTANNASH CO,SPTN,847215100,P,01,LC,38463,2000-08-02T00:00:00Z,NA
88574,101639,38469,138613,30252,TELECOMMUNICATION SYS INC,TSYS,87929J103,P,01,LC,38469,2000-08-08T00:00:00Z,2016-02-29T00:00:00Z
88590,102264,20610,004094,9736,DUN & BRADSTREET HOLDNGS INC,DNB,26484T106,P,01,LC,39133,2000-10-03T00:00:00Z,2019-02-28T00:00:00Z
88590,102264,20610,004094,3207796,DUN & BRADSTREET HOLDNGS INC,DNB,26484T106,P,01,LC,39133,2000-10-03T00:00:00Z,2019-02-28T00:00:00Z
88590,102264,39133,004094,9736,DUN & BRADSTREET HOLDNGS INC,DNB,26484T106,P,01,LC,39133,2000-10-03T00:00:00Z,2019-02-28T00:00:00Z
88590,102264,39133,004094,3207796,DUN & BRADSTREET HOLDNGS INC,DNB,26484T106,P,01,LC,39133,2000-10-03T00:00:00Z,2019-02-28T00:00:00Z
88590,102264,57135,004094,3207796,DUN & BRADSTREET HOLDNGS INC,DNB,26484T106,P,01,LC,39133,2000-10-03T00:00:00Z,2019-02-28T00:00:00Z
88597,101834,29808,028194,24748,AVIENT CORP,AVNT,05368V106,P,01,LC,39140,2000-09-13T00:00:00Z,NA
88597,101834,39140,028194,24748,AVIENT CORP,AVNT,05368V106,P,01,LC,39140,2000-09-13T00:00:00Z,NA
88615,102112,39150,140073,33535,INTEGER HOLDINGS CORP,ITGR,45826H109,P,01,LC,39150,2000-09-29T00:00:00Z,NA
88620,102119,39154,140042,6881,ASPIRA WOMENS HEALTH INC,AWH,04537Y208,P,01,LC,39154,2010-07-06T00:00:00Z,NA
88620,102119,39154,140042,6881,ASPIRA WOMENS HEALTH INC,AWH,04537Y208,P,01,LC,39154,2000-09-29T00:00:00Z,2008-09-24T00:00:00Z
88620,102119,39154,140042,1651379,ASPIRA WOMENS HEALTH INC,AWH,04537Y208,P,01,LC,39154,2010-07-06T00:00:00Z,NA
88620,102119,39154,140042,1651379,ASPIRA WOMENS HEALTH INC,AWH,04537Y208,P,01,LC,39154,2000-09-29T00:00:00Z,2008-09-24T00:00:00Z
88626,102092,39159,140044,9764,DURECT CORP,DRRX,266605500,P,01,LC,39159,2000-09-28T00:00:00Z,NA
88648,102017,39177,139804,31454,TTM TECHNOLOGIES INC,TTMI,87305R109,P,01,LC,39177,2000-09-21T00:00:00Z,NA
88661,102158,40143,140541,7173,TAPESTRY INC,TPR,876030107,P,01,LC,40143,2000-10-05T00:00:00Z,NA
88664,45307,7864,011811,14668,HENRY (JACK) & ASSOCIATES,JKHY,426281101,P,01,LU,7864,1985-11-20T00:00:00Z,NA
88668,102336,40148,140760,21032,MONSANTO CO,MON.1,61166W101,P,01,LC,40148,2000-10-18T00:00:00Z,2018-06-29T00:00:00Z
88729,128333,40202,140910,1590594,HYDROGENICS CORP,HYGS,448883207,P,01,LC,40202,2000-10-27T00:00:00Z,2019-09-30T00:00:00Z
88739,102154,40210,140030,23243,OPLINK COMMUNICATIONS INC,OPLK,68375Q403,P,01,LC,40210,2000-10-04T00:00:00Z,2014-12-22T00:00:00Z
88740,102237,40211,140672,24879,ARALEZ PHARMACEUTICALS INC,ARLZQ,03852X100,P,01,LC,40211,2000-10-11T00:00:00Z,2018-08-20T00:00:00Z
88742,25759,40213,009664,27779,SHENANDOAH TELECOMMUN CO,SHEN,82312B106,P,01,LC,40213,2000-10-23T00:00:00Z,NA
88750,102334,40220,140759,17200,IXIA,XXIA,45071R109,P,01,LC,40220,2000-10-18T00:00:00Z,2017-04-18T00:00:00Z
88779,41453,7343,012874,593185,ICAD INC,ICAD,44934S206,P,01,LC,7343,1985-01-31T00:00:00Z,NA
88779,41453,7343,012874,593185,ICAD INC,ICAD,44934S206,C,00X,LC,7343,1985-01-01T00:00:00Z,1985-01-30T00:00:00Z
88786,102724,40978,141236,1452,ALLIANCE FIBER OPTIC PRODUCT,AFOP,018680306,P,01,LC,40978,2000-11-21T00:00:00Z,2016-06-30T00:00:00Z
88790,102708,40981,141197,2614,ARRAY BIOPHARMA INC,ARRY.1,04269X105,P,01,LC,40981,2000-11-17T00:00:00Z,2019-07-31T00:00:00Z
88792,107615,40983,140983,3500,BANK MUTUAL CORP,BKMU,063750103,P,01,LC,40983,2000-11-02T00:00:00Z,2018-02-28T00:00:00Z
88795,44134,7694,005791,15252,HUTCHINSON TECHNOLOGY INC,HTCH,448407106,P,01,LU,7694,1985-08-15T00:00:00Z,2016-10-31T00:00:00Z
88806,72414,40995,184241,1675390,UNITEK GLOBAL SERVICES INC,UNTKQ,91324T302,P,01,LC,40995,2010-11-11T00:00:00Z,2014-08-20T00:00:00Z
88807,102669,40996,141178,22588,INSEEGO CORP,INSG,45782B302,P,01,LC,40996,2000-11-16T00:00:00Z,NA
88810,102810,40998,133468,26269,RIGEL PHARMACEUTICALS INC,RIGL,766559702,P,01,LC,40998,2000-11-29T00:00:00Z,NA
88817,102484,41004,140905,10667,EPL OIL & GAS INC,EPL,26883D108,P,01,LC,41004,2000-11-02T00:00:00Z,2014-06-30T00:00:00Z
88818,48010,41005,020214,605072,ENERPLUS CORP,ERF,292766102,P,01,LC,41005,2000-11-17T00:00:00Z,2024-06-28T00:00:00Z
88836,102923,41058,111965,13115,GENVEC INC,GNVC,37246C406,P,01,LC,41058,2000-12-12T00:00:00Z,2017-06-30T00:00:00Z
88837,102886,41059,141459,12844,GARMIN LTD,GRMN,H2906T109,P,01,LC,41059,2000-12-08T00:00:00Z,NA
88839,102863,41060,141469,14381,HARVARD BIOSCIENCE INC,HBIO,416906105,P,01,LC,41060,2000-12-07T00:00:00Z,NA
88841,102974,41062,141359,26124,RESOURCES CONNECTION INC,RGP,76122Q105,P,01,LC,41062,2000-12-15T00:00:00Z,NA
88845,102959,20026,001177,989,AETNA INC,AET,00817Y108,P,01,LC,41072,2000-12-14T00:00:00Z,2018-11-30T00:00:00Z
88845,102959,41072,001177,989,AETNA INC,AET,00817Y108,P,01,LC,41072,2000-12-14T00:00:00Z,2018-11-30T00:00:00Z
88853,103553,20745,004818,12159,FLUOR CORP,FLR,343412102,P,01,LC,41080,2000-12-22T00:00:00Z,NA
88853,103553,41080,004818,12159,FLUOR CORP,FLR,343412102,P,01,LC,41080,2000-12-22T00:00:00Z,NA
88860,103355,41154,141384,1384,ALIGN TECHNOLOGY INC,ALGN,016255101,P,01,LC,41154,2001-01-26T00:00:00Z,NA
88863,103378,41157,141277,11340,EXACT SCIENCES CORP,EXAS,30063P105,P,01,LC,41157,2001-01-31T00:00:00Z,NA
88865,72125,41159,031368,14285,HANMI FINANCIAL CORP,HAFC,410495204,P,01,LC,41159,2001-01-29T00:00:00Z,NA
88871,103215,41163,022053,7773,CONTANGO OIL & GAS CO,MCF,21075N204,P,02,LC,41163,2001-01-18T00:00:00Z,2021-12-08T00:00:00Z
88873,103365,41168,141913,13417,GLOBAL PAYMENTS INC,GPN,37940X102,P,01,LC,41168,2001-02-01T00:00:00Z,NA
88892,103421,41256,142251,16892,INVESTORS CAPITAL HLDGS LTD,ICH,46147M108,P,01,LC,41256,2001-02-08T00:00:00Z,2014-07-31T00:00:00Z
88895,103515,41257,142546,19657,MARINE PRODUCTS CORP,MPX,568427108,P,01,LC,41257,2001-02-28T00:00:00Z,NA
88897,103419,41259,142260,23017,OIL STATES INTL INC,OIS,678026105,P,01,LC,41259,2001-02-09T00:00:00Z,NA
88901,103403,41263,142230,257912,MAGELLAN MIDSTREAM PRTNRS LP,MMP,559080106,P,01,LC,41263,2001-02-06T00:00:00Z,2023-09-29T00:00:00Z
88905,90402,15014,063700,2262,ANTARES PHARMA INC,ATRS,036642106,P,01,LC,41265,2001-02-07T00:00:00Z,2022-05-31T00:00:00Z
88905,90402,41265,063700,2262,ANTARES PHARMA INC,ATRS,036642106,P,01,LC,41265,2001-02-07T00:00:00Z,2022-05-31T00:00:00Z
88908,103471,41269,142088,6275,CENTERSTATE BANK CORP,CSFL,15201P109,P,01,LC,41269,2001-02-20T00:00:00Z,2020-06-30T00:00:00Z
88912,9261,7720,016890,15800,INDEPENDENT BANK CORP/MI,IBCP,453838609,P,01,LC,7720,1985-09-04T00:00:00Z,NA
88924,104083,20743,004809,12151,FLOWERS FOODS INC,FLO,343498101,P,01,LC,41367,2001-03-28T00:00:00Z,NA
88924,104083,41367,004809,12151,FLOWERS FOODS INC,FLO,343498101,P,01,LC,41367,2001-03-28T00:00:00Z,NA
88940,103544,41384,114608,998,POPEYES LOUISIANA KITCHEN,PLKI,732872106,P,02,LC,41384,2001-04-30T00:00:00Z,2017-03-31T00:00:00Z
88949,103562,41391,141460,27435,SEAGEN INC,SGEN,81181C104,P,01,LC,41391,2001-03-07T00:00:00Z,2023-12-29T00:00:00Z
88951,103530,41393,108664,31822,UNITED BANCSHARES INC/OH,UBOH,909458101,P,01,LC,41393,2001-03-01T00:00:00Z,NA
88960,104023,41456,141363,27726,NUSTAR ENERGY LP,NS,67058H102,P,01,LC,41456,2001-04-10T00:00:00Z,2024-05-31T00:00:00Z
88984,104379,41564,064228,31828,UNITED SECURITY BANCSHARS CA,UBFO,911460103,P,01,LC,41564,2001-05-31T00:00:00Z,NA
88988,87757,14442,062396,15501,IDT CORP,IDT,448947507,P,03,LC,14442,2004-06-01T00:00:00Z,NA
88988,87757,14442,062396,15501,IDT CORP,IDT,448947507,J,03,LC,14442,2001-06-01T00:00:00Z,2004-05-31T00:00:00Z
88994,104212,41584,143526,26147,RETRACTABLE TECHNOLOGIES INC,RVP,76129W105,P,01,LC,41584,2001-05-04T00:00:00Z,NA
89002,104398,41671,143974,1451,BREAD FINANCIAL HOLDINGS INC,BFH,018581108,P,01,LC,41671,2001-06-08T00:00:00Z,NA
89003,104503,41673,165993,6382,FIDELITY NATIONAL INFO SVCS,FIS,31620M106,P,01,LC,41673,2006-02-01T00:00:00Z,NA
89004,104431,41678,142811,12165,FMC TECHNOLOGIES INC,FTI.1,30249U101,P,01,LC,41678,2001-06-14T00:00:00Z,2017-01-31T00:00:00Z
89006,104415,41680,142953,18164,MONDELEZ INTERNATIONAL INC,MDLZ,609207105,P,01,LC,41680,2001-06-13T00:00:00Z,NA
89014,104473,41688,144066,26467,ROCKWELL COLLINS,COL,774341101,P,01,LC,41688,2001-07-02T00:00:00Z,2018-11-30T00:00:00Z
89017,104406,41694,144009,33518,WILLIS TOWERS WATSON PLC,WTW,G96629103,P,01,LC,41694,2001-06-12T00:00:00Z,NA
89031,104246,41562,143912,30004,AXON ENTERPRISE INC,AXON,05464C101,P,01,LC,41562,2001-06-07T00:00:00Z,NA
89036,104617,41813,144436,21662,NATUS MEDICAL INC,NTUS,639050103,P,01,LC,41813,2001-07-20T00:00:00Z,2022-07-29T00:00:00Z
89043,104678,41819,162894,15891,CRESTWOOD EQUITY PARTNERS LP,CEQP,226344208,P,01,LC,41819,2010-11-06T00:00:00Z,2023-11-30T00:00:00Z
89043,104678,46860,162894,826388,CRESTWOOD EQUITY PARTNERS LP,CEQP,226344208,P,01,LC,41819,2010-11-06T00:00:00Z,2023-11-30T00:00:00Z
89044,104692,41820,144437,23991,PDF SOLUTIONS INC,PDFS,693282105,P,01,LC,41820,2001-07-27T00:00:00Z,NA
89046,104553,41822,143421,33771,WRIGHT MEDICAL GROUP NV,WMGI,N96617118,P,01,LC,41822,2001-07-13T00:00:00Z,2015-10-01T00:00:00Z
89048,52749,9442,013657,1457,ALLIANCE HEALTHCARE SVCS INC,AIQ.1,018606301,P,02,LC,11188,2001-07-27T00:00:00Z,2017-08-31T00:00:00Z
89048,52749,11188,013657,1457,ALLIANCE HEALTHCARE SVCS INC,AIQ.1,018606301,P,02,LC,11188,2001-07-27T00:00:00Z,2017-08-31T00:00:00Z
89063,86929,41860,061743,550894,KINGSWAY FINANCIAL SVCS INC,KFS,496904202,P,01,LC,41860,2001-07-11T00:00:00Z,NA
89068,79494,41867,014391,31132,TRANSALTA CORP,TAC,89346D107,P,01,LC,41867,2001-07-31T00:00:00Z,NA
89070,104723,41870,144559,34134,ZIMMER BIOMET HOLDINGS INC,ZBH,98956P102,P,01,LC,41870,2001-08-07T00:00:00Z,NA
89071,104579,41871,143357,573,ACCENTURE PLC,ACN,G1151C101,P,01,LC,41871,2001-07-19T00:00:00Z,NA
89099,104769,13180,030398,11530,FALCONSTOR SOFTWARE INC,FALC,306137209,P,01,LC,13180,2001-08-23T00:00:00Z,2017-09-22T00:00:00Z
89099,104769,13180,030398,2706028,FALCONSTOR SOFTWARE INC,FALC,306137209,P,01,LC,13180,2001-08-23T00:00:00Z,2017-09-22T00:00:00Z
89105,49252,20882,013003,17526,JOY GLOBAL INC,JOY,481165108,P,02,LC,41977,2001-08-01T00:00:00Z,2017-04-28T00:00:00Z
89105,49252,41977,013003,17526,JOY GLOBAL INC,JOY,481165108,P,02,LC,41977,2001-08-01T00:00:00Z,2017-04-28T00:00:00Z
89109,102850,41979,114880,1013081,MACKINAC FINANCIAL CORP,MFNC,554571109,P,01,LC,41979,2001-08-31T00:00:00Z,2021-09-30T00:00:00Z
89110,104724,41980,142956,23112,OMNICELL INC,OMCL,68213N109,P,01,LC,41980,2001-08-07T00:00:00Z,NA
89125,101675,20387,002698,5627,CANADIAN PAC KANSAS CITY LTD,CP,13646K108,P,01,LC,41990,2001-10-03T00:00:00Z,NA
89125,101675,31687,002698,5627,CANADIAN PAC KANSAS CITY LTD,CP,13646K108,P,01,LC,41990,2001-10-03T00:00:00Z,NA
89125,101675,41990,002698,5627,CANADIAN PAC KANSAS CITY LTD,CP,13646K108,P,01,LC,41990,2001-10-03T00:00:00Z,NA
89134,6434,42001,011781,23716,OVINTIV INC,OVV,69047Q102,P,01,LC,42001,2001-10-03T00:00:00Z,NA
89138,104697,42007,144435,5320,BUNGE GLOBAL SA,BG,H11356104,P,01,LC,42007,2001-08-02T00:00:00Z,NA
89143,104817,42116,117868,914378,TOWER FINANCIAL CORP,TOFC,891769101,P,01,LC,42116,2001-09-04T00:00:00Z,2014-04-30T00:00:00Z
89167,105040,42265,144396,8282,CROSS COUNTRY HEALTHCARE INC,CCRN,227483104,P,01,LC,42265,2001-10-25T00:00:00Z,NA
89175,98707,42270,126122,23141,ONCOLYTICS BIOTECH INC,ONCY,682310875,P,01,LC,42270,2018-06-01T00:00:00Z,NA
89175,98707,42270,126122,23141,ONCOLYTICS BIOTECH INC,ONCY,682310875,P,01,LC,42270,2001-10-05T00:00:00Z,2015-11-04T00:00:00Z
89179,105051,42273,145046,2273,ELEVANCE HEALTH INC,ELV,036752103,P,01,LC,42273,2001-10-30T00:00:00Z,NA
89195,105016,42285,145701,25087,PRINCIPAL FINANCIAL GRP INC,PFG,74251V102,P,01,LC,42285,2001-10-23T00:00:00Z,NA
89202,52161,33945,063058,26713,SB FINANCIAL GROUP INC,SBFG,78408D105,P,01,LC,33945,2001-11-06T00:00:00Z,NA
89203,105127,42385,145042,929,ADVISORY BOARD CO,ABCO,00762W107,P,01,LC,42385,2001-11-13T00:00:00Z,2017-11-30T00:00:00Z
89207,94710,10302,017239,17925,KINDRED HEALTHCARE INC,KND,494580103,P,02,LC,42390,2001-11-08T00:00:00Z,2018-06-30T00:00:00Z
89207,94710,34766,017239,17925,KINDRED HEALTHCARE INC,KND,494580103,P,02,LC,42390,2001-11-08T00:00:00Z,2018-06-30T00:00:00Z
89207,94710,42390,017239,17925,KINDRED HEALTHCARE INC,KND,494580103,P,02,LC,42390,2001-11-08T00:00:00Z,2018-06-30T00:00:00Z
89213,105176,29125,024539,32407,VCA INC,WOOF.1,918194101,C,01,LC,42398,2001-11-21T00:00:00Z,2017-09-11T00:00:00Z
89213,105176,42398,024539,32407,VCA INC,WOOF.1,918194101,C,01,LC,42398,2001-11-21T00:00:00Z,2017-09-11T00:00:00Z
89215,105124,42400,144520,2086,AMN HEALTHCARE SERVICES INC,AMN,001744101,P,01,LC,42400,2001-11-13T00:00:00Z,NA
89216,105208,42401,146017,733,ACUITY BRANDS INC,AYI,00508Y102,P,01,LC,42401,2001-11-14T00:00:00Z,NA
89217,105174,42402,145977,95856,ADVANCE AUTO PARTS INC,AAP,00751Y106,P,01,LC,42402,2001-11-29T00:00:00Z,NA
89230,105178,42415,146156,97572,ALERE INC,ALR.,01449J105,P,01,LC,42415,2001-11-23T00:00:00Z,2017-10-02T00:00:00Z
89244,105143,42430,145308,33238,WW INTERNATIONAL INC,WW,98262P101,P,01,LC,42430,2001-11-15T00:00:00Z,NA
89252,105312,42517,146500,461968,ALERISLIFE INC,ALR,33832D205,P,01,LC,42517,2001-12-17T00:00:00Z,2023-03-31T00:00:00Z
89258,105238,42524,143356,25332,PRUDENTIAL FINANCIAL INC,PRU,744320102,P,01,LC,42524,2001-12-13T00:00:00Z,NA
89269,105248,42540,145552,6261,CENTENE CORP,CNC,15135B101,P,01,LC,42540,2001-12-13T00:00:00Z,NA
89289,82536,15073,063874,29017,STAGE STORES INC,SSINQ,85254C305,P,03,LC,15073,2002-01-08T00:00:00Z,2020-10-31T00:00:00Z
89290,105397,42651,142814,462108,SYNAPTICS INC,SYNA,87157D109,P,01,LC,42651,2002-01-29T00:00:00Z,NA
89297,105408,42769,147204,531565,COGENT COMMUNICATIONS HLDGS,CCOI,19239V302,P,01,LC,42769,2002-02-05T00:00:00Z,NA
89301,105426,42775,145049,734294,GAMESTOP CORP,GME,36467W109,P,01,LC,42775,2005-10-01T00:00:00Z,NA
89301,105426,42775,145049,734294,GAMESTOP CORP,GME,36467W109,N,01,LC,42775,2004-11-15T00:00:00Z,2005-09-30T00:00:00Z
89301,105426,42775,145049,734294,GAMESTOP CORP,GME,36467W109,C,01,LC,42775,2004-11-01T00:00:00Z,2004-11-14T00:00:00Z
89301,105426,42775,145049,734294,GAMESTOP CORP,GME,36467W109,P,01,LC,42775,2002-02-13T00:00:00Z,2004-10-31T00:00:00Z
89307,105419,42784,146171,122662,MANTECH INTL CORP,MANT,564563104,P,01,LC,42784,2002-02-07T00:00:00Z,2022-09-30T00:00:00Z
89323,105517,42912,064794,480535,UNITED COMMUNITY BANKS INC,UCB,90984P303,P,01,LC,42912,2002-03-18T00:00:00Z,NA
89327,105505,42915,144640,2696,ASBURY AUTOMOTIVE GROUP INC,ABG,043436104,P,01,LC,42915,2002-03-14T00:00:00Z,NA
89329,8554,22568,010884,6727,CHIQUITA BRANDS INTL INC,CQB,170032809,P,04,LC,22568,2002-03-20T00:00:00Z,2015-01-30T00:00:00Z
89353,105561,42997,147305,82239,JETBLUE AIRWAYS CORP,JBLU,477143101,P,01,LC,42997,2002-04-12T00:00:00Z,NA
89369,4874,43014,022632,18445,LANNETT CO INC,LCINQ,516012200,P,01,LC,43014,2002-04-15T00:00:00Z,2023-06-30T00:00:00Z
89386,49038,8646,012669,5860,CARMIKE CINEMAS INC,CKEC,143436400,C,01,LC,8646,2016-12-01T00:00:00Z,2016-12-30T00:00:00Z
89386,49038,8646,012669,5860,CARMIKE CINEMAS INC,CKEC,143436400,P,01,LC,8646,2002-05-23T00:00:00Z,2016-11-30T00:00:00Z
89387,105627,43140,147849,606121,TRUBRIDGE INC,TBRG,205306103,P,01,LC,43140,2002-05-21T00:00:00Z,NA
89393,105639,43145,147579,93427,NETFLIX INC,NFLX,64110L106,P,01,LC,43145,2002-05-23T00:00:00Z,NA
89394,105653,43146,147868,101407,BEYOND INC,BYON,690370101,P,01,LC,43146,2002-05-30T00:00:00Z,NA
89395,105645,43147,139025,24487,PINNACLE FINL PARTNERS INC,PNFP,72346Q104,P,01,LC,43147,2002-05-28T00:00:00Z,NA
89397,105617,43149,147242,83163,VERINT SYSTEMS INC,VRNT,92343X100,P,01,LC,43149,2010-07-06T00:00:00Z,NA
89397,105617,43149,147242,83163,VERINT SYSTEMS INC,VRNT,92343X100,P,01,LC,43149,2002-05-16T00:00:00Z,2007-01-31T00:00:00Z
89397,105617,43149,147242,1652268,VERINT SYSTEMS INC,VRNT,92343X100,P,01,LC,43149,2010-07-06T00:00:00Z,NA
89397,105617,43149,147242,1652268,VERINT SYSTEMS INC,VRNT,92343X100,P,01,LC,43149,2002-05-16T00:00:00Z,2007-01-31T00:00:00Z
89406,105698,43159,148950,80987,ENPRO INC,NPO,29355X107,P,01,LC,43159,2002-06-03T00:00:00Z,NA
89408,105643,43161,148770,482852,MARKWEST ENERGY PARTNERS LP,MWE,570759100,P,01,LC,43161,2002-05-21T00:00:00Z,2015-12-31T00:00:00Z
89409,105607,43163,147638,70005,REGAL ENTERTAINMENT GROUP,RGC.1,758766109,P,01,LC,43163,2002-05-09T00:00:00Z,2018-02-28T00:00:00Z
89413,105740,43250,145041,247097,BIG 5 SPORTING GOODS CORP,BGFV,08915P101,P,01,LC,43250,2002-06-25T00:00:00Z,NA
89419,105688,43256,113140,23569,PACER INTERNATIONAL INC,PACR,69373H106,P,01,LC,43256,2002-06-13T00:00:00Z,2014-04-02T00:00:00Z
89428,806,43264,015582,4521,BANK OF NOVA SCOTIA,BNS,064149107,P,01,LC,43264,2002-09-30T00:00:00Z,NA
89443,105755,43281,149082,464626,WESTWOOD HOLDINGS GROUP INC,WHG,961765104,P,01,LC,43281,2002-07-01T00:00:00Z,NA
89444,59042,28754,015704,30658,THOMSON-REUTERS CORP,TRI,884903808,P,01,LC,28754,2002-06-12T00:00:00Z,NA
89445,105739,43249,148219,565097,BIODELIVERY SCIENCES INTL,BDSI,09060J106,P,01,LC,43249,2002-07-25T00:00:00Z,2022-03-31T00:00:00Z
89447,105810,43326,147708,647708,CALAVO GROWERS INC,CVGW,128246105,P,01,LC,43326,2002-07-22T00:00:00Z,NA
89449,105787,43328,148391,550886,KIRKLAND'S INC,KIRK,497498105,P,01,LC,43328,2002-07-11T00:00:00Z,NA
89452,105821,43331,149477,271142,QUANTUM FUEL SYS TECH WORLDW,QTWWQ,74765E307,P,01,LC,43331,2002-07-23T00:00:00Z,2019-09-30T00:00:00Z
89453,105798,43332,148470,550890,RED ROBIN GOURMET BURGERS,RRGB,75689M101,P,01,LC,43332,2002-07-19T00:00:00Z,NA
89455,88478,14705,063000,26715,RUSH ENTERPRISES INC,RUSHA,781846209,P,02,LC,14705,2004-11-01T00:00:00Z,NA
89455,88478,14705,063000,26715,RUSH ENTERPRISES INC,RUSHA,781846209,N,02,LC,14705,2003-02-28T00:00:00Z,2004-10-31T00:00:00Z
89456,61370,7459,006527,19232,LSI INDUSTRIES INC,LYTS,50216C108,P,01,LU,7459,1985-03-12T00:00:00Z,NA
89462,1249,43339,002526,5487,CAE INC,CAE,124765108,P,01,LC,43339,2002-07-29T00:00:00Z,NA
89471,105811,43346,148410,69432,LEAPFROG ENTERPRISES INC,LF,52186N106,P,01,LC,43346,2002-07-25T00:00:00Z,2016-04-29T00:00:00Z
89482,105877,37718,136265,73,BANC OF CALIFORNIA INC,BANC,05990K106,P,01,LC,43449,2023-12-01T00:00:00Z,NA
89482,105877,37718,136265,883085,BANC OF CALIFORNIA INC,BANC,05990K106,P,01,LC,43449,2023-12-01T00:00:00Z,NA
89482,105877,43449,136265,883085,BANC OF CALIFORNIA INC,BANC,05990K106,P,01,LC,43449,2023-12-01T00:00:00Z,NA
89506,106021,43508,150481,265222,SAIA INC,SAIA,78709Y105,P,01,LC,43508,2002-10-01T00:00:00Z,NA
89508,90776,20453,064410,107377,CARMAX INC,KMX,143130102,P,01,LC,43519,2002-10-01T00:00:00Z,NA
89508,90776,43519,064410,107377,CARMAX INC,KMX,143130102,P,01,LC,43519,2002-10-01T00:00:00Z,NA
89509,106049,43520,150699,86176,CIMAREX ENERGY CO,XEC,171798101,P,01,LC,43520,2002-10-01T00:00:00Z,2021-10-29T00:00:00Z
89525,106139,962,003226,7387,COMCAST CORP,CMCSA,20030N101,P,01,LC,43613,2002-11-19T00:00:00Z,NA
89525,106139,43613,003226,7387,COMCAST CORP,CMCSA,20030N101,P,01,LC,43613,2002-11-19T00:00:00Z,NA
89533,106121,43620,149318,136226,WYNN RESORTS LTD,WYNN,983134107,P,01,LC,43620,2002-10-25T00:00:00Z,NA
89540,106071,43626,150139,125827,DICKS SPORTING GOODS INC,DKS,253393102,P,01,LC,43626,2002-10-16T00:00:00Z,NA
89546,106095,43631,150562,750453,NATURAL GAS SERVICES GROUP,NGS,63886Q109,P,01,LC,43631,2002-10-22T00:00:00Z,NA
89547,106073,43632,150837,486094,NATURAL RESOURCE PARTNERS LP,NRP,63900P608,P,01,LC,43632,2002-10-11T00:00:00Z,NA
89567,106224,43683,148249,606126,COSI INC,COSIQ,22122P200,P,01,LC,43683,2002-11-22T00:00:00Z,2017-05-11T00:00:00Z
89570,106153,43686,150201,630310,MARTIN MIDSTREAM PARTNERS LP,MMLP,573331105,P,01,LC,43686,2002-11-01T00:00:00Z,NA
89572,106154,37523,135788,73200,CEVA INC,CEVA,157210105,P,02,LC,43688,2002-11-01T00:00:00Z,NA
89572,106154,43688,135788,73200,CEVA INC,CEVA,157210105,P,02,LC,43688,2002-11-01T00:00:00Z,NA
89574,106180,43690,150477,468695,PRA GROUP INC,PRAA,69354N106,P,01,LC,43690,2002-11-08T00:00:00Z,NA
89575,106225,43691,148469,256646,SAFETY INSURANCE GROUP INC,SAFT,78648T100,P,01,LC,43691,2002-11-22T00:00:00Z,NA
89597,106199,43709,126010,12093,FLEXIBLE SOLUTIONS INTL INC,FSI,33938T104,P,01,LC,43709,2002-11-18T00:00:00Z,NA
89606,106248,43722,115757,624788,SMITH & WESSON BRANDS INC,SWBI,831754106,P,01,LC,43722,2002-11-29T00:00:00Z,NA
89611,89223,14801,061004,553,ACACIA RESEARCH CORP,ACTG,003881307,P,01,LC,14801,2002-12-16T00:00:00Z,NA
89615,106277,43783,065713,5872,CAROLINA BANK HOLDINGS INC,CLBH,143785103,P,01,LC,43783,2002-12-18T00:00:00Z,2017-03-31T00:00:00Z
89617,101677,38419,138743,10899,EQUINIX INC,EQIX,29444U700,P,01,LC,38419,2002-12-31T00:00:00Z,NA
89625,106270,43790,150277,564256,ENLINK MIDSTREAM PARTNERS LP,ENLK,29336U107,P,01,LC,43790,2002-12-12T00:00:00Z,2019-01-31T00:00:00Z
89626,106252,43791,149070,268946,CME GROUP INC,CME,12572Q105,P,01,LC,43791,2002-12-06T00:00:00Z,NA
89641,106259,43807,150937,27411,SEAGATE TECHNOLOGY HOLDINGS,STX,G7997R103,P,01,LC,43807,2002-12-11T00:00:00Z,NA
89653,106314,43857,150279,440376,PROVIDENT FINANCIAL SVCS INC,PFS,74386T105,P,01,LC,43857,2003-01-16T00:00:00Z,NA
89655,90083,14951,021743,22802,NVE CORP,NVEC,629445206,P,01,LC,43861,2003-01-22T00:00:00Z,NA
89655,90083,43861,021743,22802,NVE CORP,NVEC,629445206,P,01,LC,43861,2003-01-22T00:00:00Z,NA
89659,41455,7705,012789,19035,LOJACK CORP,LOJN,539451104,P,01,LU,7705,1985-08-23T00:00:00Z,2016-03-31T00:00:00Z
89692,78150,26227,008644,17958,KINROSS GOLD CORP,KGC,496902404,P,01,LC,26227,2003-02-03T00:00:00Z,NA
89695,106364,5614,004045,665143,DORCHESTER MINERALS  -LP,DMLP,25820R105,P,01,LC,43919,2003-02-03T00:00:00Z,NA
89695,106364,43919,004045,665143,DORCHESTER MINERALS  -LP,DMLP,25820R105,P,01,LC,43919,2003-02-03T00:00:00Z,NA
89728,102362,20394,013498,5867,CARNIVAL CORPORATION & PLC,CCL,143658300,J,90,LC,56248,2003-04-21T00:00:00Z,NA
89736,58729,44055,061693,14539,HEARTLAND FINANCIAL USA INC,HTLF,42234Q102,P,01,LC,44055,2003-05-15T00:00:00Z,NA
89753,106977,44115,148390,81913,FORMFACTOR INC,FORM,346375108,P,01,LC,44115,2003-06-12T00:00:00Z,NA
89757,4624,21028,006307,598703,SEARS HOLDINGS CORP,SHLDQ,812350106,P,03,LC,44118,2003-06-10T00:00:00Z,2018-10-23T00:00:00Z
89757,4624,44118,006307,598703,SEARS HOLDINGS CORP,SHLDQ,812350106,P,03,LC,44118,2003-06-10T00:00:00Z,2018-10-23T00:00:00Z
89781,107029,44184,152149,423374,MOLINA HEALTHCARE INC,MOH,60855R100,P,01,LC,44184,2003-07-02T00:00:00Z,NA
89792,107027,1206,002820,564361,CAVCO INDUSTRIES INC,CVCO,149568107,P,02,LC,44168,2003-07-01T00:00:00Z,NA
89792,107027,44168,002820,564361,CAVCO INDUSTRIES INC,CVCO,149568107,P,02,LC,44168,2003-07-01T00:00:00Z,NA
89793,107069,44169,153813,463569,DTS INC,DTSI,23335C101,P,01,LC,44169,2003-07-10T00:00:00Z,2016-12-30T00:00:00Z
89800,107240,44176,154039,21838,NETGEAR INC,NTGR,64111Q104,P,01,LC,44176,2003-07-31T00:00:00Z,NA
89803,107356,44265,155754,550882,ASHFORD HOSPITALITY TRUST,AHT,044103794,P,01,LC,44265,2003-08-26T00:00:00Z,NA
89810,107336,29515,025389,1070384,GRAPHIC PACKAGING HOLDING CO,GPK,388689101,P,03,LC,44272,2003-08-11T00:00:00Z,NA
89810,107336,44272,025389,482195,GRAPHIC PACKAGING HOLDING CO,GPK,388689101,P,03,LC,44272,2003-08-11T00:00:00Z,NA
89810,107336,44272,025389,1070384,GRAPHIC PACKAGING HOLDING CO,GPK,388689101,P,03,LC,44272,2003-08-11T00:00:00Z,NA
89812,107364,44276,155458,535410,GRANITE REAL ESTATE INVEST,GRP.U,387437205,P,01,LC,44276,2003-09-02T00:00:00Z,NA
89823,107342,44289,154739,420623,GLADSTONE COMMERCIAL CORP,GOOD,376536108,P,01,LC,44289,2003-08-13T00:00:00Z,NA
89824,107353,44290,154758,488319,MODIVCARE INC,MODV,60783X104,P,01,LC,44290,2003-08-19T00:00:00Z,NA
89826,107343,44292,150306,66710,TEXAS CAPITAL BANCSHARES INC,TCBI,88224Q107,P,01,LC,44292,2003-08-13T00:00:00Z,NA
89841,45065,7850,012603,7727,CNO FINANCIAL GROUP INC,CNO,12621E103,P,04,LC,7850,2003-09-12T00:00:00Z,NA
89857,11753,27321,007309,925876,MEXCO ENERGY CORP,MXC,592770101,C,01,LC,27321,2003-09-08T00:00:00Z,NA
89858,97870,34920,116029,24561,PLAINS ALL AMER PIPELNE  -LP,PAA,726503105,P,01,LC,34920,1998-11-18T00:00:00Z,NA
89866,107476,44497,155394,463860,LKQ CORP,LKQ,501889208,P,02,LC,44497,2003-10-03T00:00:00Z,NA
89875,73259,44505,018204,4391,ANI PHARMACEUTICALS INC,ANIP,00182C103,P,01,LC,44505,2013-07-18T00:00:00Z,NA
89876,96967,44506,150278,493545,CARTER'S INC,CRI,146229109,P,01,LC,44506,2003-10-24T00:00:00Z,NA
89889,107643,44600,155616,621870,CINEVERSE CORP,CNVS,172406308,P,01,LC,44600,2003-11-10T00:00:00Z,NA
89900,107740,44612,156155,464094,TD SYNNEX CORPORATION,SNX,87162W100,P,01,LC,44612,2003-11-25T00:00:00Z,NA
89901,107711,44613,155393,644598,WHITING PETROLEUM CORP,WLL,966387508,P,05,LC,44613,2020-09-02T00:00:00Z,2022-07-29T00:00:00Z
89901,107711,44613,155393,644598,WHITING PETROLEUM CORP,WLL,966387508,C,01,LC,44613,2020-09-01T00:00:00Z,2020-09-01T00:00:00Z
89901,107711,44613,155393,644598,WHITING PETROLEUM CORP,WLL,966387508,P,01,LC,44613,2003-11-20T00:00:00Z,2020-08-31T00:00:00Z
89904,107741,44616,157218,605406,BUFFALO WILD WINGS INC,BWLD,119848109,P,01,LC,44616,2003-11-21T00:00:00Z,2018-02-28T00:00:00Z
89905,107734,44617,156613,494213,CALLIDUS SOFTWARE INC,CALD,13123E500,P,01,LC,44617,2003-11-20T00:00:00Z,2018-04-30T00:00:00Z
89908,107748,44619,156614,492290,CONN'S INC,CONNQ,208242107,P,01,LC,44619,2003-11-25T00:00:00Z,NA
89911,88605,44621,063139,51961,TURQUOISE HILL RESOURCES LTD,TRQ,900435207,P,01,LC,44621,2005-01-01T00:00:00Z,2022-12-30T00:00:00Z
89911,88605,44621,063139,51961,TURQUOISE HILL RESOURCES LTD,TRQ,900435207,J,01,LC,44621,2003-11-18T00:00:00Z,2004-12-31T00:00:00Z
89911,88605,44621,063139,1897210,TURQUOISE HILL RESOURCES LTD,TRQ,900435207,P,01,LC,44621,2005-01-01T00:00:00Z,2022-12-30T00:00:00Z
89911,88605,44621,063139,1897210,TURQUOISE HILL RESOURCES LTD,TRQ,900435207,J,01,LC,44621,2003-11-18T00:00:00Z,2004-12-31T00:00:00Z
89913,107646,44623,156157,607330,MARLIN BUSINESS SERVICES INC,MRLN,571157106,P,01,LC,44623,2003-11-12T00:00:00Z,2022-01-31T00:00:00Z
89915,40803,7301,007161,19952,MCGRATH RENTCORP,MGRC,580589109,P,01,LU,7301,1984-11-13T00:00:00Z,NA
89916,107744,44625,149177,626612,NEXSTAR MEDIA GROUP,NXST,65336K103,P,01,LC,44625,2003-11-24T00:00:00Z,NA
89920,107637,44629,148313,480957,QUALITY DISTRIBUTION INC,QLTY.1,74756M102,P,01,LC,44629,2003-11-07T00:00:00Z,2015-08-31T00:00:00Z
89922,107678,44631,156153,467631,ADEIA INC,ADEA,00676P107,P,01,LC,44631,2003-11-13T00:00:00Z,NA
89935,107892,44689,157865,593519,MEI PHARMA INC,MEIP,55279B301,P,01,LC,44689,2003-12-18T00:00:00Z,NA
89941,107900,44695,149721,642495,TRAVELZOO,TZOO,89421Q205,P,01,LC,44695,2003-12-30T00:00:00Z,NA
89942,107869,44696,156384,812456,GLOBAL INDEMNITY GROUP LLC,GBLI,37959R103,P,01,LC,44696,2003-12-16T00:00:00Z,NA
89946,107789,44699,156383,620944,AMERICAN NATIONAL GROUP INC,AEL,025676206,P,01,LC,44699,2003-12-04T00:00:00Z,2024-05-31T00:00:00Z
89948,35481,44702,022861,1019485,CKX LANDS INC,CKX,12562N104,P,01,LC,44702,2003-12-08T00:00:00Z,NA
89952,107820,44705,157153,487837,COMPASS MINERALS INTL INC,CMP,20451N101,P,01,LC,44705,2003-12-12T00:00:00Z,NA
89960,107794,44712,157354,500266,KRONOS WORLDWIDE INC,KRO,50105F105,P,01,LC,44712,2003-12-09T00:00:00Z,NA
89968,107889,8065,008605,24515,PIPER SANDLER COS,PIPR,724078100,P,02,LC,44721,2004-01-02T00:00:00Z,NA
89968,107889,44721,008605,24515,PIPER SANDLER COS,PIPR,724078100,P,02,LC,44721,2004-01-02T00:00:00Z,NA
89971,107886,44726,156861,421366,TEMPUR SEALY INTL INC,TPX,88023U101,P,01,LC,44726,2003-12-18T00:00:00Z,NA
89973,107850,44727,156633,563444,UNIVERSAL TECHNICAL INST,UTI,913915104,P,01,LC,44727,2003-12-17T00:00:00Z,NA
89976,87550,44730,031519,591258,YAMANA GOLD INC,AUY,98462Y100,P,01,LC,44730,2003-12-05T00:00:00Z,2023-04-28T00:00:00Z
90011,1609,25268,002940,19429,MAGELLAN HEALTH INC,MGLN,559079207,P,03,LC,25268,2004-01-06T00:00:00Z,2022-01-31T00:00:00Z
90012,108125,44816,065406,24241,PETMED EXPRESS INC,PETS,716382106,P,01,LC,44816,2004-01-23T00:00:00Z,NA
90029,108342,44885,141496,9831,DYNAVAX TECHNOLOGIES CORP,DVAX,268158201,P,01,LC,44885,2004-02-19T00:00:00Z,NA
90038,108230,44893,157057,550072,ASSURANT INC,AIZ,04621X108,P,01,LC,44893,2004-02-05T00:00:00Z,NA
90052,108187,44911,157415,267352,TRW AUTOMOTIVE HOLDINGS CORP,TRW,87264S106,P,01,LC,44911,2004-02-03T00:00:00Z,2015-05-29T00:00:00Z
90053,108273,44913,022761,30347,TEL-INSTRUMENT ELECTRONICS,TIKK,879165207,P,01,LC,44913,2004-02-10T00:00:00Z,NA
90067,108583,44977,150258,265407,HORNBECK OFFSHORE SVCS -REDH,HOS,44099G930,P,01,LC,44977,2004-03-26T00:00:00Z,2019-12-20T00:00:00Z
90071,108564,37496,135990,22626,NRG ENERGY INC,NRG,629377508,P,03,LC,37496,2004-03-25T00:00:00Z,NA
90081,108597,44994,146648,582507,CUTERA INC,CUTR,232109108,P,01,LC,44994,2004-03-31T00:00:00Z,NA
90082,106888,44995,063224,6311,COMMUNITY WEST BANCSHARES,CWBC,203937107,P,01,LC,44995,2004-03-05T00:00:00Z,NA
90088,108599,44998,157755,623265,MARCHEX INC,MCHX,56624R108,P,01,LC,44998,2004-03-31T00:00:00Z,NA
90090,108563,44999,160776,733497,SIGNATURE BANK/NY,SBNY,82669G104,P,01,LC,44999,2004-03-23T00:00:00Z,NA
90092,130309,29931,028543,29516,SUN HEALTHCARE GROUP INC,SUNH.1,86677E100,P,02,LC,29931,2004-03-10T00:00:00Z,2010-11-15T00:00:00Z
90092,130309,29931,185618,1672643,SABRA HEALTH CARE REIT INC,SBRA,78573L106,P,01,LC,29931,2010-11-16T00:00:00Z,NA
90092,130309,53582,028543,29516,SUN HEALTHCARE GROUP INC,SUNH.1,86677E100,P,02,LC,29931,2004-03-10T00:00:00Z,2010-11-15T00:00:00Z
90097,108831,45004,264416,488272,ULTRA CLEAN HOLDINGS INC,UCTT,90385V107,P,01,LC,45004,2004-03-25T00:00:00Z,NA
90098,108528,45005,260919,460141,XCYTE THERAPIES INC,XCYTD,98389F507,P,02,LC,45005,2004-03-16T00:00:00Z,2006-03-27T00:00:00Z
90098,108528,45005,160809,817058,CYCLACEL PHARMACEUTICALS,CYCC,23254L801,P,01,LC,45005,2006-03-28T00:00:00Z,NA
90110,108650,45068,160255,469196,HOSPIRA INC,HSP,441060100,P,01,LC,45068,2004-05-03T00:00:00Z,2015-09-02T00:00:00Z
90120,108669,45077,157955,502210,ASSURED GUARANTY LTD,AGO,G0585R106,P,01,LC,45077,2004-04-23T00:00:00Z,NA
90121,108606,45078,266257,560357,MIDCAP FINANCIAL INVSMT CORP,MFIC,03761U502,P,01,LC,45078,2004-04-06T00:00:00Z,NA
90125,108640,45081,146616,374642,CORCEPT THERAPEUTICS INC,CORT,218352102,P,01,LC,45081,2004-04-14T00:00:00Z,NA
90126,108734,45082,158563,138612,CYTOKINETICS INC,CYTK,23282W605,P,01,LC,45082,2004-04-29T00:00:00Z,NA
90129,108741,45085,157862,563412,INTERSECTIONS INC,INTX,460981301,P,02,LC,45085,2004-04-30T00:00:00Z,2019-01-31T00:00:00Z
90162,108811,45174,158354,494219,GENWORTH FINANCIAL INC,GNW,37247D106,P,01,LC,45174,2004-05-25T00:00:00Z,NA
90164,108747,45176,264395,40757,GREENHILL & CO INC,GHL,395259104,P,01,LC,45176,2004-05-06T00:00:00Z,2023-12-29T00:00:00Z
90175,108771,45186,144998,27511,XPO INC,XPO,983793100,P,01,LC,45186,2004-05-12T00:00:00Z,NA
90177,108857,45190,141846,105052,ACADIA PHARMACEUTICALS INC,ACAD,004225108,P,01,LC,45190,2004-05-27T00:00:00Z,NA
90178,108867,45191,264265,117536,ALNYLAM PHARMACEUTICALS INC,ALNY,02043Q107,P,01,LC,45191,2004-05-28T00:00:00Z,NA
90179,108858,45192,264387,480997,ANGIODYNAMICS INC,ANGO,03475V101,P,01,LC,45192,2004-05-27T00:00:00Z,NA
90188,108774,45197,264385,466212,NUVASIVE INC,NUVA,670704105,P,01,LC,45197,2004-05-13T00:00:00Z,2023-09-29T00:00:00Z
90192,108860,45201,147639,634784,REPUBLIC AIRWAYS HLDGS INC,RJETQ,760276105,P,01,LC,45201,2004-05-27T00:00:00Z,2017-04-30T00:00:00Z
90194,108861,45203,158737,602289,SP PLUS CORP,SP,78469C103,P,01,LC,45203,2004-05-27T00:00:00Z,2024-05-31T00:00:00Z
90199,108911,45270,260774,6083,CBRE GROUP INC,CBRE,12504L109,P,01,LC,45270,2004-06-10T00:00:00Z,NA
90200,108991,45272,264708,562171,CABELAS INC,CAB,126804301,P,02,LC,45272,2004-06-25T00:00:00Z,2017-09-25T00:00:00Z
90204,108924,45277,146137,550248,ENDEAVOUR INTERNATIONAL CORP,ENDRQ,29259G200,P,01,LC,45277,2004-06-15T00:00:00Z,2016-01-29T00:00:00Z
90208,108898,45282,143689,16060,INLAND REAL ESTATE CORP,IRC,457461200,P,01,LC,45282,2004-06-09T00:00:00Z,2016-03-30T00:00:00Z
90210,109013,45284,160183,90176,LIFE TIME FITNESS INC,LTM.2,53217R207,P,02,LC,45284,2004-06-30T00:00:00Z,2015-06-10T00:00:00Z
90213,109034,20851,005342,756178,MONEYGRAM INTERNATIONAL INC,MGI,60935Y208,P,01,LC,45286,2004-07-01T00:00:00Z,2023-06-30T00:00:00Z
90213,109034,20851,005342,3649983,MONEYGRAM INTERNATIONAL INC,MGI,60935Y208,P,01,LC,45286,2004-07-01T00:00:00Z,2023-06-30T00:00:00Z
90213,109034,45286,005342,756178,MONEYGRAM INTERNATIONAL INC,MGI,60935Y208,P,01,LC,45286,2004-07-01T00:00:00Z,2023-06-30T00:00:00Z
90214,108977,45287,158053,742337,NEW YORK MORTGAGE TRUST INC,NYMT,649604840,P,01,LC,45287,2008-06-05T00:00:00Z,NA
90214,108977,45287,158053,742337,NEW YORK MORTGAGE TRUST INC,NYMT,649604840,P,01,LC,45287,2004-06-24T00:00:00Z,2007-09-10T00:00:00Z
90215,108973,45288,157855,69444,SALESFORCE INC,CRM,79466L302,P,01,LC,45288,2004-06-23T00:00:00Z,NA
90217,108978,45290,260779,422829,STRATEGIC HOTELS & RESORTS,BEE,86272T106,P,01,LC,45290,2004-06-24T00:00:00Z,2015-12-31T00:00:00Z
90232,109002,45304,160216,598880,MULTI-FINELINE ELECTRON INC,MFLX.,62541B101,P,01,LC,45304,2004-06-25T00:00:00Z,2016-07-29T00:00:00Z
90233,108984,45305,264414,584734,MOMENTA PHARMACEUTICALS INC,MNTA,60877T100,P,01,LC,45305,2004-06-22T00:00:00Z,2020-10-30T00:00:00Z
90238,108985,45309,142812,27605,SENOMYX INC,SNMX,81724Q107,P,01,LC,45309,2004-06-22T00:00:00Z,2018-11-30T00:00:00Z
90248,109104,45379,160211,90132,DOMINO'S PIZZA INC,DPZ,25754A201,P,02,LC,45379,2004-07-13T00:00:00Z,NA
90249,109156,45380,160893,631381,ENERSYS,ENS,29275Y102,P,01,LC,45380,2004-07-30T00:00:00Z,NA
90253,109046,45384,264509,732186,HOLLY ENERGY PARTNERS LP,HEP,435763107,P,01,LC,45384,2004-07-08T00:00:00Z,2023-12-29T00:00:00Z
90271,57890,43027,020683,1146915,PENGROWTH ENERGY CORP,PGHEF,70706P104,P,04,LC,43027,2006-07-27T00:00:00Z,2020-01-31T00:00:00Z
90271,57890,43027,020683,1146915,PENGROWTH ENERGY CORP,PGHEF,70706P104,J,01,LC,43027,2006-07-01T00:00:00Z,2006-07-26T00:00:00Z
90271,57890,43027,020683,1146915,PENGROWTH ENERGY CORP,PGHEF,70706P104,P,01,LC,43027,2004-07-28T00:00:00Z,2006-06-30T00:00:00Z
90272,109029,45394,260778,602305,WELLCARE HEALTH PLANS INC,WCG,94946T106,P,01,LC,45394,2004-07-07T00:00:00Z,2020-01-31T00:00:00Z
90276,109141,45417,260893,466388,BLACKBAUD INC,BLKB,09227Q100,P,01,LC,45417,2004-07-22T00:00:00Z,NA
90300,109426,45464,161048,602424,AMERICAN CAMPUS COMMUNITIES,ACC,024835100,P,01,LC,45464,2004-08-12T00:00:00Z,2022-08-31T00:00:00Z
90301,109419,45465,161013,550929,BIOMED REALTY TRUST INC,BMR.1,09063H107,P,01,LC,45465,2004-08-06T00:00:00Z,2016-01-29T00:00:00Z
90305,109438,45469,160479,600874,EXTRA SPACE STORAGE INC,EXR,30225T102,P,01,LC,45469,2004-08-12T00:00:00Z,NA
90307,109429,45471,266315,607215,KITE REALTY GROUP TRUST,KRG,49803T300,P,01,LC,45471,2004-08-11T00:00:00Z,NA
90312,109428,45475,160684,488202,WESTLAKE CORP,WLK,960413102,P,02,LC,45475,2004-08-11T00:00:00Z,NA
90314,109421,45478,160570,502089,COMMERCIAL VEHICLE GROUP INC,CVGI,202608105,P,01,LC,45478,2004-08-05T00:00:00Z,NA
90319,109717,45483,160329,116351,ALPHABET INC,GOOGL,02079K305,P,01,LC,45483,2004-08-19T00:00:00Z,NA
90325,109516,45488,160375,560604,STEREOTAXIS INC,STXS,85916J409,P,01,LC,45488,2019-09-06T00:00:00Z,NA
90325,109516,45488,160375,560604,STEREOTAXIS INC,STXS,85916J409,P,01,LC,45488,2004-08-12T00:00:00Z,2016-07-29T00:00:00Z
90325,109516,45488,160375,3077749,STEREOTAXIS INC,STXS,85916J409,P,01,LC,45488,2019-09-06T00:00:00Z,NA
90325,109516,45488,160375,3077749,STEREOTAXIS INC,STXS,85916J409,P,01,LC,45488,2004-08-12T00:00:00Z,2016-07-29T00:00:00Z
90329,54649,28409,014639,1019533,NEW ENGLAND REALTY ASSC  -LP,NEN,644206104,P,01,LC,28409,1987-11-19T00:00:00Z,NA
90339,104299,45533,148130,863218,INTEROIL CORP,IOC,460951106,P,01,LC,45533,2004-09-08T00:00:00Z,2017-02-28T00:00:00Z
90352,135182,30052,025495,934634,DYNEGY INC,DYN.2,26817R108,P,03,LC,30882,2012-10-03T00:00:00Z,2018-04-30T00:00:00Z
90352,135182,30052,025495,934634,DYNEGY INC,DYN.2,26817R108,P,01,LC,30882,2000-02-02T00:00:00Z,2012-07-05T00:00:00Z
90352,135182,30882,025495,9833,DYNEGY INC,DYN.2,26817R108,P,03,LC,30882,2012-10-03T00:00:00Z,2018-04-30T00:00:00Z
90352,135182,30882,025495,9833,DYNEGY INC,DYN.2,26817R108,P,01,LC,30882,2000-02-02T00:00:00Z,2012-07-05T00:00:00Z
90352,135182,30882,025495,934634,DYNEGY INC,DYN.2,26817R108,P,03,LC,30882,2012-10-03T00:00:00Z,2018-04-30T00:00:00Z
90352,135182,30882,025495,934634,DYNEGY INC,DYN.2,26817R108,P,01,LC,30882,2000-02-02T00:00:00Z,2012-07-05T00:00:00Z
90353,110733,45555,160598,378966,BEACON ROOFING SUPPLY INC,BECN,073685109,P,01,LC,45555,2004-09-23T00:00:00Z,NA
90354,110709,37145,133944,4814,OCLARO INC,OCLR,67555N206,P,01,LC,37145,2004-09-20T00:00:00Z,2018-12-31T00:00:00Z
90354,110709,37145,133944,743415,OCLARO INC,OCLR,67555N206,P,01,LC,37145,2004-09-20T00:00:00Z,2018-12-31T00:00:00Z
90366,110705,45566,160207,606285,STONEMOR INC,STON,86184W106,P,01,LC,45566,2004-09-15T00:00:00Z,2022-11-30T00:00:00Z
90371,110900,45680,161055,480589,BUILD-A-BEAR WORKSHOP INC,BBW,120076104,P,01,LC,45680,2004-10-28T00:00:00Z,NA
90373,110905,45684,160991,641924,DIGITAL REALTY TRUST INC,DLR,253868103,P,01,LC,45684,2004-10-29T00:00:00Z,NA
90374,110904,45685,160912,599980,DREAMWORKS ANIMATION SKG INC,DWA,26153C103,P,01,LC,45685,2004-10-28T00:00:00Z,2016-08-22T00:00:00Z
90377,36836,7317,126423,21489,ONTO INNOVATION INC,ONTO,683344105,P,01,LC,7317,2019-10-28T00:00:00Z,NA
90377,36836,17343,126423,480718,ONTO INNOVATION INC,ONTO,683344105,P,01,LC,7317,2019-10-28T00:00:00Z,NA
90386,111811,45695,162129,550358,MOSAIC CO,MOS,61945C103,P,01,LC,45695,2004-10-25T00:00:00Z,NA
90394,110877,13926,061163,574649,SUNSTONE HOTEL INVESTORS INC,SHO,867892101,P,02,LC,45703,2004-10-21T00:00:00Z,NA
90394,110877,45703,061163,574649,SUNSTONE HOTEL INVESTORS INC,SHO,867892101,P,02,LC,45703,2004-10-21T00:00:00Z,NA
90399,131133,45707,266216,661091,ATLANTIC COAST FINANCIAL CP,ACFC,048426100,P,01,LC,45707,2004-10-05T00:00:00Z,2018-05-31T00:00:00Z
90400,110861,45708,156578,741,ARQ INC,ARQ,00770C101,P,01,LC,45708,2016-07-07T00:00:00Z,NA
90400,110861,45708,156578,741,ARQ INC,ARQ,00770C101,P,01,LC,45708,2004-10-14T00:00:00Z,2015-02-02T00:00:00Z
90400,110861,45708,156578,2485054,ARQ INC,ARQ,00770C101,P,01,LC,45708,2016-07-07T00:00:00Z,NA
90400,110861,45708,156578,2485054,ARQ INC,ARQ,00770C101,P,01,LC,45708,2004-10-14T00:00:00Z,2015-02-02T00:00:00Z
90401,110830,45709,161966,650003,ARES CAPITAL CORP,ARCC,04010L103,P,01,LC,45709,2004-10-05T00:00:00Z,NA
90411,110873,45718,160798,650044,LOCAL CORP,LOCM,53954W104,C,01,LC,45718,2004-10-19T00:00:00Z,2015-07-02T00:00:00Z
90423,110832,45728,160668,114747,INNOVIVA INC,INVA,45781M101,P,01,LC,45728,2004-10-05T00:00:00Z,NA
90427,110833,45732,160376,603315,TEXAS ROADHOUSE INC,TXRH,882681109,P,01,LC,45732,2004-10-05T00:00:00Z,NA
90433,41191,45863,106112,666627,NEW GOLD INC,NGD,644535106,P,01,LC,45863,2004-11-18T00:00:00Z,NA
90436,110915,45865,151630,852951,HALOZYME THERAPEUTICS INC,HALO,40637H109,P,01,LC,45865,2004-11-01T00:00:00Z,NA
90440,111218,45869,162264,756349,NEENAH INC,NP,640079109,P,01,LC,45869,2004-11-30T00:00:00Z,2022-07-29T00:00:00Z
90444,110967,45871,160913,551199,ORMAT TECHNOLOGIES INC,ORA,686688102,P,01,LC,45871,2004-11-11T00:00:00Z,NA
90447,110882,45702,160448,743776,SMARTPROS LTD,SPRO.1,83171G103,P,01,LC,45702,2004-11-22T00:00:00Z,2015-12-31T00:00:00Z
90454,110938,45878,158742,551122,MARKETAXESS HOLDINGS INC,MKTX,57060D108,P,01,LC,45878,2004-11-05T00:00:00Z,NA
90455,111016,45879,160888,580845,MONOLITHIC POWER SYSTEMS INC,MPWR,609839105,P,01,LC,45879,2004-11-19T00:00:00Z,NA
90458,6155,3309,008001,22537,NORTHWESTERN ENRGY GROUP INC,NWE,668074305,P,03,LC,3309,2004-11-02T00:00:00Z,NA
90464,71560,11287,024844,550862,SPOK HOLDINGS INC,SPOK,84863T106,P,03,LC,45886,2004-11-17T00:00:00Z,NA
90464,71560,45886,024844,550862,SPOK HOLDINGS INC,SPOK,84863T106,P,03,LC,45886,2004-11-17T00:00:00Z,NA
90466,110971,45887,160503,666505,ZIPREALTY INC,ZIPR,98974V107,P,01,LC,45887,2004-11-10T00:00:00Z,2014-08-29T00:00:00Z
90478,111115,46000,141389,66210,CASCADE MICROTECH INC,CSCD,147322101,P,01,LC,46000,2004-12-15T00:00:00Z,2016-06-30T00:00:00Z
90490,111146,44891,158587,591579,BANCORP INC,TBBK,05969A105,P,01,LC,44891,2004-12-23T00:00:00Z,NA
90496,111086,46016,161813,622717,BLUELINX HOLDINGS INC,BXC,09624H208,P,01,LC,46016,2004-12-14T00:00:00Z,NA
90505,111098,46024,161844,603630,LAS VEGAS SANDS CORP,LVS,517834107,P,01,LC,46024,2004-12-15T00:00:00Z,NA
90506,111128,46025,161852,913271,SOTHERLY HOTELS INC,SOHO,83600C103,P,01,LC,46025,2004-12-17T00:00:00Z,NA
90507,111114,46026,161120,620275,MACQUARIE INFRASTR HOLD LLC,MIC,55608B105,P,01,LC,46026,2004-12-16T00:00:00Z,2022-07-29T00:00:00Z
90508,111824,46027,162584,925879,NTS REALTY HOLDINGS LP,NLP,629422106,P,01,LC,46027,2005-02-03T00:00:00Z,2014-06-30T00:00:00Z
90515,109354,46034,160600,75504,SYMMETRY MEDICAL INC,SMA,871546206,P,01,LC,46034,2004-12-09T00:00:00Z,2014-12-04T00:00:00Z
90520,111228,46091,162254,55772,CELANESE CORP,CE,150870103,P,01,LC,46091,2005-01-21T00:00:00Z,NA
90533,111245,46102,160341,551012,W&T OFFSHORE INC,WTI,92922P106,P,01,LC,46102,2005-01-28T00:00:00Z,NA
90535,111252,46104,160892,551162,DFC GLOBAL CORP,DLLR,23324T107,P,01,LC,46104,2005-01-28T00:00:00Z,2014-06-30T00:00:00Z
90536,111246,46105,160719,730843,GFI GROUP INC,GFIG,361652209,P,01,LC,46105,2005-01-26T00:00:00Z,2016-01-29T00:00:00Z
90537,44684,7752,011925,3404416,NOBLE CORP PLC,NE,G65431127,P,01,LC,7752,1985-09-23T00:00:00Z,2020-07-30T00:00:00Z
90537,44684,58352,011925,3404416,NOBLE CORP PLC,NE,G65431127,P,01,LC,7752,1985-09-23T00:00:00Z,2020-07-30T00:00:00Z
90538,111241,46106,160838,566406,JAMES RIVER COAL CO,JRCCQ,470355207,P,01,LC,46106,2005-01-25T00:00:00Z,2016-03-31T00:00:00Z
90539,111247,46107,122916,7685,REGENETP INC,RGTPQ,731094207,P,01,LC,46107,2005-01-26T00:00:00Z,2023-06-15T00:00:00Z
90544,111255,46112,110250,734664,SUMMIT FINANCIAL GROUP INC,SMMF,86606G101,C,01,LC,46112,2005-01-31T00:00:00Z,2024-05-31T00:00:00Z
90547,111740,46145,162448,598387,ALPHA NATURAL RESOURCES INC,ANRZQ,02076X102,P,01,LC,46145,2005-02-15T00:00:00Z,2016-07-29T00:00:00Z
90548,111734,46146,162076,464110,ARC DOCUMENT SOLUTIONS INC,ARC,00191G103,P,01,LC,46146,2005-02-04T00:00:00Z,2024-11-29T00:00:00Z
90550,111514,46149,162354,465654,DOLBY LABORATORIES INC,DLB,25659T107,P,01,LC,46149,2005-02-17T00:00:00Z,NA
90558,79633,46156,162401,551056,HUNTSMAN CORP,HUN,447011107,P,01,LC,46156,2005-02-11T00:00:00Z,NA
90561,46225,7764,019124,21512,NASB FINANCIAL INC,NASB,628968109,P,01,LU,7764,1985-10-02T00:00:00Z,NA
90561,46225,7764,019124,2148363,NASB FINANCIAL INC,NASB,628968109,P,01,LU,7764,1985-10-02T00:00:00Z,NA
90564,111732,46162,162335,600759,PRESTIGE CONSUMER HEALTHCARE,PBH,74112D101,P,01,LC,46162,2005-02-10T00:00:00Z,NA
90568,111328,46168,161843,627980,MANITEX INTERNATIONAL INC,MNTX,563420108,P,01,LC,46168,2005-02-15T00:00:00Z,NA
90569,111342,46169,162385,97122,WEX INC,WEX,96208T104,P,01,LC,46169,2005-02-16T00:00:00Z,NA
90590,111324,46272,118525,735005,ENTERPRISE BANCORP INC/MA,EBTC,293668109,P,01,LC,46272,2005-02-14T00:00:00Z,NA
90601,111307,46282,149337,42640,NASDAQ INC,NDAQ,631103108,P,01,LC,46282,2005-02-10T00:00:00Z,NA
90603,111334,46284,109183,830856,PREFERRED BANK LOS ANGELES,PFBC,740367404,P,01,LC,46284,2005-02-15T00:00:00Z,NA
90605,111313,46287,162338,633076,UNIVERSAL LOGISTICS HLDGS,ULH,91388P105,P,01,LC,46287,2005-02-11T00:00:00Z,NA
90608,62821,46418,023226,837418,INUVO INC,INUV,46122W204,P,01,LC,46418,2005-03-03T00:00:00Z,NA
90634,111622,46441,162560,643128,AXOS FINANCIAL INC,AX,05465C100,P,01,LC,46441,2005-03-15T00:00:00Z,NA
90643,111829,46538,145979,80432,ACCURIDE CORP,ACW,00439T206,P,02,LC,46538,2010-12-22T00:00:00Z,2016-11-30T00:00:00Z
90643,111829,46538,145979,80432,ACCURIDE CORP,ACW,00439T206,P,01,LC,46538,2005-04-26T00:00:00Z,2008-11-11T00:00:00Z
90643,111829,46538,145979,1678293,ACCURIDE CORP,ACW,00439T206,P,02,LC,46538,2010-12-22T00:00:00Z,2016-11-30T00:00:00Z
90643,111829,46538,145979,1678293,ACCURIDE CORP,ACW,00439T206,P,01,LC,46538,2005-04-26T00:00:00Z,2008-11-11T00:00:00Z
90657,111840,46553,162733,82823,VERIFONE SYSTEMS INC,PAY.4,92342Y109,P,01,LC,46553,2005-04-29T00:00:00Z,2018-08-31T00:00:00Z
90664,111803,46559,162887,373917,DEXCOM INC,DXCM,252131107,P,01,LC,46559,2005-04-14T00:00:00Z,NA
90672,111761,46566,162742,647392,FREIGHTCAR AMERICA INC,RAIL,357023100,P,01,LC,46566,2005-04-06T00:00:00Z,NA
90679,111846,46668,160742,601717,COFFEE HOLDING CO INC,JVA,192176105,P,01,LC,46668,2005-05-03T00:00:00Z,NA
90680,111908,46669,160706,601972,DIAMONDROCK HOSPITALITY CO,DRH,252784301,P,02,LC,46669,2005-05-26T00:00:00Z,NA
90687,111852,46675,063383,15312,HYPERDYNAMICS CORP,HDYNQ,448954206,C,01,LC,46675,2005-05-05T00:00:00Z,2015-03-10T00:00:00Z
90698,111896,46684,163594,735060,TRANSMONTAIGNE PARTNERS LP,TLP,89376V100,P,01,LC,46684,2005-05-25T00:00:00Z,2019-02-28T00:00:00Z
90701,111851,46687,162559,604003,LAZARD INC,LAZ,52110M109,C,01,LC,46687,2005-05-05T00:00:00Z,NA
90706,111890,46691,163051,736858,CITI TRENDS INC,CTRN,17306X102,P,01,LC,46691,2005-05-18T00:00:00Z,NA
90708,111848,46692,160373,376777,MORNINGSTAR INC,MORN,617700109,P,01,LC,46692,2005-05-03T00:00:00Z,NA
90710,106732,46694,062139,24648,PLUMAS BANCORP,PLBC,729273102,P,01,LC,46694,2005-05-18T00:00:00Z,NA
90715,111860,46697,162988,467542,ZUMIEZ INC,ZUMZ,989817101,P,01,LC,46697,2005-05-06T00:00:00Z,NA
90716,111861,46701,155280,533426,AIR TRANSPORT SERVICES GROUP,ATSG,00922R105,P,01,LC,46701,2005-05-09T00:00:00Z,NA
90720,111974,46846,163036,141427,BUILDERS FIRSTSOURCE,BLDR,12008R107,P,01,LC,46846,2005-06-22T00:00:00Z,NA
90724,111981,46849,163685,783042,EAGLE BULK SHIPPING INC,EGLE,Y2187A150,P,02,LC,46849,2014-10-16T00:00:00Z,2024-04-30T00:00:00Z
90724,111981,46849,163685,783042,EAGLE BULK SHIPPING INC,EGLE,Y2187A150,C,01,LC,46849,2014-10-01T00:00:00Z,2014-10-15T00:00:00Z
90724,111981,46849,163685,783042,EAGLE BULK SHIPPING INC,EGLE,Y2187A150,P,01,LC,46849,2005-06-23T00:00:00Z,2014-09-30T00:00:00Z
90734,111951,46857,162404,745486,LHC GROUP INC,LHCG,50187A107,P,01,LC,46857,2005-06-09T00:00:00Z,2023-02-28T00:00:00Z
90735,111983,46858,163668,806647,LINCOLN EDUCATIONAL SERVICES,LINC,533535100,P,01,LC,46858,2005-06-23T00:00:00Z,NA
90742,111953,46864,162907,823124,SILICON GRAPHICS INTL CORP,SGI,82706L108,P,01,LC,46864,2005-06-10T00:00:00Z,2016-11-30T00:00:00Z
90748,111929,46870,162809,484090,XENOPORT INC,XNPT,98411C100,P,01,LC,46870,2005-06-02T00:00:00Z,2016-07-29T00:00:00Z
90755,111927,46878,163884,925729,FRANKLIN STREET PROPERTIES,FSP,35471R106,P,01,LC,46878,2005-06-02T00:00:00Z,NA
90756,20219,7765,011721,23438,OSHKOSH CORP,OSK,688239201,P,01,LC,7765,1985-10-02T00:00:00Z,NA
90763,112006,46886,163629,485259,NEUSTAR INC,NSR.3,64126X201,P,01,LC,46886,2005-06-29T00:00:00Z,2017-08-07T00:00:00Z
90775,111957,46889,163983,735062,TREEHOUSE FOODS INC,THS,89469A104,P,01,LC,46889,2005-06-28T00:00:00Z,NA
90778,117274,46892,147750,957890,NTS INC,NTS,62943B105,P,01,LC,46892,2005-06-08T00:00:00Z,2014-06-30T00:00:00Z
90779,112117,46986,163939,595598,ALON USA ENERGY INC,ALJ,020520102,P,01,LC,46986,2005-07-28T00:00:00Z,2017-07-31T00:00:00Z
90783,68687,46992,028347,12144,FLOTEK INDUSTRIES INC,FTK,343389409,P,01,LC,46992,2005-07-27T00:00:00Z,NA
90790,112036,47000,162160,660184,MEDICAL PROPERTIES TRUST,MPW,58463J304,C,01,LC,47000,2005-07-08T00:00:00Z,NA
90791,112086,47001,163887,23339,ORCHIDS PAPER PRODUCTS,TISUQ,68572N104,P,01,LC,47001,2005-07-15T00:00:00Z,2020-02-29T00:00:00Z
90792,112111,47002,163877,734923,PIKE CORP,PIKE,721283109,P,01,LC,47002,2005-07-27T00:00:00Z,2014-12-31T00:00:00Z
90795,112007,46888,164255,933328,JAMBA INC,JMBA,47023A309,P,02,LC,46888,2005-07-28T00:00:00Z,2018-09-28T00:00:00Z
90803,112107,47009,162127,1001479,CONSOLIDATED COMM HLDGS INC,CNSL,209034107,P,01,LC,47009,2005-07-22T00:00:00Z,2024-12-31T00:00:00Z
90805,112100,47011,164296,814899,WARNER BROS DISCOVERY INC,WBD,934423104,P,01,LC,47011,2005-07-21T00:00:00Z,2022-04-08T00:00:00Z
90805,112100,47011,164296,1201609,WARNER BROS DISCOVERY INC,WBD,934423104,P,01,LC,47011,2005-07-21T00:00:00Z,2022-04-08T00:00:00Z
90805,112100,59247,164296,1201609,WARNER BROS DISCOVERY INC,WBD,934423104,P,01,LC,47011,2005-07-21T00:00:00Z,2022-04-08T00:00:00Z
90807,112104,47012,163627,803623,DIAMOND FOODS INC,DMND,252603105,P,01,LC,47012,2005-07-21T00:00:00Z,2016-02-26T00:00:00Z
90808,112093,17323,126296,770141,EXPEDIA GROUP INC,EXPE,30212P303,P,02,LC,47013,2005-07-29T00:00:00Z,NA
90808,112093,47013,126296,770141,EXPEDIA GROUP INC,EXPE,30212P303,P,02,LC,47013,2005-07-29T00:00:00Z,NA
90825,112137,47179,164506,665743,ACCO BRANDS CORP,ACCO,00081T108,P,02,LC,47179,2005-08-17T00:00:00Z,NA
90829,112154,47183,163946,665753,CF INDUSTRIES HOLDINGS INC,CF,125269100,P,01,LC,47183,2005-08-11T00:00:00Z,NA
90833,112162,47186,161040,483238,HEARTLAND PAYMENT SYSTEMS,HPY,42235N108,P,01,LC,47186,2005-08-11T00:00:00Z,2016-04-22T00:00:00Z
90849,112177,47195,162957,26470,ROCKWOOD HOLDINGS INC,ROC.3,774415103,P,01,LC,47195,2005-08-17T00:00:00Z,2015-01-30T00:00:00Z
90850,87369,47197,029985,560881,STANTEC INC,STN,85472N109,P,01,LC,47197,2005-08-05T00:00:00Z,NA
90867,112134,47213,163893,130797,MWI VETERINARY SUPPLY,MWIV,55402X105,P,01,LC,47213,2005-08-03T00:00:00Z,2015-02-27T00:00:00Z
90870,112166,47216,164557,640918,RBC BEARINGS INC,RBC,75524B104,P,01,LC,47216,2005-08-10T00:00:00Z,NA
90871,112161,47217,163891,462965,RUTHS HOSPITALITY GROUP INC,RUTH,783332109,P,01,LC,47217,2005-08-09T00:00:00Z,2023-06-30T00:00:00Z
90880,112230,47422,164708,667645,AMERIPRISE FINANCIAL INC,AMP,03076C106,P,01,LC,47422,2005-10-03T00:00:00Z,NA
90885,112244,47428,163678,828012,EVERI HOLDINGS INC,EVRI,30034T103,P,01,LC,47428,2005-09-23T00:00:00Z,NA
90886,112277,47429,163935,732330,GLOBAL PARTNERS LP,GLP,37946R109,P,01,LC,47429,2005-09-29T00:00:00Z,NA
90900,112296,47440,164609,488938,GENOMIC HEALTH INC,GHDX,37244C101,P,01,LC,47440,2005-09-29T00:00:00Z,2019-11-29T00:00:00Z
90901,112261,47441,160797,480365,IKANOS COMMUNICATIONS INC,IKAN,45173E204,P,01,LC,47441,2005-09-22T00:00:00Z,2015-09-30T00:00:00Z
90907,112284,47447,023813,461263,VIRACTA THERAPEUTICS INC,VIRX,92765F108,P,01,LC,47447,2021-02-25T00:00:00Z,NA
90914,112298,16406,115404,33212,WEBMD HEALTH CORP,WBMD,94770V102,P,01,LC,47452,2009-10-24T00:00:00Z,2017-09-15T00:00:00Z
90914,112298,16406,115404,734850,WEBMD HEALTH CORP,WBMD,94770V102,P,01,LC,47452,2009-10-24T00:00:00Z,2017-09-15T00:00:00Z
90914,112298,16406,115404,2702847,WEBMD HEALTH CORP,WBMD,94770V102,P,01,LC,47452,2009-10-24T00:00:00Z,2017-09-15T00:00:00Z
90914,112298,47452,115404,734850,WEBMD HEALTH CORP,WBMD,94770V102,P,01,LC,47452,2009-10-24T00:00:00Z,2017-09-15T00:00:00Z
90925,112304,47864,165264,916730,FIDELITY NATIONAL FINANCIAL,FNF,31620R303,P,01,LC,47864,2005-10-18T00:00:00Z,NA
90951,112386,47879,164607,753941,HERCULES OFFSHORE INC,HEROQ,427093307,P,03,LC,47879,2015-11-09T00:00:00Z,2016-06-14T00:00:00Z
90951,112386,47879,164607,753941,HERCULES OFFSHORE INC,HEROQ,427093307,P,01,LC,47879,2005-10-27T00:00:00Z,2015-08-23T00:00:00Z
90954,112387,47882,164615,625678,MATHSTAR INC-OLD,MATH.1,57699Z934,P,01,LC,47882,2005-10-27T00:00:00Z,2008-10-22T00:00:00Z
90954,112387,47882,184592,2142612,SAJAN INC,SAJA,79379T202,P,01,LC,47882,2014-09-04T00:00:00Z,2017-07-19T00:00:00Z
90956,112362,47884,164432,755706,NCI INC,NCIT,62886K104,P,01,LC,47884,2005-10-24T00:00:00Z,2017-08-31T00:00:00Z
90957,112388,47885,164612,630051,NXSTAGE MEDICAL INC,NXTM,67072V103,P,01,LC,47885,2005-10-27T00:00:00Z,2019-02-28T00:00:00Z
90961,137564,47887,164365,913664,WATERSTONE FINANCIAL INC,WSBF,94188P101,P,01,LC,47887,2005-10-05T00:00:00Z,NA
90963,112491,48766,164572,482661,AMERISAFE INC,AMSF,03071H100,P,01,LC,48766,2005-11-18T00:00:00Z,NA
90966,112409,48769,163987,875415,CBEYOND INC,CBEY,149847105,P,01,LC,48769,2005-11-02T00:00:00Z,2014-07-18T00:00:00Z
90968,112427,48770,021126,421272,EPIRUS BIOPHARMACEUTICALS,EPRSQ,29428P107,C,01,LC,48770,2014-07-16T00:00:00Z,NA
90971,112425,48773,164416,464072,IROBOT CORP,IRBT,462726100,P,01,LC,48773,2005-11-09T00:00:00Z,NA
90978,112489,48778,165051,489063,SUNPOWER CORP,SPWRQ,867652406,P,01,LC,48778,2005-11-17T00:00:00Z,2024-11-29T00:00:00Z
90979,112493,48779,165052,786736,UNDER ARMOUR INC,UAA,904311107,P,01,LC,48779,2005-11-18T00:00:00Z,NA
90983,16546,7788,016989,24123,PEOPLES BANCORP NC INC,PEBK,710577107,P,01,LU,7788,1985-10-16T00:00:00Z,NA
90984,112410,48782,163916,790787,WEB.COM GROUP INC,WEB,94733A104,P,01,LC,48782,2005-11-02T00:00:00Z,2018-10-31T00:00:00Z
90986,112440,48784,165557,812326,BIRKS GROUP INC,BGI,09088U109,P,01,LC,48784,2005-11-15T00:00:00Z,NA
90987,112418,48785,164756,599876,BOARDWALK PIPELINE PRTNRS-LP,BWP,096627104,P,01,LC,48785,2005-11-09T00:00:00Z,2018-07-31T00:00:00Z
90988,112495,48786,164652,817733,BROOKDALE SENIOR LIVING INC,BKD,112463104,P,01,LC,48786,2005-11-22T00:00:00Z,NA
90992,111900,48792,162906,586129,IHS MARKIT LTD,INFO.1,G47567105,P,01,LC,48792,2005-11-11T00:00:00Z,2016-07-12T00:00:00Z
90993,112461,48793,163610,815224,INTERCONTINENTAL EXCHANGE,ICE,45866F104,P,01,LC,48793,2005-11-16T00:00:00Z,NA
91015,112567,49991,147312,806563,BCB BANCORP INC,BCBP,055298103,P,01,LC,49991,2005-12-14T00:00:00Z,NA
91018,112531,49994,162876,601157,CORE MARK HOLDING CO INC,CORE,218681104,P,01,LC,49994,2005-12-02T00:00:00Z,2021-09-30T00:00:00Z
91020,112554,49996,164664,645660,CYNOSURE INC,CYNO,232577205,P,01,LC,49996,2005-12-09T00:00:00Z,2017-03-31T00:00:00Z
91024,112543,31623,062640,19157,LORAL SPACE & COMMUNICATIONS,LORL,543881106,P,07,LC,50000,2005-12-08T00:00:00Z,2021-11-18T00:00:00Z
91024,112543,50000,062640,19157,LORAL SPACE & COMMUNICATIONS,LORL,543881106,P,07,LC,50000,2005-12-08T00:00:00Z,2021-11-18T00:00:00Z
91032,112566,50007,164422,502155,DEALERTRACK TECHNOLOGIES INC,TRAK.1,242309102,P,01,LC,50007,2005-12-13T00:00:00Z,2015-10-30T00:00:00Z
91037,81337,50012,027265,571929,ADVANTAGE ENERGY LTD,AAVVF,00791P107,P,01,LC,50012,2005-12-09T00:00:00Z,2018-09-21T00:00:00Z
91040,112537,50015,137024,3642,BASIC ENERGY SERVICES INC,BASXQ,06985P209,P,03,LC,50015,2016-12-27T00:00:00Z,2019-12-02T00:00:00Z
91040,112537,50015,137024,3642,BASIC ENERGY SERVICES INC,BASXQ,06985P209,C,01,LC,50015,2016-12-01T00:00:00Z,2016-12-26T00:00:00Z
91040,112537,50015,137024,3642,BASIC ENERGY SERVICES INC,BASXQ,06985P209,P,01,LC,50015,2005-12-09T00:00:00Z,2016-11-30T00:00:00Z
91041,112561,50016,165746,814633,LIVE NATION ENTERTAINMENT,LYV,538034109,P,01,LC,50016,2005-12-22T00:00:00Z,NA
91044,112520,50018,165466,824021,DCP MIDSTREAM LP,DCP,23311P100,P,01,LC,50018,2005-12-02T00:00:00Z,2023-06-30T00:00:00Z
91063,112526,50032,165675,787214,VIACOM INC,VIAB,92553P201,P,01,LC,50032,2006-01-03T00:00:00Z,2019-12-31T00:00:00Z
91068,113280,50184,165914,82918,CHIPOTLE MEXICAN GRILL INC,CMG,169656105,P,01,LC,50184,2006-01-26T00:00:00Z,NA
91069,107242,50185,178921,578083,GASTAR EXPLORATION INC,GSTCQ,36729W202,P,02,LC,50185,2014-02-03T00:00:00Z,2018-09-06T00:00:00Z
91073,112950,50192,165652,911818,WESTERN REFINING INC,WNR,959319104,P,01,LC,50192,2006-01-19T00:00:00Z,2017-06-01T00:00:00Z
91075,113156,50194,165358,827425,AMERICAN RAILCAR INDS INC,ARII,02916P103,P,01,LC,50194,2006-01-20T00:00:00Z,2018-12-31T00:00:00Z
91076,113285,50195,165846,820292,CALUMET INC,CLMT,131428104,P,01,LC,50195,2006-01-26T00:00:00Z,NA
91080,113376,50199,165856,570327,H&E EQUIPMENT SERVICES INC,HEES,404030108,P,01,LC,50199,2006-01-31T00:00:00Z,NA
91084,113378,50203,165699,896434,REGENCY ENERGY PARTNERS LP,RGP.,75885Y107,P,01,LC,50203,2006-01-31T00:00:00Z,2015-04-30T00:00:00Z
91086,113428,50290,156617,247122,ACORDA THERAPEUTICS INC,ACORQ,00484M700,P,01,LC,50290,2006-02-10T00:00:00Z,2024-08-30T00:00:00Z
91088,113394,50292,165943,818260,DEXTERA SURGICAL INC,DXTRQ,252366109,P,01,LC,50292,2006-02-03T00:00:00Z,2017-12-12T00:00:00Z
91090,113414,50293,164755,813486,CROCS INC,CROX,227046109,P,01,LC,50293,2006-02-08T00:00:00Z,NA
91095,113545,50297,166213,790544,LIQUIDITY SERVICES INC,LQDT,53635B107,P,01,LC,50297,2006-02-23T00:00:00Z,NA
91096,113450,50298,165924,862235,MORGANS HOTEL GROUP CO,MHGC,61748W108,P,01,LC,50298,2006-02-14T00:00:00Z,2016-12-30T00:00:00Z
91099,113426,50300,165845,750269,NTELOS HOLDINGS CORP,NTLS,67020Q305,P,01,LC,50300,2006-02-09T00:00:00Z,2016-05-31T00:00:00Z
91103,8443,21793,010795,31575,UNITED AIRLINES HOLDINGS INC,UAL,910047109,P,04,LC,21793,2006-02-02T00:00:00Z,NA
91111,113391,50309,165649,820219,ENERGY TRANSFER LP,ET,29273V100,P,01,LC,50309,2006-02-03T00:00:00Z,NA
91114,113362,50314,163113,828460,KOPPERS HOLDINGS INC,KOP,50060P106,P,01,LC,50314,2006-02-01T00:00:00Z,NA
91128,74406,50323,026069,14110,GULFPORT ENERGY CORP,GPOR,402635502,C,01,LC,50323,2006-02-28T00:00:00Z,2020-11-25T00:00:00Z
91128,74406,50323,026069,3394791,GULFPORT ENERGY CORP,GPOR,402635502,C,01,LC,50323,2006-02-28T00:00:00Z,2020-11-25T00:00:00Z
91135,107377,50468,029135,3709,BAYTEX ENERGY CORP,BTE,07317Q105,P,01,LC,50468,2006-03-27T00:00:00Z,NA
91141,113622,50473,164266,782219,MEDIVATION INC,MDVN,58501N101,P,01,LC,50473,2006-03-15T00:00:00Z,2016-09-30T00:00:00Z
91152,113612,50481,148349,818089,TRANSDIGM GROUP INC,TDG,893641100,P,01,LC,50481,2006-03-15T00:00:00Z,NA
91154,113604,50482,166414,832353,ALEXZA PHARMACTCLS INC,ALXA,015384209,P,01,LC,50482,2006-03-08T00:00:00Z,2016-06-30T00:00:00Z
91161,113619,50489,181269,884336,GREEN PLAINS INC,GPRE,393222104,P,01,LC,50489,2008-10-31T00:00:00Z,NA
91167,136178,50495,166747,6044,UNITED COMMUNITY BANCORP,UCBA,90984R101,P,01,LC,50495,2006-04-01T00:00:00Z,2018-09-28T00:00:00Z
91167,136178,50495,166747,6044,UNITED COMMUNITY BANCORP,UCBA,90984R101,C,01,LC,50495,2006-03-31T00:00:00Z,2006-03-31T00:00:00Z
91186,113708,50601,166435,462078,VANDA PHARMACEUTICALS INC,VNDA,921659108,P,01,LC,50601,2006-04-12T00:00:00Z,NA
91192,113689,50604,165691,603089,CASTLE BRANDS INC,ROX,148435100,P,01,LC,50604,2006-04-06T00:00:00Z,2019-10-31T00:00:00Z
91204,6749,21430,012428,24789,PORTLAND GENERAL ELECTRIC CO,POR,736508847,P,04,LC,21430,2006-04-10T00:00:00Z,NA
91207,4180,20935,005723,29125,STARWOOD HOTELS&RESORTS WRLD,HOT,85590A401,P,01,LC,20935,2006-04-10T00:00:00Z,2016-09-22T00:00:00Z
91233,113838,50700,160225,483173,MASTERCARD INC,MA,57636Q104,P,01,LC,50700,2006-05-25T00:00:00Z,NA
91234,113845,50701,166482,797091,MUELLER WATER PRODUCTS INC,MWA,624758108,P,01,LC,50701,2006-05-26T00:00:00Z,NA
91237,113834,50706,166562,561710,VONAGE HOLDINGS CORP,VG.3,92886T201,P,01,LC,50706,2006-05-24T00:00:00Z,2022-07-29T00:00:00Z
91262,86397,13927,061155,2949,ATLAS AIR WORLDWIDE HLDG INC,AAWW,049164205,P,02,LC,13927,2006-05-31T00:00:00Z,2023-03-31T00:00:00Z
91263,113785,50723,166363,914699,ALLIANCE HOLDINGS GP LP,AHGP,01861G100,P,01,LC,50723,2006-05-10T00:00:00Z,2018-05-31T00:00:00Z
91270,113747,50728,153793,735325,CHELSEA THERAPEUTICS INTL,CHTP,163428105,P,01,LC,50728,2006-05-02T00:00:00Z,2014-06-30T00:00:00Z
91271,113800,50729,166368,895357,COMPASS DIVERSIFIED HOLDINGS,CODI,20451Q104,P,01,LC,50729,2006-05-11T00:00:00Z,NA
91279,113786,50732,015539,383122,PARATEK PHARMACEUTCLS INC,PRTK,699374302,P,01,LC,50732,2014-10-31T00:00:00Z,2023-09-29T00:00:00Z
91283,113781,50735,174169,626723,BATTALION OIL CORP,BATL,07134L107,P,10,LC,50735,2020-02-20T00:00:00Z,NA
91283,113781,50735,174169,626723,BATTALION OIL CORP,BATL,07134L107,P,07,LC,50735,2016-09-12T00:00:00Z,2019-07-22T00:00:00Z
91283,113781,50735,174169,626723,BATTALION OIL CORP,BATL,07134L107,C,01,LC,50735,2016-09-01T00:00:00Z,2016-09-11T00:00:00Z
91283,113781,50735,174169,626723,BATTALION OIL CORP,BATL,07134L107,P,01,LC,50735,2006-05-09T00:00:00Z,2016-08-31T00:00:00Z
91283,113781,50735,174169,3167794,BATTALION OIL CORP,BATL,07134L107,P,10,LC,50735,2020-02-20T00:00:00Z,NA
91283,113781,50735,174169,3167794,BATTALION OIL CORP,BATL,07134L107,P,07,LC,50735,2016-09-12T00:00:00Z,2019-07-22T00:00:00Z
91283,113781,50735,174169,3167794,BATTALION OIL CORP,BATL,07134L107,C,01,LC,50735,2016-09-01T00:00:00Z,2016-09-11T00:00:00Z
91283,113781,50735,174169,3167794,BATTALION OIL CORP,BATL,07134L107,P,01,LC,50735,2006-05-09T00:00:00Z,2016-08-31T00:00:00Z
91286,113858,50738,164411,744752,VIRTUALSCOPICS INC,VSCP,928269208,P,01,LC,50738,2006-05-31T00:00:00Z,2016-05-31T00:00:00Z
91306,45956,50845,106486,24744,POLYMET MINING CORP,PLM,731916409,C,01,LC,50845,2006-06-26T00:00:00Z,2023-11-30T00:00:00Z
91321,8124,50848,010385,30169,TECK RESOURCES LTD,TECK,878742204,P,01,LC,50848,2006-06-29T00:00:00Z,NA
91348,113866,50854,166555,850181,ALPHATEC HOLDINGS INC,ATEC,02081G201,P,01,LC,50854,2006-06-02T00:00:00Z,NA
91349,113867,50855,164606,853327,TOWN SPORTS INTL HOLDINGS,CLUBQ,89214A102,P,01,LC,50855,2006-06-02T00:00:00Z,2023-01-31T00:00:00Z
91355,113970,50860,175055,864414,HILL INTERNATIONAL INC,HIL,431466101,P,01,LC,50860,2006-06-29T00:00:00Z,2022-12-30T00:00:00Z
91356,113937,50861,164633,646224,HOME BANCSHARES INC,HOMB,436893200,P,01,LC,50861,2006-06-23T00:00:00Z,NA
91357,113905,50862,174119,666453,HOUSTON WIRE & CABLE CO,HWCC,44244K109,P,01,LC,50862,2006-06-15T00:00:00Z,2021-06-30T00:00:00Z
91359,113869,50864,166583,832074,LUNA INNOVATIONS INC,LUNA,550351100,P,01,LC,50864,2006-06-02T00:00:00Z,NA
91363,113965,50867,174049,865430,PGT INNOVATIONS INC,PGTI,69336V101,P,01,LC,50867,2006-06-28T00:00:00Z,2024-03-31T00:00:00Z
91365,127656,50869,179413,469033,CARDIOVASCULAR SYSTEMS INC,CSII,141619106,P,01,LC,50869,2009-02-26T00:00:00Z,2023-04-30T00:00:00Z
91366,113906,50870,166593,749358,SYNCHRONOSS TECHNOLOGIES,SNCR,87157B400,P,01,LC,50870,2006-06-15T00:00:00Z,NA
91392,114025,50965,174729,858089,TRAVEL PLUS LEISURE CO,TNL,894164102,P,01,LC,50965,2006-08-01T00:00:00Z,NA
91402,114061,29717,025964,6510,CHART INDUSTRIES INC,GTLS,16115Q308,P,05,LC,29717,2006-07-26T00:00:00Z,NA
91403,65727,23285,024293,82544,KAISER ALUMINUM CORP,KALU,483007704,P,03,LC,23285,2006-07-07T00:00:00Z,NA
91413,114121,51094,174744,502603,EVERCORE INC,EVR,29977A105,P,01,LC,51094,2006-08-11T00:00:00Z,NA
91416,114128,51096,175319,882407,HANESBRANDS INC,HBI,410345102,P,01,LC,51096,2006-09-06T00:00:00Z,NA
91418,114136,51097,122212,917665,GENERAL MOLY INC,GMOLQ,370373102,C,01,LC,51097,2006-08-16T00:00:00Z,2020-09-30T00:00:00Z
91426,114114,51105,175110,11500,AIRCASTLE LTD,AYR,G0129K104,P,01,LC,51105,2006-08-08T00:00:00Z,2020-03-31T00:00:00Z
91432,114138,51110,174541,816868,INNERWORKINGS INC,INWK,45773Y105,P,01,LC,51110,2006-08-16T00:00:00Z,2020-10-30T00:00:00Z
91434,114112,51111,174648,74414,OSIRIS THERAPEUTICS INC,OSIR,68827R108,P,01,LC,51111,2018-08-01T00:00:00Z,2019-04-30T00:00:00Z
91434,114112,51111,174648,74414,OSIRIS THERAPEUTICS INC,OSIR,68827R108,P,01,LC,51111,2006-08-04T00:00:00Z,2017-03-13T00:00:00Z
91434,114112,51111,174648,2930264,OSIRIS THERAPEUTICS INC,OSIR,68827R108,P,01,LC,51111,2018-08-01T00:00:00Z,2019-04-30T00:00:00Z
91434,114112,51111,174648,2930264,OSIRIS THERAPEUTICS INC,OSIR,68827R108,P,01,LC,51111,2006-08-04T00:00:00Z,2017-03-13T00:00:00Z
91461,115331,51196,175263,840164,WESTERN UNION CO,WU,959802109,P,01,LC,51196,2006-10-02T00:00:00Z,NA
91463,115259,51198,174077,115527,COMMVAULT SYSTEMS INC,CVLT,204166102,P,01,LC,51198,2006-09-22T00:00:00Z,NA
91468,115319,51205,174637,824791,ICF INTERNATIONAL INC,ICFI,44925C103,P,01,LC,51205,2006-09-28T00:00:00Z,NA
91485,115254,51210,174317,465157,RIVERBED TECHNOLOGY INC,RVBD,768573107,P,01,LC,51210,2006-09-21T00:00:00Z,2015-04-24T00:00:00Z
91486,115328,51211,175376,786714,SHUTTERFLY INC,SFLY,82568P304,P,01,LC,51211,2006-09-29T00:00:00Z,2019-09-30T00:00:00Z
91488,115257,51213,165215,735327,ALAUNOS THERAPEUTICS INC,TCRT,98973P309,P,01,LC,51213,2006-09-22T00:00:00Z,NA
91491,115926,51300,174136,480186,ACHILLION PHARMACEUTICALS,ACHN.1,00448Q201,P,01,LC,51300,2006-10-26T00:00:00Z,2020-01-31T00:00:00Z
91494,115406,51302,174656,940110,BREITBURN ENERGY PARTNERS LP,BBEPQ,106776107,P,01,LC,51302,2006-10-04T00:00:00Z,2018-04-06T00:00:00Z
91498,115787,51306,174389,930405,EHEALTH INC,EHTH,28238P109,P,01,LC,51306,2006-10-13T00:00:00Z,NA
91499,115891,51307,175157,956535,EAGLE ROCK ENERGY PARTNRS LP,EROC,26985R104,P,01,LC,51307,2006-10-25T00:00:00Z,2015-10-30T00:00:00Z
91500,115837,51308,162449,791669,EXLSERVICE HOLDINGS INC,EXLS,302081104,P,01,LC,51308,2006-10-20T00:00:00Z,NA
91503,115828,51311,174390,892217,LEMAITRE VASCULAR INC,LMAT,525558201,P,01,LC,51311,2006-10-19T00:00:00Z,NA
91510,115812,51316,175741,1101456,ARCHROCK PARTNERS LP,APLP,03957U100,P,01,LC,51316,2006-10-17T00:00:00Z,2018-04-30T00:00:00Z
91514,129647,51319,174313,872265,LEGACY TEX FINANCIAL GRP INC,LTXB,52471Y106,P,01,LC,51319,2006-10-03T00:00:00Z,2019-10-31T00:00:00Z
91516,115727,51321,175689,2597,ARMSTRONG WORLD INDUSTRIES,AWI,04247X102,P,01,LC,51321,2006-10-18T00:00:00Z,NA
91519,115842,51326,175307,917238,DOUGLAS EMMETT INC,DEI,25960P109,P,01,LC,51326,2006-10-25T00:00:00Z,NA
91531,6343,21347,008214,23506,OWENS CORNING,OC,690742101,P,06,LC,51337,2006-11-01T00:00:00Z,NA
91531,6343,51337,008214,23506,OWENS CORNING,OC,690742101,P,06,LC,51337,2006-11-01T00:00:00Z,NA
91547,115750,51338,165123,660090,LEIDOS HOLDINGS INC,LDOS,525327102,P,01,LC,51338,2006-10-13T00:00:00Z,NA
91556,43903,7684,009248,26560,ROSS STORES INC,ROST,778296103,P,01,LU,7684,1985-08-08T00:00:00Z,NA
91571,116021,51421,176022,550958,EMERGENT BIOSOLUTIONS INC,EBS,29089Q105,P,01,LC,51421,2006-11-15T00:00:00Z,NA
91575,116020,34736,005600,2482066,HERTZ GLOBAL HOLDINGS INC,HTZ,42806J700,P,05,LC,51423,2006-11-16T00:00:00Z,2016-06-30T00:00:00Z
91575,116020,34736,005600,3472926,HERTZ GLOBAL HOLDINGS INC,HTZ,42806J700,P,05,LC,51423,2006-11-16T00:00:00Z,2016-06-30T00:00:00Z
91575,116020,51423,026749,853864,HERC HOLDINGS INC,HRI,42704L104,P,01,LC,51423,2016-07-01T00:00:00Z,NA
91575,116020,51423,005600,3472926,HERTZ GLOBAL HOLDINGS INC,HTZ,42806J700,P,05,LC,51423,2006-11-16T00:00:00Z,2016-06-30T00:00:00Z
91575,116020,55584,005600,2482066,HERTZ GLOBAL HOLDINGS INC,HTZ,42806J700,P,05,LC,51423,2006-11-16T00:00:00Z,2016-06-30T00:00:00Z
91575,116020,55584,005600,3472926,HERTZ GLOBAL HOLDINGS INC,HTZ,42806J700,P,05,LC,51423,2006-11-16T00:00:00Z,2016-06-30T00:00:00Z
91579,116019,51426,174310,660699,KBR INC,KBR,48242W106,P,01,LC,51426,2006-11-16T00:00:00Z,NA
91584,116056,51431,176103,601262,NORTH AMERICAN CONST GRP LTD,NOA,656811106,P,01,LC,51431,2006-11-22T00:00:00Z,NA
91594,116042,51433,164494,892481,SPIRIT AEROSYSTEMS HOLDINGS,SPR,848574109,P,01,LC,51433,2006-11-21T00:00:00Z,NA
91606,115989,51442,175966,625767,CATALYST PHARMACEUTICALS INC,CPRX,14888U101,P,01,LC,51442,2006-11-08T00:00:00Z,NA
91607,116007,51443,175982,947629,CANADIAN SOLAR INC,CSIQ,136635109,P,01,LC,51443,2006-11-09T00:00:00Z,NA
91611,116048,51447,175404,897123,FIRST SOLAR INC,FSLR,336433107,P,01,LC,51447,2006-11-17T00:00:00Z,NA
91612,115967,51448,175523,920790,GLOBALSTAR INC,GSAT,378973507,P,01,LC,51448,2006-11-02T00:00:00Z,NA
91612,115967,51448,175523,2062765,GLOBALSTAR INC,GSAT,378973507,P,01,LC,51448,2006-11-02T00:00:00Z,NA
91613,116039,51449,175978,666979,HANSEN MEDICAL INC,HNSN,411307200,P,01,LC,51449,2006-11-16T00:00:00Z,2016-07-29T00:00:00Z
91614,115969,51450,174567,917947,INNOPHOS HOLDINGS INC,IPHS,45774N108,P,01,LC,51450,2006-11-02T00:00:00Z,2020-02-28T00:00:00Z
91616,116248,51452,176035,599918,NETLIST INC,NLST,64118P109,P,01,LC,51452,2006-11-30T00:00:00Z,NA
91618,115979,51454,175004,926831,ORBCOMM INC,ORBC,68555P100,P,01,LC,51454,2006-11-03T00:00:00Z,2021-09-30T00:00:00Z
91625,116055,51459,175654,921684,WILLDAN GROUP INC,WLDN,96924N100,P,01,LC,51459,2006-11-21T00:00:00Z,NA
91630,116304,51529,176238,467702,CAL DIVE INTERNATIONAL INC,CDVIQ,12802T101,C,01,LC,51529,2006-12-14T00:00:00Z,2014-10-29T00:00:00Z
91635,116305,51531,176268,1024217,DCT INDUSTRIAL TRUST INC,DCT.1,233153204,P,01,LC,51531,2006-12-13T00:00:00Z,2018-08-31T00:00:00Z
91650,116302,51539,176282,911662,SPECTRA ENERGY CORP,SE.7,847560109,P,01,LC,51539,2007-01-03T00:00:00Z,2017-03-31T00:00:00Z
91658,116591,51546,176247,930959,ALTRA INDUSTRIAL MOTION CORP,AIMC,02208R106,P,01,LC,51546,2006-12-15T00:00:00Z,2023-04-28T00:00:00Z
91659,116289,51547,175007,1000666,ALLEGIANT TRAVEL CO,ALGT,01748X102,P,01,LC,51547,2006-12-08T00:00:00Z,NA
91665,118588,51552,148223,13814,GREAT LAKES DREDGE & DOCK CP,GLDD,390607109,P,01,LC,51552,2006-12-27T00:00:00Z,NA
91666,116451,51553,176255,645406,GUIDANCE SOFTWARE INC,GUID,401692108,P,01,LC,51553,2006-12-13T00:00:00Z,2017-09-29T00:00:00Z
91668,116452,51555,175955,16949,IPG PHOTONICS CORP,IPGP,44980X109,P,01,LC,51555,2006-12-13T00:00:00Z,NA
91672,116283,51559,162892,633446,MEDICINOVA INC,MNOV,58468P206,P,01,LC,51559,2006-12-07T00:00:00Z,NA
91678,116594,51565,176249,922423,CARROLS RESTAURANT GROUP INC,TAST,14574X104,P,01,LC,51565,2006-12-15T00:00:00Z,2024-05-31T00:00:00Z
91683,116030,51568,175900,893667,SALLY BEAUTY HOLDINGS INC,SBH,79546E104,P,01,LC,51568,2006-11-17T00:00:00Z,NA
91688,117580,51635,176591,957703,EMPLOYERS HOLDINGS INC,EIG,292218104,P,01,LC,51635,2007-01-31T00:00:00Z,NA
91692,117581,51638,176592,922204,HFF INC,HF.3,40418F108,P,01,LC,51638,2007-01-31T00:00:00Z,2019-07-31T00:00:00Z
91727,117584,51645,148350,483466,TRAVELCENTERS OF AMERICA INC,TA,89421B109,P,01,LC,51645,2007-01-29T00:00:00Z,2023-05-31T00:00:00Z
91733,117402,51651,176362,782105,AEROVIRONMENT INC,AVAV,008073108,P,01,LC,51651,2007-01-23T00:00:00Z,NA
91743,129706,51661,176351,1001476,ORITANI FINANCIAL CORP,ORIT,68633D103,P,01,LC,51661,2007-01-24T00:00:00Z,2019-11-30T00:00:00Z
91750,117725,51788,176595,484488,FORTRESS INVESTMENT GRP LLC,FIG.2,34958B106,P,01,LC,51788,2007-02-09T00:00:00Z,2017-12-29T00:00:00Z
91754,117778,51792,176251,867359,INFORMATION SERVICES GROUP,III,45675Y104,P,02,LC,51792,2007-02-12T00:00:00Z,NA
91801,117593,51798,165209,823406,CORENERGY INFRASTRUCTURE TR,CRNG,21870U874,P,03,LC,51798,2007-02-02T00:00:00Z,2023-12-01T00:00:00Z
91814,117767,51803,176670,421736,ACCURAY INC,ARAY,004397105,P,01,LC,51803,2007-02-08T00:00:00Z,NA
91815,73658,11617,025536,6297,CENTRAL GARDEN & PET CO,CENTA,153527205,P,03,LC,11617,2007-02-06T00:00:00Z,NA
91822,117769,51811,176523,922468,NATIONAL CINEMEDIA INC,NCMI,635309206,P,01,LC,51811,2007-02-08T00:00:00Z,NA
91826,117777,51815,176593,638735,CARPARTS COM INC,PRTS,14427M107,P,01,LC,51815,2007-02-09T00:00:00Z,NA
91836,117568,51949,176572,920131,AVIAT NETWORKS INC,AVNW,05366Y201,P,01,LC,51949,2007-01-29T00:00:00Z,NA
91845,116861,51957,175271,888048,EVOLVE TRANSITION INFRAST LP,SNMP,30053M203,P,01,LC,51957,2006-11-15T00:00:00Z,2024-02-29T00:00:00Z
91849,118570,51962,176928,934640,BROADRIDGE FINANCIAL SOLUTNS,BR,11133T103,P,01,LC,51962,2007-04-02T00:00:00Z,NA
91850,118573,51963,176914,944253,CHENIERE ENERGY PARTNERS LP,CQP,16411Q101,P,01,LC,51963,2007-03-21T00:00:00Z,NA
91854,2542,51966,176760,927273,DOMTAR CORP,UFS,257559203,P,01,LC,51966,2007-03-07T00:00:00Z,2021-11-30T00:00:00Z
91855,7609,7460,019355,28037,SIMMONS FIRST NATL CP  -CL A,SFNC,828730200,P,01,LU,7460,1985-03-13T00:00:00Z,NA
91883,118196,51978,176404,91031,TIME WARNER CABLE INC,TWC,88732J207,P,01,LC,51978,2007-03-01T00:00:00Z,2016-05-17T00:00:00Z
91888,118704,51982,176781,957345,ARUBA NETWORKS INC,ARUN,043176106,P,01,LC,51982,2007-03-27T00:00:00Z,2015-05-29T00:00:00Z
91893,117800,51805,175347,948894,CONVERTED ORGANICS INC -OLD,COIN.1,21299B937,P,02,LC,51805,2007-03-16T00:00:00Z,2011-07-06T00:00:00Z
91893,117800,51805,018108,2067287,FINJAN HOLDINGS INC,FNJN,31788H303,P,01,LC,51805,2014-05-12T00:00:00Z,2020-07-23T00:00:00Z
91900,118580,51992,176782,876888,GLU MOBILE INC,GLUU,379890106,P,01,LC,51992,2007-03-22T00:00:00Z,2021-04-30T00:00:00Z
91901,118852,51993,160213,1006654,GSI TECHNOLOGY INC,GSIT,36241U106,P,01,LC,51993,2007-03-29T00:00:00Z,NA
91902,61248,29231,023587,82104,HAYNES INTERNATIONAL INC,HAYN,420877201,P,02,LC,29231,2007-03-20T00:00:00Z,2024-11-29T00:00:00Z
91905,118518,51996,176873,952296,RAND LOGISTICS INC,RLOGQ,752182105,P,01,LC,51996,2007-03-07T00:00:00Z,2018-03-29T00:00:00Z
91907,118854,51998,176567,3144690,SUPER MICRO COMPUTER INC,SMCI,86800U302,P,01,LC,51998,2007-03-29T00:00:00Z,NA
91908,104583,51999,065444,29229,STEWARDSHIP FINANCIAL CORP,SSFN,860326107,P,01,LC,51999,2007-03-28T00:00:00Z,2019-10-31T00:00:00Z
91909,118523,52000,176874,1011137,SUMMER INFANT INC,SUMR,865646301,P,01,LC,52000,2007-03-07T00:00:00Z,2022-06-30T00:00:00Z
91910,117206,52001,062213,32023,CANTALOUPE INC,CTLP,138103106,P,01,LC,52001,2020-11-19T00:00:00Z,NA
91910,117206,52001,062213,32023,CANTALOUPE INC,CTLP,138103106,P,01,LC,52001,2007-03-19T00:00:00Z,2019-09-25T00:00:00Z
91910,117206,52001,062213,3301118,CANTALOUPE INC,CTLP,138103106,P,01,LC,52001,2020-11-19T00:00:00Z,NA
91910,117206,52001,062213,3301118,CANTALOUPE INC,CTLP,138103106,P,01,LC,52001,2007-03-19T00:00:00Z,2019-09-25T00:00:00Z
91915,118952,52115,177108,946174,CINEMARK HOLDINGS INC,CNK,17243V102,P,01,LC,52115,2007-04-24T00:00:00Z,NA
91926,2398,20569,003851,8946,DELTA AIR LINES INC,DAL,247361702,P,03,LC,20569,2007-05-03T00:00:00Z,NA
91928,91683,52117,064775,917282,DENISON MINES CORP,DNN,248356107,P,01,LC,52117,2007-04-19T00:00:00Z,NA
91937,136575,52120,017874,888529,T-MOBILE US INC,TMUS,872590104,P,01,LC,52120,2013-05-01T00:00:00Z,NA
91954,91223,52129,013679,2475,RM2 INTERNATIONAL INC,RMTO,00213H105,P,01,LC,52129,2012-08-08T00:00:00Z,2019-07-19T00:00:00Z
91965,118980,52139,176861,625142,OREXIGEN THERAPEUTICS INC,OREXQ,686164302,P,01,LC,52139,2007-04-26T00:00:00Z,2019-05-31T00:00:00Z
91967,113700,52141,165124,1052724,SYNUTRA INTERNATIONAL INC,SYUT,87164C102,P,01,LC,52141,2007-04-12T00:00:00Z,2017-05-31T00:00:00Z
91975,119022,52247,147988,114467,AECOM,ACM,00766T100,P,01,LC,52247,2007-05-10T00:00:00Z,NA
91977,110849,45679,158743,95972,B&G FOODS INC,BGS,05508R106,P,01,LC,45679,2007-05-23T00:00:00Z,NA
91979,119056,52251,177109,1025169,CAI INTERNATIONAL INC,CAI,12477X106,P,01,LC,52251,2007-05-16T00:00:00Z,2021-12-31T00:00:00Z
91983,119057,52253,003469,259357,CONTINENTAL RESOURCES INC,CLR,212015101,P,02,LC,52253,2007-05-15T00:00:00Z,2022-11-30T00:00:00Z
92020,119053,52278,023109,624746,GENESIS HEALTHCARE INC,GENN,37185X106,P,01,LC,52278,2015-02-03T00:00:00Z,2021-03-25T00:00:00Z
92021,119048,52279,177429,956561,SOLERA HOLDINGS INC,SLH,83421A104,P,01,LC,52279,2007-05-11T00:00:00Z,2016-03-03T00:00:00Z
92029,119071,10110,015252,59475,TRIMAS CORP,TRS,896215209,P,03,LC,10110,2007-05-18T00:00:00Z,NA
92034,119002,52286,177225,482471,CAVIUM INC,CAVM,14964U108,P,01,LC,52286,2007-05-02T00:00:00Z,2018-07-31T00:00:00Z
92035,119130,52287,176343,835029,CLEAN ENERGY FUELS CORP,CLNE,184499101,P,01,LC,52287,2007-05-25T00:00:00Z,NA
92038,119096,52290,177256,1005570,ENERNOC INC,ENOC,292764107,P,01,LC,52290,2007-05-18T00:00:00Z,2017-08-31T00:00:00Z
92040,119157,52292,175008,640267,AMICUS THERAPEUTICS INC,FOLD,03152W109,P,01,LC,52292,2007-05-31T00:00:00Z,NA
92043,119010,52295,176701,1051740,INTERACTIVE BROKERS GROUP,IBKR,45841N107,P,01,LC,52295,2007-05-04T00:00:00Z,NA
92050,119067,52301,177227,862492,INSULET CORP,PODD,45784P101,P,01,LC,52301,2007-05-15T00:00:00Z,NA
92052,119091,52303,177111,733262,TECHTARGET INC,TTGT,87874R308,P,01,LC,52303,2007-05-17T00:00:00Z,NA
92090,119329,52370,177782,1023291,BLACKROCK CAPITAL INVT CORP,BKCC,092533108,P,01,LC,52370,2007-06-27T00:00:00Z,2024-03-28T00:00:00Z
92095,119179,52376,177257,577575,INFINERA CORP,INFN,45667G103,P,01,LC,52376,2007-06-07T00:00:00Z,NA
92096,134029,52377,177287,488479,JAZZ PHARMACEUTICALS PLC,JAZZ,G50871105,P,01,LC,52377,2007-06-01T00:00:00Z,NA
92097,119184,52378,177315,882512,EDGIO INC,EGIOQ,53261M203,P,01,LC,52378,2007-06-08T00:00:00Z,2024-09-17T00:00:00Z
92101,118970,52380,176963,667186,RESPONSE GENETICS INC,RGDXQ,76123U105,C,01,LC,52380,2007-06-05T00:00:00Z,2015-07-02T00:00:00Z
92102,119332,52381,177780,424056,COMSCORE INC,SCOR,20564W204,P,01,LC,52381,2007-06-27T00:00:00Z,NA
92102,119332,52381,177780,2822985,COMSCORE INC,SCOR,20564W204,P,01,LC,52381,2007-06-27T00:00:00Z,NA
92121,119194,52396,177376,78171,DISCOVER FINANCIAL SVCS,DFS,254709108,P,02,LC,52396,2007-07-02T00:00:00Z,NA
92143,119320,52408,177744,948199,PROS HOLDINGS INC,PRO,74346Y103,P,01,LC,52408,2007-06-28T00:00:00Z,NA
92144,119298,52410,177739,946406,SPECTRA ENERGY PARTNERS LP,SEP,84756N109,P,01,LC,52410,2007-06-27T00:00:00Z,2018-12-31T00:00:00Z
92150,119116,52281,177487,1072142,VANTAGE DRILLING CO,VTGDF,G93205113,P,02,LC,52281,2007-06-08T00:00:00Z,NA
92155,119238,52416,272699,932520,ENSYNC INC,ESNC,29359T102,C,01,LC,52416,2007-06-18T00:00:00Z,NA
92157,119198,52418,177267,874057,TE CONNECTIVITY PLC,TEL,G87052109,P,02,LC,52418,2007-07-02T00:00:00Z,NA
92172,119644,52520,177943,1025143,DHI GROUP INC,DHX,23331S100,P,01,LC,52520,2007-07-18T00:00:00Z,NA
92174,119689,52522,147340,13447,GLOBALSCAPE INC,GSB,37940G109,P,01,LC,52522,2007-07-19T00:00:00Z,2020-08-31T00:00:00Z
92177,119703,52524,177882,1040665,HHGREGG INC,HGGG,42833L108,C,01,LC,52524,2007-07-20T00:00:00Z,2017-02-27T00:00:00Z
92183,119744,52529,177953,1041881,ORBITZ WORLDWIDE INC,OWW,68557K109,P,01,LC,52529,2007-07-20T00:00:00Z,2015-09-30T00:00:00Z
92184,119643,52530,177924,104752,PHARMERICA CORP,PMC,71714F104,P,01,LC,52530,2007-08-01T00:00:00Z,2017-12-29T00:00:00Z
92188,119598,52535,177925,947073,WABCO HOLDINGS INC,WBC,92927K102,P,01,LC,52535,2007-08-01T00:00:00Z,2020-05-29T00:00:00Z
92203,119897,52547,178015,872349,LULULEMON ATHLETICA INC,LULU,550021109,P,01,LC,52547,2007-07-30T00:00:00Z,NA
92206,119691,52550,177945,1702333,BLUEKNIGHT ENERGY PRTNRS LP,BKEP,09625U109,P,01,LC,52550,2011-05-16T00:00:00Z,2022-08-31T00:00:00Z
92206,119691,52550,177945,1702333,BLUEKNIGHT ENERGY PRTNRS LP,BKEP,09625U109,P,01,LC,52550,2007-07-18T00:00:00Z,2009-02-19T00:00:00Z
92207,119404,52551,177127,736629,SHORETEL INC,SHOR,825211105,P,01,LC,52551,2007-07-03T00:00:00Z,2017-09-29T00:00:00Z
92210,119862,52553,177099,1026459,MONOTYPE IMAGING HOLDINGS,TYPE,61022P100,P,01,LC,52553,2007-07-25T00:00:00Z,2019-10-31T00:00:00Z
92220,120037,52669,177881,480061,MASIMO CORP,MASI,574795100,P,01,LC,52669,2007-08-08T00:00:00Z,NA
92221,120077,52670,178081,1026076,MERCADOLIBRE INC,MELI,58733R102,P,01,LC,52670,2007-08-10T00:00:00Z,NA
92223,120017,52672,178089,955121,POINT.360,PTSXQ,730507100,P,01,LC,52672,2007-08-15T00:00:00Z,2014-12-02T00:00:00Z
92226,119977,52674,175308,665432,SUCAMPO PHARMACEUTICALS INC,SCMP,864909106,P,01,LC,52674,2007-08-02T00:00:00Z,2018-02-28T00:00:00Z
92227,113587,52675,164408,831178,BOULDER BRANDS INC,BDBD,101405108,P,02,LC,52675,2007-08-01T00:00:00Z,2016-01-29T00:00:00Z
92228,106160,52676,142568,383215,TRANSITION THERAPEUTICS INC,TTHI,893716209,P,01,LC,52676,2007-08-20T00:00:00Z,2016-09-30T00:00:00Z
92229,119988,52677,177871,586832,VIRTUSA CORP,VRTU,92827P102,P,01,LC,52677,2007-08-03T00:00:00Z,2021-02-26T00:00:00Z
92232,120079,52680,176639,1000824,HORSEHEAD HOLDING CORP,ZINCQ,440694305,P,01,LC,52680,2007-08-10T00:00:00Z,2016-09-30T00:00:00Z
92239,119953,52684,177884,538004,CONCHO RESOURCES INC,CXO,20605P101,P,01,LC,52684,2007-08-03T00:00:00Z,2021-01-29T00:00:00Z
92243,119952,52688,177982,244567,DOLAN CO,DOLNQ,25659P402,P,01,LC,52688,2007-08-02T00:00:00Z,2014-01-28T00:00:00Z
92245,100892,32035,065009,14290,ARCHROCK INC,AROC,03957W106,P,01,LC,52690,2007-08-21T00:00:00Z,NA
92245,100892,52690,065009,952094,ARCHROCK INC,AROC,03957W106,P,01,LC,52690,2007-08-21T00:00:00Z,NA
92252,116041,52697,038711,1004089,PALISADE BIO INC,PALI,696389402,P,01,LC,52697,2021-04-28T00:00:00Z,NA
92257,119765,52705,178083,423340,VMWARE INC -CL A,VMW,928563402,P,01,LC,52705,2007-08-14T00:00:00Z,2023-11-30T00:00:00Z
92261,119951,52708,177983,1342462,GENPACT LTD,G,G3922B107,P,01,LC,52708,2007-08-02T00:00:00Z,NA
92282,116899,52760,158791,469139,PROCERA NETWORKS INC,PKT,74269U203,P,01,LC,52760,2007-09-20T00:00:00Z,2015-06-30T00:00:00Z
92293,120743,52762,178310,264342,TERADATA CORP,TDC,88076W103,P,01,LC,52762,2007-10-01T00:00:00Z,NA
92296,120626,52766,177930,632235,ATHENAHEALTH INC,ATHN.2,04685W103,P,01,LC,52766,2007-09-20T00:00:00Z,2019-02-28T00:00:00Z
92302,121135,52772,178493,854217,CONSTANT CONTACT INC,CTCT,210313102,P,01,LC,52772,2007-10-03T00:00:00Z,2016-02-09T00:00:00Z
92318,117169,52785,120318,606267,TOWNEBANK,TOWN,89214P109,P,01,LC,52785,2007-10-09T00:00:00Z,NA
92320,117298,52787,066268,1326025,INCONTACT INC,SAAS,45336E109,P,01,LC,52787,2007-10-26T00:00:00Z,2016-11-30T00:00:00Z
92322,122122,52788,178704,465379,ULTA BEAUTY INC,ULTA,90384S303,P,01,LC,52788,2007-10-25T00:00:00Z,NA
92326,121968,52793,178672,1025142,CVR ENERGY INC,CVI,12662P108,P,01,LC,52793,2007-10-23T00:00:00Z,NA
92331,121849,52798,178610,1022355,DUPONT FABROS TECHNOLOGY INC,DFT,26613Q106,P,01,LC,52798,2007-10-19T00:00:00Z,2017-09-29T00:00:00Z
92343,121815,52807,178539,1020658,RETAIL OPPORTUNITY INVTS CP,ROIC,76131N101,P,01,LC,52807,2007-10-30T00:00:00Z,NA
92345,122075,52809,177228,943217,NOVABAY PHARMACEUTICALS INC,NBY,66987P409,P,01,LC,52809,2007-10-26T00:00:00Z,NA
92354,122096,52811,178703,1041927,PZENA INVESTMENT MANAGEMENT,PZN,74731Q103,P,01,LC,52811,2007-10-25T00:00:00Z,2022-10-31T00:00:00Z
92375,119480,52818,178684,1042184,GRIZZLY ENERGY LLC,GRZZU,39869R405,C,01,LC,52818,2017-08-01T00:00:00Z,2017-08-02T00:00:00Z
92375,119480,52818,178684,1042184,GRIZZLY ENERGY LLC,GRZZU,39869R405,P,01,LC,52818,2007-10-24T00:00:00Z,2017-07-31T00:00:00Z
92378,122177,52820,178538,1011333,ZEP INC,ZEP,98944B108,P,01,LC,52820,2007-11-01T00:00:00Z,2015-06-25T00:00:00Z
92400,122316,52839,178806,34146,LL FLOORING HOLDINGS INC,LLFLQ,55003T107,P,01,LC,52839,2007-11-09T00:00:00Z,2024-08-09T00:00:00Z
92402,122406,52840,178507,1041062,MSCI INC,MSCI,55354G100,P,01,LC,52840,2007-11-15T00:00:00Z,NA
92428,122320,52854,178797,785698,AMERICAN PUBLIC EDUCATION,APEI,02913V103,P,01,LC,52854,2007-11-09T00:00:00Z,NA
92429,122293,52855,178798,502135,APPROACH RESOURCES INC,AREXQ,03834A103,P,01,LC,52855,2007-11-08T00:00:00Z,2019-11-11T00:00:00Z
92432,122321,52858,178803,141377,ENSIGN GROUP INC,ENSG,29358P101,P,01,LC,52858,2007-11-09T00:00:00Z,NA
92443,136213,52863,178834,1233828,NORTHFIELD BANCORP INC,NFBK,66611T108,P,01,LC,52863,2007-11-08T00:00:00Z,NA
92445,122223,52864,178752,787850,NANOSPHERE INC,NSPH,63009F204,P,01,LC,52864,2007-11-01T00:00:00Z,2016-07-29T00:00:00Z
92449,121483,52868,176378,1481494,REEDS INC,REED,758338305,P,01,LC,52868,2007-11-27T00:00:00Z,2023-02-15T00:00:00Z
92454,122236,52872,178767,791145,INTELIQUENT INC,IQNT,45825N107,P,01,LC,52872,2007-11-02T00:00:00Z,2017-02-28T00:00:00Z
92454,122236,52872,178767,2614646,INTELIQUENT INC,IQNT,45825N107,P,01,LC,52872,2007-11-02T00:00:00Z,2017-02-28T00:00:00Z
92456,120427,52874,176017,463422,ATHERSYS INC,ATHXQ,04744L205,P,01,LC,52874,2007-12-12T00:00:00Z,2023-10-17T00:00:00Z
92457,122813,52875,264397,421212,CARDTRONICS PLC,CATM,G1991C105,P,01,LC,52875,2007-12-11T00:00:00Z,2021-06-30T00:00:00Z
92460,122764,52878,178943,488962,ENTROPIC COMMUNICATIONS INC,ENTR.1,29384R105,P,01,LC,52878,2007-12-07T00:00:00Z,2015-04-30T00:00:00Z
92464,122862,52882,179027,127562,MEDASSETS INC,MDAS,584045108,P,01,LC,52882,2007-12-13T00:00:00Z,2016-01-29T00:00:00Z
92466,122945,52884,179058,821629,ORION ENERGY SYSTEMS INC,OESX,686275108,P,01,LC,52884,2007-12-19T00:00:00Z,NA
92467,122973,52885,179132,1103926,ORION GROUP HOLDINGS INC,ORN,68628V308,P,01,LC,52885,2007-12-20T00:00:00Z,NA
92469,123043,52887,179202,1061516,ECHOSTAR CORP,SATS,278768106,P,01,LC,52887,2008-01-02T00:00:00Z,NA
92470,112650,50028,165743,885457,STAR BULK CARRIERS CORP,SBLK,Y8162K204,P,01,LC,52888,2007-12-03T00:00:00Z,NA
92471,122739,52889,178973,794732,TITAN MACHINERY INC,TITN,88830R101,P,01,LC,52889,2007-12-06T00:00:00Z,NA
92477,122288,52831,178828,1025996,ENTERPRISE ACQUISITION CORP,EST.4,29365R108,P,01,LC,52831,2007-12-03T00:00:00Z,2009-11-08T00:00:00Z
92477,122288,52831,183822,1603163,ARMOUR RESIDENTIAL REIT INC,ARR,042315705,P,01,LC,52831,2010-06-16T00:00:00Z,NA
92477,122288,52831,183822,1603163,ARMOUR RESIDENTIAL REIT INC,ARR,042315705,P,01,LC,52831,2009-11-09T00:00:00Z,2010-01-31T00:00:00Z
92497,122955,52900,179084,603283,NETSUITE INC,N,64118Q107,P,01,LC,52900,2007-12-20T00:00:00Z,2016-11-30T00:00:00Z
92502,122405,11657,025632,1022681,KENNEDY-WILSON HOLDINGS INC,KW,489398107,P,01,LC,52845,2009-11-17T00:00:00Z,NA
92502,122405,52845,025632,1022681,KENNEDY-WILSON HOLDINGS INC,KW,489398107,P,01,LC,52845,2009-11-17T00:00:00Z,NA
92521,118090,52918,162233,735966,DIGITAL ALLY INC,DGLY,25382T200,P,01,LC,52918,2008-01-02T00:00:00Z,NA
92528,124054,52924,179288,563461,DALLASNEWS CORP,DALN,235050101,P,01,LC,52924,2008-02-11T00:00:00Z,NA
92530,79188,31726,063605,5570,CALPINE CORP,8356B,13199K935,P,02,LC,31726,2008-02-07T00:00:00Z,2018-03-29T00:00:00Z
92535,123050,52930,179186,881003,GREENHUNTER RESOURCES INC,GRHHQ,39530A104,P,01,LC,52930,2008-01-02T00:00:00Z,2017-10-10T00:00:00Z
92550,123117,52942,179216,1093611,BROOKFIELD INFRS PTRS LP,BIP,G16252101,P,01,LC,52942,2008-01-31T00:00:00Z,NA
92557,116282,52950,066261,34009,LIVE VENTURES INC,LIVE,538142308,P,01,LC,52950,2008-02-01T00:00:00Z,NA
92570,2298,20556,003734,8660,DANA INC,DAN,235825205,P,02,LC,52956,2008-02-01T00:00:00Z,NA
92570,2298,52956,003734,8660,DANA INC,DAN,235825205,P,02,LC,52956,2008-02-01T00:00:00Z,NA
92583,41347,7329,010740,31348,TRIO-TECH INTERNATIONAL,TRT,896712205,C,01,LU,7329,1984-12-07T00:00:00Z,NA
92587,124651,52967,179441,535040,BIOTELEMETRY INC,BEAT.2,090672106,P,01,LC,52967,2008-03-19T00:00:00Z,2021-02-26T00:00:00Z
92593,1230,52970,065796,1067970,MIDWESTONE FINANCIAL GROUP,MOFG,598511103,C,01,LC,52970,2008-03-17T00:00:00Z,NA
92596,124121,52958,183640,1057035,IRIDIUM COMMUNICATIONS INC,IRDM,46269C102,P,01,LC,52958,2009-10-01T00:00:00Z,NA
92596,124121,52958,183640,1057035,IRIDIUM COMMUNICATIONS INC,IRDM,46269C102,J,01,LC,52958,2009-09-30T00:00:00Z,2009-09-30T00:00:00Z
92597,124671,52975,179657,1041928,HILLENBRAND INC,HI,431571108,P,01,LC,52975,2008-04-01T00:00:00Z,NA
92602,124636,52978,179621,1060044,PHILIP MORRIS INTERNATIONAL,PM,718172109,P,01,LC,52978,2008-03-31T00:00:00Z,NA
92611,124672,52983,179534,937594,VISA INC,V,92826C839,P,01,LC,52983,2008-03-19T00:00:00Z,NA
92614,125057,52985,179437,1966,AMERICAN WATER WORKS CO INC,AWK,030420103,P,01,LC,52985,2008-04-23T00:00:00Z,NA
92619,124145,52991,164046,790329,GRAN TIERRA ENERGY INC,GTE,38500T200,P,01,LC,52991,2008-04-08T00:00:00Z,NA
92635,124983,53000,179819,1063138,QUANEX BUILDING PRODUCTS,NX,747619104,P,01,LC,53000,2008-04-24T00:00:00Z,NA
92636,68544,53002,157921,1093513,U S GEOTHERMAL INC,HTM,90338S201,P,01,LC,53002,2008-04-16T00:00:00Z,2018-04-30T00:00:00Z
92640,2991,20694,004600,11656,FEDERAL-MOGUL HOLDINGS CORP,FDML,313549404,P,02,LC,20694,2008-04-23T00:00:00Z,2017-01-31T00:00:00Z
92640,2991,20694,004600,1604651,FEDERAL-MOGUL HOLDINGS CORP,FDML,313549404,P,02,LC,20694,2008-04-23T00:00:00Z,2017-01-31T00:00:00Z
92648,125191,53008,179577,90107,ENOVIS CORP,ENOV,194014502,P,01,LC,53008,2008-05-08T00:00:00Z,NA
92655,41140,7267,010903,32107,UNITEDHEALTH GROUP INC,UNH,91324P102,P,01,LC,7267,1984-10-17T00:00:00Z,NA
92672,125242,53018,179831,1025988,WESTERN GAS PARTNERS LP,WES.3,958254104,P,01,LC,53018,2008-05-09T00:00:00Z,2019-02-28T00:00:00Z
92688,125393,53029,180118,1261544,SINGULARITY FUTURE TECH LTD,SGLY,82935V307,P,01,LC,53029,2008-05-21T00:00:00Z,NA
92709,125823,53039,180167,1061725,SCRIPPS NETWORKS INTERACTIVE,SNI,811065101,P,01,LC,53039,2008-07-01T00:00:00Z,2018-03-29T00:00:00Z
92716,63050,14762,063135,5076,DIME COMMUNITY BANCSHARES,DCOM,25432X102,P,01,LC,53043,2021-02-01T00:00:00Z,NA
92716,63050,14762,063135,9295,DIME COMMUNITY BANCSHARES,DCOM,25432X102,P,01,LC,53043,2021-02-01T00:00:00Z,NA
92716,63050,53043,063135,5076,DIME COMMUNITY BANCSHARES,DCOM,25432X102,P,01,LC,53043,2021-02-01T00:00:00Z,NA
92729,126377,53050,180466,1100196,JBT MAREL CORP,JBTM,477839104,P,01,LC,53050,2008-08-01T00:00:00Z,NA
92753,125906,53059,179738,1076659,ENERGY RECOVERY INC,ERII,29270J100,P,01,LC,53059,2008-07-02T00:00:00Z,NA
92758,126328,53062,177895,1096070,GT ADVANCED TECHNOLOGIES INC,GTATQ,36191U106,P,01,LC,53062,2008-07-24T00:00:00Z,2016-03-31T00:00:00Z
92765,126424,53068,179925,1103239,RACKSPACE HOSTING INC,RAX,750086100,P,01,LC,53068,2008-08-08T00:00:00Z,2016-11-03T00:00:00Z
92771,126446,53074,180402,592339,HSN INC,HSNI,404303109,P,01,LC,53074,2008-08-21T00:00:00Z,2017-12-31T00:00:00Z
92772,126447,53075,180395,1106041,ILG INC,ILG,44967H101,P,01,LC,53075,2008-08-21T00:00:00Z,2018-08-31T00:00:00Z
92773,121719,53076,175686,1331942,PRIMORIS SERVICES CORP,PRIM,74164F103,P,01,LC,53076,2008-08-20T00:00:00Z,NA
92775,126448,53077,180423,1103859,LENDINGTREE INC,TREE,52603B107,P,01,LC,53077,2008-08-21T00:00:00Z,NA
92776,98119,53078,108831,33401,WESTPORT FUEL SYSTEMS INC,WPRT,960908507,P,01,LC,53078,2008-08-15T00:00:00Z,NA
92777,126750,53080,180821,1342778,ASCENT CAPITAL GROUP INC,ASCMA,043632108,P,01,LC,53080,2008-09-26T00:00:00Z,2019-09-30T00:00:00Z
92780,126370,53060,179974,1101042,HCI GROUP INC,HCI,40416E103,P,01,LC,53060,2008-09-15T00:00:00Z,NA
92782,122620,53082,180646,1261534,MYR GROUP INC,MYRG,55405W104,P,01,LC,53082,2008-09-09T00:00:00Z,NA
92797,126741,53085,180822,1192756,MASTECH DIGITAL INC,MHH,57633B100,P,01,LC,53085,2008-10-01T00:00:00Z,NA
92808,126969,53096,181290,1694078,DIGIMARC CORP,DMRC,25381B101,P,01,LC,53096,2008-10-17T00:00:00Z,NA
92854,127330,53108,181931,1262892,CLEARWATER PAPER CORP,CLW,18538R103,P,01,LC,53108,2008-12-17T00:00:00Z,NA
92871,127429,29452,025030,560923,VIRTUS INVESTMENT PTNRS INC,VRTS,92828Q109,C,01,LC,53113,2009-01-02T00:00:00Z,NA
92871,127429,31204,025030,24365,VIRTUS INVESTMENT PTNRS INC,VRTS,92828Q109,C,01,LC,53113,2009-01-02T00:00:00Z,NA
92871,127429,53113,025030,24365,VIRTUS INVESTMENT PTNRS INC,VRTS,92828Q109,C,01,LC,53113,2009-01-02T00:00:00Z,NA
92872,64750,21915,011462,33461,HANDY & HARMAN LTD,HNH,410315105,P,04,LC,56283,2008-12-05T00:00:00Z,2017-10-31T00:00:00Z
92872,64750,56283,011462,33461,HANDY & HARMAN LTD,HNH,410315105,P,04,LC,56283,2008-12-05T00:00:00Z,2017-10-31T00:00:00Z
92874,41634,7378,011169,32646,VIDEO DISPLAY CORP,VIDE,926555103,P,01,LU,7378,1985-01-15T00:00:00Z,NA
92878,126462,53116,066158,1604254,OAK VALLEY BANCORP,OVLY,671807105,P,01,LC,53116,2009-01-15T00:00:00Z,NA
92890,127624,53121,180833,572453,MEAD JOHNSON NUTRITION CO,MJN,582839106,P,01,LC,53121,2009-02-11T00:00:00Z,2017-06-14T00:00:00Z
92913,127783,53137,180905,1378795,ROSETTA STONE INC,RST,777780107,P,01,LC,53137,2009-04-16T00:00:00Z,2020-10-30T00:00:00Z
92917,124414,53139,179249,1702135,BROADWIND INC,BWEN,11161T207,P,01,LC,53139,2009-04-09T00:00:00Z,NA
92919,64581,53141,111819,1560498,ORRSTOWN FINANCIAL SVCS INC,ORRF,687380105,P,01,LC,53141,2009-04-28T00:00:00Z,NA
92921,116026,53143,176068,1561022,WORLD ENERGY SOLUTIONS INC,XWES,98145W208,P,01,LC,53143,2009-04-27T00:00:00Z,2015-01-30T00:00:00Z
92924,127851,53145,180029,1383236,DIGITALGLOBE INC,DGI,25389M877,P,01,LC,53145,2009-05-14T00:00:00Z,2017-10-05T00:00:00Z
92931,127869,53152,179690,1383234,SOLARWINDS CORP,SWI,83417Q204,P,01,LC,53152,2009-05-20T00:00:00Z,2016-02-05T00:00:00Z
92931,127869,53152,179690,2932362,SOLARWINDS CORP,SWI,83417Q204,P,01,LC,53152,2009-05-20T00:00:00Z,2016-02-05T00:00:00Z
92931,127869,56550,179690,2932362,SOLARWINDS CORP,SWI,83417Q204,P,01,LC,53152,2009-05-20T00:00:00Z,2016-02-05T00:00:00Z
92935,67844,53155,112819,27746,SHARPS COMPLIANCE CORP,SMED,820017101,P,01,LC,53155,2009-05-06T00:00:00Z,2022-08-31T00:00:00Z
92940,127971,53159,182308,750085,MEDIDATA SOLUTIONS INC,MDSO,58471A105,P,01,LC,53159,2009-06-25T00:00:00Z,2019-10-31T00:00:00Z
92949,106791,16123,110732,33111,WASTE CONNECTIONS INC,WCN,94106B101,P,01,LC,53167,2016-06-01T00:00:00Z,NA
92949,106791,16123,110732,1226156,WASTE CONNECTIONS INC,WCN,94106B101,P,01,LC,53167,2016-06-01T00:00:00Z,NA
92949,106791,53167,110732,1226156,WASTE CONNECTIONS INC,WCN,94106B101,P,01,LC,53167,2016-06-01T00:00:00Z,NA
92951,127973,53168,180228,1552571,INVESCO MORTGAGE CAPITAL INC,IVR,46131B704,P,01,LC,53168,2009-06-26T00:00:00Z,NA
92976,128044,53179,183324,1622924,PENNYMAC MORTGAGE INVEST TR,PMT,70931T103,P,01,LC,53179,2009-07-30T00:00:00Z,NA
92984,127984,53185,179666,1025581,LOGMEIN INC,LOGM,54142L109,P,01,LC,53185,2009-07-01T00:00:00Z,2020-08-31T00:00:00Z
92987,128011,53187,183247,1553740,TERRITORIAL BANCORP INC,TBNK,88145X108,P,01,LC,53187,2009-07-13T00:00:00Z,NA
92988,128100,53189,183257,1381214,CAREFUSION CORP,CFN,14170T101,P,01,LC,53189,2009-09-01T00:00:00Z,2015-03-31T00:00:00Z
93002,128065,53196,180711,817439,BROADCOM INC,AVGO,11135F101,P,01,LC,53196,2009-08-06T00:00:00Z,NA
93004,128076,53198,178097,1622917,CUMBERLAND PHARMACEUTICALS,CPIX,230770109,P,01,LC,53198,2009-08-11T00:00:00Z,NA
93014,128197,53205,183606,1612080,APOLLO COMMERCIAL RE FIN INC,ARI,03762U105,P,01,LC,53205,2009-09-24T00:00:00Z,NA
93031,128220,53213,179782,1582803,RESOLUTE ENERGY CORP,REN,76116A306,P,01,LC,53213,2009-09-28T00:00:00Z,2019-02-28T00:00:00Z
93035,128212,53214,174236,1584095,SELECT MEDICAL HOLDINGS CORP,SEM,81619Q105,P,01,LC,53214,2009-09-25T00:00:00Z,NA
93047,128210,53225,179818,1622912,VITACOST.COM INC,VITC,92847A200,P,01,LC,53225,2009-09-24T00:00:00Z,2014-08-29T00:00:00Z
93065,128260,53234,180229,1586717,MISTRAS GROUP INC,MG,60649T107,P,01,LC,53234,2009-10-08T00:00:00Z,NA
93071,128334,53239,178201,1590329,VITAMIN SHOPPE INC,VSI,92849E101,P,01,LC,53239,2009-10-28T00:00:00Z,2019-12-31T00:00:00Z
93073,128296,53242,183283,1590331,ADDUS HOMECARE CORP,ADUS,006739106,P,01,LC,53242,2009-10-28T00:00:00Z,NA
93078,118936,53246,177222,577880,DRAGONWAVE INC,DRWIQ,26144M400,P,01,LC,53246,2009-10-15T00:00:00Z,2020-02-28T00:00:00Z
93079,128243,53247,179957,1584106,ECHO GLOBAL LOGISTICS INC,ECHO,27875T101,P,01,LC,53247,2009-10-02T00:00:00Z,2021-11-30T00:00:00Z
93085,128264,53252,183593,1586720,OMEROS CORP,OMER,682143102,P,01,LC,53252,2009-10-08T00:00:00Z,NA
93089,128258,53256,180652,1586724,VERISK ANALYTICS INC,VRSK,92345Y106,P,01,LC,53256,2009-10-07T00:00:00Z,NA
93094,128343,53261,183791,1611939,CENOVUS ENERGY INC,CVE,15135U109,P,01,LC,53261,2009-12-09T00:00:00Z,NA
93095,128416,53263,180635,1606698,CLOUD PEAK ENERGY INC,CLDPQ,18911Q102,P,01,LC,53263,2009-11-20T00:00:00Z,2019-03-29T00:00:00Z
93096,2516,1354,004016,9470,DOLLAR GENERAL CORP,DG,256677105,P,02,LC,53264,2009-11-13T00:00:00Z,NA
93096,2516,1354,004016,1605214,DOLLAR GENERAL CORP,DG,256677105,P,02,LC,53264,2009-11-13T00:00:00Z,NA
93096,2516,53264,004016,9470,DOLLAR GENERAL CORP,DG,256677105,P,02,LC,53264,2009-11-13T00:00:00Z,NA
93096,2516,53264,004016,1605214,DOLLAR GENERAL CORP,DG,256677105,P,02,LC,53264,2009-11-13T00:00:00Z,NA
93098,128362,53266,183366,1602289,HYATT HOTELS CORP,H,448579102,P,01,LC,53266,2009-11-05T00:00:00Z,NA
93101,57250,30388,016477,18591,LEAR CORP,LEA,521865204,P,03,LC,30388,2009-11-20T00:00:00Z,NA
93101,57250,30388,016477,1603228,LEAR CORP,LEA,521865204,P,03,LC,30388,2009-11-20T00:00:00Z,NA
93128,128346,53282,183797,1602333,COWEN INC,COWN,223622606,P,01,LC,53282,2009-11-02T00:00:00Z,2023-03-31T00:00:00Z
93132,128415,53286,183377,1606380,FORTINET INC,FTNT,34959E109,P,01,LC,53286,2009-11-18T00:00:00Z,NA
93149,119391,53293,177975,1651157,ZAGG INC,ZAGG,98884U108,P,01,LC,53293,2009-11-10T00:00:00Z,2021-02-26T00:00:00Z
93150,105768,43340,149738,6910,CIT GROUP INC,CIT,125581801,P,06,LC,43340,2009-12-10T00:00:00Z,2022-01-31T00:00:00Z
93174,128504,53300,183581,1612965,OPENLANE INC,KAR,48238T109,P,01,LC,53300,2009-12-11T00:00:00Z,NA
93175,128542,53301,166230,1613793,KRATON CORP,KRA,50077C106,P,01,LC,53301,2009-12-17T00:00:00Z,2022-03-31T00:00:00Z
93178,128493,53304,183830,1611560,PEBBLEBROOK HOTEL TRUST,PEB,70509V100,P,01,LC,53304,2009-12-09T00:00:00Z,NA
93179,49288,21407,012785,24460,PILGRIM'S PRIDE CORP,PPC,72147K108,P,01,LC,53305,2009-12-29T00:00:00Z,NA
93179,49288,21407,012785,1615625,PILGRIM'S PRIDE CORP,PPC,72147K108,P,01,LC,53305,2009-12-29T00:00:00Z,NA
93179,49288,53305,012785,1615625,PILGRIM'S PRIDE CORP,PPC,72147K108,P,01,LC,53305,2009-12-29T00:00:00Z,NA
93187,68797,53308,142391,644340,TRANSATLANTIC PETROLEUM LTD,TAT,G89982113,P,01,LC,53308,2009-12-08T00:00:00Z,2020-12-31T00:00:00Z
93200,128481,53318,183963,1620776,CHESAPEAKE LODGING TRUST,CHSP,165240102,P,01,LC,53318,2010-01-22T00:00:00Z,2019-09-30T00:00:00Z
93222,128642,53325,166705,1620770,SYMETRA FINANCIAL CORP,SYA,87151Q106,P,01,LC,53325,2010-01-22T00:00:00Z,2016-01-31T00:00:00Z
93230,127889,53331,183480,1650202,ESSEX RENTAL CORP,ESSX,297187106,P,01,LC,53331,2010-01-13T00:00:00Z,2017-08-31T00:00:00Z
93233,128663,53332,184157,1625238,MSG NETWORKS INC,MSGN,553573106,P,01,LC,53332,2010-02-10T00:00:00Z,2021-07-30T00:00:00Z
93239,122602,53337,178995,1147694,ARMCO METALS HOLDINGS INC,AMCO,042182204,P,01,LC,53337,2010-02-10T00:00:00Z,2016-07-22T00:00:00Z
93239,122602,53337,178995,1649251,ARMCO METALS HOLDINGS INC,AMCO,042182204,P,01,LC,53337,2010-02-10T00:00:00Z,2016-07-22T00:00:00Z
93246,129109,53339,183736,1626065,GENERAC HOLDINGS INC,GNRC,368736104,P,01,LC,53339,2010-02-11T00:00:00Z,NA
93251,125348,53342,146140,1625264,PIEDMONT OFFICE REALTY TRUST,PDM,720190206,P,01,LC,53342,2010-02-10T00:00:00Z,NA
93261,128641,53344,183833,1625262,TERRENO REALTY CORP,TRNO,88146M101,P,01,LC,53344,2010-02-10T00:00:00Z,NA
93263,121564,53346,175269,2661016,CELSIUS HOLDINGS INC,CELH,15118V207,P,01,LC,53346,2017-05-24T00:00:00Z,NA
93263,121564,53346,175269,2661016,CELSIUS HOLDINGS INC,CELH,15118V207,P,01,LC,53346,2010-02-10T00:00:00Z,2010-12-31T00:00:00Z
93264,129075,53347,184256,1623243,IRONWOOD PHARMACEUTICALS INC,IRWD,46333X108,P,01,LC,53347,2010-02-03T00:00:00Z,NA
93266,129105,53349,184263,1626063,QUINSTREET INC,QNST,74874Q100,P,01,LC,53349,2010-02-11T00:00:00Z,NA
93270,129086,53351,254399,1603860,UNILIFE CORP,UNISQ,90478E301,P,01,LC,53351,2010-02-16T00:00:00Z,2017-12-31T00:00:00Z
93272,129244,53353,183903,1635435,CALIX INC,CALX,13100M509,P,01,LC,53353,2010-03-24T00:00:00Z,NA
93285,93712,32169,065921,1649274,GOLDEN MINERALS CO,AUMN,381119403,P,02,LC,53358,2010-03-19T00:00:00Z,NA
93285,93712,53358,065921,1649274,GOLDEN MINERALS CO,AUMN,381119403,P,02,LC,53358,2010-03-19T00:00:00Z,NA
93289,129245,53359,184551,1635432,MAXLINEAR INC,MXL,57776J100,P,01,LC,53359,2010-03-24T00:00:00Z,NA
93295,93639,32162,065459,25812,SPECTRUM BRANDS HOLDINGS INC,SPB.1,84763R101,P,03,LC,32162,2010-03-18T00:00:00Z,2018-07-31T00:00:00Z
93295,93639,32162,065459,1648073,SPECTRUM BRANDS HOLDINGS INC,SPB.1,84763R101,P,03,LC,32162,2010-03-18T00:00:00Z,2018-07-31T00:00:00Z
93297,129172,53362,183700,1632727,BALTIC TRADING LTD,BALT.1,Y0553W103,P,01,LC,53362,2010-03-10T00:00:00Z,2015-07-31T00:00:00Z
93301,129209,53366,184046,1633480,AVEO PHARMACEUTICALS INC,AVEO,053588307,P,01,LC,53366,2010-03-12T00:00:00Z,2023-01-31T00:00:00Z
93305,129221,53369,184009,1633883,FINANCIAL ENGINES INC,FNGN,317485100,P,01,LC,53369,2010-03-16T00:00:00Z,2018-07-18T00:00:00Z
93307,129265,53371,184057,1636383,MERU NETWORKS INC,MERU,59047Q103,P,01,LC,53371,2010-03-31T00:00:00Z,2015-07-31T00:00:00Z
93310,129181,10462,020217,891486,POSTROCK ENERGY CORP,PSTRQ,737525204,C,03,LC,53372,2010-03-08T00:00:00Z,2015-09-09T00:00:00Z
93310,129181,53372,020217,1632154,POSTROCK ENERGY CORP,PSTRQ,737525204,C,03,LC,53372,2010-03-08T00:00:00Z,2015-09-09T00:00:00Z
93312,129266,14681,062965,1636378,SS&C TECHNOLOGIES HLDGS INC,SSNC,78467J100,P,02,LC,53374,2010-03-31T00:00:00Z,NA
93312,129266,53374,062965,1636378,SS&C TECHNOLOGIES HLDGS INC,SSNC,78467J100,P,02,LC,53374,2010-03-31T00:00:00Z,NA
93314,129325,53376,184688,1638774,CHATHAM LODGING TRUST,CLDT,16208T102,P,01,LC,53376,2010-04-16T00:00:00Z,NA
93315,129343,53377,184449,1639593,EXCEL TRUST INC,EXL,30068C109,P,01,LC,53377,2010-04-23T00:00:00Z,2015-07-31T00:00:00Z
93330,129270,22177,001414,1636678,PRIMERICA INC,PRI,74164M108,P,02,LC,53383,2010-04-01T00:00:00Z,NA
93330,129270,53383,001414,1636678,PRIMERICA INC,PRI,74164M108,P,02,LC,53383,2010-04-01T00:00:00Z,NA
93339,129351,53386,180363,1639582,ALIMERA SCIENCES INC,ALIM,016259202,P,01,LC,53386,2010-04-22T00:00:00Z,2024-09-30T00:00:00Z
93340,129378,53387,184604,1640803,ALPHA AND OMEGA SEMICONDUCTO,AOSL,G6331P104,P,01,LC,53387,2010-04-29T00:00:00Z,NA
93345,129352,53389,179841,1639585,CODEXIS INC,CDXS,192005106,P,01,LC,53389,2010-04-22T00:00:00Z,NA
93354,129355,53397,174531,1639600,MITEL NETWORKS CORP,MITL,60671Q104,P,01,LC,53397,2010-04-22T00:00:00Z,2018-11-30T00:00:00Z
93356,129356,53399,183974,1639606,SPS COMMERCE INC,SPSC,78463M107,P,01,LC,53399,2010-04-22T00:00:00Z,NA
93368,129273,53402,133764,1649039,EAGLE BANCORP MONTANA INC,EBMT,26942G100,P,01,LC,53402,2010-04-05T00:00:00Z,NA
93373,129429,53406,184323,1642860,EXPRESS INC,EXPRQ,30219E202,P,01,LC,53406,2010-05-13T00:00:00Z,2024-03-06T00:00:00Z
93374,129467,53407,184899,1645838,FIRST AMERICAN FINANCIAL CP,FAF,31847R102,P,01,LC,53407,2010-06-02T00:00:00Z,NA
93381,129417,53410,174108,1642696,NISKA GAS STORAGE PARTNERS,NKA,654678101,P,01,LC,53410,2010-05-12T00:00:00Z,2016-07-29T00:00:00Z
93382,129431,53411,177303,1643071,NORANDA ALUMINUM HOLDING CP,NORNQ,65542W206,C,01,LC,53411,2010-05-14T00:00:00Z,2015-11-25T00:00:00Z
93387,112648,50005,163772,786949,SPANSION INC,CODE,84649R200,P,05,LC,50005,2010-05-18T00:00:00Z,2015-03-31T00:00:00Z
93387,112648,50005,163772,1643881,SPANSION INC,CODE,84649R200,P,05,LC,50005,2010-05-18T00:00:00Z,2015-03-31T00:00:00Z
93390,129399,53416,184672,6513,CHARM COMMUNICATIONS INC,CHRM,16112R101,P,90,LC,53416,2010-05-05T00:00:00Z,2014-09-30T00:00:00Z
93392,129501,53418,184961,1676413,FURIEX PHARMACEUTICALS INC,FURX,36106P101,P,01,LC,53418,2010-06-15T00:00:00Z,2014-07-31T00:00:00Z
93393,129490,53419,184542,1645253,GENMARK DIAGNOSTICS INC,GNMK,372309104,P,01,LC,53419,2010-05-28T00:00:00Z,2021-04-30T00:00:00Z
93397,129493,53423,029962,1648806,LIMONEIRA CO,LMNR,532746104,C,01,LC,53423,2010-05-27T00:00:00Z,NA
93398,56317,53424,066228,1648826,MILLER ENERGY RESOURCES INC,MILLQ,600527105,P,01,LC,53424,2010-05-06T00:00:00Z,2015-07-30T00:00:00Z
93400,129464,53426,184068,1643859,REACHLOCAL INC,RLOC,75525F104,P,01,LC,53426,2010-05-20T00:00:00Z,2016-08-31T00:00:00Z
93401,129435,53428,184101,1642854,TELENAV INC,TNAV,879455103,P,01,LC,53428,2010-05-13T00:00:00Z,2021-02-26T00:00:00Z
93404,111644,53430,140621,1061329,CASH STORE FINANCIAL SVCS,CSFSF,14756F103,C,01,LC,53430,2010-06-08T00:00:00Z,2014-03-03T00:00:00Z
93418,129579,53436,184571,1648288,HIGHER ONE HOLDINGS INC,ONE.2,42983D104,P,01,LC,53436,2010-06-17T00:00:00Z,2016-08-31T00:00:00Z
93419,129601,53437,185018,1649501,HUDSON PACIFIC PPTYS INC,HPP,444097109,P,01,LC,53437,2010-06-24T00:00:00Z,NA
93420,129580,53438,184442,1648283,CHORD ENERGY CORP,CHRD,674215207,N,01,LC,53438,2020-11-20T00:00:00Z,2020-11-30T00:00:00Z
93420,129580,53438,184442,1648283,CHORD ENERGY CORP,CHRD,674215207,C,01,LC,53438,2020-11-01T00:00:00Z,2020-11-19T00:00:00Z
93420,129580,53438,184442,1648283,CHORD ENERGY CORP,CHRD,674215207,P,01,LC,53438,2010-06-17T00:00:00Z,2020-10-31T00:00:00Z
93422,129617,53439,154357,1644955,QEP RESOURCES INC,QEP,74733V100,P,01,LC,53439,2010-07-01T00:00:00Z,2021-03-31T00:00:00Z
93423,8249,4450,010567,28158,SIX FLAGS ENTERTAINMENT -OLD,SIX,83001A102,P,04,LC,53440,2010-06-21T00:00:00Z,NA
93423,8249,4450,010567,1648593,SIX FLAGS ENTERTAINMENT -OLD,SIX,83001A102,P,04,LC,53440,2010-06-21T00:00:00Z,NA
93423,8249,53440,010567,1648593,SIX FLAGS ENTERTAINMENT -OLD,SIX,83001A102,P,04,LC,53440,2010-06-21T00:00:00Z,NA
93426,129597,53443,185138,1649242,VISHAY PRECISION GROUP INC,VPG,92835K103,P,01,LC,53443,2010-07-07T00:00:00Z,NA
93427,129599,53445,179583,1649716,FABRINET,FN,G3323L100,P,01,LC,53445,2010-06-25T00:00:00Z,NA
93428,129578,53446,184514,1648061,BROADSOFT INC,BSFT.1,11133B409,P,01,LC,53446,2010-06-16T00:00:00Z,2018-02-28T00:00:00Z
93429,129576,53447,184500,1647824,CBOE GLOBAL MARKETS INC,CBOE,12503M108,P,01,LC,53447,2010-06-15T00:00:00Z,NA
93434,129390,53427,184259,1641194,S&W SEED CO,SANW,785135302,P,02,LC,53427,2010-06-14T00:00:00Z,NA
93436,129614,53453,184996,1650150,TESLA INC,TSLA,88160R101,P,01,LC,53453,2010-06-29T00:00:00Z,NA
24053,4657,21035,006338,33357,EVERGY INC,EVRG,30034W106,P,01,LC,21035,1962-01-31T00:00:00Z,NA
24053,4657,21035,006338,33357,EVERGY INC,EVRG,30034W106,C,00X,LC,21035,1958-01-01T00:00:00Z,1962-01-30T00:00:00Z
24053,4657,21035,006338,2824528,EVERGY INC,EVRG,30034W106,P,01,LC,21035,1962-01-31T00:00:00Z,NA
24053,4657,21035,006338,2824528,EVERGY INC,EVRG,30034W106,C,00X,LC,21035,1958-01-01T00:00:00Z,1962-01-30T00:00:00Z
40125,1997,20493,003336,7584,DXC TECHNOLOGY CO,DXC,23355L106,P,01,LC,20493,1964-04-30T00:00:00Z,NA
75034,49127,20253,032106,3415,BAKER HUGHES CO,BKR,05722G100,P,01,LC,20253,2017-07-05T00:00:00Z,NA
90494,111080,46014,162459,259722,HIGHPOINT RESOURCES CORP,HPR,43114K207,P,01,LC,46014,2004-12-10T00:00:00Z,2021-04-30T00:00:00Z
